run,type,module,name,attrname,attrvalue,value,count,sumweights,mean,stddev,min,max
Critical_N10-0-20260913-16:09:03-1151,runattr,,,configname,Critical_N10,,,,,,,
Critical_N10-0-20260913-16:09:03-1151,runattr,,,datetime,20260913-16:09:03,,,,,,,
Critical_N10-0-20260913-16:09:03-1151,runattr,,,datetimef,20260913-160903,,,,,,,
Critical_N10-0-20260913-16:09:03-1151,runattr,,,experiment,Critical_N10,,,,,,,
Critical_N10-0-20260913-16:09:03-1151,runattr,,,inifile,omnetpp.ini,,,,,,,
Critical_N10-0-20260913-16:09:03-1151,runattr,,,iterationvars,,,,,,,,
Critical_N10-0-20260913-16:09:03-1151,runattr,,,iterationvarsd,,,,,,,,
Critical_N10-0-20260913-16:09:03-1151,runattr,,,iterationvarsf,,,,,,,,
Critical_N10-0-20260913-16:09:03-1151,runattr,,,measurement,,,,,,,,
Critical_N10-0-20260913-16:09:03-1151,runattr,,,network,simulations.experiment3_critical_event.CriticalEventNetwork,,,,,,,
Critical_N10-0-20260913-16:09:03-1151,runattr,,,processid,1151,,,,,,,
Critical_N10-0-20260913-16:09:03-1151,runattr,,,repetition,0,,,,,,,
Critical_N10-0-20260913-16:09:03-1151,runattr,,,replication,#0,,,,,,,
Critical_N10-0-20260913-16:09:03-1151,runattr,,,resultdir,results,,,,,,,
Critical_N10-0-20260913-16:09:03-1151,runattr,,,runnumber,0,,,,,,,
Critical_N10-0-20260913-16:09:03-1151,runattr,,,seedset,0,,,,,,,
Critical_N10-0-20260913-16:09:03-1151,config,,,image-path,../../../inet-4.6.0/images,,,,,,,
Critical_N10-0-20260913-16:09:03-1151,config,,,extends,CriticalEventBase,,,,,,,
Critical_N10-0-20260913-16:09:03-1151,config,,,*.numSensors,10,,,,,,,
Critical_N10-0-20260913-16:09:03-1151,config,,,repeat,5,,,,,,,
Critical_N10-0-20260913-16:09:03-1151,config,,,seed-set,0,,,,,,,
Critical_N10-0-20260913-16:09:03-1151,config,,,extends,Ieee802154Power,,,,,,,
Critical_N10-0-20260913-16:09:03-1151,config,,,sim-time-limit,100s,,,,,,,
Critical_N10-0-20260913-16:09:03-1151,config,,,*.sensor[4].numApps,2,,,,,,,
Critical_N10-0-20260913-16:09:03-1151,config,,,*.sensor[4].app[1].typename,UdpBasicApp,,,,,,,
Critical_N10-0-20260913-16:09:03-1151,config,,,*.sensor[4].app[1].destAddresses,"""monitoringServer""",,,,,,,
Critical_N10-0-20260913-16:09:03-1151,config,,,*.sensor[4].app[1].destPort,2000,,,,,,,
Critical_N10-0-20260913-16:09:03-1151,config,,,*.sensor[4].app[1].startTime,50s,,,,,,,
Critical_N10-0-20260913-16:09:03-1151,config,,,*.sensor[4].app[1].stopTime,51s,,,,,,,
Critical_N10-0-20260913-16:09:03-1151,config,,,*.sensor[4].app[1].sendInterval,1000s,,,,,,,
Critical_N10-0-20260913-16:09:03-1151,config,,,*.sensor[4].app[1].messageLength,20B,,,,,,,
Critical_N10-0-20260913-16:09:03-1151,config,,,*.sensor[4].app[1].packetName,"""CriticalSmokeAlarm""",,,,,,,
Critical_N10-0-20260913-16:09:03-1151,config,,,*.sensor[4].app[1].packetSent.result-recording-modes,count,,,,,,,
Critical_N10-0-20260913-16:09:03-1151,config,,,*.monitoringServer.app[1].packetReceived.result-recording-modes,count,,,,,,,
Critical_N10-0-20260913-16:09:03-1151,config,,,*.monitoringServer.app[1].endToEndDelay.result-recording-modes,"+stats,+vector",,,,,,,
Critical_N10-0-20260913-16:09:03-1151,config,,,extends,Ieee802154,,,,,,,
Critical_N10-0-20260913-16:09:03-1151,config,,,sim-time-limit,600s,,,,,,,
Critical_N10-0-20260913-16:09:03-1151,config,,,*.sensor[*].app[0].packetSent.result-recording-modes,count,,,,,,,
Critical_N10-0-20260913-16:09:03-1151,config,,,*.monitoringServer.app[0].packetReceived.result-recording-modes,count,,,,,,,
Critical_N10-0-20260913-16:09:03-1151,config,,,*.monitoringServer.app[0].endToEndDelay.result-recording-modes,+stats,,,,,,,
Critical_N10-0-20260913-16:09:03-1151,config,,,*.monitoringServer.app[0].throughput.result-recording-modes,vector,,,,,,,
Critical_N10-0-20260913-16:09:03-1151,config,,,**.energyStorage.residualEnergyCapacity.result-recording-modes,+last,,,,,,,
Critical_N10-0-20260913-16:09:03-1151,config,,,network,simulations.experiment3_critical_event.CriticalEventNetwork,,,,,,,
Critical_N10-0-20260913-16:09:03-1151,config,,,**.arp.typename,GlobalArp,,,,,,,
Critical_N10-0-20260913-16:09:03-1151,config,,,**.netmaskRoutes,"""""",,,,,,,
Critical_N10-0-20260913-16:09:03-1151,config,,,*.radioMedium.backgroundNoise.power,-110dBm,,,,,,,
Critical_N10-0-20260913-16:09:03-1151,config,,,*.configurator.config,"xmldoc(""startopology.xml"")",,,,,,,
Critical_N10-0-20260913-16:09:03-1151,config,,,*.configurator.addStaticRoutes,false,,,,,,,
Critical_N10-0-20260913-16:09:03-1151,config,,,*.sensor[*].numApps,1,,,,,,,
Critical_N10-0-20260913-16:09:03-1151,config,,,*.sensor[*].app[0].typename,UdpBasicApp,,,,,,,
Critical_N10-0-20260913-16:09:03-1151,config,,,*.sensor[*].app[0].destAddresses,"""monitoringServer""",,,,,,,
Critical_N10-0-20260913-16:09:03-1151,config,,,*.sensor[*].app[0].destPort,1000,,,,,,,
Critical_N10-0-20260913-16:09:03-1151,config,,,*.sensor[*].app[0].sendInterval,10s,,,,,,,
Critical_N10-0-20260913-16:09:03-1151,config,,,*.sensor[*].app[0].startTime,"uniform(0s,10s)",,,,,,,
Critical_N10-0-20260913-16:09:03-1151,config,,,*.sensor[*].app[0].messageLength,50B,,,,,,,
Critical_N10-0-20260913-16:09:03-1151,config,,,*.sensor[*].app[0].packetName,"""PeriodicMonitoring""",,,,,,,
Critical_N10-0-20260913-16:09:03-1151,config,,,*.sensor[*].mobility.initFromDisplayString,false,,,,,,,
Critical_N10-0-20260913-16:09:03-1151,config,,,*.sensor[*].mobility.initialX,"uniform(1m, 19m)",,,,,,,
Critical_N10-0-20260913-16:09:03-1151,config,,,*.sensor[*].mobility.initialY,"uniform(1m, 19m)",,,,,,,
Critical_N10-0-20260913-16:09:03-1151,config,,,*.sensor[*].mobility.initialZ,0m,,,,,,,
Critical_N10-0-20260913-16:09:03-1151,config,,,*.controller.numApps,0,,,,,,,
Critical_N10-0-20260913-16:09:03-1151,config,,,*.monitoringServer.numApps,2,,,,,,,
Critical_N10-0-20260913-16:09:03-1151,config,,,*.monitoringServer.app[0].typename,UdpSink,,,,,,,
Critical_N10-0-20260913-16:09:03-1151,config,,,*.monitoringServer.app[0].localPort,1000,,,,,,,
Critical_N10-0-20260913-16:09:03-1151,config,,,*.monitoringServer.app[1].typename,UdpSink,,,,,,,
Critical_N10-0-20260913-16:09:03-1151,config,,,*.monitoringServer.app[1].localPort,2000,,,,,,,
Critical_N10-0-20260913-16:09:03-1151,config,,,*.lamp*.numApps,0,,,,,,,
Critical_N10-0-20260913-16:09:03-1151,config,,,*.visualizer.routingTableVisualizer[0].displayRoutingTables,false,,,,,,,
Critical_N10-0-20260913-16:09:03-1151,config,,,*.visualizer.routingTableVisualizer[0].displayRoutesIndividually,false,,,,,,,
Critical_N10-0-20260913-16:09:03-1151,config,,,*.visualizer.routingTableVisualizer[0].lineShift,0,,,,,,,
Critical_N10-0-20260913-16:09:03-1151,config,,,*.visualizer.routingTableVisualizer[0].displayLabels,false,,,,,,,
Critical_N10-0-20260913-16:09:03-1151,config,,,*.visualizer.interfaceTableVisualizer[0].displayInterfaceTables,false,,,,,,,
Critical_N10-0-20260913-16:09:03-1151,config,,,*.visualizer.numDataLinkVisualizers,2,,,,,,,
Critical_N10-0-20260913-16:09:03-1151,config,,,*.visualizer.dataLinkVisualizer[*].displayLinks,true,,,,,,,
Critical_N10-0-20260913-16:09:03-1151,config,,,*.visualizer.dataLinkVisualizer[0].nodeFilter,"""sensor* or controller""",,,,,,,
Critical_N10-0-20260913-16:09:03-1151,config,,,*.visualizer.dataLinkVisualizer[1].*Color,"""blue""",,,,,,,
Critical_N10-0-20260913-16:09:03-1151,config,,,*.visualizer.dataLinkVisualizer[1].nodeFilter,"""lamp* or controller""",,,,,,,
Critical_N10-0-20260913-16:09:03-1151,config,,,*.visualizer.numStatisticVisualizers,2,,,,,,,
Critical_N10-0-20260913-16:09:03-1151,config,,,*.visualizer.statisticVisualizer[*].zIndex,1,,,,,,,
Critical_N10-0-20260913-16:09:03-1151,config,,,*.visualizer.statisticVisualizer[0].displayStatistics,true,,,,,,,
Critical_N10-0-20260913-16:09:03-1151,config,,,*.visualizer.statisticVisualizer[0].signalName,"""packetSent""",,,,,,,
Critical_N10-0-20260913-16:09:03-1151,config,,,*.visualizer.statisticVisualizer[0].statisticExpression,"""count""",,,,,,,
Critical_N10-0-20260913-16:09:03-1151,config,,,*.visualizer.statisticVisualizer[0].sourceFilter,"""**.controller.udp OR **.sensor*.udp""",,,,,,,
Critical_N10-0-20260913-16:09:03-1151,config,,,*.visualizer.statisticVisualizer[0].format,"""sent: %v pks""",,,,,,,
Critical_N10-0-20260913-16:09:03-1151,config,,,*.visualizer.statisticVisualizer[1].displayStatistics,true,,,,,,,
Critical_N10-0-20260913-16:09:03-1151,config,,,*.visualizer.statisticVisualizer[1].signalName,"""packetReceived""",,,,,,,
Critical_N10-0-20260913-16:09:03-1151,config,,,*.visualizer.statisticVisualizer[1].statisticExpression,"""count""",,,,,,,
Critical_N10-0-20260913-16:09:03-1151,config,,,*.visualizer.statisticVisualizer[1].sourceFilter,"""**.controller.udp OR **.lamp*.udp""",,,,,,,
Critical_N10-0-20260913-16:09:03-1151,config,,,*.visualizer.statisticVisualizer[1].format,"""rcvd: %v pks""",,,,,,,
Critical_N20-1-20260913-16:09:22-1249,runattr,,,configname,Critical_N20,,,,,,,
Critical_N20-1-20260913-16:09:22-1249,runattr,,,datetime,20260913-16:09:22,,,,,,,
Critical_N20-1-20260913-16:09:22-1249,runattr,,,datetimef,20260913-160922,,,,,,,
Critical_N20-1-20260913-16:09:22-1249,runattr,,,experiment,Critical_N20,,,,,,,
Critical_N20-1-20260913-16:09:22-1249,runattr,,,inifile,omnetpp.ini,,,,,,,
Critical_N20-1-20260913-16:09:22-1249,runattr,,,iterationvars,,,,,,,,
Critical_N20-1-20260913-16:09:22-1249,runattr,,,iterationvarsd,,,,,,,,
Critical_N20-1-20260913-16:09:22-1249,runattr,,,iterationvarsf,,,,,,,,
Critical_N20-1-20260913-16:09:22-1249,runattr,,,measurement,,,,,,,,
Critical_N20-1-20260913-16:09:22-1249,runattr,,,network,simulations.experiment3_critical_event.CriticalEventNetwork,,,,,,,
Critical_N20-1-20260913-16:09:22-1249,runattr,,,processid,1249,,,,,,,
Critical_N20-1-20260913-16:09:22-1249,runattr,,,repetition,1,,,,,,,
Critical_N20-1-20260913-16:09:22-1249,runattr,,,replication,#1,,,,,,,
Critical_N20-1-20260913-16:09:22-1249,runattr,,,resultdir,results,,,,,,,
Critical_N20-1-20260913-16:09:22-1249,runattr,,,runnumber,1,,,,,,,
Critical_N20-1-20260913-16:09:22-1249,runattr,,,seedset,1,,,,,,,
Critical_N20-1-20260913-16:09:22-1249,config,,,image-path,../../../inet-4.6.0/images,,,,,,,
Critical_N20-1-20260913-16:09:22-1249,config,,,extends,CriticalEventBase,,,,,,,
Critical_N20-1-20260913-16:09:22-1249,config,,,*.numSensors,20,,,,,,,
Critical_N20-1-20260913-16:09:22-1249,config,,,repeat,5,,,,,,,
Critical_N20-1-20260913-16:09:22-1249,config,,,seed-set,1,,,,,,,
Critical_N20-1-20260913-16:09:22-1249,config,,,extends,Ieee802154Power,,,,,,,
Critical_N20-1-20260913-16:09:22-1249,config,,,sim-time-limit,100s,,,,,,,
Critical_N20-1-20260913-16:09:22-1249,config,,,*.sensor[4].numApps,2,,,,,,,
Critical_N20-1-20260913-16:09:22-1249,config,,,*.sensor[4].app[1].typename,UdpBasicApp,,,,,,,
Critical_N20-1-20260913-16:09:22-1249,config,,,*.sensor[4].app[1].destAddresses,"""monitoringServer""",,,,,,,
Critical_N20-1-20260913-16:09:22-1249,config,,,*.sensor[4].app[1].destPort,2000,,,,,,,
Critical_N20-1-20260913-16:09:22-1249,config,,,*.sensor[4].app[1].startTime,50s,,,,,,,
Critical_N20-1-20260913-16:09:22-1249,config,,,*.sensor[4].app[1].stopTime,51s,,,,,,,
Critical_N20-1-20260913-16:09:22-1249,config,,,*.sensor[4].app[1].sendInterval,1000s,,,,,,,
Critical_N20-1-20260913-16:09:22-1249,config,,,*.sensor[4].app[1].messageLength,20B,,,,,,,
Critical_N20-1-20260913-16:09:22-1249,config,,,*.sensor[4].app[1].packetName,"""CriticalSmokeAlarm""",,,,,,,
Critical_N20-1-20260913-16:09:22-1249,config,,,*.sensor[4].app[1].packetSent.result-recording-modes,count,,,,,,,
Critical_N20-1-20260913-16:09:22-1249,config,,,*.monitoringServer.app[1].packetReceived.result-recording-modes,count,,,,,,,
Critical_N20-1-20260913-16:09:22-1249,config,,,*.monitoringServer.app[1].endToEndDelay.result-recording-modes,"+stats,+vector",,,,,,,
Critical_N20-1-20260913-16:09:22-1249,config,,,extends,Ieee802154,,,,,,,
Critical_N20-1-20260913-16:09:22-1249,config,,,sim-time-limit,600s,,,,,,,
Critical_N20-1-20260913-16:09:22-1249,config,,,*.sensor[*].app[0].packetSent.result-recording-modes,count,,,,,,,
Critical_N20-1-20260913-16:09:22-1249,config,,,*.monitoringServer.app[0].packetReceived.result-recording-modes,count,,,,,,,
Critical_N20-1-20260913-16:09:22-1249,config,,,*.monitoringServer.app[0].endToEndDelay.result-recording-modes,+stats,,,,,,,
Critical_N20-1-20260913-16:09:22-1249,config,,,*.monitoringServer.app[0].throughput.result-recording-modes,vector,,,,,,,
Critical_N20-1-20260913-16:09:22-1249,config,,,**.energyStorage.residualEnergyCapacity.result-recording-modes,+last,,,,,,,
Critical_N20-1-20260913-16:09:22-1249,config,,,network,simulations.experiment3_critical_event.CriticalEventNetwork,,,,,,,
Critical_N20-1-20260913-16:09:22-1249,config,,,**.arp.typename,GlobalArp,,,,,,,
Critical_N20-1-20260913-16:09:22-1249,config,,,**.netmaskRoutes,"""""",,,,,,,
Critical_N20-1-20260913-16:09:22-1249,config,,,*.radioMedium.backgroundNoise.power,-110dBm,,,,,,,
Critical_N20-1-20260913-16:09:22-1249,config,,,*.configurator.config,"xmldoc(""startopology.xml"")",,,,,,,
Critical_N20-1-20260913-16:09:22-1249,config,,,*.configurator.addStaticRoutes,false,,,,,,,
Critical_N20-1-20260913-16:09:22-1249,config,,,*.sensor[*].numApps,1,,,,,,,
Critical_N20-1-20260913-16:09:22-1249,config,,,*.sensor[*].app[0].typename,UdpBasicApp,,,,,,,
Critical_N20-1-20260913-16:09:22-1249,config,,,*.sensor[*].app[0].destAddresses,"""monitoringServer""",,,,,,,
Critical_N20-1-20260913-16:09:22-1249,config,,,*.sensor[*].app[0].destPort,1000,,,,,,,
Critical_N20-1-20260913-16:09:22-1249,config,,,*.sensor[*].app[0].sendInterval,10s,,,,,,,
Critical_N20-1-20260913-16:09:22-1249,config,,,*.sensor[*].app[0].startTime,"uniform(0s,10s)",,,,,,,
Critical_N20-1-20260913-16:09:22-1249,config,,,*.sensor[*].app[0].messageLength,50B,,,,,,,
Critical_N20-1-20260913-16:09:22-1249,config,,,*.sensor[*].app[0].packetName,"""PeriodicMonitoring""",,,,,,,
Critical_N20-1-20260913-16:09:22-1249,config,,,*.sensor[*].mobility.initFromDisplayString,false,,,,,,,
Critical_N20-1-20260913-16:09:22-1249,config,,,*.sensor[*].mobility.initialX,"uniform(1m, 19m)",,,,,,,
Critical_N20-1-20260913-16:09:22-1249,config,,,*.sensor[*].mobility.initialY,"uniform(1m, 19m)",,,,,,,
Critical_N20-1-20260913-16:09:22-1249,config,,,*.sensor[*].mobility.initialZ,0m,,,,,,,
Critical_N20-1-20260913-16:09:22-1249,config,,,*.controller.numApps,0,,,,,,,
Critical_N20-1-20260913-16:09:22-1249,config,,,*.monitoringServer.numApps,2,,,,,,,
Critical_N20-1-20260913-16:09:22-1249,config,,,*.monitoringServer.app[0].typename,UdpSink,,,,,,,
Critical_N20-1-20260913-16:09:22-1249,config,,,*.monitoringServer.app[0].localPort,1000,,,,,,,
Critical_N20-1-20260913-16:09:22-1249,config,,,*.monitoringServer.app[1].typename,UdpSink,,,,,,,
Critical_N20-1-20260913-16:09:22-1249,config,,,*.monitoringServer.app[1].localPort,2000,,,,,,,
Critical_N20-1-20260913-16:09:22-1249,config,,,*.lamp*.numApps,0,,,,,,,
Critical_N20-1-20260913-16:09:22-1249,config,,,*.visualizer.routingTableVisualizer[0].displayRoutingTables,false,,,,,,,
Critical_N20-1-20260913-16:09:22-1249,config,,,*.visualizer.routingTableVisualizer[0].displayRoutesIndividually,false,,,,,,,
Critical_N20-1-20260913-16:09:22-1249,config,,,*.visualizer.routingTableVisualizer[0].lineShift,0,,,,,,,
Critical_N20-1-20260913-16:09:22-1249,config,,,*.visualizer.routingTableVisualizer[0].displayLabels,false,,,,,,,
Critical_N20-1-20260913-16:09:22-1249,config,,,*.visualizer.interfaceTableVisualizer[0].displayInterfaceTables,false,,,,,,,
Critical_N20-1-20260913-16:09:22-1249,config,,,*.visualizer.numDataLinkVisualizers,2,,,,,,,
Critical_N20-1-20260913-16:09:22-1249,config,,,*.visualizer.dataLinkVisualizer[*].displayLinks,true,,,,,,,
Critical_N20-1-20260913-16:09:22-1249,config,,,*.visualizer.dataLinkVisualizer[0].nodeFilter,"""sensor* or controller""",,,,,,,
Critical_N20-1-20260913-16:09:22-1249,config,,,*.visualizer.dataLinkVisualizer[1].*Color,"""blue""",,,,,,,
Critical_N20-1-20260913-16:09:22-1249,config,,,*.visualizer.dataLinkVisualizer[1].nodeFilter,"""lamp* or controller""",,,,,,,
Critical_N20-1-20260913-16:09:22-1249,config,,,*.visualizer.numStatisticVisualizers,2,,,,,,,
Critical_N20-1-20260913-16:09:22-1249,config,,,*.visualizer.statisticVisualizer[*].zIndex,1,,,,,,,
Critical_N20-1-20260913-16:09:22-1249,config,,,*.visualizer.statisticVisualizer[0].displayStatistics,true,,,,,,,
Critical_N20-1-20260913-16:09:22-1249,config,,,*.visualizer.statisticVisualizer[0].signalName,"""packetSent""",,,,,,,
Critical_N20-1-20260913-16:09:22-1249,config,,,*.visualizer.statisticVisualizer[0].statisticExpression,"""count""",,,,,,,
Critical_N20-1-20260913-16:09:22-1249,config,,,*.visualizer.statisticVisualizer[0].sourceFilter,"""**.controller.udp OR **.sensor*.udp""",,,,,,,
Critical_N20-1-20260913-16:09:22-1249,config,,,*.visualizer.statisticVisualizer[0].format,"""sent: %v pks""",,,,,,,
Critical_N20-1-20260913-16:09:22-1249,config,,,*.visualizer.statisticVisualizer[1].displayStatistics,true,,,,,,,
Critical_N20-1-20260913-16:09:22-1249,config,,,*.visualizer.statisticVisualizer[1].signalName,"""packetReceived""",,,,,,,
Critical_N20-1-20260913-16:09:22-1249,config,,,*.visualizer.statisticVisualizer[1].statisticExpression,"""count""",,,,,,,
Critical_N20-1-20260913-16:09:22-1249,config,,,*.visualizer.statisticVisualizer[1].sourceFilter,"""**.controller.udp OR **.lamp*.udp""",,,,,,,
Critical_N20-1-20260913-16:09:22-1249,config,,,*.visualizer.statisticVisualizer[1].format,"""rcvd: %v pks""",,,,,,,
Critical_N10-1-20260913-16:09:03-1151,runattr,,,configname,Critical_N10,,,,,,,
Critical_N10-1-20260913-16:09:03-1151,runattr,,,datetime,20260913-16:09:03,,,,,,,
Critical_N10-1-20260913-16:09:03-1151,runattr,,,datetimef,20260913-160903,,,,,,,
Critical_N10-1-20260913-16:09:03-1151,runattr,,,experiment,Critical_N10,,,,,,,
Critical_N10-1-20260913-16:09:03-1151,runattr,,,inifile,omnetpp.ini,,,,,,,
Critical_N10-1-20260913-16:09:03-1151,runattr,,,iterationvars,,,,,,,,
Critical_N10-1-20260913-16:09:03-1151,runattr,,,iterationvarsd,,,,,,,,
Critical_N10-1-20260913-16:09:03-1151,runattr,,,iterationvarsf,,,,,,,,
Critical_N10-1-20260913-16:09:03-1151,runattr,,,measurement,,,,,,,,
Critical_N10-1-20260913-16:09:03-1151,runattr,,,network,simulations.experiment3_critical_event.CriticalEventNetwork,,,,,,,
Critical_N10-1-20260913-16:09:03-1151,runattr,,,processid,1151,,,,,,,
Critical_N10-1-20260913-16:09:03-1151,runattr,,,repetition,1,,,,,,,
Critical_N10-1-20260913-16:09:03-1151,runattr,,,replication,#1,,,,,,,
Critical_N10-1-20260913-16:09:03-1151,runattr,,,resultdir,results,,,,,,,
Critical_N10-1-20260913-16:09:03-1151,runattr,,,runnumber,1,,,,,,,
Critical_N10-1-20260913-16:09:03-1151,runattr,,,seedset,1,,,,,,,
Critical_N10-1-20260913-16:09:03-1151,config,,,image-path,../../../inet-4.6.0/images,,,,,,,
Critical_N10-1-20260913-16:09:03-1151,config,,,extends,CriticalEventBase,,,,,,,
Critical_N10-1-20260913-16:09:03-1151,config,,,*.numSensors,10,,,,,,,
Critical_N10-1-20260913-16:09:03-1151,config,,,repeat,5,,,,,,,
Critical_N10-1-20260913-16:09:03-1151,config,,,seed-set,1,,,,,,,
Critical_N10-1-20260913-16:09:03-1151,config,,,extends,Ieee802154Power,,,,,,,
Critical_N10-1-20260913-16:09:03-1151,config,,,sim-time-limit,100s,,,,,,,
Critical_N10-1-20260913-16:09:03-1151,config,,,*.sensor[4].numApps,2,,,,,,,
Critical_N10-1-20260913-16:09:03-1151,config,,,*.sensor[4].app[1].typename,UdpBasicApp,,,,,,,
Critical_N10-1-20260913-16:09:03-1151,config,,,*.sensor[4].app[1].destAddresses,"""monitoringServer""",,,,,,,
Critical_N10-1-20260913-16:09:03-1151,config,,,*.sensor[4].app[1].destPort,2000,,,,,,,
Critical_N10-1-20260913-16:09:03-1151,config,,,*.sensor[4].app[1].startTime,50s,,,,,,,
Critical_N10-1-20260913-16:09:03-1151,config,,,*.sensor[4].app[1].stopTime,51s,,,,,,,
Critical_N10-1-20260913-16:09:03-1151,config,,,*.sensor[4].app[1].sendInterval,1000s,,,,,,,
Critical_N10-1-20260913-16:09:03-1151,config,,,*.sensor[4].app[1].messageLength,20B,,,,,,,
Critical_N10-1-20260913-16:09:03-1151,config,,,*.sensor[4].app[1].packetName,"""CriticalSmokeAlarm""",,,,,,,
Critical_N10-1-20260913-16:09:03-1151,config,,,*.sensor[4].app[1].packetSent.result-recording-modes,count,,,,,,,
Critical_N10-1-20260913-16:09:03-1151,config,,,*.monitoringServer.app[1].packetReceived.result-recording-modes,count,,,,,,,
Critical_N10-1-20260913-16:09:03-1151,config,,,*.monitoringServer.app[1].endToEndDelay.result-recording-modes,"+stats,+vector",,,,,,,
Critical_N10-1-20260913-16:09:03-1151,config,,,extends,Ieee802154,,,,,,,
Critical_N10-1-20260913-16:09:03-1151,config,,,sim-time-limit,600s,,,,,,,
Critical_N10-1-20260913-16:09:03-1151,config,,,*.sensor[*].app[0].packetSent.result-recording-modes,count,,,,,,,
Critical_N10-1-20260913-16:09:03-1151,config,,,*.monitoringServer.app[0].packetReceived.result-recording-modes,count,,,,,,,
Critical_N10-1-20260913-16:09:03-1151,config,,,*.monitoringServer.app[0].endToEndDelay.result-recording-modes,+stats,,,,,,,
Critical_N10-1-20260913-16:09:03-1151,config,,,*.monitoringServer.app[0].throughput.result-recording-modes,vector,,,,,,,
Critical_N10-1-20260913-16:09:03-1151,config,,,**.energyStorage.residualEnergyCapacity.result-recording-modes,+last,,,,,,,
Critical_N10-1-20260913-16:09:03-1151,config,,,network,simulations.experiment3_critical_event.CriticalEventNetwork,,,,,,,
Critical_N10-1-20260913-16:09:03-1151,config,,,**.arp.typename,GlobalArp,,,,,,,
Critical_N10-1-20260913-16:09:03-1151,config,,,**.netmaskRoutes,"""""",,,,,,,
Critical_N10-1-20260913-16:09:03-1151,config,,,*.radioMedium.backgroundNoise.power,-110dBm,,,,,,,
Critical_N10-1-20260913-16:09:03-1151,config,,,*.configurator.config,"xmldoc(""startopology.xml"")",,,,,,,
Critical_N10-1-20260913-16:09:03-1151,config,,,*.configurator.addStaticRoutes,false,,,,,,,
Critical_N10-1-20260913-16:09:03-1151,config,,,*.sensor[*].numApps,1,,,,,,,
Critical_N10-1-20260913-16:09:03-1151,config,,,*.sensor[*].app[0].typename,UdpBasicApp,,,,,,,
Critical_N10-1-20260913-16:09:03-1151,config,,,*.sensor[*].app[0].destAddresses,"""monitoringServer""",,,,,,,
Critical_N10-1-20260913-16:09:03-1151,config,,,*.sensor[*].app[0].destPort,1000,,,,,,,
Critical_N10-1-20260913-16:09:03-1151,config,,,*.sensor[*].app[0].sendInterval,10s,,,,,,,
Critical_N10-1-20260913-16:09:03-1151,config,,,*.sensor[*].app[0].startTime,"uniform(0s,10s)",,,,,,,
Critical_N10-1-20260913-16:09:03-1151,config,,,*.sensor[*].app[0].messageLength,50B,,,,,,,
Critical_N10-1-20260913-16:09:03-1151,config,,,*.sensor[*].app[0].packetName,"""PeriodicMonitoring""",,,,,,,
Critical_N10-1-20260913-16:09:03-1151,config,,,*.sensor[*].mobility.initFromDisplayString,false,,,,,,,
Critical_N10-1-20260913-16:09:03-1151,config,,,*.sensor[*].mobility.initialX,"uniform(1m, 19m)",,,,,,,
Critical_N10-1-20260913-16:09:03-1151,config,,,*.sensor[*].mobility.initialY,"uniform(1m, 19m)",,,,,,,
Critical_N10-1-20260913-16:09:03-1151,config,,,*.sensor[*].mobility.initialZ,0m,,,,,,,
Critical_N10-1-20260913-16:09:03-1151,config,,,*.controller.numApps,0,,,,,,,
Critical_N10-1-20260913-16:09:03-1151,config,,,*.monitoringServer.numApps,2,,,,,,,
Critical_N10-1-20260913-16:09:03-1151,config,,,*.monitoringServer.app[0].typename,UdpSink,,,,,,,
Critical_N10-1-20260913-16:09:03-1151,config,,,*.monitoringServer.app[0].localPort,1000,,,,,,,
Critical_N10-1-20260913-16:09:03-1151,config,,,*.monitoringServer.app[1].typename,UdpSink,,,,,,,
Critical_N10-1-20260913-16:09:03-1151,config,,,*.monitoringServer.app[1].localPort,2000,,,,,,,
Critical_N10-1-20260913-16:09:03-1151,config,,,*.lamp*.numApps,0,,,,,,,
Critical_N10-1-20260913-16:09:03-1151,config,,,*.visualizer.routingTableVisualizer[0].displayRoutingTables,false,,,,,,,
Critical_N10-1-20260913-16:09:03-1151,config,,,*.visualizer.routingTableVisualizer[0].displayRoutesIndividually,false,,,,,,,
Critical_N10-1-20260913-16:09:03-1151,config,,,*.visualizer.routingTableVisualizer[0].lineShift,0,,,,,,,
Critical_N10-1-20260913-16:09:03-1151,config,,,*.visualizer.routingTableVisualizer[0].displayLabels,false,,,,,,,
Critical_N10-1-20260913-16:09:03-1151,config,,,*.visualizer.interfaceTableVisualizer[0].displayInterfaceTables,false,,,,,,,
Critical_N10-1-20260913-16:09:03-1151,config,,,*.visualizer.numDataLinkVisualizers,2,,,,,,,
Critical_N10-1-20260913-16:09:03-1151,config,,,*.visualizer.dataLinkVisualizer[*].displayLinks,true,,,,,,,
Critical_N10-1-20260913-16:09:03-1151,config,,,*.visualizer.dataLinkVisualizer[0].nodeFilter,"""sensor* or controller""",,,,,,,
Critical_N10-1-20260913-16:09:03-1151,config,,,*.visualizer.dataLinkVisualizer[1].*Color,"""blue""",,,,,,,
Critical_N10-1-20260913-16:09:03-1151,config,,,*.visualizer.dataLinkVisualizer[1].nodeFilter,"""lamp* or controller""",,,,,,,
Critical_N10-1-20260913-16:09:03-1151,config,,,*.visualizer.numStatisticVisualizers,2,,,,,,,
Critical_N10-1-20260913-16:09:03-1151,config,,,*.visualizer.statisticVisualizer[*].zIndex,1,,,,,,,
Critical_N10-1-20260913-16:09:03-1151,config,,,*.visualizer.statisticVisualizer[0].displayStatistics,true,,,,,,,
Critical_N10-1-20260913-16:09:03-1151,config,,,*.visualizer.statisticVisualizer[0].signalName,"""packetSent""",,,,,,,
Critical_N10-1-20260913-16:09:03-1151,config,,,*.visualizer.statisticVisualizer[0].statisticExpression,"""count""",,,,,,,
Critical_N10-1-20260913-16:09:03-1151,config,,,*.visualizer.statisticVisualizer[0].sourceFilter,"""**.controller.udp OR **.sensor*.udp""",,,,,,,
Critical_N10-1-20260913-16:09:03-1151,config,,,*.visualizer.statisticVisualizer[0].format,"""sent: %v pks""",,,,,,,
Critical_N10-1-20260913-16:09:03-1151,config,,,*.visualizer.statisticVisualizer[1].displayStatistics,true,,,,,,,
Critical_N10-1-20260913-16:09:03-1151,config,,,*.visualizer.statisticVisualizer[1].signalName,"""packetReceived""",,,,,,,
Critical_N10-1-20260913-16:09:03-1151,config,,,*.visualizer.statisticVisualizer[1].statisticExpression,"""count""",,,,,,,
Critical_N10-1-20260913-16:09:03-1151,config,,,*.visualizer.statisticVisualizer[1].sourceFilter,"""**.controller.udp OR **.lamp*.udp""",,,,,,,
Critical_N10-1-20260913-16:09:03-1151,config,,,*.visualizer.statisticVisualizer[1].format,"""rcvd: %v pks""",,,,,,,
Critical_N10-2-20260913-16:09:04-1151,runattr,,,configname,Critical_N10,,,,,,,
Critical_N10-2-20260913-16:09:04-1151,runattr,,,datetime,20260913-16:09:04,,,,,,,
Critical_N10-2-20260913-16:09:04-1151,runattr,,,datetimef,20260913-160904,,,,,,,
Critical_N10-2-20260913-16:09:04-1151,runattr,,,experiment,Critical_N10,,,,,,,
Critical_N10-2-20260913-16:09:04-1151,runattr,,,inifile,omnetpp.ini,,,,,,,
Critical_N10-2-20260913-16:09:04-1151,runattr,,,iterationvars,,,,,,,,
Critical_N10-2-20260913-16:09:04-1151,runattr,,,iterationvarsd,,,,,,,,
Critical_N10-2-20260913-16:09:04-1151,runattr,,,iterationvarsf,,,,,,,,
Critical_N10-2-20260913-16:09:04-1151,runattr,,,measurement,,,,,,,,
Critical_N10-2-20260913-16:09:04-1151,runattr,,,network,simulations.experiment3_critical_event.CriticalEventNetwork,,,,,,,
Critical_N10-2-20260913-16:09:04-1151,runattr,,,processid,1151,,,,,,,
Critical_N10-2-20260913-16:09:04-1151,runattr,,,repetition,2,,,,,,,
Critical_N10-2-20260913-16:09:04-1151,runattr,,,replication,#2,,,,,,,
Critical_N10-2-20260913-16:09:04-1151,runattr,,,resultdir,results,,,,,,,
Critical_N10-2-20260913-16:09:04-1151,runattr,,,runnumber,2,,,,,,,
Critical_N10-2-20260913-16:09:04-1151,runattr,,,seedset,2,,,,,,,
Critical_N10-2-20260913-16:09:04-1151,config,,,image-path,../../../inet-4.6.0/images,,,,,,,
Critical_N10-2-20260913-16:09:04-1151,config,,,extends,CriticalEventBase,,,,,,,
Critical_N10-2-20260913-16:09:04-1151,config,,,*.numSensors,10,,,,,,,
Critical_N10-2-20260913-16:09:04-1151,config,,,repeat,5,,,,,,,
Critical_N10-2-20260913-16:09:04-1151,config,,,seed-set,2,,,,,,,
Critical_N10-2-20260913-16:09:04-1151,config,,,extends,Ieee802154Power,,,,,,,
Critical_N10-2-20260913-16:09:04-1151,config,,,sim-time-limit,100s,,,,,,,
Critical_N10-2-20260913-16:09:04-1151,config,,,*.sensor[4].numApps,2,,,,,,,
Critical_N10-2-20260913-16:09:04-1151,config,,,*.sensor[4].app[1].typename,UdpBasicApp,,,,,,,
Critical_N10-2-20260913-16:09:04-1151,config,,,*.sensor[4].app[1].destAddresses,"""monitoringServer""",,,,,,,
Critical_N10-2-20260913-16:09:04-1151,config,,,*.sensor[4].app[1].destPort,2000,,,,,,,
Critical_N10-2-20260913-16:09:04-1151,config,,,*.sensor[4].app[1].startTime,50s,,,,,,,
Critical_N10-2-20260913-16:09:04-1151,config,,,*.sensor[4].app[1].stopTime,51s,,,,,,,
Critical_N10-2-20260913-16:09:04-1151,config,,,*.sensor[4].app[1].sendInterval,1000s,,,,,,,
Critical_N10-2-20260913-16:09:04-1151,config,,,*.sensor[4].app[1].messageLength,20B,,,,,,,
Critical_N10-2-20260913-16:09:04-1151,config,,,*.sensor[4].app[1].packetName,"""CriticalSmokeAlarm""",,,,,,,
Critical_N10-2-20260913-16:09:04-1151,config,,,*.sensor[4].app[1].packetSent.result-recording-modes,count,,,,,,,
Critical_N10-2-20260913-16:09:04-1151,config,,,*.monitoringServer.app[1].packetReceived.result-recording-modes,count,,,,,,,
Critical_N10-2-20260913-16:09:04-1151,config,,,*.monitoringServer.app[1].endToEndDelay.result-recording-modes,"+stats,+vector",,,,,,,
Critical_N10-2-20260913-16:09:04-1151,config,,,extends,Ieee802154,,,,,,,
Critical_N10-2-20260913-16:09:04-1151,config,,,sim-time-limit,600s,,,,,,,
Critical_N10-2-20260913-16:09:04-1151,config,,,*.sensor[*].app[0].packetSent.result-recording-modes,count,,,,,,,
Critical_N10-2-20260913-16:09:04-1151,config,,,*.monitoringServer.app[0].packetReceived.result-recording-modes,count,,,,,,,
Critical_N10-2-20260913-16:09:04-1151,config,,,*.monitoringServer.app[0].endToEndDelay.result-recording-modes,+stats,,,,,,,
Critical_N10-2-20260913-16:09:04-1151,config,,,*.monitoringServer.app[0].throughput.result-recording-modes,vector,,,,,,,
Critical_N10-2-20260913-16:09:04-1151,config,,,**.energyStorage.residualEnergyCapacity.result-recording-modes,+last,,,,,,,
Critical_N10-2-20260913-16:09:04-1151,config,,,network,simulations.experiment3_critical_event.CriticalEventNetwork,,,,,,,
Critical_N10-2-20260913-16:09:04-1151,config,,,**.arp.typename,GlobalArp,,,,,,,
Critical_N10-2-20260913-16:09:04-1151,config,,,**.netmaskRoutes,"""""",,,,,,,
Critical_N10-2-20260913-16:09:04-1151,config,,,*.radioMedium.backgroundNoise.power,-110dBm,,,,,,,
Critical_N10-2-20260913-16:09:04-1151,config,,,*.configurator.config,"xmldoc(""startopology.xml"")",,,,,,,
Critical_N10-2-20260913-16:09:04-1151,config,,,*.configurator.addStaticRoutes,false,,,,,,,
Critical_N10-2-20260913-16:09:04-1151,config,,,*.sensor[*].numApps,1,,,,,,,
Critical_N10-2-20260913-16:09:04-1151,config,,,*.sensor[*].app[0].typename,UdpBasicApp,,,,,,,
Critical_N10-2-20260913-16:09:04-1151,config,,,*.sensor[*].app[0].destAddresses,"""monitoringServer""",,,,,,,
Critical_N10-2-20260913-16:09:04-1151,config,,,*.sensor[*].app[0].destPort,1000,,,,,,,
Critical_N10-2-20260913-16:09:04-1151,config,,,*.sensor[*].app[0].sendInterval,10s,,,,,,,
Critical_N10-2-20260913-16:09:04-1151,config,,,*.sensor[*].app[0].startTime,"uniform(0s,10s)",,,,,,,
Critical_N10-2-20260913-16:09:04-1151,config,,,*.sensor[*].app[0].messageLength,50B,,,,,,,
Critical_N10-2-20260913-16:09:04-1151,config,,,*.sensor[*].app[0].packetName,"""PeriodicMonitoring""",,,,,,,
Critical_N10-2-20260913-16:09:04-1151,config,,,*.sensor[*].mobility.initFromDisplayString,false,,,,,,,
Critical_N10-2-20260913-16:09:04-1151,config,,,*.sensor[*].mobility.initialX,"uniform(1m, 19m)",,,,,,,
Critical_N10-2-20260913-16:09:04-1151,config,,,*.sensor[*].mobility.initialY,"uniform(1m, 19m)",,,,,,,
Critical_N10-2-20260913-16:09:04-1151,config,,,*.sensor[*].mobility.initialZ,0m,,,,,,,
Critical_N10-2-20260913-16:09:04-1151,config,,,*.controller.numApps,0,,,,,,,
Critical_N10-2-20260913-16:09:04-1151,config,,,*.monitoringServer.numApps,2,,,,,,,
Critical_N10-2-20260913-16:09:04-1151,config,,,*.monitoringServer.app[0].typename,UdpSink,,,,,,,
Critical_N10-2-20260913-16:09:04-1151,config,,,*.monitoringServer.app[0].localPort,1000,,,,,,,
Critical_N10-2-20260913-16:09:04-1151,config,,,*.monitoringServer.app[1].typename,UdpSink,,,,,,,
Critical_N10-2-20260913-16:09:04-1151,config,,,*.monitoringServer.app[1].localPort,2000,,,,,,,
Critical_N10-2-20260913-16:09:04-1151,config,,,*.lamp*.numApps,0,,,,,,,
Critical_N10-2-20260913-16:09:04-1151,config,,,*.visualizer.routingTableVisualizer[0].displayRoutingTables,false,,,,,,,
Critical_N10-2-20260913-16:09:04-1151,config,,,*.visualizer.routingTableVisualizer[0].displayRoutesIndividually,false,,,,,,,
Critical_N10-2-20260913-16:09:04-1151,config,,,*.visualizer.routingTableVisualizer[0].lineShift,0,,,,,,,
Critical_N10-2-20260913-16:09:04-1151,config,,,*.visualizer.routingTableVisualizer[0].displayLabels,false,,,,,,,
Critical_N10-2-20260913-16:09:04-1151,config,,,*.visualizer.interfaceTableVisualizer[0].displayInterfaceTables,false,,,,,,,
Critical_N10-2-20260913-16:09:04-1151,config,,,*.visualizer.numDataLinkVisualizers,2,,,,,,,
Critical_N10-2-20260913-16:09:04-1151,config,,,*.visualizer.dataLinkVisualizer[*].displayLinks,true,,,,,,,
Critical_N10-2-20260913-16:09:04-1151,config,,,*.visualizer.dataLinkVisualizer[0].nodeFilter,"""sensor* or controller""",,,,,,,
Critical_N10-2-20260913-16:09:04-1151,config,,,*.visualizer.dataLinkVisualizer[1].*Color,"""blue""",,,,,,,
Critical_N10-2-20260913-16:09:04-1151,config,,,*.visualizer.dataLinkVisualizer[1].nodeFilter,"""lamp* or controller""",,,,,,,
Critical_N10-2-20260913-16:09:04-1151,config,,,*.visualizer.numStatisticVisualizers,2,,,,,,,
Critical_N10-2-20260913-16:09:04-1151,config,,,*.visualizer.statisticVisualizer[*].zIndex,1,,,,,,,
Critical_N10-2-20260913-16:09:04-1151,config,,,*.visualizer.statisticVisualizer[0].displayStatistics,true,,,,,,,
Critical_N10-2-20260913-16:09:04-1151,config,,,*.visualizer.statisticVisualizer[0].signalName,"""packetSent""",,,,,,,
Critical_N10-2-20260913-16:09:04-1151,config,,,*.visualizer.statisticVisualizer[0].statisticExpression,"""count""",,,,,,,
Critical_N10-2-20260913-16:09:04-1151,config,,,*.visualizer.statisticVisualizer[0].sourceFilter,"""**.controller.udp OR **.sensor*.udp""",,,,,,,
Critical_N10-2-20260913-16:09:04-1151,config,,,*.visualizer.statisticVisualizer[0].format,"""sent: %v pks""",,,,,,,
Critical_N10-2-20260913-16:09:04-1151,config,,,*.visualizer.statisticVisualizer[1].displayStatistics,true,,,,,,,
Critical_N10-2-20260913-16:09:04-1151,config,,,*.visualizer.statisticVisualizer[1].signalName,"""packetReceived""",,,,,,,
Critical_N10-2-20260913-16:09:04-1151,config,,,*.visualizer.statisticVisualizer[1].statisticExpression,"""count""",,,,,,,
Critical_N10-2-20260913-16:09:04-1151,config,,,*.visualizer.statisticVisualizer[1].sourceFilter,"""**.controller.udp OR **.lamp*.udp""",,,,,,,
Critical_N10-2-20260913-16:09:04-1151,config,,,*.visualizer.statisticVisualizer[1].format,"""rcvd: %v pks""",,,,,,,
Critical_N10-3-20260913-16:09:04-1151,runattr,,,configname,Critical_N10,,,,,,,
Critical_N10-3-20260913-16:09:04-1151,runattr,,,datetime,20260913-16:09:04,,,,,,,
Critical_N10-3-20260913-16:09:04-1151,runattr,,,datetimef,20260913-160904,,,,,,,
Critical_N10-3-20260913-16:09:04-1151,runattr,,,experiment,Critical_N10,,,,,,,
Critical_N10-3-20260913-16:09:04-1151,runattr,,,inifile,omnetpp.ini,,,,,,,
Critical_N10-3-20260913-16:09:04-1151,runattr,,,iterationvars,,,,,,,,
Critical_N10-3-20260913-16:09:04-1151,runattr,,,iterationvarsd,,,,,,,,
Critical_N10-3-20260913-16:09:04-1151,runattr,,,iterationvarsf,,,,,,,,
Critical_N10-3-20260913-16:09:04-1151,runattr,,,measurement,,,,,,,,
Critical_N10-3-20260913-16:09:04-1151,runattr,,,network,simulations.experiment3_critical_event.CriticalEventNetwork,,,,,,,
Critical_N10-3-20260913-16:09:04-1151,runattr,,,processid,1151,,,,,,,
Critical_N10-3-20260913-16:09:04-1151,runattr,,,repetition,3,,,,,,,
Critical_N10-3-20260913-16:09:04-1151,runattr,,,replication,#3,,,,,,,
Critical_N10-3-20260913-16:09:04-1151,runattr,,,resultdir,results,,,,,,,
Critical_N10-3-20260913-16:09:04-1151,runattr,,,runnumber,3,,,,,,,
Critical_N10-3-20260913-16:09:04-1151,runattr,,,seedset,3,,,,,,,
Critical_N10-3-20260913-16:09:04-1151,config,,,image-path,../../../inet-4.6.0/images,,,,,,,
Critical_N10-3-20260913-16:09:04-1151,config,,,extends,CriticalEventBase,,,,,,,
Critical_N10-3-20260913-16:09:04-1151,config,,,*.numSensors,10,,,,,,,
Critical_N10-3-20260913-16:09:04-1151,config,,,repeat,5,,,,,,,
Critical_N10-3-20260913-16:09:04-1151,config,,,seed-set,3,,,,,,,
Critical_N10-3-20260913-16:09:04-1151,config,,,extends,Ieee802154Power,,,,,,,
Critical_N10-3-20260913-16:09:04-1151,config,,,sim-time-limit,100s,,,,,,,
Critical_N10-3-20260913-16:09:04-1151,config,,,*.sensor[4].numApps,2,,,,,,,
Critical_N10-3-20260913-16:09:04-1151,config,,,*.sensor[4].app[1].typename,UdpBasicApp,,,,,,,
Critical_N10-3-20260913-16:09:04-1151,config,,,*.sensor[4].app[1].destAddresses,"""monitoringServer""",,,,,,,
Critical_N10-3-20260913-16:09:04-1151,config,,,*.sensor[4].app[1].destPort,2000,,,,,,,
Critical_N10-3-20260913-16:09:04-1151,config,,,*.sensor[4].app[1].startTime,50s,,,,,,,
Critical_N10-3-20260913-16:09:04-1151,config,,,*.sensor[4].app[1].stopTime,51s,,,,,,,
Critical_N10-3-20260913-16:09:04-1151,config,,,*.sensor[4].app[1].sendInterval,1000s,,,,,,,
Critical_N10-3-20260913-16:09:04-1151,config,,,*.sensor[4].app[1].messageLength,20B,,,,,,,
Critical_N10-3-20260913-16:09:04-1151,config,,,*.sensor[4].app[1].packetName,"""CriticalSmokeAlarm""",,,,,,,
Critical_N10-3-20260913-16:09:04-1151,config,,,*.sensor[4].app[1].packetSent.result-recording-modes,count,,,,,,,
Critical_N10-3-20260913-16:09:04-1151,config,,,*.monitoringServer.app[1].packetReceived.result-recording-modes,count,,,,,,,
Critical_N10-3-20260913-16:09:04-1151,config,,,*.monitoringServer.app[1].endToEndDelay.result-recording-modes,"+stats,+vector",,,,,,,
Critical_N10-3-20260913-16:09:04-1151,config,,,extends,Ieee802154,,,,,,,
Critical_N10-3-20260913-16:09:04-1151,config,,,sim-time-limit,600s,,,,,,,
Critical_N10-3-20260913-16:09:04-1151,config,,,*.sensor[*].app[0].packetSent.result-recording-modes,count,,,,,,,
Critical_N10-3-20260913-16:09:04-1151,config,,,*.monitoringServer.app[0].packetReceived.result-recording-modes,count,,,,,,,
Critical_N10-3-20260913-16:09:04-1151,config,,,*.monitoringServer.app[0].endToEndDelay.result-recording-modes,+stats,,,,,,,
Critical_N10-3-20260913-16:09:04-1151,config,,,*.monitoringServer.app[0].throughput.result-recording-modes,vector,,,,,,,
Critical_N10-3-20260913-16:09:04-1151,config,,,**.energyStorage.residualEnergyCapacity.result-recording-modes,+last,,,,,,,
Critical_N10-3-20260913-16:09:04-1151,config,,,network,simulations.experiment3_critical_event.CriticalEventNetwork,,,,,,,
Critical_N10-3-20260913-16:09:04-1151,config,,,**.arp.typename,GlobalArp,,,,,,,
Critical_N10-3-20260913-16:09:04-1151,config,,,**.netmaskRoutes,"""""",,,,,,,
Critical_N10-3-20260913-16:09:04-1151,config,,,*.radioMedium.backgroundNoise.power,-110dBm,,,,,,,
Critical_N10-3-20260913-16:09:04-1151,config,,,*.configurator.config,"xmldoc(""startopology.xml"")",,,,,,,
Critical_N10-3-20260913-16:09:04-1151,config,,,*.configurator.addStaticRoutes,false,,,,,,,
Critical_N10-3-20260913-16:09:04-1151,config,,,*.sensor[*].numApps,1,,,,,,,
Critical_N10-3-20260913-16:09:04-1151,config,,,*.sensor[*].app[0].typename,UdpBasicApp,,,,,,,
Critical_N10-3-20260913-16:09:04-1151,config,,,*.sensor[*].app[0].destAddresses,"""monitoringServer""",,,,,,,
Critical_N10-3-20260913-16:09:04-1151,config,,,*.sensor[*].app[0].destPort,1000,,,,,,,
Critical_N10-3-20260913-16:09:04-1151,config,,,*.sensor[*].app[0].sendInterval,10s,,,,,,,
Critical_N10-3-20260913-16:09:04-1151,config,,,*.sensor[*].app[0].startTime,"uniform(0s,10s)",,,,,,,
Critical_N10-3-20260913-16:09:04-1151,config,,,*.sensor[*].app[0].messageLength,50B,,,,,,,
Critical_N10-3-20260913-16:09:04-1151,config,,,*.sensor[*].app[0].packetName,"""PeriodicMonitoring""",,,,,,,
Critical_N10-3-20260913-16:09:04-1151,config,,,*.sensor[*].mobility.initFromDisplayString,false,,,,,,,
Critical_N10-3-20260913-16:09:04-1151,config,,,*.sensor[*].mobility.initialX,"uniform(1m, 19m)",,,,,,,
Critical_N10-3-20260913-16:09:04-1151,config,,,*.sensor[*].mobility.initialY,"uniform(1m, 19m)",,,,,,,
Critical_N10-3-20260913-16:09:04-1151,config,,,*.sensor[*].mobility.initialZ,0m,,,,,,,
Critical_N10-3-20260913-16:09:04-1151,config,,,*.controller.numApps,0,,,,,,,
Critical_N10-3-20260913-16:09:04-1151,config,,,*.monitoringServer.numApps,2,,,,,,,
Critical_N10-3-20260913-16:09:04-1151,config,,,*.monitoringServer.app[0].typename,UdpSink,,,,,,,
Critical_N10-3-20260913-16:09:04-1151,config,,,*.monitoringServer.app[0].localPort,1000,,,,,,,
Critical_N10-3-20260913-16:09:04-1151,config,,,*.monitoringServer.app[1].typename,UdpSink,,,,,,,
Critical_N10-3-20260913-16:09:04-1151,config,,,*.monitoringServer.app[1].localPort,2000,,,,,,,
Critical_N10-3-20260913-16:09:04-1151,config,,,*.lamp*.numApps,0,,,,,,,
Critical_N10-3-20260913-16:09:04-1151,config,,,*.visualizer.routingTableVisualizer[0].displayRoutingTables,false,,,,,,,
Critical_N10-3-20260913-16:09:04-1151,config,,,*.visualizer.routingTableVisualizer[0].displayRoutesIndividually,false,,,,,,,
Critical_N10-3-20260913-16:09:04-1151,config,,,*.visualizer.routingTableVisualizer[0].lineShift,0,,,,,,,
Critical_N10-3-20260913-16:09:04-1151,config,,,*.visualizer.routingTableVisualizer[0].displayLabels,false,,,,,,,
Critical_N10-3-20260913-16:09:04-1151,config,,,*.visualizer.interfaceTableVisualizer[0].displayInterfaceTables,false,,,,,,,
Critical_N10-3-20260913-16:09:04-1151,config,,,*.visualizer.numDataLinkVisualizers,2,,,,,,,
Critical_N10-3-20260913-16:09:04-1151,config,,,*.visualizer.dataLinkVisualizer[*].displayLinks,true,,,,,,,
Critical_N10-3-20260913-16:09:04-1151,config,,,*.visualizer.dataLinkVisualizer[0].nodeFilter,"""sensor* or controller""",,,,,,,
Critical_N10-3-20260913-16:09:04-1151,config,,,*.visualizer.dataLinkVisualizer[1].*Color,"""blue""",,,,,,,
Critical_N10-3-20260913-16:09:04-1151,config,,,*.visualizer.dataLinkVisualizer[1].nodeFilter,"""lamp* or controller""",,,,,,,
Critical_N10-3-20260913-16:09:04-1151,config,,,*.visualizer.numStatisticVisualizers,2,,,,,,,
Critical_N10-3-20260913-16:09:04-1151,config,,,*.visualizer.statisticVisualizer[*].zIndex,1,,,,,,,
Critical_N10-3-20260913-16:09:04-1151,config,,,*.visualizer.statisticVisualizer[0].displayStatistics,true,,,,,,,
Critical_N10-3-20260913-16:09:04-1151,config,,,*.visualizer.statisticVisualizer[0].signalName,"""packetSent""",,,,,,,
Critical_N10-3-20260913-16:09:04-1151,config,,,*.visualizer.statisticVisualizer[0].statisticExpression,"""count""",,,,,,,
Critical_N10-3-20260913-16:09:04-1151,config,,,*.visualizer.statisticVisualizer[0].sourceFilter,"""**.controller.udp OR **.sensor*.udp""",,,,,,,
Critical_N10-3-20260913-16:09:04-1151,config,,,*.visualizer.statisticVisualizer[0].format,"""sent: %v pks""",,,,,,,
Critical_N10-3-20260913-16:09:04-1151,config,,,*.visualizer.statisticVisualizer[1].displayStatistics,true,,,,,,,
Critical_N10-3-20260913-16:09:04-1151,config,,,*.visualizer.statisticVisualizer[1].signalName,"""packetReceived""",,,,,,,
Critical_N10-3-20260913-16:09:04-1151,config,,,*.visualizer.statisticVisualizer[1].statisticExpression,"""count""",,,,,,,
Critical_N10-3-20260913-16:09:04-1151,config,,,*.visualizer.statisticVisualizer[1].sourceFilter,"""**.controller.udp OR **.lamp*.udp""",,,,,,,
Critical_N10-3-20260913-16:09:04-1151,config,,,*.visualizer.statisticVisualizer[1].format,"""rcvd: %v pks""",,,,,,,
Critical_N10-4-20260913-16:09:05-1151,runattr,,,configname,Critical_N10,,,,,,,
Critical_N10-4-20260913-16:09:05-1151,runattr,,,datetime,20260913-16:09:05,,,,,,,
Critical_N10-4-20260913-16:09:05-1151,runattr,,,datetimef,20260913-160905,,,,,,,
Critical_N10-4-20260913-16:09:05-1151,runattr,,,experiment,Critical_N10,,,,,,,
Critical_N10-4-20260913-16:09:05-1151,runattr,,,inifile,omnetpp.ini,,,,,,,
Critical_N10-4-20260913-16:09:05-1151,runattr,,,iterationvars,,,,,,,,
Critical_N10-4-20260913-16:09:05-1151,runattr,,,iterationvarsd,,,,,,,,
Critical_N10-4-20260913-16:09:05-1151,runattr,,,iterationvarsf,,,,,,,,
Critical_N10-4-20260913-16:09:05-1151,runattr,,,measurement,,,,,,,,
Critical_N10-4-20260913-16:09:05-1151,runattr,,,network,simulations.experiment3_critical_event.CriticalEventNetwork,,,,,,,
Critical_N10-4-20260913-16:09:05-1151,runattr,,,processid,1151,,,,,,,
Critical_N10-4-20260913-16:09:05-1151,runattr,,,repetition,4,,,,,,,
Critical_N10-4-20260913-16:09:05-1151,runattr,,,replication,#4,,,,,,,
Critical_N10-4-20260913-16:09:05-1151,runattr,,,resultdir,results,,,,,,,
Critical_N10-4-20260913-16:09:05-1151,runattr,,,runnumber,4,,,,,,,
Critical_N10-4-20260913-16:09:05-1151,runattr,,,seedset,4,,,,,,,
Critical_N10-4-20260913-16:09:05-1151,config,,,image-path,../../../inet-4.6.0/images,,,,,,,
Critical_N10-4-20260913-16:09:05-1151,config,,,extends,CriticalEventBase,,,,,,,
Critical_N10-4-20260913-16:09:05-1151,config,,,*.numSensors,10,,,,,,,
Critical_N10-4-20260913-16:09:05-1151,config,,,repeat,5,,,,,,,
Critical_N10-4-20260913-16:09:05-1151,config,,,seed-set,4,,,,,,,
Critical_N10-4-20260913-16:09:05-1151,config,,,extends,Ieee802154Power,,,,,,,
Critical_N10-4-20260913-16:09:05-1151,config,,,sim-time-limit,100s,,,,,,,
Critical_N10-4-20260913-16:09:05-1151,config,,,*.sensor[4].numApps,2,,,,,,,
Critical_N10-4-20260913-16:09:05-1151,config,,,*.sensor[4].app[1].typename,UdpBasicApp,,,,,,,
Critical_N10-4-20260913-16:09:05-1151,config,,,*.sensor[4].app[1].destAddresses,"""monitoringServer""",,,,,,,
Critical_N10-4-20260913-16:09:05-1151,config,,,*.sensor[4].app[1].destPort,2000,,,,,,,
Critical_N10-4-20260913-16:09:05-1151,config,,,*.sensor[4].app[1].startTime,50s,,,,,,,
Critical_N10-4-20260913-16:09:05-1151,config,,,*.sensor[4].app[1].stopTime,51s,,,,,,,
Critical_N10-4-20260913-16:09:05-1151,config,,,*.sensor[4].app[1].sendInterval,1000s,,,,,,,
Critical_N10-4-20260913-16:09:05-1151,config,,,*.sensor[4].app[1].messageLength,20B,,,,,,,
Critical_N10-4-20260913-16:09:05-1151,config,,,*.sensor[4].app[1].packetName,"""CriticalSmokeAlarm""",,,,,,,
Critical_N10-4-20260913-16:09:05-1151,config,,,*.sensor[4].app[1].packetSent.result-recording-modes,count,,,,,,,
Critical_N10-4-20260913-16:09:05-1151,config,,,*.monitoringServer.app[1].packetReceived.result-recording-modes,count,,,,,,,
Critical_N10-4-20260913-16:09:05-1151,config,,,*.monitoringServer.app[1].endToEndDelay.result-recording-modes,"+stats,+vector",,,,,,,
Critical_N10-4-20260913-16:09:05-1151,config,,,extends,Ieee802154,,,,,,,
Critical_N10-4-20260913-16:09:05-1151,config,,,sim-time-limit,600s,,,,,,,
Critical_N10-4-20260913-16:09:05-1151,config,,,*.sensor[*].app[0].packetSent.result-recording-modes,count,,,,,,,
Critical_N10-4-20260913-16:09:05-1151,config,,,*.monitoringServer.app[0].packetReceived.result-recording-modes,count,,,,,,,
Critical_N10-4-20260913-16:09:05-1151,config,,,*.monitoringServer.app[0].endToEndDelay.result-recording-modes,+stats,,,,,,,
Critical_N10-4-20260913-16:09:05-1151,config,,,*.monitoringServer.app[0].throughput.result-recording-modes,vector,,,,,,,
Critical_N10-4-20260913-16:09:05-1151,config,,,**.energyStorage.residualEnergyCapacity.result-recording-modes,+last,,,,,,,
Critical_N10-4-20260913-16:09:05-1151,config,,,network,simulations.experiment3_critical_event.CriticalEventNetwork,,,,,,,
Critical_N10-4-20260913-16:09:05-1151,config,,,**.arp.typename,GlobalArp,,,,,,,
Critical_N10-4-20260913-16:09:05-1151,config,,,**.netmaskRoutes,"""""",,,,,,,
Critical_N10-4-20260913-16:09:05-1151,config,,,*.radioMedium.backgroundNoise.power,-110dBm,,,,,,,
Critical_N10-4-20260913-16:09:05-1151,config,,,*.configurator.config,"xmldoc(""startopology.xml"")",,,,,,,
Critical_N10-4-20260913-16:09:05-1151,config,,,*.configurator.addStaticRoutes,false,,,,,,,
Critical_N10-4-20260913-16:09:05-1151,config,,,*.sensor[*].numApps,1,,,,,,,
Critical_N10-4-20260913-16:09:05-1151,config,,,*.sensor[*].app[0].typename,UdpBasicApp,,,,,,,
Critical_N10-4-20260913-16:09:05-1151,config,,,*.sensor[*].app[0].destAddresses,"""monitoringServer""",,,,,,,
Critical_N10-4-20260913-16:09:05-1151,config,,,*.sensor[*].app[0].destPort,1000,,,,,,,
Critical_N10-4-20260913-16:09:05-1151,config,,,*.sensor[*].app[0].sendInterval,10s,,,,,,,
Critical_N10-4-20260913-16:09:05-1151,config,,,*.sensor[*].app[0].startTime,"uniform(0s,10s)",,,,,,,
Critical_N10-4-20260913-16:09:05-1151,config,,,*.sensor[*].app[0].messageLength,50B,,,,,,,
Critical_N10-4-20260913-16:09:05-1151,config,,,*.sensor[*].app[0].packetName,"""PeriodicMonitoring""",,,,,,,
Critical_N10-4-20260913-16:09:05-1151,config,,,*.sensor[*].mobility.initFromDisplayString,false,,,,,,,
Critical_N10-4-20260913-16:09:05-1151,config,,,*.sensor[*].mobility.initialX,"uniform(1m, 19m)",,,,,,,
Critical_N10-4-20260913-16:09:05-1151,config,,,*.sensor[*].mobility.initialY,"uniform(1m, 19m)",,,,,,,
Critical_N10-4-20260913-16:09:05-1151,config,,,*.sensor[*].mobility.initialZ,0m,,,,,,,
Critical_N10-4-20260913-16:09:05-1151,config,,,*.controller.numApps,0,,,,,,,
Critical_N10-4-20260913-16:09:05-1151,config,,,*.monitoringServer.numApps,2,,,,,,,
Critical_N10-4-20260913-16:09:05-1151,config,,,*.monitoringServer.app[0].typename,UdpSink,,,,,,,
Critical_N10-4-20260913-16:09:05-1151,config,,,*.monitoringServer.app[0].localPort,1000,,,,,,,
Critical_N10-4-20260913-16:09:05-1151,config,,,*.monitoringServer.app[1].typename,UdpSink,,,,,,,
Critical_N10-4-20260913-16:09:05-1151,config,,,*.monitoringServer.app[1].localPort,2000,,,,,,,
Critical_N10-4-20260913-16:09:05-1151,config,,,*.lamp*.numApps,0,,,,,,,
Critical_N10-4-20260913-16:09:05-1151,config,,,*.visualizer.routingTableVisualizer[0].displayRoutingTables,false,,,,,,,
Critical_N10-4-20260913-16:09:05-1151,config,,,*.visualizer.routingTableVisualizer[0].displayRoutesIndividually,false,,,,,,,
Critical_N10-4-20260913-16:09:05-1151,config,,,*.visualizer.routingTableVisualizer[0].lineShift,0,,,,,,,
Critical_N10-4-20260913-16:09:05-1151,config,,,*.visualizer.routingTableVisualizer[0].displayLabels,false,,,,,,,
Critical_N10-4-20260913-16:09:05-1151,config,,,*.visualizer.interfaceTableVisualizer[0].displayInterfaceTables,false,,,,,,,
Critical_N10-4-20260913-16:09:05-1151,config,,,*.visualizer.numDataLinkVisualizers,2,,,,,,,
Critical_N10-4-20260913-16:09:05-1151,config,,,*.visualizer.dataLinkVisualizer[*].displayLinks,true,,,,,,,
Critical_N10-4-20260913-16:09:05-1151,config,,,*.visualizer.dataLinkVisualizer[0].nodeFilter,"""sensor* or controller""",,,,,,,
Critical_N10-4-20260913-16:09:05-1151,config,,,*.visualizer.dataLinkVisualizer[1].*Color,"""blue""",,,,,,,
Critical_N10-4-20260913-16:09:05-1151,config,,,*.visualizer.dataLinkVisualizer[1].nodeFilter,"""lamp* or controller""",,,,,,,
Critical_N10-4-20260913-16:09:05-1151,config,,,*.visualizer.numStatisticVisualizers,2,,,,,,,
Critical_N10-4-20260913-16:09:05-1151,config,,,*.visualizer.statisticVisualizer[*].zIndex,1,,,,,,,
Critical_N10-4-20260913-16:09:05-1151,config,,,*.visualizer.statisticVisualizer[0].displayStatistics,true,,,,,,,
Critical_N10-4-20260913-16:09:05-1151,config,,,*.visualizer.statisticVisualizer[0].signalName,"""packetSent""",,,,,,,
Critical_N10-4-20260913-16:09:05-1151,config,,,*.visualizer.statisticVisualizer[0].statisticExpression,"""count""",,,,,,,
Critical_N10-4-20260913-16:09:05-1151,config,,,*.visualizer.statisticVisualizer[0].sourceFilter,"""**.controller.udp OR **.sensor*.udp""",,,,,,,
Critical_N10-4-20260913-16:09:05-1151,config,,,*.visualizer.statisticVisualizer[0].format,"""sent: %v pks""",,,,,,,
Critical_N10-4-20260913-16:09:05-1151,config,,,*.visualizer.statisticVisualizer[1].displayStatistics,true,,,,,,,
Critical_N10-4-20260913-16:09:05-1151,config,,,*.visualizer.statisticVisualizer[1].signalName,"""packetReceived""",,,,,,,
Critical_N10-4-20260913-16:09:05-1151,config,,,*.visualizer.statisticVisualizer[1].statisticExpression,"""count""",,,,,,,
Critical_N10-4-20260913-16:09:05-1151,config,,,*.visualizer.statisticVisualizer[1].sourceFilter,"""**.controller.udp OR **.lamp*.udp""",,,,,,,
Critical_N10-4-20260913-16:09:05-1151,config,,,*.visualizer.statisticVisualizer[1].format,"""rcvd: %v pks""",,,,,,,
Critical_N20-0-20260913-16:09:20-1249,runattr,,,configname,Critical_N20,,,,,,,
Critical_N20-0-20260913-16:09:20-1249,runattr,,,datetime,20260913-16:09:20,,,,,,,
Critical_N20-0-20260913-16:09:20-1249,runattr,,,datetimef,20260913-160920,,,,,,,
Critical_N20-0-20260913-16:09:20-1249,runattr,,,experiment,Critical_N20,,,,,,,
Critical_N20-0-20260913-16:09:20-1249,runattr,,,inifile,omnetpp.ini,,,,,,,
Critical_N20-0-20260913-16:09:20-1249,runattr,,,iterationvars,,,,,,,,
Critical_N20-0-20260913-16:09:20-1249,runattr,,,iterationvarsd,,,,,,,,
Critical_N20-0-20260913-16:09:20-1249,runattr,,,iterationvarsf,,,,,,,,
Critical_N20-0-20260913-16:09:20-1249,runattr,,,measurement,,,,,,,,
Critical_N20-0-20260913-16:09:20-1249,runattr,,,network,simulations.experiment3_critical_event.CriticalEventNetwork,,,,,,,
Critical_N20-0-20260913-16:09:20-1249,runattr,,,processid,1249,,,,,,,
Critical_N20-0-20260913-16:09:20-1249,runattr,,,repetition,0,,,,,,,
Critical_N20-0-20260913-16:09:20-1249,runattr,,,replication,#0,,,,,,,
Critical_N20-0-20260913-16:09:20-1249,runattr,,,resultdir,results,,,,,,,
Critical_N20-0-20260913-16:09:20-1249,runattr,,,runnumber,0,,,,,,,
Critical_N20-0-20260913-16:09:20-1249,runattr,,,seedset,0,,,,,,,
Critical_N20-0-20260913-16:09:20-1249,config,,,image-path,../../../inet-4.6.0/images,,,,,,,
Critical_N20-0-20260913-16:09:20-1249,config,,,extends,CriticalEventBase,,,,,,,
Critical_N20-0-20260913-16:09:20-1249,config,,,*.numSensors,20,,,,,,,
Critical_N20-0-20260913-16:09:20-1249,config,,,repeat,5,,,,,,,
Critical_N20-0-20260913-16:09:20-1249,config,,,seed-set,0,,,,,,,
Critical_N20-0-20260913-16:09:20-1249,config,,,extends,Ieee802154Power,,,,,,,
Critical_N20-0-20260913-16:09:20-1249,config,,,sim-time-limit,100s,,,,,,,
Critical_N20-0-20260913-16:09:20-1249,config,,,*.sensor[4].numApps,2,,,,,,,
Critical_N20-0-20260913-16:09:20-1249,config,,,*.sensor[4].app[1].typename,UdpBasicApp,,,,,,,
Critical_N20-0-20260913-16:09:20-1249,config,,,*.sensor[4].app[1].destAddresses,"""monitoringServer""",,,,,,,
Critical_N20-0-20260913-16:09:20-1249,config,,,*.sensor[4].app[1].destPort,2000,,,,,,,
Critical_N20-0-20260913-16:09:20-1249,config,,,*.sensor[4].app[1].startTime,50s,,,,,,,
Critical_N20-0-20260913-16:09:20-1249,config,,,*.sensor[4].app[1].stopTime,51s,,,,,,,
Critical_N20-0-20260913-16:09:20-1249,config,,,*.sensor[4].app[1].sendInterval,1000s,,,,,,,
Critical_N20-0-20260913-16:09:20-1249,config,,,*.sensor[4].app[1].messageLength,20B,,,,,,,
Critical_N20-0-20260913-16:09:20-1249,config,,,*.sensor[4].app[1].packetName,"""CriticalSmokeAlarm""",,,,,,,
Critical_N20-0-20260913-16:09:20-1249,config,,,*.sensor[4].app[1].packetSent.result-recording-modes,count,,,,,,,
Critical_N20-0-20260913-16:09:20-1249,config,,,*.monitoringServer.app[1].packetReceived.result-recording-modes,count,,,,,,,
Critical_N20-0-20260913-16:09:20-1249,config,,,*.monitoringServer.app[1].endToEndDelay.result-recording-modes,"+stats,+vector",,,,,,,
Critical_N20-0-20260913-16:09:20-1249,config,,,extends,Ieee802154,,,,,,,
Critical_N20-0-20260913-16:09:20-1249,config,,,sim-time-limit,600s,,,,,,,
Critical_N20-0-20260913-16:09:20-1249,config,,,*.sensor[*].app[0].packetSent.result-recording-modes,count,,,,,,,
Critical_N20-0-20260913-16:09:20-1249,config,,,*.monitoringServer.app[0].packetReceived.result-recording-modes,count,,,,,,,
Critical_N20-0-20260913-16:09:20-1249,config,,,*.monitoringServer.app[0].endToEndDelay.result-recording-modes,+stats,,,,,,,
Critical_N20-0-20260913-16:09:20-1249,config,,,*.monitoringServer.app[0].throughput.result-recording-modes,vector,,,,,,,
Critical_N20-0-20260913-16:09:20-1249,config,,,**.energyStorage.residualEnergyCapacity.result-recording-modes,+last,,,,,,,
Critical_N20-0-20260913-16:09:20-1249,config,,,network,simulations.experiment3_critical_event.CriticalEventNetwork,,,,,,,
Critical_N20-0-20260913-16:09:20-1249,config,,,**.arp.typename,GlobalArp,,,,,,,
Critical_N20-0-20260913-16:09:20-1249,config,,,**.netmaskRoutes,"""""",,,,,,,
Critical_N20-0-20260913-16:09:20-1249,config,,,*.radioMedium.backgroundNoise.power,-110dBm,,,,,,,
Critical_N20-0-20260913-16:09:20-1249,config,,,*.configurator.config,"xmldoc(""startopology.xml"")",,,,,,,
Critical_N20-0-20260913-16:09:20-1249,config,,,*.configurator.addStaticRoutes,false,,,,,,,
Critical_N20-0-20260913-16:09:20-1249,config,,,*.sensor[*].numApps,1,,,,,,,
Critical_N20-0-20260913-16:09:20-1249,config,,,*.sensor[*].app[0].typename,UdpBasicApp,,,,,,,
Critical_N20-0-20260913-16:09:20-1249,config,,,*.sensor[*].app[0].destAddresses,"""monitoringServer""",,,,,,,
Critical_N20-0-20260913-16:09:20-1249,config,,,*.sensor[*].app[0].destPort,1000,,,,,,,
Critical_N20-0-20260913-16:09:20-1249,config,,,*.sensor[*].app[0].sendInterval,10s,,,,,,,
Critical_N20-0-20260913-16:09:20-1249,config,,,*.sensor[*].app[0].startTime,"uniform(0s,10s)",,,,,,,
Critical_N20-0-20260913-16:09:20-1249,config,,,*.sensor[*].app[0].messageLength,50B,,,,,,,
Critical_N20-0-20260913-16:09:20-1249,config,,,*.sensor[*].app[0].packetName,"""PeriodicMonitoring""",,,,,,,
Critical_N20-0-20260913-16:09:20-1249,config,,,*.sensor[*].mobility.initFromDisplayString,false,,,,,,,
Critical_N20-0-20260913-16:09:20-1249,config,,,*.sensor[*].mobility.initialX,"uniform(1m, 19m)",,,,,,,
Critical_N20-0-20260913-16:09:20-1249,config,,,*.sensor[*].mobility.initialY,"uniform(1m, 19m)",,,,,,,
Critical_N20-0-20260913-16:09:20-1249,config,,,*.sensor[*].mobility.initialZ,0m,,,,,,,
Critical_N20-0-20260913-16:09:20-1249,config,,,*.controller.numApps,0,,,,,,,
Critical_N20-0-20260913-16:09:20-1249,config,,,*.monitoringServer.numApps,2,,,,,,,
Critical_N20-0-20260913-16:09:20-1249,config,,,*.monitoringServer.app[0].typename,UdpSink,,,,,,,
Critical_N20-0-20260913-16:09:20-1249,config,,,*.monitoringServer.app[0].localPort,1000,,,,,,,
Critical_N20-0-20260913-16:09:20-1249,config,,,*.monitoringServer.app[1].typename,UdpSink,,,,,,,
Critical_N20-0-20260913-16:09:20-1249,config,,,*.monitoringServer.app[1].localPort,2000,,,,,,,
Critical_N20-0-20260913-16:09:20-1249,config,,,*.lamp*.numApps,0,,,,,,,
Critical_N20-0-20260913-16:09:20-1249,config,,,*.visualizer.routingTableVisualizer[0].displayRoutingTables,false,,,,,,,
Critical_N20-0-20260913-16:09:20-1249,config,,,*.visualizer.routingTableVisualizer[0].displayRoutesIndividually,false,,,,,,,
Critical_N20-0-20260913-16:09:20-1249,config,,,*.visualizer.routingTableVisualizer[0].lineShift,0,,,,,,,
Critical_N20-0-20260913-16:09:20-1249,config,,,*.visualizer.routingTableVisualizer[0].displayLabels,false,,,,,,,
Critical_N20-0-20260913-16:09:20-1249,config,,,*.visualizer.interfaceTableVisualizer[0].displayInterfaceTables,false,,,,,,,
Critical_N20-0-20260913-16:09:20-1249,config,,,*.visualizer.numDataLinkVisualizers,2,,,,,,,
Critical_N20-0-20260913-16:09:20-1249,config,,,*.visualizer.dataLinkVisualizer[*].displayLinks,true,,,,,,,
Critical_N20-0-20260913-16:09:20-1249,config,,,*.visualizer.dataLinkVisualizer[0].nodeFilter,"""sensor* or controller""",,,,,,,
Critical_N20-0-20260913-16:09:20-1249,config,,,*.visualizer.dataLinkVisualizer[1].*Color,"""blue""",,,,,,,
Critical_N20-0-20260913-16:09:20-1249,config,,,*.visualizer.dataLinkVisualizer[1].nodeFilter,"""lamp* or controller""",,,,,,,
Critical_N20-0-20260913-16:09:20-1249,config,,,*.visualizer.numStatisticVisualizers,2,,,,,,,
Critical_N20-0-20260913-16:09:20-1249,config,,,*.visualizer.statisticVisualizer[*].zIndex,1,,,,,,,
Critical_N20-0-20260913-16:09:20-1249,config,,,*.visualizer.statisticVisualizer[0].displayStatistics,true,,,,,,,
Critical_N20-0-20260913-16:09:20-1249,config,,,*.visualizer.statisticVisualizer[0].signalName,"""packetSent""",,,,,,,
Critical_N20-0-20260913-16:09:20-1249,config,,,*.visualizer.statisticVisualizer[0].statisticExpression,"""count""",,,,,,,
Critical_N20-0-20260913-16:09:20-1249,config,,,*.visualizer.statisticVisualizer[0].sourceFilter,"""**.controller.udp OR **.sensor*.udp""",,,,,,,
Critical_N20-0-20260913-16:09:20-1249,config,,,*.visualizer.statisticVisualizer[0].format,"""sent: %v pks""",,,,,,,
Critical_N20-0-20260913-16:09:20-1249,config,,,*.visualizer.statisticVisualizer[1].displayStatistics,true,,,,,,,
Critical_N20-0-20260913-16:09:20-1249,config,,,*.visualizer.statisticVisualizer[1].signalName,"""packetReceived""",,,,,,,
Critical_N20-0-20260913-16:09:20-1249,config,,,*.visualizer.statisticVisualizer[1].statisticExpression,"""count""",,,,,,,
Critical_N20-0-20260913-16:09:20-1249,config,,,*.visualizer.statisticVisualizer[1].sourceFilter,"""**.controller.udp OR **.lamp*.udp""",,,,,,,
Critical_N20-0-20260913-16:09:20-1249,config,,,*.visualizer.statisticVisualizer[1].format,"""rcvd: %v pks""",,,,,,,
Critical_N20-2-20260913-16:09:23-1249,runattr,,,configname,Critical_N20,,,,,,,
Critical_N20-2-20260913-16:09:23-1249,runattr,,,datetime,20260913-16:09:23,,,,,,,
Critical_N20-2-20260913-16:09:23-1249,runattr,,,datetimef,20260913-160923,,,,,,,
Critical_N20-2-20260913-16:09:23-1249,runattr,,,experiment,Critical_N20,,,,,,,
Critical_N20-2-20260913-16:09:23-1249,runattr,,,inifile,omnetpp.ini,,,,,,,
Critical_N20-2-20260913-16:09:23-1249,runattr,,,iterationvars,,,,,,,,
Critical_N20-2-20260913-16:09:23-1249,runattr,,,iterationvarsd,,,,,,,,
Critical_N20-2-20260913-16:09:23-1249,runattr,,,iterationvarsf,,,,,,,,
Critical_N20-2-20260913-16:09:23-1249,runattr,,,measurement,,,,,,,,
Critical_N20-2-20260913-16:09:23-1249,runattr,,,network,simulations.experiment3_critical_event.CriticalEventNetwork,,,,,,,
Critical_N20-2-20260913-16:09:23-1249,runattr,,,processid,1249,,,,,,,
Critical_N20-2-20260913-16:09:23-1249,runattr,,,repetition,2,,,,,,,
Critical_N20-2-20260913-16:09:23-1249,runattr,,,replication,#2,,,,,,,
Critical_N20-2-20260913-16:09:23-1249,runattr,,,resultdir,results,,,,,,,
Critical_N20-2-20260913-16:09:23-1249,runattr,,,runnumber,2,,,,,,,
Critical_N20-2-20260913-16:09:23-1249,runattr,,,seedset,2,,,,,,,
Critical_N20-2-20260913-16:09:23-1249,config,,,image-path,../../../inet-4.6.0/images,,,,,,,
Critical_N20-2-20260913-16:09:23-1249,config,,,extends,CriticalEventBase,,,,,,,
Critical_N20-2-20260913-16:09:23-1249,config,,,*.numSensors,20,,,,,,,
Critical_N20-2-20260913-16:09:23-1249,config,,,repeat,5,,,,,,,
Critical_N20-2-20260913-16:09:23-1249,config,,,seed-set,2,,,,,,,
Critical_N20-2-20260913-16:09:23-1249,config,,,extends,Ieee802154Power,,,,,,,
Critical_N20-2-20260913-16:09:23-1249,config,,,sim-time-limit,100s,,,,,,,
Critical_N20-2-20260913-16:09:23-1249,config,,,*.sensor[4].numApps,2,,,,,,,
Critical_N20-2-20260913-16:09:23-1249,config,,,*.sensor[4].app[1].typename,UdpBasicApp,,,,,,,
Critical_N20-2-20260913-16:09:23-1249,config,,,*.sensor[4].app[1].destAddresses,"""monitoringServer""",,,,,,,
Critical_N20-2-20260913-16:09:23-1249,config,,,*.sensor[4].app[1].destPort,2000,,,,,,,
Critical_N20-2-20260913-16:09:23-1249,config,,,*.sensor[4].app[1].startTime,50s,,,,,,,
Critical_N20-2-20260913-16:09:23-1249,config,,,*.sensor[4].app[1].stopTime,51s,,,,,,,
Critical_N20-2-20260913-16:09:23-1249,config,,,*.sensor[4].app[1].sendInterval,1000s,,,,,,,
Critical_N20-2-20260913-16:09:23-1249,config,,,*.sensor[4].app[1].messageLength,20B,,,,,,,
Critical_N20-2-20260913-16:09:23-1249,config,,,*.sensor[4].app[1].packetName,"""CriticalSmokeAlarm""",,,,,,,
Critical_N20-2-20260913-16:09:23-1249,config,,,*.sensor[4].app[1].packetSent.result-recording-modes,count,,,,,,,
Critical_N20-2-20260913-16:09:23-1249,config,,,*.monitoringServer.app[1].packetReceived.result-recording-modes,count,,,,,,,
Critical_N20-2-20260913-16:09:23-1249,config,,,*.monitoringServer.app[1].endToEndDelay.result-recording-modes,"+stats,+vector",,,,,,,
Critical_N20-2-20260913-16:09:23-1249,config,,,extends,Ieee802154,,,,,,,
Critical_N20-2-20260913-16:09:23-1249,config,,,sim-time-limit,600s,,,,,,,
Critical_N20-2-20260913-16:09:23-1249,config,,,*.sensor[*].app[0].packetSent.result-recording-modes,count,,,,,,,
Critical_N20-2-20260913-16:09:23-1249,config,,,*.monitoringServer.app[0].packetReceived.result-recording-modes,count,,,,,,,
Critical_N20-2-20260913-16:09:23-1249,config,,,*.monitoringServer.app[0].endToEndDelay.result-recording-modes,+stats,,,,,,,
Critical_N20-2-20260913-16:09:23-1249,config,,,*.monitoringServer.app[0].throughput.result-recording-modes,vector,,,,,,,
Critical_N20-2-20260913-16:09:23-1249,config,,,**.energyStorage.residualEnergyCapacity.result-recording-modes,+last,,,,,,,
Critical_N20-2-20260913-16:09:23-1249,config,,,network,simulations.experiment3_critical_event.CriticalEventNetwork,,,,,,,
Critical_N20-2-20260913-16:09:23-1249,config,,,**.arp.typename,GlobalArp,,,,,,,
Critical_N20-2-20260913-16:09:23-1249,config,,,**.netmaskRoutes,"""""",,,,,,,
Critical_N20-2-20260913-16:09:23-1249,config,,,*.radioMedium.backgroundNoise.power,-110dBm,,,,,,,
Critical_N20-2-20260913-16:09:23-1249,config,,,*.configurator.config,"xmldoc(""startopology.xml"")",,,,,,,
Critical_N20-2-20260913-16:09:23-1249,config,,,*.configurator.addStaticRoutes,false,,,,,,,
Critical_N20-2-20260913-16:09:23-1249,config,,,*.sensor[*].numApps,1,,,,,,,
Critical_N20-2-20260913-16:09:23-1249,config,,,*.sensor[*].app[0].typename,UdpBasicApp,,,,,,,
Critical_N20-2-20260913-16:09:23-1249,config,,,*.sensor[*].app[0].destAddresses,"""monitoringServer""",,,,,,,
Critical_N20-2-20260913-16:09:23-1249,config,,,*.sensor[*].app[0].destPort,1000,,,,,,,
Critical_N20-2-20260913-16:09:23-1249,config,,,*.sensor[*].app[0].sendInterval,10s,,,,,,,
Critical_N20-2-20260913-16:09:23-1249,config,,,*.sensor[*].app[0].startTime,"uniform(0s,10s)",,,,,,,
Critical_N20-2-20260913-16:09:23-1249,config,,,*.sensor[*].app[0].messageLength,50B,,,,,,,
Critical_N20-2-20260913-16:09:23-1249,config,,,*.sensor[*].app[0].packetName,"""PeriodicMonitoring""",,,,,,,
Critical_N20-2-20260913-16:09:23-1249,config,,,*.sensor[*].mobility.initFromDisplayString,false,,,,,,,
Critical_N20-2-20260913-16:09:23-1249,config,,,*.sensor[*].mobility.initialX,"uniform(1m, 19m)",,,,,,,
Critical_N20-2-20260913-16:09:23-1249,config,,,*.sensor[*].mobility.initialY,"uniform(1m, 19m)",,,,,,,
Critical_N20-2-20260913-16:09:23-1249,config,,,*.sensor[*].mobility.initialZ,0m,,,,,,,
Critical_N20-2-20260913-16:09:23-1249,config,,,*.controller.numApps,0,,,,,,,
Critical_N20-2-20260913-16:09:23-1249,config,,,*.monitoringServer.numApps,2,,,,,,,
Critical_N20-2-20260913-16:09:23-1249,config,,,*.monitoringServer.app[0].typename,UdpSink,,,,,,,
Critical_N20-2-20260913-16:09:23-1249,config,,,*.monitoringServer.app[0].localPort,1000,,,,,,,
Critical_N20-2-20260913-16:09:23-1249,config,,,*.monitoringServer.app[1].typename,UdpSink,,,,,,,
Critical_N20-2-20260913-16:09:23-1249,config,,,*.monitoringServer.app[1].localPort,2000,,,,,,,
Critical_N20-2-20260913-16:09:23-1249,config,,,*.lamp*.numApps,0,,,,,,,
Critical_N20-2-20260913-16:09:23-1249,config,,,*.visualizer.routingTableVisualizer[0].displayRoutingTables,false,,,,,,,
Critical_N20-2-20260913-16:09:23-1249,config,,,*.visualizer.routingTableVisualizer[0].displayRoutesIndividually,false,,,,,,,
Critical_N20-2-20260913-16:09:23-1249,config,,,*.visualizer.routingTableVisualizer[0].lineShift,0,,,,,,,
Critical_N20-2-20260913-16:09:23-1249,config,,,*.visualizer.routingTableVisualizer[0].displayLabels,false,,,,,,,
Critical_N20-2-20260913-16:09:23-1249,config,,,*.visualizer.interfaceTableVisualizer[0].displayInterfaceTables,false,,,,,,,
Critical_N20-2-20260913-16:09:23-1249,config,,,*.visualizer.numDataLinkVisualizers,2,,,,,,,
Critical_N20-2-20260913-16:09:23-1249,config,,,*.visualizer.dataLinkVisualizer[*].displayLinks,true,,,,,,,
Critical_N20-2-20260913-16:09:23-1249,config,,,*.visualizer.dataLinkVisualizer[0].nodeFilter,"""sensor* or controller""",,,,,,,
Critical_N20-2-20260913-16:09:23-1249,config,,,*.visualizer.dataLinkVisualizer[1].*Color,"""blue""",,,,,,,
Critical_N20-2-20260913-16:09:23-1249,config,,,*.visualizer.dataLinkVisualizer[1].nodeFilter,"""lamp* or controller""",,,,,,,
Critical_N20-2-20260913-16:09:23-1249,config,,,*.visualizer.numStatisticVisualizers,2,,,,,,,
Critical_N20-2-20260913-16:09:23-1249,config,,,*.visualizer.statisticVisualizer[*].zIndex,1,,,,,,,
Critical_N20-2-20260913-16:09:23-1249,config,,,*.visualizer.statisticVisualizer[0].displayStatistics,true,,,,,,,
Critical_N20-2-20260913-16:09:23-1249,config,,,*.visualizer.statisticVisualizer[0].signalName,"""packetSent""",,,,,,,
Critical_N20-2-20260913-16:09:23-1249,config,,,*.visualizer.statisticVisualizer[0].statisticExpression,"""count""",,,,,,,
Critical_N20-2-20260913-16:09:23-1249,config,,,*.visualizer.statisticVisualizer[0].sourceFilter,"""**.controller.udp OR **.sensor*.udp""",,,,,,,
Critical_N20-2-20260913-16:09:23-1249,config,,,*.visualizer.statisticVisualizer[0].format,"""sent: %v pks""",,,,,,,
Critical_N20-2-20260913-16:09:23-1249,config,,,*.visualizer.statisticVisualizer[1].displayStatistics,true,,,,,,,
Critical_N20-2-20260913-16:09:23-1249,config,,,*.visualizer.statisticVisualizer[1].signalName,"""packetReceived""",,,,,,,
Critical_N20-2-20260913-16:09:23-1249,config,,,*.visualizer.statisticVisualizer[1].statisticExpression,"""count""",,,,,,,
Critical_N20-2-20260913-16:09:23-1249,config,,,*.visualizer.statisticVisualizer[1].sourceFilter,"""**.controller.udp OR **.lamp*.udp""",,,,,,,
Critical_N20-2-20260913-16:09:23-1249,config,,,*.visualizer.statisticVisualizer[1].format,"""rcvd: %v pks""",,,,,,,
Critical_N20-3-20260913-16:09:24-1249,runattr,,,configname,Critical_N20,,,,,,,
Critical_N20-3-20260913-16:09:24-1249,runattr,,,datetime,20260913-16:09:24,,,,,,,
Critical_N20-3-20260913-16:09:24-1249,runattr,,,datetimef,20260913-160924,,,,,,,
Critical_N20-3-20260913-16:09:24-1249,runattr,,,experiment,Critical_N20,,,,,,,
Critical_N20-3-20260913-16:09:24-1249,runattr,,,inifile,omnetpp.ini,,,,,,,
Critical_N20-3-20260913-16:09:24-1249,runattr,,,iterationvars,,,,,,,,
Critical_N20-3-20260913-16:09:24-1249,runattr,,,iterationvarsd,,,,,,,,
Critical_N20-3-20260913-16:09:24-1249,runattr,,,iterationvarsf,,,,,,,,
Critical_N20-3-20260913-16:09:24-1249,runattr,,,measurement,,,,,,,,
Critical_N20-3-20260913-16:09:24-1249,runattr,,,network,simulations.experiment3_critical_event.CriticalEventNetwork,,,,,,,
Critical_N20-3-20260913-16:09:24-1249,runattr,,,processid,1249,,,,,,,
Critical_N20-3-20260913-16:09:24-1249,runattr,,,repetition,3,,,,,,,
Critical_N20-3-20260913-16:09:24-1249,runattr,,,replication,#3,,,,,,,
Critical_N20-3-20260913-16:09:24-1249,runattr,,,resultdir,results,,,,,,,
Critical_N20-3-20260913-16:09:24-1249,runattr,,,runnumber,3,,,,,,,
Critical_N20-3-20260913-16:09:24-1249,runattr,,,seedset,3,,,,,,,
Critical_N20-3-20260913-16:09:24-1249,config,,,image-path,../../../inet-4.6.0/images,,,,,,,
Critical_N20-3-20260913-16:09:24-1249,config,,,extends,CriticalEventBase,,,,,,,
Critical_N20-3-20260913-16:09:24-1249,config,,,*.numSensors,20,,,,,,,
Critical_N20-3-20260913-16:09:24-1249,config,,,repeat,5,,,,,,,
Critical_N20-3-20260913-16:09:24-1249,config,,,seed-set,3,,,,,,,
Critical_N20-3-20260913-16:09:24-1249,config,,,extends,Ieee802154Power,,,,,,,
Critical_N20-3-20260913-16:09:24-1249,config,,,sim-time-limit,100s,,,,,,,
Critical_N20-3-20260913-16:09:24-1249,config,,,*.sensor[4].numApps,2,,,,,,,
Critical_N20-3-20260913-16:09:24-1249,config,,,*.sensor[4].app[1].typename,UdpBasicApp,,,,,,,
Critical_N20-3-20260913-16:09:24-1249,config,,,*.sensor[4].app[1].destAddresses,"""monitoringServer""",,,,,,,
Critical_N20-3-20260913-16:09:24-1249,config,,,*.sensor[4].app[1].destPort,2000,,,,,,,
Critical_N20-3-20260913-16:09:24-1249,config,,,*.sensor[4].app[1].startTime,50s,,,,,,,
Critical_N20-3-20260913-16:09:24-1249,config,,,*.sensor[4].app[1].stopTime,51s,,,,,,,
Critical_N20-3-20260913-16:09:24-1249,config,,,*.sensor[4].app[1].sendInterval,1000s,,,,,,,
Critical_N20-3-20260913-16:09:24-1249,config,,,*.sensor[4].app[1].messageLength,20B,,,,,,,
Critical_N20-3-20260913-16:09:24-1249,config,,,*.sensor[4].app[1].packetName,"""CriticalSmokeAlarm""",,,,,,,
Critical_N20-3-20260913-16:09:24-1249,config,,,*.sensor[4].app[1].packetSent.result-recording-modes,count,,,,,,,
Critical_N20-3-20260913-16:09:24-1249,config,,,*.monitoringServer.app[1].packetReceived.result-recording-modes,count,,,,,,,
Critical_N20-3-20260913-16:09:24-1249,config,,,*.monitoringServer.app[1].endToEndDelay.result-recording-modes,"+stats,+vector",,,,,,,
Critical_N20-3-20260913-16:09:24-1249,config,,,extends,Ieee802154,,,,,,,
Critical_N20-3-20260913-16:09:24-1249,config,,,sim-time-limit,600s,,,,,,,
Critical_N20-3-20260913-16:09:24-1249,config,,,*.sensor[*].app[0].packetSent.result-recording-modes,count,,,,,,,
Critical_N20-3-20260913-16:09:24-1249,config,,,*.monitoringServer.app[0].packetReceived.result-recording-modes,count,,,,,,,
Critical_N20-3-20260913-16:09:24-1249,config,,,*.monitoringServer.app[0].endToEndDelay.result-recording-modes,+stats,,,,,,,
Critical_N20-3-20260913-16:09:24-1249,config,,,*.monitoringServer.app[0].throughput.result-recording-modes,vector,,,,,,,
Critical_N20-3-20260913-16:09:24-1249,config,,,**.energyStorage.residualEnergyCapacity.result-recording-modes,+last,,,,,,,
Critical_N20-3-20260913-16:09:24-1249,config,,,network,simulations.experiment3_critical_event.CriticalEventNetwork,,,,,,,
Critical_N20-3-20260913-16:09:24-1249,config,,,**.arp.typename,GlobalArp,,,,,,,
Critical_N20-3-20260913-16:09:24-1249,config,,,**.netmaskRoutes,"""""",,,,,,,
Critical_N20-3-20260913-16:09:24-1249,config,,,*.radioMedium.backgroundNoise.power,-110dBm,,,,,,,
Critical_N20-3-20260913-16:09:24-1249,config,,,*.configurator.config,"xmldoc(""startopology.xml"")",,,,,,,
Critical_N20-3-20260913-16:09:24-1249,config,,,*.configurator.addStaticRoutes,false,,,,,,,
Critical_N20-3-20260913-16:09:24-1249,config,,,*.sensor[*].numApps,1,,,,,,,
Critical_N20-3-20260913-16:09:24-1249,config,,,*.sensor[*].app[0].typename,UdpBasicApp,,,,,,,
Critical_N20-3-20260913-16:09:24-1249,config,,,*.sensor[*].app[0].destAddresses,"""monitoringServer""",,,,,,,
Critical_N20-3-20260913-16:09:24-1249,config,,,*.sensor[*].app[0].destPort,1000,,,,,,,
Critical_N20-3-20260913-16:09:24-1249,config,,,*.sensor[*].app[0].sendInterval,10s,,,,,,,
Critical_N20-3-20260913-16:09:24-1249,config,,,*.sensor[*].app[0].startTime,"uniform(0s,10s)",,,,,,,
Critical_N20-3-20260913-16:09:24-1249,config,,,*.sensor[*].app[0].messageLength,50B,,,,,,,
Critical_N20-3-20260913-16:09:24-1249,config,,,*.sensor[*].app[0].packetName,"""PeriodicMonitoring""",,,,,,,
Critical_N20-3-20260913-16:09:24-1249,config,,,*.sensor[*].mobility.initFromDisplayString,false,,,,,,,
Critical_N20-3-20260913-16:09:24-1249,config,,,*.sensor[*].mobility.initialX,"uniform(1m, 19m)",,,,,,,
Critical_N20-3-20260913-16:09:24-1249,config,,,*.sensor[*].mobility.initialY,"uniform(1m, 19m)",,,,,,,
Critical_N20-3-20260913-16:09:24-1249,config,,,*.sensor[*].mobility.initialZ,0m,,,,,,,
Critical_N20-3-20260913-16:09:24-1249,config,,,*.controller.numApps,0,,,,,,,
Critical_N20-3-20260913-16:09:24-1249,config,,,*.monitoringServer.numApps,2,,,,,,,
Critical_N20-3-20260913-16:09:24-1249,config,,,*.monitoringServer.app[0].typename,UdpSink,,,,,,,
Critical_N20-3-20260913-16:09:24-1249,config,,,*.monitoringServer.app[0].localPort,1000,,,,,,,
Critical_N20-3-20260913-16:09:24-1249,config,,,*.monitoringServer.app[1].typename,UdpSink,,,,,,,
Critical_N20-3-20260913-16:09:24-1249,config,,,*.monitoringServer.app[1].localPort,2000,,,,,,,
Critical_N20-3-20260913-16:09:24-1249,config,,,*.lamp*.numApps,0,,,,,,,
Critical_N20-3-20260913-16:09:24-1249,config,,,*.visualizer.routingTableVisualizer[0].displayRoutingTables,false,,,,,,,
Critical_N20-3-20260913-16:09:24-1249,config,,,*.visualizer.routingTableVisualizer[0].displayRoutesIndividually,false,,,,,,,
Critical_N20-3-20260913-16:09:24-1249,config,,,*.visualizer.routingTableVisualizer[0].lineShift,0,,,,,,,
Critical_N20-3-20260913-16:09:24-1249,config,,,*.visualizer.routingTableVisualizer[0].displayLabels,false,,,,,,,
Critical_N20-3-20260913-16:09:24-1249,config,,,*.visualizer.interfaceTableVisualizer[0].displayInterfaceTables,false,,,,,,,
Critical_N20-3-20260913-16:09:24-1249,config,,,*.visualizer.numDataLinkVisualizers,2,,,,,,,
Critical_N20-3-20260913-16:09:24-1249,config,,,*.visualizer.dataLinkVisualizer[*].displayLinks,true,,,,,,,
Critical_N20-3-20260913-16:09:24-1249,config,,,*.visualizer.dataLinkVisualizer[0].nodeFilter,"""sensor* or controller""",,,,,,,
Critical_N20-3-20260913-16:09:24-1249,config,,,*.visualizer.dataLinkVisualizer[1].*Color,"""blue""",,,,,,,
Critical_N20-3-20260913-16:09:24-1249,config,,,*.visualizer.dataLinkVisualizer[1].nodeFilter,"""lamp* or controller""",,,,,,,
Critical_N20-3-20260913-16:09:24-1249,config,,,*.visualizer.numStatisticVisualizers,2,,,,,,,
Critical_N20-3-20260913-16:09:24-1249,config,,,*.visualizer.statisticVisualizer[*].zIndex,1,,,,,,,
Critical_N20-3-20260913-16:09:24-1249,config,,,*.visualizer.statisticVisualizer[0].displayStatistics,true,,,,,,,
Critical_N20-3-20260913-16:09:24-1249,config,,,*.visualizer.statisticVisualizer[0].signalName,"""packetSent""",,,,,,,
Critical_N20-3-20260913-16:09:24-1249,config,,,*.visualizer.statisticVisualizer[0].statisticExpression,"""count""",,,,,,,
Critical_N20-3-20260913-16:09:24-1249,config,,,*.visualizer.statisticVisualizer[0].sourceFilter,"""**.controller.udp OR **.sensor*.udp""",,,,,,,
Critical_N20-3-20260913-16:09:24-1249,config,,,*.visualizer.statisticVisualizer[0].format,"""sent: %v pks""",,,,,,,
Critical_N20-3-20260913-16:09:24-1249,config,,,*.visualizer.statisticVisualizer[1].displayStatistics,true,,,,,,,
Critical_N20-3-20260913-16:09:24-1249,config,,,*.visualizer.statisticVisualizer[1].signalName,"""packetReceived""",,,,,,,
Critical_N20-3-20260913-16:09:24-1249,config,,,*.visualizer.statisticVisualizer[1].statisticExpression,"""count""",,,,,,,
Critical_N20-3-20260913-16:09:24-1249,config,,,*.visualizer.statisticVisualizer[1].sourceFilter,"""**.controller.udp OR **.lamp*.udp""",,,,,,,
Critical_N20-3-20260913-16:09:24-1249,config,,,*.visualizer.statisticVisualizer[1].format,"""rcvd: %v pks""",,,,,,,
Critical_N20-4-20260913-16:09:24-1249,runattr,,,configname,Critical_N20,,,,,,,
Critical_N20-4-20260913-16:09:24-1249,runattr,,,datetime,20260913-16:09:24,,,,,,,
Critical_N20-4-20260913-16:09:24-1249,runattr,,,datetimef,20260913-160924,,,,,,,
Critical_N20-4-20260913-16:09:24-1249,runattr,,,experiment,Critical_N20,,,,,,,
Critical_N20-4-20260913-16:09:24-1249,runattr,,,inifile,omnetpp.ini,,,,,,,
Critical_N20-4-20260913-16:09:24-1249,runattr,,,iterationvars,,,,,,,,
Critical_N20-4-20260913-16:09:24-1249,runattr,,,iterationvarsd,,,,,,,,
Critical_N20-4-20260913-16:09:24-1249,runattr,,,iterationvarsf,,,,,,,,
Critical_N20-4-20260913-16:09:24-1249,runattr,,,measurement,,,,,,,,
Critical_N20-4-20260913-16:09:24-1249,runattr,,,network,simulations.experiment3_critical_event.CriticalEventNetwork,,,,,,,
Critical_N20-4-20260913-16:09:24-1249,runattr,,,processid,1249,,,,,,,
Critical_N20-4-20260913-16:09:24-1249,runattr,,,repetition,4,,,,,,,
Critical_N20-4-20260913-16:09:24-1249,runattr,,,replication,#4,,,,,,,
Critical_N20-4-20260913-16:09:24-1249,runattr,,,resultdir,results,,,,,,,
Critical_N20-4-20260913-16:09:24-1249,runattr,,,runnumber,4,,,,,,,
Critical_N20-4-20260913-16:09:24-1249,runattr,,,seedset,4,,,,,,,
Critical_N20-4-20260913-16:09:24-1249,config,,,image-path,../../../inet-4.6.0/images,,,,,,,
Critical_N20-4-20260913-16:09:24-1249,config,,,extends,CriticalEventBase,,,,,,,
Critical_N20-4-20260913-16:09:24-1249,config,,,*.numSensors,20,,,,,,,
Critical_N20-4-20260913-16:09:24-1249,config,,,repeat,5,,,,,,,
Critical_N20-4-20260913-16:09:24-1249,config,,,seed-set,4,,,,,,,
Critical_N20-4-20260913-16:09:24-1249,config,,,extends,Ieee802154Power,,,,,,,
Critical_N20-4-20260913-16:09:24-1249,config,,,sim-time-limit,100s,,,,,,,
Critical_N20-4-20260913-16:09:24-1249,config,,,*.sensor[4].numApps,2,,,,,,,
Critical_N20-4-20260913-16:09:24-1249,config,,,*.sensor[4].app[1].typename,UdpBasicApp,,,,,,,
Critical_N20-4-20260913-16:09:24-1249,config,,,*.sensor[4].app[1].destAddresses,"""monitoringServer""",,,,,,,
Critical_N20-4-20260913-16:09:24-1249,config,,,*.sensor[4].app[1].destPort,2000,,,,,,,
Critical_N20-4-20260913-16:09:24-1249,config,,,*.sensor[4].app[1].startTime,50s,,,,,,,
Critical_N20-4-20260913-16:09:24-1249,config,,,*.sensor[4].app[1].stopTime,51s,,,,,,,
Critical_N20-4-20260913-16:09:24-1249,config,,,*.sensor[4].app[1].sendInterval,1000s,,,,,,,
Critical_N20-4-20260913-16:09:24-1249,config,,,*.sensor[4].app[1].messageLength,20B,,,,,,,
Critical_N20-4-20260913-16:09:24-1249,config,,,*.sensor[4].app[1].packetName,"""CriticalSmokeAlarm""",,,,,,,
Critical_N20-4-20260913-16:09:24-1249,config,,,*.sensor[4].app[1].packetSent.result-recording-modes,count,,,,,,,
Critical_N20-4-20260913-16:09:24-1249,config,,,*.monitoringServer.app[1].packetReceived.result-recording-modes,count,,,,,,,
Critical_N20-4-20260913-16:09:24-1249,config,,,*.monitoringServer.app[1].endToEndDelay.result-recording-modes,"+stats,+vector",,,,,,,
Critical_N20-4-20260913-16:09:24-1249,config,,,extends,Ieee802154,,,,,,,
Critical_N20-4-20260913-16:09:24-1249,config,,,sim-time-limit,600s,,,,,,,
Critical_N20-4-20260913-16:09:24-1249,config,,,*.sensor[*].app[0].packetSent.result-recording-modes,count,,,,,,,
Critical_N20-4-20260913-16:09:24-1249,config,,,*.monitoringServer.app[0].packetReceived.result-recording-modes,count,,,,,,,
Critical_N20-4-20260913-16:09:24-1249,config,,,*.monitoringServer.app[0].endToEndDelay.result-recording-modes,+stats,,,,,,,
Critical_N20-4-20260913-16:09:24-1249,config,,,*.monitoringServer.app[0].throughput.result-recording-modes,vector,,,,,,,
Critical_N20-4-20260913-16:09:24-1249,config,,,**.energyStorage.residualEnergyCapacity.result-recording-modes,+last,,,,,,,
Critical_N20-4-20260913-16:09:24-1249,config,,,network,simulations.experiment3_critical_event.CriticalEventNetwork,,,,,,,
Critical_N20-4-20260913-16:09:24-1249,config,,,**.arp.typename,GlobalArp,,,,,,,
Critical_N20-4-20260913-16:09:24-1249,config,,,**.netmaskRoutes,"""""",,,,,,,
Critical_N20-4-20260913-16:09:24-1249,config,,,*.radioMedium.backgroundNoise.power,-110dBm,,,,,,,
Critical_N20-4-20260913-16:09:24-1249,config,,,*.configurator.config,"xmldoc(""startopology.xml"")",,,,,,,
Critical_N20-4-20260913-16:09:24-1249,config,,,*.configurator.addStaticRoutes,false,,,,,,,
Critical_N20-4-20260913-16:09:24-1249,config,,,*.sensor[*].numApps,1,,,,,,,
Critical_N20-4-20260913-16:09:24-1249,config,,,*.sensor[*].app[0].typename,UdpBasicApp,,,,,,,
Critical_N20-4-20260913-16:09:24-1249,config,,,*.sensor[*].app[0].destAddresses,"""monitoringServer""",,,,,,,
Critical_N20-4-20260913-16:09:24-1249,config,,,*.sensor[*].app[0].destPort,1000,,,,,,,
Critical_N20-4-20260913-16:09:24-1249,config,,,*.sensor[*].app[0].sendInterval,10s,,,,,,,
Critical_N20-4-20260913-16:09:24-1249,config,,,*.sensor[*].app[0].startTime,"uniform(0s,10s)",,,,,,,
Critical_N20-4-20260913-16:09:24-1249,config,,,*.sensor[*].app[0].messageLength,50B,,,,,,,
Critical_N20-4-20260913-16:09:24-1249,config,,,*.sensor[*].app[0].packetName,"""PeriodicMonitoring""",,,,,,,
Critical_N20-4-20260913-16:09:24-1249,config,,,*.sensor[*].mobility.initFromDisplayString,false,,,,,,,
Critical_N20-4-20260913-16:09:24-1249,config,,,*.sensor[*].mobility.initialX,"uniform(1m, 19m)",,,,,,,
Critical_N20-4-20260913-16:09:24-1249,config,,,*.sensor[*].mobility.initialY,"uniform(1m, 19m)",,,,,,,
Critical_N20-4-20260913-16:09:24-1249,config,,,*.sensor[*].mobility.initialZ,0m,,,,,,,
Critical_N20-4-20260913-16:09:24-1249,config,,,*.controller.numApps,0,,,,,,,
Critical_N20-4-20260913-16:09:24-1249,config,,,*.monitoringServer.numApps,2,,,,,,,
Critical_N20-4-20260913-16:09:24-1249,config,,,*.monitoringServer.app[0].typename,UdpSink,,,,,,,
Critical_N20-4-20260913-16:09:24-1249,config,,,*.monitoringServer.app[0].localPort,1000,,,,,,,
Critical_N20-4-20260913-16:09:24-1249,config,,,*.monitoringServer.app[1].typename,UdpSink,,,,,,,
Critical_N20-4-20260913-16:09:24-1249,config,,,*.monitoringServer.app[1].localPort,2000,,,,,,,
Critical_N20-4-20260913-16:09:24-1249,config,,,*.lamp*.numApps,0,,,,,,,
Critical_N20-4-20260913-16:09:24-1249,config,,,*.visualizer.routingTableVisualizer[0].displayRoutingTables,false,,,,,,,
Critical_N20-4-20260913-16:09:24-1249,config,,,*.visualizer.routingTableVisualizer[0].displayRoutesIndividually,false,,,,,,,
Critical_N20-4-20260913-16:09:24-1249,config,,,*.visualizer.routingTableVisualizer[0].lineShift,0,,,,,,,
Critical_N20-4-20260913-16:09:24-1249,config,,,*.visualizer.routingTableVisualizer[0].displayLabels,false,,,,,,,
Critical_N20-4-20260913-16:09:24-1249,config,,,*.visualizer.interfaceTableVisualizer[0].displayInterfaceTables,false,,,,,,,
Critical_N20-4-20260913-16:09:24-1249,config,,,*.visualizer.numDataLinkVisualizers,2,,,,,,,
Critical_N20-4-20260913-16:09:24-1249,config,,,*.visualizer.dataLinkVisualizer[*].displayLinks,true,,,,,,,
Critical_N20-4-20260913-16:09:24-1249,config,,,*.visualizer.dataLinkVisualizer[0].nodeFilter,"""sensor* or controller""",,,,,,,
Critical_N20-4-20260913-16:09:24-1249,config,,,*.visualizer.dataLinkVisualizer[1].*Color,"""blue""",,,,,,,
Critical_N20-4-20260913-16:09:24-1249,config,,,*.visualizer.dataLinkVisualizer[1].nodeFilter,"""lamp* or controller""",,,,,,,
Critical_N20-4-20260913-16:09:24-1249,config,,,*.visualizer.numStatisticVisualizers,2,,,,,,,
Critical_N20-4-20260913-16:09:24-1249,config,,,*.visualizer.statisticVisualizer[*].zIndex,1,,,,,,,
Critical_N20-4-20260913-16:09:24-1249,config,,,*.visualizer.statisticVisualizer[0].displayStatistics,true,,,,,,,
Critical_N20-4-20260913-16:09:24-1249,config,,,*.visualizer.statisticVisualizer[0].signalName,"""packetSent""",,,,,,,
Critical_N20-4-20260913-16:09:24-1249,config,,,*.visualizer.statisticVisualizer[0].statisticExpression,"""count""",,,,,,,
Critical_N20-4-20260913-16:09:24-1249,config,,,*.visualizer.statisticVisualizer[0].sourceFilter,"""**.controller.udp OR **.sensor*.udp""",,,,,,,
Critical_N20-4-20260913-16:09:24-1249,config,,,*.visualizer.statisticVisualizer[0].format,"""sent: %v pks""",,,,,,,
Critical_N20-4-20260913-16:09:24-1249,config,,,*.visualizer.statisticVisualizer[1].displayStatistics,true,,,,,,,
Critical_N20-4-20260913-16:09:24-1249,config,,,*.visualizer.statisticVisualizer[1].signalName,"""packetReceived""",,,,,,,
Critical_N20-4-20260913-16:09:24-1249,config,,,*.visualizer.statisticVisualizer[1].statisticExpression,"""count""",,,,,,,
Critical_N20-4-20260913-16:09:24-1249,config,,,*.visualizer.statisticVisualizer[1].sourceFilter,"""**.controller.udp OR **.lamp*.udp""",,,,,,,
Critical_N20-4-20260913-16:09:24-1249,config,,,*.visualizer.statisticVisualizer[1].format,"""rcvd: %v pks""",,,,,,,
Critical_N30-0-20260913-16:10:16-1343,runattr,,,configname,Critical_N30,,,,,,,
Critical_N30-0-20260913-16:10:16-1343,runattr,,,datetime,20260913-16:10:16,,,,,,,
Critical_N30-0-20260913-16:10:16-1343,runattr,,,datetimef,20260913-161016,,,,,,,
Critical_N30-0-20260913-16:10:16-1343,runattr,,,experiment,Critical_N30,,,,,,,
Critical_N30-0-20260913-16:10:16-1343,runattr,,,inifile,omnetpp.ini,,,,,,,
Critical_N30-0-20260913-16:10:16-1343,runattr,,,iterationvars,,,,,,,,
Critical_N30-0-20260913-16:10:16-1343,runattr,,,iterationvarsd,,,,,,,,
Critical_N30-0-20260913-16:10:16-1343,runattr,,,iterationvarsf,,,,,,,,
Critical_N30-0-20260913-16:10:16-1343,runattr,,,measurement,,,,,,,,
Critical_N30-0-20260913-16:10:16-1343,runattr,,,network,simulations.experiment3_critical_event.CriticalEventNetwork,,,,,,,
Critical_N30-0-20260913-16:10:16-1343,runattr,,,processid,1343,,,,,,,
Critical_N30-0-20260913-16:10:16-1343,runattr,,,repetition,0,,,,,,,
Critical_N30-0-20260913-16:10:16-1343,runattr,,,replication,#0,,,,,,,
Critical_N30-0-20260913-16:10:16-1343,runattr,,,resultdir,results,,,,,,,
Critical_N30-0-20260913-16:10:16-1343,runattr,,,runnumber,0,,,,,,,
Critical_N30-0-20260913-16:10:16-1343,runattr,,,seedset,0,,,,,,,
Critical_N30-0-20260913-16:10:16-1343,config,,,image-path,../../../inet-4.6.0/images,,,,,,,
Critical_N30-0-20260913-16:10:16-1343,config,,,extends,CriticalEventBase,,,,,,,
Critical_N30-0-20260913-16:10:16-1343,config,,,*.numSensors,30,,,,,,,
Critical_N30-0-20260913-16:10:16-1343,config,,,repeat,5,,,,,,,
Critical_N30-0-20260913-16:10:16-1343,config,,,seed-set,0,,,,,,,
Critical_N30-0-20260913-16:10:16-1343,config,,,extends,Ieee802154Power,,,,,,,
Critical_N30-0-20260913-16:10:16-1343,config,,,sim-time-limit,100s,,,,,,,
Critical_N30-0-20260913-16:10:16-1343,config,,,*.sensor[4].numApps,2,,,,,,,
Critical_N30-0-20260913-16:10:16-1343,config,,,*.sensor[4].app[1].typename,UdpBasicApp,,,,,,,
Critical_N30-0-20260913-16:10:16-1343,config,,,*.sensor[4].app[1].destAddresses,"""monitoringServer""",,,,,,,
Critical_N30-0-20260913-16:10:16-1343,config,,,*.sensor[4].app[1].destPort,2000,,,,,,,
Critical_N30-0-20260913-16:10:16-1343,config,,,*.sensor[4].app[1].startTime,50s,,,,,,,
Critical_N30-0-20260913-16:10:16-1343,config,,,*.sensor[4].app[1].stopTime,51s,,,,,,,
Critical_N30-0-20260913-16:10:16-1343,config,,,*.sensor[4].app[1].sendInterval,1000s,,,,,,,
Critical_N30-0-20260913-16:10:16-1343,config,,,*.sensor[4].app[1].messageLength,20B,,,,,,,
Critical_N30-0-20260913-16:10:16-1343,config,,,*.sensor[4].app[1].packetName,"""CriticalSmokeAlarm""",,,,,,,
Critical_N30-0-20260913-16:10:16-1343,config,,,*.sensor[4].app[1].packetSent.result-recording-modes,count,,,,,,,
Critical_N30-0-20260913-16:10:16-1343,config,,,*.monitoringServer.app[1].packetReceived.result-recording-modes,count,,,,,,,
Critical_N30-0-20260913-16:10:16-1343,config,,,*.monitoringServer.app[1].endToEndDelay.result-recording-modes,"+stats,+vector",,,,,,,
Critical_N30-0-20260913-16:10:16-1343,config,,,extends,Ieee802154,,,,,,,
Critical_N30-0-20260913-16:10:16-1343,config,,,sim-time-limit,600s,,,,,,,
Critical_N30-0-20260913-16:10:16-1343,config,,,*.sensor[*].app[0].packetSent.result-recording-modes,count,,,,,,,
Critical_N30-0-20260913-16:10:16-1343,config,,,*.monitoringServer.app[0].packetReceived.result-recording-modes,count,,,,,,,
Critical_N30-0-20260913-16:10:16-1343,config,,,*.monitoringServer.app[0].endToEndDelay.result-recording-modes,+stats,,,,,,,
Critical_N30-0-20260913-16:10:16-1343,config,,,*.monitoringServer.app[0].throughput.result-recording-modes,vector,,,,,,,
Critical_N30-0-20260913-16:10:16-1343,config,,,**.energyStorage.residualEnergyCapacity.result-recording-modes,+last,,,,,,,
Critical_N30-0-20260913-16:10:16-1343,config,,,network,simulations.experiment3_critical_event.CriticalEventNetwork,,,,,,,
Critical_N30-0-20260913-16:10:16-1343,config,,,**.arp.typename,GlobalArp,,,,,,,
Critical_N30-0-20260913-16:10:16-1343,config,,,**.netmaskRoutes,"""""",,,,,,,
Critical_N30-0-20260913-16:10:16-1343,config,,,*.radioMedium.backgroundNoise.power,-110dBm,,,,,,,
Critical_N30-0-20260913-16:10:16-1343,config,,,*.configurator.config,"xmldoc(""startopology.xml"")",,,,,,,
Critical_N30-0-20260913-16:10:16-1343,config,,,*.configurator.addStaticRoutes,false,,,,,,,
Critical_N30-0-20260913-16:10:16-1343,config,,,*.sensor[*].numApps,1,,,,,,,
Critical_N30-0-20260913-16:10:16-1343,config,,,*.sensor[*].app[0].typename,UdpBasicApp,,,,,,,
Critical_N30-0-20260913-16:10:16-1343,config,,,*.sensor[*].app[0].destAddresses,"""monitoringServer""",,,,,,,
Critical_N30-0-20260913-16:10:16-1343,config,,,*.sensor[*].app[0].destPort,1000,,,,,,,
Critical_N30-0-20260913-16:10:16-1343,config,,,*.sensor[*].app[0].sendInterval,10s,,,,,,,
Critical_N30-0-20260913-16:10:16-1343,config,,,*.sensor[*].app[0].startTime,"uniform(0s,10s)",,,,,,,
Critical_N30-0-20260913-16:10:16-1343,config,,,*.sensor[*].app[0].messageLength,50B,,,,,,,
Critical_N30-0-20260913-16:10:16-1343,config,,,*.sensor[*].app[0].packetName,"""PeriodicMonitoring""",,,,,,,
Critical_N30-0-20260913-16:10:16-1343,config,,,*.sensor[*].mobility.initFromDisplayString,false,,,,,,,
Critical_N30-0-20260913-16:10:16-1343,config,,,*.sensor[*].mobility.initialX,"uniform(1m, 19m)",,,,,,,
Critical_N30-0-20260913-16:10:16-1343,config,,,*.sensor[*].mobility.initialY,"uniform(1m, 19m)",,,,,,,
Critical_N30-0-20260913-16:10:16-1343,config,,,*.sensor[*].mobility.initialZ,0m,,,,,,,
Critical_N30-0-20260913-16:10:16-1343,config,,,*.controller.numApps,0,,,,,,,
Critical_N30-0-20260913-16:10:16-1343,config,,,*.monitoringServer.numApps,2,,,,,,,
Critical_N30-0-20260913-16:10:16-1343,config,,,*.monitoringServer.app[0].typename,UdpSink,,,,,,,
Critical_N30-0-20260913-16:10:16-1343,config,,,*.monitoringServer.app[0].localPort,1000,,,,,,,
Critical_N30-0-20260913-16:10:16-1343,config,,,*.monitoringServer.app[1].typename,UdpSink,,,,,,,
Critical_N30-0-20260913-16:10:16-1343,config,,,*.monitoringServer.app[1].localPort,2000,,,,,,,
Critical_N30-0-20260913-16:10:16-1343,config,,,*.lamp*.numApps,0,,,,,,,
Critical_N30-0-20260913-16:10:16-1343,config,,,*.visualizer.routingTableVisualizer[0].displayRoutingTables,false,,,,,,,
Critical_N30-0-20260913-16:10:16-1343,config,,,*.visualizer.routingTableVisualizer[0].displayRoutesIndividually,false,,,,,,,
Critical_N30-0-20260913-16:10:16-1343,config,,,*.visualizer.routingTableVisualizer[0].lineShift,0,,,,,,,
Critical_N30-0-20260913-16:10:16-1343,config,,,*.visualizer.routingTableVisualizer[0].displayLabels,false,,,,,,,
Critical_N30-0-20260913-16:10:16-1343,config,,,*.visualizer.interfaceTableVisualizer[0].displayInterfaceTables,false,,,,,,,
Critical_N30-0-20260913-16:10:16-1343,config,,,*.visualizer.numDataLinkVisualizers,2,,,,,,,
Critical_N30-0-20260913-16:10:16-1343,config,,,*.visualizer.dataLinkVisualizer[*].displayLinks,true,,,,,,,
Critical_N30-0-20260913-16:10:16-1343,config,,,*.visualizer.dataLinkVisualizer[0].nodeFilter,"""sensor* or controller""",,,,,,,
Critical_N30-0-20260913-16:10:16-1343,config,,,*.visualizer.dataLinkVisualizer[1].*Color,"""blue""",,,,,,,
Critical_N30-0-20260913-16:10:16-1343,config,,,*.visualizer.dataLinkVisualizer[1].nodeFilter,"""lamp* or controller""",,,,,,,
Critical_N30-0-20260913-16:10:16-1343,config,,,*.visualizer.numStatisticVisualizers,2,,,,,,,
Critical_N30-0-20260913-16:10:16-1343,config,,,*.visualizer.statisticVisualizer[*].zIndex,1,,,,,,,
Critical_N30-0-20260913-16:10:16-1343,config,,,*.visualizer.statisticVisualizer[0].displayStatistics,true,,,,,,,
Critical_N30-0-20260913-16:10:16-1343,config,,,*.visualizer.statisticVisualizer[0].signalName,"""packetSent""",,,,,,,
Critical_N30-0-20260913-16:10:16-1343,config,,,*.visualizer.statisticVisualizer[0].statisticExpression,"""count""",,,,,,,
Critical_N30-0-20260913-16:10:16-1343,config,,,*.visualizer.statisticVisualizer[0].sourceFilter,"""**.controller.udp OR **.sensor*.udp""",,,,,,,
Critical_N30-0-20260913-16:10:16-1343,config,,,*.visualizer.statisticVisualizer[0].format,"""sent: %v pks""",,,,,,,
Critical_N30-0-20260913-16:10:16-1343,config,,,*.visualizer.statisticVisualizer[1].displayStatistics,true,,,,,,,
Critical_N30-0-20260913-16:10:16-1343,config,,,*.visualizer.statisticVisualizer[1].signalName,"""packetReceived""",,,,,,,
Critical_N30-0-20260913-16:10:16-1343,config,,,*.visualizer.statisticVisualizer[1].statisticExpression,"""count""",,,,,,,
Critical_N30-0-20260913-16:10:16-1343,config,,,*.visualizer.statisticVisualizer[1].sourceFilter,"""**.controller.udp OR **.lamp*.udp""",,,,,,,
Critical_N30-0-20260913-16:10:16-1343,config,,,*.visualizer.statisticVisualizer[1].format,"""rcvd: %v pks""",,,,,,,
Critical_N40-1-20260913-16:10:43-1436,runattr,,,configname,Critical_N40,,,,,,,
Critical_N40-1-20260913-16:10:43-1436,runattr,,,datetime,20260913-16:10:43,,,,,,,
Critical_N40-1-20260913-16:10:43-1436,runattr,,,datetimef,20260913-161043,,,,,,,
Critical_N40-1-20260913-16:10:43-1436,runattr,,,experiment,Critical_N40,,,,,,,
Critical_N40-1-20260913-16:10:43-1436,runattr,,,inifile,omnetpp.ini,,,,,,,
Critical_N40-1-20260913-16:10:43-1436,runattr,,,iterationvars,,,,,,,,
Critical_N40-1-20260913-16:10:43-1436,runattr,,,iterationvarsd,,,,,,,,
Critical_N40-1-20260913-16:10:43-1436,runattr,,,iterationvarsf,,,,,,,,
Critical_N40-1-20260913-16:10:43-1436,runattr,,,measurement,,,,,,,,
Critical_N40-1-20260913-16:10:43-1436,runattr,,,network,simulations.experiment3_critical_event.CriticalEventNetwork,,,,,,,
Critical_N40-1-20260913-16:10:43-1436,runattr,,,processid,1436,,,,,,,
Critical_N40-1-20260913-16:10:43-1436,runattr,,,repetition,1,,,,,,,
Critical_N40-1-20260913-16:10:43-1436,runattr,,,replication,#1,,,,,,,
Critical_N40-1-20260913-16:10:43-1436,runattr,,,resultdir,results,,,,,,,
Critical_N40-1-20260913-16:10:43-1436,runattr,,,runnumber,1,,,,,,,
Critical_N40-1-20260913-16:10:43-1436,runattr,,,seedset,1,,,,,,,
Critical_N40-1-20260913-16:10:43-1436,config,,,image-path,../../../inet-4.6.0/images,,,,,,,
Critical_N40-1-20260913-16:10:43-1436,config,,,extends,CriticalEventBase,,,,,,,
Critical_N40-1-20260913-16:10:43-1436,config,,,*.numSensors,40,,,,,,,
Critical_N40-1-20260913-16:10:43-1436,config,,,repeat,5,,,,,,,
Critical_N40-1-20260913-16:10:43-1436,config,,,seed-set,1,,,,,,,
Critical_N40-1-20260913-16:10:43-1436,config,,,extends,Ieee802154Power,,,,,,,
Critical_N40-1-20260913-16:10:43-1436,config,,,sim-time-limit,100s,,,,,,,
Critical_N40-1-20260913-16:10:43-1436,config,,,*.sensor[4].numApps,2,,,,,,,
Critical_N40-1-20260913-16:10:43-1436,config,,,*.sensor[4].app[1].typename,UdpBasicApp,,,,,,,
Critical_N40-1-20260913-16:10:43-1436,config,,,*.sensor[4].app[1].destAddresses,"""monitoringServer""",,,,,,,
Critical_N40-1-20260913-16:10:43-1436,config,,,*.sensor[4].app[1].destPort,2000,,,,,,,
Critical_N40-1-20260913-16:10:43-1436,config,,,*.sensor[4].app[1].startTime,50s,,,,,,,
Critical_N40-1-20260913-16:10:43-1436,config,,,*.sensor[4].app[1].stopTime,51s,,,,,,,
Critical_N40-1-20260913-16:10:43-1436,config,,,*.sensor[4].app[1].sendInterval,1000s,,,,,,,
Critical_N40-1-20260913-16:10:43-1436,config,,,*.sensor[4].app[1].messageLength,20B,,,,,,,
Critical_N40-1-20260913-16:10:43-1436,config,,,*.sensor[4].app[1].packetName,"""CriticalSmokeAlarm""",,,,,,,
Critical_N40-1-20260913-16:10:43-1436,config,,,*.sensor[4].app[1].packetSent.result-recording-modes,count,,,,,,,
Critical_N40-1-20260913-16:10:43-1436,config,,,*.monitoringServer.app[1].packetReceived.result-recording-modes,count,,,,,,,
Critical_N40-1-20260913-16:10:43-1436,config,,,*.monitoringServer.app[1].endToEndDelay.result-recording-modes,"+stats,+vector",,,,,,,
Critical_N40-1-20260913-16:10:43-1436,config,,,extends,Ieee802154,,,,,,,
Critical_N40-1-20260913-16:10:43-1436,config,,,sim-time-limit,600s,,,,,,,
Critical_N40-1-20260913-16:10:43-1436,config,,,*.sensor[*].app[0].packetSent.result-recording-modes,count,,,,,,,
Critical_N40-1-20260913-16:10:43-1436,config,,,*.monitoringServer.app[0].packetReceived.result-recording-modes,count,,,,,,,
Critical_N40-1-20260913-16:10:43-1436,config,,,*.monitoringServer.app[0].endToEndDelay.result-recording-modes,+stats,,,,,,,
Critical_N40-1-20260913-16:10:43-1436,config,,,*.monitoringServer.app[0].throughput.result-recording-modes,vector,,,,,,,
Critical_N40-1-20260913-16:10:43-1436,config,,,**.energyStorage.residualEnergyCapacity.result-recording-modes,+last,,,,,,,
Critical_N40-1-20260913-16:10:43-1436,config,,,network,simulations.experiment3_critical_event.CriticalEventNetwork,,,,,,,
Critical_N40-1-20260913-16:10:43-1436,config,,,**.arp.typename,GlobalArp,,,,,,,
Critical_N40-1-20260913-16:10:43-1436,config,,,**.netmaskRoutes,"""""",,,,,,,
Critical_N40-1-20260913-16:10:43-1436,config,,,*.radioMedium.backgroundNoise.power,-110dBm,,,,,,,
Critical_N40-1-20260913-16:10:43-1436,config,,,*.configurator.config,"xmldoc(""startopology.xml"")",,,,,,,
Critical_N40-1-20260913-16:10:43-1436,config,,,*.configurator.addStaticRoutes,false,,,,,,,
Critical_N40-1-20260913-16:10:43-1436,config,,,*.sensor[*].numApps,1,,,,,,,
Critical_N40-1-20260913-16:10:43-1436,config,,,*.sensor[*].app[0].typename,UdpBasicApp,,,,,,,
Critical_N40-1-20260913-16:10:43-1436,config,,,*.sensor[*].app[0].destAddresses,"""monitoringServer""",,,,,,,
Critical_N40-1-20260913-16:10:43-1436,config,,,*.sensor[*].app[0].destPort,1000,,,,,,,
Critical_N40-1-20260913-16:10:43-1436,config,,,*.sensor[*].app[0].sendInterval,10s,,,,,,,
Critical_N40-1-20260913-16:10:43-1436,config,,,*.sensor[*].app[0].startTime,"uniform(0s,10s)",,,,,,,
Critical_N40-1-20260913-16:10:43-1436,config,,,*.sensor[*].app[0].messageLength,50B,,,,,,,
Critical_N40-1-20260913-16:10:43-1436,config,,,*.sensor[*].app[0].packetName,"""PeriodicMonitoring""",,,,,,,
Critical_N40-1-20260913-16:10:43-1436,config,,,*.sensor[*].mobility.initFromDisplayString,false,,,,,,,
Critical_N40-1-20260913-16:10:43-1436,config,,,*.sensor[*].mobility.initialX,"uniform(1m, 19m)",,,,,,,
Critical_N40-1-20260913-16:10:43-1436,config,,,*.sensor[*].mobility.initialY,"uniform(1m, 19m)",,,,,,,
Critical_N40-1-20260913-16:10:43-1436,config,,,*.sensor[*].mobility.initialZ,0m,,,,,,,
Critical_N40-1-20260913-16:10:43-1436,config,,,*.controller.numApps,0,,,,,,,
Critical_N40-1-20260913-16:10:43-1436,config,,,*.monitoringServer.numApps,2,,,,,,,
Critical_N40-1-20260913-16:10:43-1436,config,,,*.monitoringServer.app[0].typename,UdpSink,,,,,,,
Critical_N40-1-20260913-16:10:43-1436,config,,,*.monitoringServer.app[0].localPort,1000,,,,,,,
Critical_N40-1-20260913-16:10:43-1436,config,,,*.monitoringServer.app[1].typename,UdpSink,,,,,,,
Critical_N40-1-20260913-16:10:43-1436,config,,,*.monitoringServer.app[1].localPort,2000,,,,,,,
Critical_N40-1-20260913-16:10:43-1436,config,,,*.lamp*.numApps,0,,,,,,,
Critical_N40-1-20260913-16:10:43-1436,config,,,*.visualizer.routingTableVisualizer[0].displayRoutingTables,false,,,,,,,
Critical_N40-1-20260913-16:10:43-1436,config,,,*.visualizer.routingTableVisualizer[0].displayRoutesIndividually,false,,,,,,,
Critical_N40-1-20260913-16:10:43-1436,config,,,*.visualizer.routingTableVisualizer[0].lineShift,0,,,,,,,
Critical_N40-1-20260913-16:10:43-1436,config,,,*.visualizer.routingTableVisualizer[0].displayLabels,false,,,,,,,
Critical_N40-1-20260913-16:10:43-1436,config,,,*.visualizer.interfaceTableVisualizer[0].displayInterfaceTables,false,,,,,,,
Critical_N40-1-20260913-16:10:43-1436,config,,,*.visualizer.numDataLinkVisualizers,2,,,,,,,
Critical_N40-1-20260913-16:10:43-1436,config,,,*.visualizer.dataLinkVisualizer[*].displayLinks,true,,,,,,,
Critical_N40-1-20260913-16:10:43-1436,config,,,*.visualizer.dataLinkVisualizer[0].nodeFilter,"""sensor* or controller""",,,,,,,
Critical_N40-1-20260913-16:10:43-1436,config,,,*.visualizer.dataLinkVisualizer[1].*Color,"""blue""",,,,,,,
Critical_N40-1-20260913-16:10:43-1436,config,,,*.visualizer.dataLinkVisualizer[1].nodeFilter,"""lamp* or controller""",,,,,,,
Critical_N40-1-20260913-16:10:43-1436,config,,,*.visualizer.numStatisticVisualizers,2,,,,,,,
Critical_N40-1-20260913-16:10:43-1436,config,,,*.visualizer.statisticVisualizer[*].zIndex,1,,,,,,,
Critical_N40-1-20260913-16:10:43-1436,config,,,*.visualizer.statisticVisualizer[0].displayStatistics,true,,,,,,,
Critical_N40-1-20260913-16:10:43-1436,config,,,*.visualizer.statisticVisualizer[0].signalName,"""packetSent""",,,,,,,
Critical_N40-1-20260913-16:10:43-1436,config,,,*.visualizer.statisticVisualizer[0].statisticExpression,"""count""",,,,,,,
Critical_N40-1-20260913-16:10:43-1436,config,,,*.visualizer.statisticVisualizer[0].sourceFilter,"""**.controller.udp OR **.sensor*.udp""",,,,,,,
Critical_N40-1-20260913-16:10:43-1436,config,,,*.visualizer.statisticVisualizer[0].format,"""sent: %v pks""",,,,,,,
Critical_N40-1-20260913-16:10:43-1436,config,,,*.visualizer.statisticVisualizer[1].displayStatistics,true,,,,,,,
Critical_N40-1-20260913-16:10:43-1436,config,,,*.visualizer.statisticVisualizer[1].signalName,"""packetReceived""",,,,,,,
Critical_N40-1-20260913-16:10:43-1436,config,,,*.visualizer.statisticVisualizer[1].statisticExpression,"""count""",,,,,,,
Critical_N40-1-20260913-16:10:43-1436,config,,,*.visualizer.statisticVisualizer[1].sourceFilter,"""**.controller.udp OR **.lamp*.udp""",,,,,,,
Critical_N40-1-20260913-16:10:43-1436,config,,,*.visualizer.statisticVisualizer[1].format,"""rcvd: %v pks""",,,,,,,
Critical_N30-1-20260913-16:10:18-1343,runattr,,,configname,Critical_N30,,,,,,,
Critical_N30-1-20260913-16:10:18-1343,runattr,,,datetime,20260913-16:10:18,,,,,,,
Critical_N30-1-20260913-16:10:18-1343,runattr,,,datetimef,20260913-161018,,,,,,,
Critical_N30-1-20260913-16:10:18-1343,runattr,,,experiment,Critical_N30,,,,,,,
Critical_N30-1-20260913-16:10:18-1343,runattr,,,inifile,omnetpp.ini,,,,,,,
Critical_N30-1-20260913-16:10:18-1343,runattr,,,iterationvars,,,,,,,,
Critical_N30-1-20260913-16:10:18-1343,runattr,,,iterationvarsd,,,,,,,,
Critical_N30-1-20260913-16:10:18-1343,runattr,,,iterationvarsf,,,,,,,,
Critical_N30-1-20260913-16:10:18-1343,runattr,,,measurement,,,,,,,,
Critical_N30-1-20260913-16:10:18-1343,runattr,,,network,simulations.experiment3_critical_event.CriticalEventNetwork,,,,,,,
Critical_N30-1-20260913-16:10:18-1343,runattr,,,processid,1343,,,,,,,
Critical_N30-1-20260913-16:10:18-1343,runattr,,,repetition,1,,,,,,,
Critical_N30-1-20260913-16:10:18-1343,runattr,,,replication,#1,,,,,,,
Critical_N30-1-20260913-16:10:18-1343,runattr,,,resultdir,results,,,,,,,
Critical_N30-1-20260913-16:10:18-1343,runattr,,,runnumber,1,,,,,,,
Critical_N30-1-20260913-16:10:18-1343,runattr,,,seedset,1,,,,,,,
Critical_N30-1-20260913-16:10:18-1343,config,,,image-path,../../../inet-4.6.0/images,,,,,,,
Critical_N30-1-20260913-16:10:18-1343,config,,,extends,CriticalEventBase,,,,,,,
Critical_N30-1-20260913-16:10:18-1343,config,,,*.numSensors,30,,,,,,,
Critical_N30-1-20260913-16:10:18-1343,config,,,repeat,5,,,,,,,
Critical_N30-1-20260913-16:10:18-1343,config,,,seed-set,1,,,,,,,
Critical_N30-1-20260913-16:10:18-1343,config,,,extends,Ieee802154Power,,,,,,,
Critical_N30-1-20260913-16:10:18-1343,config,,,sim-time-limit,100s,,,,,,,
Critical_N30-1-20260913-16:10:18-1343,config,,,*.sensor[4].numApps,2,,,,,,,
Critical_N30-1-20260913-16:10:18-1343,config,,,*.sensor[4].app[1].typename,UdpBasicApp,,,,,,,
Critical_N30-1-20260913-16:10:18-1343,config,,,*.sensor[4].app[1].destAddresses,"""monitoringServer""",,,,,,,
Critical_N30-1-20260913-16:10:18-1343,config,,,*.sensor[4].app[1].destPort,2000,,,,,,,
Critical_N30-1-20260913-16:10:18-1343,config,,,*.sensor[4].app[1].startTime,50s,,,,,,,
Critical_N30-1-20260913-16:10:18-1343,config,,,*.sensor[4].app[1].stopTime,51s,,,,,,,
Critical_N30-1-20260913-16:10:18-1343,config,,,*.sensor[4].app[1].sendInterval,1000s,,,,,,,
Critical_N30-1-20260913-16:10:18-1343,config,,,*.sensor[4].app[1].messageLength,20B,,,,,,,
Critical_N30-1-20260913-16:10:18-1343,config,,,*.sensor[4].app[1].packetName,"""CriticalSmokeAlarm""",,,,,,,
Critical_N30-1-20260913-16:10:18-1343,config,,,*.sensor[4].app[1].packetSent.result-recording-modes,count,,,,,,,
Critical_N30-1-20260913-16:10:18-1343,config,,,*.monitoringServer.app[1].packetReceived.result-recording-modes,count,,,,,,,
Critical_N30-1-20260913-16:10:18-1343,config,,,*.monitoringServer.app[1].endToEndDelay.result-recording-modes,"+stats,+vector",,,,,,,
Critical_N30-1-20260913-16:10:18-1343,config,,,extends,Ieee802154,,,,,,,
Critical_N30-1-20260913-16:10:18-1343,config,,,sim-time-limit,600s,,,,,,,
Critical_N30-1-20260913-16:10:18-1343,config,,,*.sensor[*].app[0].packetSent.result-recording-modes,count,,,,,,,
Critical_N30-1-20260913-16:10:18-1343,config,,,*.monitoringServer.app[0].packetReceived.result-recording-modes,count,,,,,,,
Critical_N30-1-20260913-16:10:18-1343,config,,,*.monitoringServer.app[0].endToEndDelay.result-recording-modes,+stats,,,,,,,
Critical_N30-1-20260913-16:10:18-1343,config,,,*.monitoringServer.app[0].throughput.result-recording-modes,vector,,,,,,,
Critical_N30-1-20260913-16:10:18-1343,config,,,**.energyStorage.residualEnergyCapacity.result-recording-modes,+last,,,,,,,
Critical_N30-1-20260913-16:10:18-1343,config,,,network,simulations.experiment3_critical_event.CriticalEventNetwork,,,,,,,
Critical_N30-1-20260913-16:10:18-1343,config,,,**.arp.typename,GlobalArp,,,,,,,
Critical_N30-1-20260913-16:10:18-1343,config,,,**.netmaskRoutes,"""""",,,,,,,
Critical_N30-1-20260913-16:10:18-1343,config,,,*.radioMedium.backgroundNoise.power,-110dBm,,,,,,,
Critical_N30-1-20260913-16:10:18-1343,config,,,*.configurator.config,"xmldoc(""startopology.xml"")",,,,,,,
Critical_N30-1-20260913-16:10:18-1343,config,,,*.configurator.addStaticRoutes,false,,,,,,,
Critical_N30-1-20260913-16:10:18-1343,config,,,*.sensor[*].numApps,1,,,,,,,
Critical_N30-1-20260913-16:10:18-1343,config,,,*.sensor[*].app[0].typename,UdpBasicApp,,,,,,,
Critical_N30-1-20260913-16:10:18-1343,config,,,*.sensor[*].app[0].destAddresses,"""monitoringServer""",,,,,,,
Critical_N30-1-20260913-16:10:18-1343,config,,,*.sensor[*].app[0].destPort,1000,,,,,,,
Critical_N30-1-20260913-16:10:18-1343,config,,,*.sensor[*].app[0].sendInterval,10s,,,,,,,
Critical_N30-1-20260913-16:10:18-1343,config,,,*.sensor[*].app[0].startTime,"uniform(0s,10s)",,,,,,,
Critical_N30-1-20260913-16:10:18-1343,config,,,*.sensor[*].app[0].messageLength,50B,,,,,,,
Critical_N30-1-20260913-16:10:18-1343,config,,,*.sensor[*].app[0].packetName,"""PeriodicMonitoring""",,,,,,,
Critical_N30-1-20260913-16:10:18-1343,config,,,*.sensor[*].mobility.initFromDisplayString,false,,,,,,,
Critical_N30-1-20260913-16:10:18-1343,config,,,*.sensor[*].mobility.initialX,"uniform(1m, 19m)",,,,,,,
Critical_N30-1-20260913-16:10:18-1343,config,,,*.sensor[*].mobility.initialY,"uniform(1m, 19m)",,,,,,,
Critical_N30-1-20260913-16:10:18-1343,config,,,*.sensor[*].mobility.initialZ,0m,,,,,,,
Critical_N30-1-20260913-16:10:18-1343,config,,,*.controller.numApps,0,,,,,,,
Critical_N30-1-20260913-16:10:18-1343,config,,,*.monitoringServer.numApps,2,,,,,,,
Critical_N30-1-20260913-16:10:18-1343,config,,,*.monitoringServer.app[0].typename,UdpSink,,,,,,,
Critical_N30-1-20260913-16:10:18-1343,config,,,*.monitoringServer.app[0].localPort,1000,,,,,,,
Critical_N30-1-20260913-16:10:18-1343,config,,,*.monitoringServer.app[1].typename,UdpSink,,,,,,,
Critical_N30-1-20260913-16:10:18-1343,config,,,*.monitoringServer.app[1].localPort,2000,,,,,,,
Critical_N30-1-20260913-16:10:18-1343,config,,,*.lamp*.numApps,0,,,,,,,
Critical_N30-1-20260913-16:10:18-1343,config,,,*.visualizer.routingTableVisualizer[0].displayRoutingTables,false,,,,,,,
Critical_N30-1-20260913-16:10:18-1343,config,,,*.visualizer.routingTableVisualizer[0].displayRoutesIndividually,false,,,,,,,
Critical_N30-1-20260913-16:10:18-1343,config,,,*.visualizer.routingTableVisualizer[0].lineShift,0,,,,,,,
Critical_N30-1-20260913-16:10:18-1343,config,,,*.visualizer.routingTableVisualizer[0].displayLabels,false,,,,,,,
Critical_N30-1-20260913-16:10:18-1343,config,,,*.visualizer.interfaceTableVisualizer[0].displayInterfaceTables,false,,,,,,,
Critical_N30-1-20260913-16:10:18-1343,config,,,*.visualizer.numDataLinkVisualizers,2,,,,,,,
Critical_N30-1-20260913-16:10:18-1343,config,,,*.visualizer.dataLinkVisualizer[*].displayLinks,true,,,,,,,
Critical_N30-1-20260913-16:10:18-1343,config,,,*.visualizer.dataLinkVisualizer[0].nodeFilter,"""sensor* or controller""",,,,,,,
Critical_N30-1-20260913-16:10:18-1343,config,,,*.visualizer.dataLinkVisualizer[1].*Color,"""blue""",,,,,,,
Critical_N30-1-20260913-16:10:18-1343,config,,,*.visualizer.dataLinkVisualizer[1].nodeFilter,"""lamp* or controller""",,,,,,,
Critical_N30-1-20260913-16:10:18-1343,config,,,*.visualizer.numStatisticVisualizers,2,,,,,,,
Critical_N30-1-20260913-16:10:18-1343,config,,,*.visualizer.statisticVisualizer[*].zIndex,1,,,,,,,
Critical_N30-1-20260913-16:10:18-1343,config,,,*.visualizer.statisticVisualizer[0].displayStatistics,true,,,,,,,
Critical_N30-1-20260913-16:10:18-1343,config,,,*.visualizer.statisticVisualizer[0].signalName,"""packetSent""",,,,,,,
Critical_N30-1-20260913-16:10:18-1343,config,,,*.visualizer.statisticVisualizer[0].statisticExpression,"""count""",,,,,,,
Critical_N30-1-20260913-16:10:18-1343,config,,,*.visualizer.statisticVisualizer[0].sourceFilter,"""**.controller.udp OR **.sensor*.udp""",,,,,,,
Critical_N30-1-20260913-16:10:18-1343,config,,,*.visualizer.statisticVisualizer[0].format,"""sent: %v pks""",,,,,,,
Critical_N30-1-20260913-16:10:18-1343,config,,,*.visualizer.statisticVisualizer[1].displayStatistics,true,,,,,,,
Critical_N30-1-20260913-16:10:18-1343,config,,,*.visualizer.statisticVisualizer[1].signalName,"""packetReceived""",,,,,,,
Critical_N30-1-20260913-16:10:18-1343,config,,,*.visualizer.statisticVisualizer[1].statisticExpression,"""count""",,,,,,,
Critical_N30-1-20260913-16:10:18-1343,config,,,*.visualizer.statisticVisualizer[1].sourceFilter,"""**.controller.udp OR **.lamp*.udp""",,,,,,,
Critical_N30-1-20260913-16:10:18-1343,config,,,*.visualizer.statisticVisualizer[1].format,"""rcvd: %v pks""",,,,,,,
Critical_N30-2-20260913-16:10:20-1343,runattr,,,configname,Critical_N30,,,,,,,
Critical_N30-2-20260913-16:10:20-1343,runattr,,,datetime,20260913-16:10:20,,,,,,,
Critical_N30-2-20260913-16:10:20-1343,runattr,,,datetimef,20260913-161020,,,,,,,
Critical_N30-2-20260913-16:10:20-1343,runattr,,,experiment,Critical_N30,,,,,,,
Critical_N30-2-20260913-16:10:20-1343,runattr,,,inifile,omnetpp.ini,,,,,,,
Critical_N30-2-20260913-16:10:20-1343,runattr,,,iterationvars,,,,,,,,
Critical_N30-2-20260913-16:10:20-1343,runattr,,,iterationvarsd,,,,,,,,
Critical_N30-2-20260913-16:10:20-1343,runattr,,,iterationvarsf,,,,,,,,
Critical_N30-2-20260913-16:10:20-1343,runattr,,,measurement,,,,,,,,
Critical_N30-2-20260913-16:10:20-1343,runattr,,,network,simulations.experiment3_critical_event.CriticalEventNetwork,,,,,,,
Critical_N30-2-20260913-16:10:20-1343,runattr,,,processid,1343,,,,,,,
Critical_N30-2-20260913-16:10:20-1343,runattr,,,repetition,2,,,,,,,
Critical_N30-2-20260913-16:10:20-1343,runattr,,,replication,#2,,,,,,,
Critical_N30-2-20260913-16:10:20-1343,runattr,,,resultdir,results,,,,,,,
Critical_N30-2-20260913-16:10:20-1343,runattr,,,runnumber,2,,,,,,,
Critical_N30-2-20260913-16:10:20-1343,runattr,,,seedset,2,,,,,,,
Critical_N30-2-20260913-16:10:20-1343,config,,,image-path,../../../inet-4.6.0/images,,,,,,,
Critical_N30-2-20260913-16:10:20-1343,config,,,extends,CriticalEventBase,,,,,,,
Critical_N30-2-20260913-16:10:20-1343,config,,,*.numSensors,30,,,,,,,
Critical_N30-2-20260913-16:10:20-1343,config,,,repeat,5,,,,,,,
Critical_N30-2-20260913-16:10:20-1343,config,,,seed-set,2,,,,,,,
Critical_N30-2-20260913-16:10:20-1343,config,,,extends,Ieee802154Power,,,,,,,
Critical_N30-2-20260913-16:10:20-1343,config,,,sim-time-limit,100s,,,,,,,
Critical_N30-2-20260913-16:10:20-1343,config,,,*.sensor[4].numApps,2,,,,,,,
Critical_N30-2-20260913-16:10:20-1343,config,,,*.sensor[4].app[1].typename,UdpBasicApp,,,,,,,
Critical_N30-2-20260913-16:10:20-1343,config,,,*.sensor[4].app[1].destAddresses,"""monitoringServer""",,,,,,,
Critical_N30-2-20260913-16:10:20-1343,config,,,*.sensor[4].app[1].destPort,2000,,,,,,,
Critical_N30-2-20260913-16:10:20-1343,config,,,*.sensor[4].app[1].startTime,50s,,,,,,,
Critical_N30-2-20260913-16:10:20-1343,config,,,*.sensor[4].app[1].stopTime,51s,,,,,,,
Critical_N30-2-20260913-16:10:20-1343,config,,,*.sensor[4].app[1].sendInterval,1000s,,,,,,,
Critical_N30-2-20260913-16:10:20-1343,config,,,*.sensor[4].app[1].messageLength,20B,,,,,,,
Critical_N30-2-20260913-16:10:20-1343,config,,,*.sensor[4].app[1].packetName,"""CriticalSmokeAlarm""",,,,,,,
Critical_N30-2-20260913-16:10:20-1343,config,,,*.sensor[4].app[1].packetSent.result-recording-modes,count,,,,,,,
Critical_N30-2-20260913-16:10:20-1343,config,,,*.monitoringServer.app[1].packetReceived.result-recording-modes,count,,,,,,,
Critical_N30-2-20260913-16:10:20-1343,config,,,*.monitoringServer.app[1].endToEndDelay.result-recording-modes,"+stats,+vector",,,,,,,
Critical_N30-2-20260913-16:10:20-1343,config,,,extends,Ieee802154,,,,,,,
Critical_N30-2-20260913-16:10:20-1343,config,,,sim-time-limit,600s,,,,,,,
Critical_N30-2-20260913-16:10:20-1343,config,,,*.sensor[*].app[0].packetSent.result-recording-modes,count,,,,,,,
Critical_N30-2-20260913-16:10:20-1343,config,,,*.monitoringServer.app[0].packetReceived.result-recording-modes,count,,,,,,,
Critical_N30-2-20260913-16:10:20-1343,config,,,*.monitoringServer.app[0].endToEndDelay.result-recording-modes,+stats,,,,,,,
Critical_N30-2-20260913-16:10:20-1343,config,,,*.monitoringServer.app[0].throughput.result-recording-modes,vector,,,,,,,
Critical_N30-2-20260913-16:10:20-1343,config,,,**.energyStorage.residualEnergyCapacity.result-recording-modes,+last,,,,,,,
Critical_N30-2-20260913-16:10:20-1343,config,,,network,simulations.experiment3_critical_event.CriticalEventNetwork,,,,,,,
Critical_N30-2-20260913-16:10:20-1343,config,,,**.arp.typename,GlobalArp,,,,,,,
Critical_N30-2-20260913-16:10:20-1343,config,,,**.netmaskRoutes,"""""",,,,,,,
Critical_N30-2-20260913-16:10:20-1343,config,,,*.radioMedium.backgroundNoise.power,-110dBm,,,,,,,
Critical_N30-2-20260913-16:10:20-1343,config,,,*.configurator.config,"xmldoc(""startopology.xml"")",,,,,,,
Critical_N30-2-20260913-16:10:20-1343,config,,,*.configurator.addStaticRoutes,false,,,,,,,
Critical_N30-2-20260913-16:10:20-1343,config,,,*.sensor[*].numApps,1,,,,,,,
Critical_N30-2-20260913-16:10:20-1343,config,,,*.sensor[*].app[0].typename,UdpBasicApp,,,,,,,
Critical_N30-2-20260913-16:10:20-1343,config,,,*.sensor[*].app[0].destAddresses,"""monitoringServer""",,,,,,,
Critical_N30-2-20260913-16:10:20-1343,config,,,*.sensor[*].app[0].destPort,1000,,,,,,,
Critical_N30-2-20260913-16:10:20-1343,config,,,*.sensor[*].app[0].sendInterval,10s,,,,,,,
Critical_N30-2-20260913-16:10:20-1343,config,,,*.sensor[*].app[0].startTime,"uniform(0s,10s)",,,,,,,
Critical_N30-2-20260913-16:10:20-1343,config,,,*.sensor[*].app[0].messageLength,50B,,,,,,,
Critical_N30-2-20260913-16:10:20-1343,config,,,*.sensor[*].app[0].packetName,"""PeriodicMonitoring""",,,,,,,
Critical_N30-2-20260913-16:10:20-1343,config,,,*.sensor[*].mobility.initFromDisplayString,false,,,,,,,
Critical_N30-2-20260913-16:10:20-1343,config,,,*.sensor[*].mobility.initialX,"uniform(1m, 19m)",,,,,,,
Critical_N30-2-20260913-16:10:20-1343,config,,,*.sensor[*].mobility.initialY,"uniform(1m, 19m)",,,,,,,
Critical_N30-2-20260913-16:10:20-1343,config,,,*.sensor[*].mobility.initialZ,0m,,,,,,,
Critical_N30-2-20260913-16:10:20-1343,config,,,*.controller.numApps,0,,,,,,,
Critical_N30-2-20260913-16:10:20-1343,config,,,*.monitoringServer.numApps,2,,,,,,,
Critical_N30-2-20260913-16:10:20-1343,config,,,*.monitoringServer.app[0].typename,UdpSink,,,,,,,
Critical_N30-2-20260913-16:10:20-1343,config,,,*.monitoringServer.app[0].localPort,1000,,,,,,,
Critical_N30-2-20260913-16:10:20-1343,config,,,*.monitoringServer.app[1].typename,UdpSink,,,,,,,
Critical_N30-2-20260913-16:10:20-1343,config,,,*.monitoringServer.app[1].localPort,2000,,,,,,,
Critical_N30-2-20260913-16:10:20-1343,config,,,*.lamp*.numApps,0,,,,,,,
Critical_N30-2-20260913-16:10:20-1343,config,,,*.visualizer.routingTableVisualizer[0].displayRoutingTables,false,,,,,,,
Critical_N30-2-20260913-16:10:20-1343,config,,,*.visualizer.routingTableVisualizer[0].displayRoutesIndividually,false,,,,,,,
Critical_N30-2-20260913-16:10:20-1343,config,,,*.visualizer.routingTableVisualizer[0].lineShift,0,,,,,,,
Critical_N30-2-20260913-16:10:20-1343,config,,,*.visualizer.routingTableVisualizer[0].displayLabels,false,,,,,,,
Critical_N30-2-20260913-16:10:20-1343,config,,,*.visualizer.interfaceTableVisualizer[0].displayInterfaceTables,false,,,,,,,
Critical_N30-2-20260913-16:10:20-1343,config,,,*.visualizer.numDataLinkVisualizers,2,,,,,,,
Critical_N30-2-20260913-16:10:20-1343,config,,,*.visualizer.dataLinkVisualizer[*].displayLinks,true,,,,,,,
Critical_N30-2-20260913-16:10:20-1343,config,,,*.visualizer.dataLinkVisualizer[0].nodeFilter,"""sensor* or controller""",,,,,,,
Critical_N30-2-20260913-16:10:20-1343,config,,,*.visualizer.dataLinkVisualizer[1].*Color,"""blue""",,,,,,,
Critical_N30-2-20260913-16:10:20-1343,config,,,*.visualizer.dataLinkVisualizer[1].nodeFilter,"""lamp* or controller""",,,,,,,
Critical_N30-2-20260913-16:10:20-1343,config,,,*.visualizer.numStatisticVisualizers,2,,,,,,,
Critical_N30-2-20260913-16:10:20-1343,config,,,*.visualizer.statisticVisualizer[*].zIndex,1,,,,,,,
Critical_N30-2-20260913-16:10:20-1343,config,,,*.visualizer.statisticVisualizer[0].displayStatistics,true,,,,,,,
Critical_N30-2-20260913-16:10:20-1343,config,,,*.visualizer.statisticVisualizer[0].signalName,"""packetSent""",,,,,,,
Critical_N30-2-20260913-16:10:20-1343,config,,,*.visualizer.statisticVisualizer[0].statisticExpression,"""count""",,,,,,,
Critical_N30-2-20260913-16:10:20-1343,config,,,*.visualizer.statisticVisualizer[0].sourceFilter,"""**.controller.udp OR **.sensor*.udp""",,,,,,,
Critical_N30-2-20260913-16:10:20-1343,config,,,*.visualizer.statisticVisualizer[0].format,"""sent: %v pks""",,,,,,,
Critical_N30-2-20260913-16:10:20-1343,config,,,*.visualizer.statisticVisualizer[1].displayStatistics,true,,,,,,,
Critical_N30-2-20260913-16:10:20-1343,config,,,*.visualizer.statisticVisualizer[1].signalName,"""packetReceived""",,,,,,,
Critical_N30-2-20260913-16:10:20-1343,config,,,*.visualizer.statisticVisualizer[1].statisticExpression,"""count""",,,,,,,
Critical_N30-2-20260913-16:10:20-1343,config,,,*.visualizer.statisticVisualizer[1].sourceFilter,"""**.controller.udp OR **.lamp*.udp""",,,,,,,
Critical_N30-2-20260913-16:10:20-1343,config,,,*.visualizer.statisticVisualizer[1].format,"""rcvd: %v pks""",,,,,,,
Critical_N30-3-20260913-16:10:21-1343,runattr,,,configname,Critical_N30,,,,,,,
Critical_N30-3-20260913-16:10:21-1343,runattr,,,datetime,20260913-16:10:21,,,,,,,
Critical_N30-3-20260913-16:10:21-1343,runattr,,,datetimef,20260913-161021,,,,,,,
Critical_N30-3-20260913-16:10:21-1343,runattr,,,experiment,Critical_N30,,,,,,,
Critical_N30-3-20260913-16:10:21-1343,runattr,,,inifile,omnetpp.ini,,,,,,,
Critical_N30-3-20260913-16:10:21-1343,runattr,,,iterationvars,,,,,,,,
Critical_N30-3-20260913-16:10:21-1343,runattr,,,iterationvarsd,,,,,,,,
Critical_N30-3-20260913-16:10:21-1343,runattr,,,iterationvarsf,,,,,,,,
Critical_N30-3-20260913-16:10:21-1343,runattr,,,measurement,,,,,,,,
Critical_N30-3-20260913-16:10:21-1343,runattr,,,network,simulations.experiment3_critical_event.CriticalEventNetwork,,,,,,,
Critical_N30-3-20260913-16:10:21-1343,runattr,,,processid,1343,,,,,,,
Critical_N30-3-20260913-16:10:21-1343,runattr,,,repetition,3,,,,,,,
Critical_N30-3-20260913-16:10:21-1343,runattr,,,replication,#3,,,,,,,
Critical_N30-3-20260913-16:10:21-1343,runattr,,,resultdir,results,,,,,,,
Critical_N30-3-20260913-16:10:21-1343,runattr,,,runnumber,3,,,,,,,
Critical_N30-3-20260913-16:10:21-1343,runattr,,,seedset,3,,,,,,,
Critical_N30-3-20260913-16:10:21-1343,config,,,image-path,../../../inet-4.6.0/images,,,,,,,
Critical_N30-3-20260913-16:10:21-1343,config,,,extends,CriticalEventBase,,,,,,,
Critical_N30-3-20260913-16:10:21-1343,config,,,*.numSensors,30,,,,,,,
Critical_N30-3-20260913-16:10:21-1343,config,,,repeat,5,,,,,,,
Critical_N30-3-20260913-16:10:21-1343,config,,,seed-set,3,,,,,,,
Critical_N30-3-20260913-16:10:21-1343,config,,,extends,Ieee802154Power,,,,,,,
Critical_N30-3-20260913-16:10:21-1343,config,,,sim-time-limit,100s,,,,,,,
Critical_N30-3-20260913-16:10:21-1343,config,,,*.sensor[4].numApps,2,,,,,,,
Critical_N30-3-20260913-16:10:21-1343,config,,,*.sensor[4].app[1].typename,UdpBasicApp,,,,,,,
Critical_N30-3-20260913-16:10:21-1343,config,,,*.sensor[4].app[1].destAddresses,"""monitoringServer""",,,,,,,
Critical_N30-3-20260913-16:10:21-1343,config,,,*.sensor[4].app[1].destPort,2000,,,,,,,
Critical_N30-3-20260913-16:10:21-1343,config,,,*.sensor[4].app[1].startTime,50s,,,,,,,
Critical_N30-3-20260913-16:10:21-1343,config,,,*.sensor[4].app[1].stopTime,51s,,,,,,,
Critical_N30-3-20260913-16:10:21-1343,config,,,*.sensor[4].app[1].sendInterval,1000s,,,,,,,
Critical_N30-3-20260913-16:10:21-1343,config,,,*.sensor[4].app[1].messageLength,20B,,,,,,,
Critical_N30-3-20260913-16:10:21-1343,config,,,*.sensor[4].app[1].packetName,"""CriticalSmokeAlarm""",,,,,,,
Critical_N30-3-20260913-16:10:21-1343,config,,,*.sensor[4].app[1].packetSent.result-recording-modes,count,,,,,,,
Critical_N30-3-20260913-16:10:21-1343,config,,,*.monitoringServer.app[1].packetReceived.result-recording-modes,count,,,,,,,
Critical_N30-3-20260913-16:10:21-1343,config,,,*.monitoringServer.app[1].endToEndDelay.result-recording-modes,"+stats,+vector",,,,,,,
Critical_N30-3-20260913-16:10:21-1343,config,,,extends,Ieee802154,,,,,,,
Critical_N30-3-20260913-16:10:21-1343,config,,,sim-time-limit,600s,,,,,,,
Critical_N30-3-20260913-16:10:21-1343,config,,,*.sensor[*].app[0].packetSent.result-recording-modes,count,,,,,,,
Critical_N30-3-20260913-16:10:21-1343,config,,,*.monitoringServer.app[0].packetReceived.result-recording-modes,count,,,,,,,
Critical_N30-3-20260913-16:10:21-1343,config,,,*.monitoringServer.app[0].endToEndDelay.result-recording-modes,+stats,,,,,,,
Critical_N30-3-20260913-16:10:21-1343,config,,,*.monitoringServer.app[0].throughput.result-recording-modes,vector,,,,,,,
Critical_N30-3-20260913-16:10:21-1343,config,,,**.energyStorage.residualEnergyCapacity.result-recording-modes,+last,,,,,,,
Critical_N30-3-20260913-16:10:21-1343,config,,,network,simulations.experiment3_critical_event.CriticalEventNetwork,,,,,,,
Critical_N30-3-20260913-16:10:21-1343,config,,,**.arp.typename,GlobalArp,,,,,,,
Critical_N30-3-20260913-16:10:21-1343,config,,,**.netmaskRoutes,"""""",,,,,,,
Critical_N30-3-20260913-16:10:21-1343,config,,,*.radioMedium.backgroundNoise.power,-110dBm,,,,,,,
Critical_N30-3-20260913-16:10:21-1343,config,,,*.configurator.config,"xmldoc(""startopology.xml"")",,,,,,,
Critical_N30-3-20260913-16:10:21-1343,config,,,*.configurator.addStaticRoutes,false,,,,,,,
Critical_N30-3-20260913-16:10:21-1343,config,,,*.sensor[*].numApps,1,,,,,,,
Critical_N30-3-20260913-16:10:21-1343,config,,,*.sensor[*].app[0].typename,UdpBasicApp,,,,,,,
Critical_N30-3-20260913-16:10:21-1343,config,,,*.sensor[*].app[0].destAddresses,"""monitoringServer""",,,,,,,
Critical_N30-3-20260913-16:10:21-1343,config,,,*.sensor[*].app[0].destPort,1000,,,,,,,
Critical_N30-3-20260913-16:10:21-1343,config,,,*.sensor[*].app[0].sendInterval,10s,,,,,,,
Critical_N30-3-20260913-16:10:21-1343,config,,,*.sensor[*].app[0].startTime,"uniform(0s,10s)",,,,,,,
Critical_N30-3-20260913-16:10:21-1343,config,,,*.sensor[*].app[0].messageLength,50B,,,,,,,
Critical_N30-3-20260913-16:10:21-1343,config,,,*.sensor[*].app[0].packetName,"""PeriodicMonitoring""",,,,,,,
Critical_N30-3-20260913-16:10:21-1343,config,,,*.sensor[*].mobility.initFromDisplayString,false,,,,,,,
Critical_N30-3-20260913-16:10:21-1343,config,,,*.sensor[*].mobility.initialX,"uniform(1m, 19m)",,,,,,,
Critical_N30-3-20260913-16:10:21-1343,config,,,*.sensor[*].mobility.initialY,"uniform(1m, 19m)",,,,,,,
Critical_N30-3-20260913-16:10:21-1343,config,,,*.sensor[*].mobility.initialZ,0m,,,,,,,
Critical_N30-3-20260913-16:10:21-1343,config,,,*.controller.numApps,0,,,,,,,
Critical_N30-3-20260913-16:10:21-1343,config,,,*.monitoringServer.numApps,2,,,,,,,
Critical_N30-3-20260913-16:10:21-1343,config,,,*.monitoringServer.app[0].typename,UdpSink,,,,,,,
Critical_N30-3-20260913-16:10:21-1343,config,,,*.monitoringServer.app[0].localPort,1000,,,,,,,
Critical_N30-3-20260913-16:10:21-1343,config,,,*.monitoringServer.app[1].typename,UdpSink,,,,,,,
Critical_N30-3-20260913-16:10:21-1343,config,,,*.monitoringServer.app[1].localPort,2000,,,,,,,
Critical_N30-3-20260913-16:10:21-1343,config,,,*.lamp*.numApps,0,,,,,,,
Critical_N30-3-20260913-16:10:21-1343,config,,,*.visualizer.routingTableVisualizer[0].displayRoutingTables,false,,,,,,,
Critical_N30-3-20260913-16:10:21-1343,config,,,*.visualizer.routingTableVisualizer[0].displayRoutesIndividually,false,,,,,,,
Critical_N30-3-20260913-16:10:21-1343,config,,,*.visualizer.routingTableVisualizer[0].lineShift,0,,,,,,,
Critical_N30-3-20260913-16:10:21-1343,config,,,*.visualizer.routingTableVisualizer[0].displayLabels,false,,,,,,,
Critical_N30-3-20260913-16:10:21-1343,config,,,*.visualizer.interfaceTableVisualizer[0].displayInterfaceTables,false,,,,,,,
Critical_N30-3-20260913-16:10:21-1343,config,,,*.visualizer.numDataLinkVisualizers,2,,,,,,,
Critical_N30-3-20260913-16:10:21-1343,config,,,*.visualizer.dataLinkVisualizer[*].displayLinks,true,,,,,,,
Critical_N30-3-20260913-16:10:21-1343,config,,,*.visualizer.dataLinkVisualizer[0].nodeFilter,"""sensor* or controller""",,,,,,,
Critical_N30-3-20260913-16:10:21-1343,config,,,*.visualizer.dataLinkVisualizer[1].*Color,"""blue""",,,,,,,
Critical_N30-3-20260913-16:10:21-1343,config,,,*.visualizer.dataLinkVisualizer[1].nodeFilter,"""lamp* or controller""",,,,,,,
Critical_N30-3-20260913-16:10:21-1343,config,,,*.visualizer.numStatisticVisualizers,2,,,,,,,
Critical_N30-3-20260913-16:10:21-1343,config,,,*.visualizer.statisticVisualizer[*].zIndex,1,,,,,,,
Critical_N30-3-20260913-16:10:21-1343,config,,,*.visualizer.statisticVisualizer[0].displayStatistics,true,,,,,,,
Critical_N30-3-20260913-16:10:21-1343,config,,,*.visualizer.statisticVisualizer[0].signalName,"""packetSent""",,,,,,,
Critical_N30-3-20260913-16:10:21-1343,config,,,*.visualizer.statisticVisualizer[0].statisticExpression,"""count""",,,,,,,
Critical_N30-3-20260913-16:10:21-1343,config,,,*.visualizer.statisticVisualizer[0].sourceFilter,"""**.controller.udp OR **.sensor*.udp""",,,,,,,
Critical_N30-3-20260913-16:10:21-1343,config,,,*.visualizer.statisticVisualizer[0].format,"""sent: %v pks""",,,,,,,
Critical_N30-3-20260913-16:10:21-1343,config,,,*.visualizer.statisticVisualizer[1].displayStatistics,true,,,,,,,
Critical_N30-3-20260913-16:10:21-1343,config,,,*.visualizer.statisticVisualizer[1].signalName,"""packetReceived""",,,,,,,
Critical_N30-3-20260913-16:10:21-1343,config,,,*.visualizer.statisticVisualizer[1].statisticExpression,"""count""",,,,,,,
Critical_N30-3-20260913-16:10:21-1343,config,,,*.visualizer.statisticVisualizer[1].sourceFilter,"""**.controller.udp OR **.lamp*.udp""",,,,,,,
Critical_N30-3-20260913-16:10:21-1343,config,,,*.visualizer.statisticVisualizer[1].format,"""rcvd: %v pks""",,,,,,,
Critical_N30-4-20260913-16:10:23-1343,runattr,,,configname,Critical_N30,,,,,,,
Critical_N30-4-20260913-16:10:23-1343,runattr,,,datetime,20260913-16:10:23,,,,,,,
Critical_N30-4-20260913-16:10:23-1343,runattr,,,datetimef,20260913-161023,,,,,,,
Critical_N30-4-20260913-16:10:23-1343,runattr,,,experiment,Critical_N30,,,,,,,
Critical_N30-4-20260913-16:10:23-1343,runattr,,,inifile,omnetpp.ini,,,,,,,
Critical_N30-4-20260913-16:10:23-1343,runattr,,,iterationvars,,,,,,,,
Critical_N30-4-20260913-16:10:23-1343,runattr,,,iterationvarsd,,,,,,,,
Critical_N30-4-20260913-16:10:23-1343,runattr,,,iterationvarsf,,,,,,,,
Critical_N30-4-20260913-16:10:23-1343,runattr,,,measurement,,,,,,,,
Critical_N30-4-20260913-16:10:23-1343,runattr,,,network,simulations.experiment3_critical_event.CriticalEventNetwork,,,,,,,
Critical_N30-4-20260913-16:10:23-1343,runattr,,,processid,1343,,,,,,,
Critical_N30-4-20260913-16:10:23-1343,runattr,,,repetition,4,,,,,,,
Critical_N30-4-20260913-16:10:23-1343,runattr,,,replication,#4,,,,,,,
Critical_N30-4-20260913-16:10:23-1343,runattr,,,resultdir,results,,,,,,,
Critical_N30-4-20260913-16:10:23-1343,runattr,,,runnumber,4,,,,,,,
Critical_N30-4-20260913-16:10:23-1343,runattr,,,seedset,4,,,,,,,
Critical_N30-4-20260913-16:10:23-1343,config,,,image-path,../../../inet-4.6.0/images,,,,,,,
Critical_N30-4-20260913-16:10:23-1343,config,,,extends,CriticalEventBase,,,,,,,
Critical_N30-4-20260913-16:10:23-1343,config,,,*.numSensors,30,,,,,,,
Critical_N30-4-20260913-16:10:23-1343,config,,,repeat,5,,,,,,,
Critical_N30-4-20260913-16:10:23-1343,config,,,seed-set,4,,,,,,,
Critical_N30-4-20260913-16:10:23-1343,config,,,extends,Ieee802154Power,,,,,,,
Critical_N30-4-20260913-16:10:23-1343,config,,,sim-time-limit,100s,,,,,,,
Critical_N30-4-20260913-16:10:23-1343,config,,,*.sensor[4].numApps,2,,,,,,,
Critical_N30-4-20260913-16:10:23-1343,config,,,*.sensor[4].app[1].typename,UdpBasicApp,,,,,,,
Critical_N30-4-20260913-16:10:23-1343,config,,,*.sensor[4].app[1].destAddresses,"""monitoringServer""",,,,,,,
Critical_N30-4-20260913-16:10:23-1343,config,,,*.sensor[4].app[1].destPort,2000,,,,,,,
Critical_N30-4-20260913-16:10:23-1343,config,,,*.sensor[4].app[1].startTime,50s,,,,,,,
Critical_N30-4-20260913-16:10:23-1343,config,,,*.sensor[4].app[1].stopTime,51s,,,,,,,
Critical_N30-4-20260913-16:10:23-1343,config,,,*.sensor[4].app[1].sendInterval,1000s,,,,,,,
Critical_N30-4-20260913-16:10:23-1343,config,,,*.sensor[4].app[1].messageLength,20B,,,,,,,
Critical_N30-4-20260913-16:10:23-1343,config,,,*.sensor[4].app[1].packetName,"""CriticalSmokeAlarm""",,,,,,,
Critical_N30-4-20260913-16:10:23-1343,config,,,*.sensor[4].app[1].packetSent.result-recording-modes,count,,,,,,,
Critical_N30-4-20260913-16:10:23-1343,config,,,*.monitoringServer.app[1].packetReceived.result-recording-modes,count,,,,,,,
Critical_N30-4-20260913-16:10:23-1343,config,,,*.monitoringServer.app[1].endToEndDelay.result-recording-modes,"+stats,+vector",,,,,,,
Critical_N30-4-20260913-16:10:23-1343,config,,,extends,Ieee802154,,,,,,,
Critical_N30-4-20260913-16:10:23-1343,config,,,sim-time-limit,600s,,,,,,,
Critical_N30-4-20260913-16:10:23-1343,config,,,*.sensor[*].app[0].packetSent.result-recording-modes,count,,,,,,,
Critical_N30-4-20260913-16:10:23-1343,config,,,*.monitoringServer.app[0].packetReceived.result-recording-modes,count,,,,,,,
Critical_N30-4-20260913-16:10:23-1343,config,,,*.monitoringServer.app[0].endToEndDelay.result-recording-modes,+stats,,,,,,,
Critical_N30-4-20260913-16:10:23-1343,config,,,*.monitoringServer.app[0].throughput.result-recording-modes,vector,,,,,,,
Critical_N30-4-20260913-16:10:23-1343,config,,,**.energyStorage.residualEnergyCapacity.result-recording-modes,+last,,,,,,,
Critical_N30-4-20260913-16:10:23-1343,config,,,network,simulations.experiment3_critical_event.CriticalEventNetwork,,,,,,,
Critical_N30-4-20260913-16:10:23-1343,config,,,**.arp.typename,GlobalArp,,,,,,,
Critical_N30-4-20260913-16:10:23-1343,config,,,**.netmaskRoutes,"""""",,,,,,,
Critical_N30-4-20260913-16:10:23-1343,config,,,*.radioMedium.backgroundNoise.power,-110dBm,,,,,,,
Critical_N30-4-20260913-16:10:23-1343,config,,,*.configurator.config,"xmldoc(""startopology.xml"")",,,,,,,
Critical_N30-4-20260913-16:10:23-1343,config,,,*.configurator.addStaticRoutes,false,,,,,,,
Critical_N30-4-20260913-16:10:23-1343,config,,,*.sensor[*].numApps,1,,,,,,,
Critical_N30-4-20260913-16:10:23-1343,config,,,*.sensor[*].app[0].typename,UdpBasicApp,,,,,,,
Critical_N30-4-20260913-16:10:23-1343,config,,,*.sensor[*].app[0].destAddresses,"""monitoringServer""",,,,,,,
Critical_N30-4-20260913-16:10:23-1343,config,,,*.sensor[*].app[0].destPort,1000,,,,,,,
Critical_N30-4-20260913-16:10:23-1343,config,,,*.sensor[*].app[0].sendInterval,10s,,,,,,,
Critical_N30-4-20260913-16:10:23-1343,config,,,*.sensor[*].app[0].startTime,"uniform(0s,10s)",,,,,,,
Critical_N30-4-20260913-16:10:23-1343,config,,,*.sensor[*].app[0].messageLength,50B,,,,,,,
Critical_N30-4-20260913-16:10:23-1343,config,,,*.sensor[*].app[0].packetName,"""PeriodicMonitoring""",,,,,,,
Critical_N30-4-20260913-16:10:23-1343,config,,,*.sensor[*].mobility.initFromDisplayString,false,,,,,,,
Critical_N30-4-20260913-16:10:23-1343,config,,,*.sensor[*].mobility.initialX,"uniform(1m, 19m)",,,,,,,
Critical_N30-4-20260913-16:10:23-1343,config,,,*.sensor[*].mobility.initialY,"uniform(1m, 19m)",,,,,,,
Critical_N30-4-20260913-16:10:23-1343,config,,,*.sensor[*].mobility.initialZ,0m,,,,,,,
Critical_N30-4-20260913-16:10:23-1343,config,,,*.controller.numApps,0,,,,,,,
Critical_N30-4-20260913-16:10:23-1343,config,,,*.monitoringServer.numApps,2,,,,,,,
Critical_N30-4-20260913-16:10:23-1343,config,,,*.monitoringServer.app[0].typename,UdpSink,,,,,,,
Critical_N30-4-20260913-16:10:23-1343,config,,,*.monitoringServer.app[0].localPort,1000,,,,,,,
Critical_N30-4-20260913-16:10:23-1343,config,,,*.monitoringServer.app[1].typename,UdpSink,,,,,,,
Critical_N30-4-20260913-16:10:23-1343,config,,,*.monitoringServer.app[1].localPort,2000,,,,,,,
Critical_N30-4-20260913-16:10:23-1343,config,,,*.lamp*.numApps,0,,,,,,,
Critical_N30-4-20260913-16:10:23-1343,config,,,*.visualizer.routingTableVisualizer[0].displayRoutingTables,false,,,,,,,
Critical_N30-4-20260913-16:10:23-1343,config,,,*.visualizer.routingTableVisualizer[0].displayRoutesIndividually,false,,,,,,,
Critical_N30-4-20260913-16:10:23-1343,config,,,*.visualizer.routingTableVisualizer[0].lineShift,0,,,,,,,
Critical_N30-4-20260913-16:10:23-1343,config,,,*.visualizer.routingTableVisualizer[0].displayLabels,false,,,,,,,
Critical_N30-4-20260913-16:10:23-1343,config,,,*.visualizer.interfaceTableVisualizer[0].displayInterfaceTables,false,,,,,,,
Critical_N30-4-20260913-16:10:23-1343,config,,,*.visualizer.numDataLinkVisualizers,2,,,,,,,
Critical_N30-4-20260913-16:10:23-1343,config,,,*.visualizer.dataLinkVisualizer[*].displayLinks,true,,,,,,,
Critical_N30-4-20260913-16:10:23-1343,config,,,*.visualizer.dataLinkVisualizer[0].nodeFilter,"""sensor* or controller""",,,,,,,
Critical_N30-4-20260913-16:10:23-1343,config,,,*.visualizer.dataLinkVisualizer[1].*Color,"""blue""",,,,,,,
Critical_N30-4-20260913-16:10:23-1343,config,,,*.visualizer.dataLinkVisualizer[1].nodeFilter,"""lamp* or controller""",,,,,,,
Critical_N30-4-20260913-16:10:23-1343,config,,,*.visualizer.numStatisticVisualizers,2,,,,,,,
Critical_N30-4-20260913-16:10:23-1343,config,,,*.visualizer.statisticVisualizer[*].zIndex,1,,,,,,,
Critical_N30-4-20260913-16:10:23-1343,config,,,*.visualizer.statisticVisualizer[0].displayStatistics,true,,,,,,,
Critical_N30-4-20260913-16:10:23-1343,config,,,*.visualizer.statisticVisualizer[0].signalName,"""packetSent""",,,,,,,
Critical_N30-4-20260913-16:10:23-1343,config,,,*.visualizer.statisticVisualizer[0].statisticExpression,"""count""",,,,,,,
Critical_N30-4-20260913-16:10:23-1343,config,,,*.visualizer.statisticVisualizer[0].sourceFilter,"""**.controller.udp OR **.sensor*.udp""",,,,,,,
Critical_N30-4-20260913-16:10:23-1343,config,,,*.visualizer.statisticVisualizer[0].format,"""sent: %v pks""",,,,,,,
Critical_N30-4-20260913-16:10:23-1343,config,,,*.visualizer.statisticVisualizer[1].displayStatistics,true,,,,,,,
Critical_N30-4-20260913-16:10:23-1343,config,,,*.visualizer.statisticVisualizer[1].signalName,"""packetReceived""",,,,,,,
Critical_N30-4-20260913-16:10:23-1343,config,,,*.visualizer.statisticVisualizer[1].statisticExpression,"""count""",,,,,,,
Critical_N30-4-20260913-16:10:23-1343,config,,,*.visualizer.statisticVisualizer[1].sourceFilter,"""**.controller.udp OR **.lamp*.udp""",,,,,,,
Critical_N30-4-20260913-16:10:23-1343,config,,,*.visualizer.statisticVisualizer[1].format,"""rcvd: %v pks""",,,,,,,
Critical_N40-2-20260913-16:10:46-1436,runattr,,,configname,Critical_N40,,,,,,,
Critical_N40-2-20260913-16:10:46-1436,runattr,,,datetime,20260913-16:10:46,,,,,,,
Critical_N40-2-20260913-16:10:46-1436,runattr,,,datetimef,20260913-161046,,,,,,,
Critical_N40-2-20260913-16:10:46-1436,runattr,,,experiment,Critical_N40,,,,,,,
Critical_N40-2-20260913-16:10:46-1436,runattr,,,inifile,omnetpp.ini,,,,,,,
Critical_N40-2-20260913-16:10:46-1436,runattr,,,iterationvars,,,,,,,,
Critical_N40-2-20260913-16:10:46-1436,runattr,,,iterationvarsd,,,,,,,,
Critical_N40-2-20260913-16:10:46-1436,runattr,,,iterationvarsf,,,,,,,,
Critical_N40-2-20260913-16:10:46-1436,runattr,,,measurement,,,,,,,,
Critical_N40-2-20260913-16:10:46-1436,runattr,,,network,simulations.experiment3_critical_event.CriticalEventNetwork,,,,,,,
Critical_N40-2-20260913-16:10:46-1436,runattr,,,processid,1436,,,,,,,
Critical_N40-2-20260913-16:10:46-1436,runattr,,,repetition,2,,,,,,,
Critical_N40-2-20260913-16:10:46-1436,runattr,,,replication,#2,,,,,,,
Critical_N40-2-20260913-16:10:46-1436,runattr,,,resultdir,results,,,,,,,
Critical_N40-2-20260913-16:10:46-1436,runattr,,,runnumber,2,,,,,,,
Critical_N40-2-20260913-16:10:46-1436,runattr,,,seedset,2,,,,,,,
Critical_N40-2-20260913-16:10:46-1436,config,,,image-path,../../../inet-4.6.0/images,,,,,,,
Critical_N40-2-20260913-16:10:46-1436,config,,,extends,CriticalEventBase,,,,,,,
Critical_N40-2-20260913-16:10:46-1436,config,,,*.numSensors,40,,,,,,,
Critical_N40-2-20260913-16:10:46-1436,config,,,repeat,5,,,,,,,
Critical_N40-2-20260913-16:10:46-1436,config,,,seed-set,2,,,,,,,
Critical_N40-2-20260913-16:10:46-1436,config,,,extends,Ieee802154Power,,,,,,,
Critical_N40-2-20260913-16:10:46-1436,config,,,sim-time-limit,100s,,,,,,,
Critical_N40-2-20260913-16:10:46-1436,config,,,*.sensor[4].numApps,2,,,,,,,
Critical_N40-2-20260913-16:10:46-1436,config,,,*.sensor[4].app[1].typename,UdpBasicApp,,,,,,,
Critical_N40-2-20260913-16:10:46-1436,config,,,*.sensor[4].app[1].destAddresses,"""monitoringServer""",,,,,,,
Critical_N40-2-20260913-16:10:46-1436,config,,,*.sensor[4].app[1].destPort,2000,,,,,,,
Critical_N40-2-20260913-16:10:46-1436,config,,,*.sensor[4].app[1].startTime,50s,,,,,,,
Critical_N40-2-20260913-16:10:46-1436,config,,,*.sensor[4].app[1].stopTime,51s,,,,,,,
Critical_N40-2-20260913-16:10:46-1436,config,,,*.sensor[4].app[1].sendInterval,1000s,,,,,,,
Critical_N40-2-20260913-16:10:46-1436,config,,,*.sensor[4].app[1].messageLength,20B,,,,,,,
Critical_N40-2-20260913-16:10:46-1436,config,,,*.sensor[4].app[1].packetName,"""CriticalSmokeAlarm""",,,,,,,
Critical_N40-2-20260913-16:10:46-1436,config,,,*.sensor[4].app[1].packetSent.result-recording-modes,count,,,,,,,
Critical_N40-2-20260913-16:10:46-1436,config,,,*.monitoringServer.app[1].packetReceived.result-recording-modes,count,,,,,,,
Critical_N40-2-20260913-16:10:46-1436,config,,,*.monitoringServer.app[1].endToEndDelay.result-recording-modes,"+stats,+vector",,,,,,,
Critical_N40-2-20260913-16:10:46-1436,config,,,extends,Ieee802154,,,,,,,
Critical_N40-2-20260913-16:10:46-1436,config,,,sim-time-limit,600s,,,,,,,
Critical_N40-2-20260913-16:10:46-1436,config,,,*.sensor[*].app[0].packetSent.result-recording-modes,count,,,,,,,
Critical_N40-2-20260913-16:10:46-1436,config,,,*.monitoringServer.app[0].packetReceived.result-recording-modes,count,,,,,,,
Critical_N40-2-20260913-16:10:46-1436,config,,,*.monitoringServer.app[0].endToEndDelay.result-recording-modes,+stats,,,,,,,
Critical_N40-2-20260913-16:10:46-1436,config,,,*.monitoringServer.app[0].throughput.result-recording-modes,vector,,,,,,,
Critical_N40-2-20260913-16:10:46-1436,config,,,**.energyStorage.residualEnergyCapacity.result-recording-modes,+last,,,,,,,
Critical_N40-2-20260913-16:10:46-1436,config,,,network,simulations.experiment3_critical_event.CriticalEventNetwork,,,,,,,
Critical_N40-2-20260913-16:10:46-1436,config,,,**.arp.typename,GlobalArp,,,,,,,
Critical_N40-2-20260913-16:10:46-1436,config,,,**.netmaskRoutes,"""""",,,,,,,
Critical_N40-2-20260913-16:10:46-1436,config,,,*.radioMedium.backgroundNoise.power,-110dBm,,,,,,,
Critical_N40-2-20260913-16:10:46-1436,config,,,*.configurator.config,"xmldoc(""startopology.xml"")",,,,,,,
Critical_N40-2-20260913-16:10:46-1436,config,,,*.configurator.addStaticRoutes,false,,,,,,,
Critical_N40-2-20260913-16:10:46-1436,config,,,*.sensor[*].numApps,1,,,,,,,
Critical_N40-2-20260913-16:10:46-1436,config,,,*.sensor[*].app[0].typename,UdpBasicApp,,,,,,,
Critical_N40-2-20260913-16:10:46-1436,config,,,*.sensor[*].app[0].destAddresses,"""monitoringServer""",,,,,,,
Critical_N40-2-20260913-16:10:46-1436,config,,,*.sensor[*].app[0].destPort,1000,,,,,,,
Critical_N40-2-20260913-16:10:46-1436,config,,,*.sensor[*].app[0].sendInterval,10s,,,,,,,
Critical_N40-2-20260913-16:10:46-1436,config,,,*.sensor[*].app[0].startTime,"uniform(0s,10s)",,,,,,,
Critical_N40-2-20260913-16:10:46-1436,config,,,*.sensor[*].app[0].messageLength,50B,,,,,,,
Critical_N40-2-20260913-16:10:46-1436,config,,,*.sensor[*].app[0].packetName,"""PeriodicMonitoring""",,,,,,,
Critical_N40-2-20260913-16:10:46-1436,config,,,*.sensor[*].mobility.initFromDisplayString,false,,,,,,,
Critical_N40-2-20260913-16:10:46-1436,config,,,*.sensor[*].mobility.initialX,"uniform(1m, 19m)",,,,,,,
Critical_N40-2-20260913-16:10:46-1436,config,,,*.sensor[*].mobility.initialY,"uniform(1m, 19m)",,,,,,,
Critical_N40-2-20260913-16:10:46-1436,config,,,*.sensor[*].mobility.initialZ,0m,,,,,,,
Critical_N40-2-20260913-16:10:46-1436,config,,,*.controller.numApps,0,,,,,,,
Critical_N40-2-20260913-16:10:46-1436,config,,,*.monitoringServer.numApps,2,,,,,,,
Critical_N40-2-20260913-16:10:46-1436,config,,,*.monitoringServer.app[0].typename,UdpSink,,,,,,,
Critical_N40-2-20260913-16:10:46-1436,config,,,*.monitoringServer.app[0].localPort,1000,,,,,,,
Critical_N40-2-20260913-16:10:46-1436,config,,,*.monitoringServer.app[1].typename,UdpSink,,,,,,,
Critical_N40-2-20260913-16:10:46-1436,config,,,*.monitoringServer.app[1].localPort,2000,,,,,,,
Critical_N40-2-20260913-16:10:46-1436,config,,,*.lamp*.numApps,0,,,,,,,
Critical_N40-2-20260913-16:10:46-1436,config,,,*.visualizer.routingTableVisualizer[0].displayRoutingTables,false,,,,,,,
Critical_N40-2-20260913-16:10:46-1436,config,,,*.visualizer.routingTableVisualizer[0].displayRoutesIndividually,false,,,,,,,
Critical_N40-2-20260913-16:10:46-1436,config,,,*.visualizer.routingTableVisualizer[0].lineShift,0,,,,,,,
Critical_N40-2-20260913-16:10:46-1436,config,,,*.visualizer.routingTableVisualizer[0].displayLabels,false,,,,,,,
Critical_N40-2-20260913-16:10:46-1436,config,,,*.visualizer.interfaceTableVisualizer[0].displayInterfaceTables,false,,,,,,,
Critical_N40-2-20260913-16:10:46-1436,config,,,*.visualizer.numDataLinkVisualizers,2,,,,,,,
Critical_N40-2-20260913-16:10:46-1436,config,,,*.visualizer.dataLinkVisualizer[*].displayLinks,true,,,,,,,
Critical_N40-2-20260913-16:10:46-1436,config,,,*.visualizer.dataLinkVisualizer[0].nodeFilter,"""sensor* or controller""",,,,,,,
Critical_N40-2-20260913-16:10:46-1436,config,,,*.visualizer.dataLinkVisualizer[1].*Color,"""blue""",,,,,,,
Critical_N40-2-20260913-16:10:46-1436,config,,,*.visualizer.dataLinkVisualizer[1].nodeFilter,"""lamp* or controller""",,,,,,,
Critical_N40-2-20260913-16:10:46-1436,config,,,*.visualizer.numStatisticVisualizers,2,,,,,,,
Critical_N40-2-20260913-16:10:46-1436,config,,,*.visualizer.statisticVisualizer[*].zIndex,1,,,,,,,
Critical_N40-2-20260913-16:10:46-1436,config,,,*.visualizer.statisticVisualizer[0].displayStatistics,true,,,,,,,
Critical_N40-2-20260913-16:10:46-1436,config,,,*.visualizer.statisticVisualizer[0].signalName,"""packetSent""",,,,,,,
Critical_N40-2-20260913-16:10:46-1436,config,,,*.visualizer.statisticVisualizer[0].statisticExpression,"""count""",,,,,,,
Critical_N40-2-20260913-16:10:46-1436,config,,,*.visualizer.statisticVisualizer[0].sourceFilter,"""**.controller.udp OR **.sensor*.udp""",,,,,,,
Critical_N40-2-20260913-16:10:46-1436,config,,,*.visualizer.statisticVisualizer[0].format,"""sent: %v pks""",,,,,,,
Critical_N40-2-20260913-16:10:46-1436,config,,,*.visualizer.statisticVisualizer[1].displayStatistics,true,,,,,,,
Critical_N40-2-20260913-16:10:46-1436,config,,,*.visualizer.statisticVisualizer[1].signalName,"""packetReceived""",,,,,,,
Critical_N40-2-20260913-16:10:46-1436,config,,,*.visualizer.statisticVisualizer[1].statisticExpression,"""count""",,,,,,,
Critical_N40-2-20260913-16:10:46-1436,config,,,*.visualizer.statisticVisualizer[1].sourceFilter,"""**.controller.udp OR **.lamp*.udp""",,,,,,,
Critical_N40-2-20260913-16:10:46-1436,config,,,*.visualizer.statisticVisualizer[1].format,"""rcvd: %v pks""",,,,,,,
Critical_N40-0-20260913-16:10:41-1436,runattr,,,configname,Critical_N40,,,,,,,
Critical_N40-0-20260913-16:10:41-1436,runattr,,,datetime,20260913-16:10:41,,,,,,,
Critical_N40-0-20260913-16:10:41-1436,runattr,,,datetimef,20260913-161041,,,,,,,
Critical_N40-0-20260913-16:10:41-1436,runattr,,,experiment,Critical_N40,,,,,,,
Critical_N40-0-20260913-16:10:41-1436,runattr,,,inifile,omnetpp.ini,,,,,,,
Critical_N40-0-20260913-16:10:41-1436,runattr,,,iterationvars,,,,,,,,
Critical_N40-0-20260913-16:10:41-1436,runattr,,,iterationvarsd,,,,,,,,
Critical_N40-0-20260913-16:10:41-1436,runattr,,,iterationvarsf,,,,,,,,
Critical_N40-0-20260913-16:10:41-1436,runattr,,,measurement,,,,,,,,
Critical_N40-0-20260913-16:10:41-1436,runattr,,,network,simulations.experiment3_critical_event.CriticalEventNetwork,,,,,,,
Critical_N40-0-20260913-16:10:41-1436,runattr,,,processid,1436,,,,,,,
Critical_N40-0-20260913-16:10:41-1436,runattr,,,repetition,0,,,,,,,
Critical_N40-0-20260913-16:10:41-1436,runattr,,,replication,#0,,,,,,,
Critical_N40-0-20260913-16:10:41-1436,runattr,,,resultdir,results,,,,,,,
Critical_N40-0-20260913-16:10:41-1436,runattr,,,runnumber,0,,,,,,,
Critical_N40-0-20260913-16:10:41-1436,runattr,,,seedset,0,,,,,,,
Critical_N40-0-20260913-16:10:41-1436,config,,,image-path,../../../inet-4.6.0/images,,,,,,,
Critical_N40-0-20260913-16:10:41-1436,config,,,extends,CriticalEventBase,,,,,,,
Critical_N40-0-20260913-16:10:41-1436,config,,,*.numSensors,40,,,,,,,
Critical_N40-0-20260913-16:10:41-1436,config,,,repeat,5,,,,,,,
Critical_N40-0-20260913-16:10:41-1436,config,,,seed-set,0,,,,,,,
Critical_N40-0-20260913-16:10:41-1436,config,,,extends,Ieee802154Power,,,,,,,
Critical_N40-0-20260913-16:10:41-1436,config,,,sim-time-limit,100s,,,,,,,
Critical_N40-0-20260913-16:10:41-1436,config,,,*.sensor[4].numApps,2,,,,,,,
Critical_N40-0-20260913-16:10:41-1436,config,,,*.sensor[4].app[1].typename,UdpBasicApp,,,,,,,
Critical_N40-0-20260913-16:10:41-1436,config,,,*.sensor[4].app[1].destAddresses,"""monitoringServer""",,,,,,,
Critical_N40-0-20260913-16:10:41-1436,config,,,*.sensor[4].app[1].destPort,2000,,,,,,,
Critical_N40-0-20260913-16:10:41-1436,config,,,*.sensor[4].app[1].startTime,50s,,,,,,,
Critical_N40-0-20260913-16:10:41-1436,config,,,*.sensor[4].app[1].stopTime,51s,,,,,,,
Critical_N40-0-20260913-16:10:41-1436,config,,,*.sensor[4].app[1].sendInterval,1000s,,,,,,,
Critical_N40-0-20260913-16:10:41-1436,config,,,*.sensor[4].app[1].messageLength,20B,,,,,,,
Critical_N40-0-20260913-16:10:41-1436,config,,,*.sensor[4].app[1].packetName,"""CriticalSmokeAlarm""",,,,,,,
Critical_N40-0-20260913-16:10:41-1436,config,,,*.sensor[4].app[1].packetSent.result-recording-modes,count,,,,,,,
Critical_N40-0-20260913-16:10:41-1436,config,,,*.monitoringServer.app[1].packetReceived.result-recording-modes,count,,,,,,,
Critical_N40-0-20260913-16:10:41-1436,config,,,*.monitoringServer.app[1].endToEndDelay.result-recording-modes,"+stats,+vector",,,,,,,
Critical_N40-0-20260913-16:10:41-1436,config,,,extends,Ieee802154,,,,,,,
Critical_N40-0-20260913-16:10:41-1436,config,,,sim-time-limit,600s,,,,,,,
Critical_N40-0-20260913-16:10:41-1436,config,,,*.sensor[*].app[0].packetSent.result-recording-modes,count,,,,,,,
Critical_N40-0-20260913-16:10:41-1436,config,,,*.monitoringServer.app[0].packetReceived.result-recording-modes,count,,,,,,,
Critical_N40-0-20260913-16:10:41-1436,config,,,*.monitoringServer.app[0].endToEndDelay.result-recording-modes,+stats,,,,,,,
Critical_N40-0-20260913-16:10:41-1436,config,,,*.monitoringServer.app[0].throughput.result-recording-modes,vector,,,,,,,
Critical_N40-0-20260913-16:10:41-1436,config,,,**.energyStorage.residualEnergyCapacity.result-recording-modes,+last,,,,,,,
Critical_N40-0-20260913-16:10:41-1436,config,,,network,simulations.experiment3_critical_event.CriticalEventNetwork,,,,,,,
Critical_N40-0-20260913-16:10:41-1436,config,,,**.arp.typename,GlobalArp,,,,,,,
Critical_N40-0-20260913-16:10:41-1436,config,,,**.netmaskRoutes,"""""",,,,,,,
Critical_N40-0-20260913-16:10:41-1436,config,,,*.radioMedium.backgroundNoise.power,-110dBm,,,,,,,
Critical_N40-0-20260913-16:10:41-1436,config,,,*.configurator.config,"xmldoc(""startopology.xml"")",,,,,,,
Critical_N40-0-20260913-16:10:41-1436,config,,,*.configurator.addStaticRoutes,false,,,,,,,
Critical_N40-0-20260913-16:10:41-1436,config,,,*.sensor[*].numApps,1,,,,,,,
Critical_N40-0-20260913-16:10:41-1436,config,,,*.sensor[*].app[0].typename,UdpBasicApp,,,,,,,
Critical_N40-0-20260913-16:10:41-1436,config,,,*.sensor[*].app[0].destAddresses,"""monitoringServer""",,,,,,,
Critical_N40-0-20260913-16:10:41-1436,config,,,*.sensor[*].app[0].destPort,1000,,,,,,,
Critical_N40-0-20260913-16:10:41-1436,config,,,*.sensor[*].app[0].sendInterval,10s,,,,,,,
Critical_N40-0-20260913-16:10:41-1436,config,,,*.sensor[*].app[0].startTime,"uniform(0s,10s)",,,,,,,
Critical_N40-0-20260913-16:10:41-1436,config,,,*.sensor[*].app[0].messageLength,50B,,,,,,,
Critical_N40-0-20260913-16:10:41-1436,config,,,*.sensor[*].app[0].packetName,"""PeriodicMonitoring""",,,,,,,
Critical_N40-0-20260913-16:10:41-1436,config,,,*.sensor[*].mobility.initFromDisplayString,false,,,,,,,
Critical_N40-0-20260913-16:10:41-1436,config,,,*.sensor[*].mobility.initialX,"uniform(1m, 19m)",,,,,,,
Critical_N40-0-20260913-16:10:41-1436,config,,,*.sensor[*].mobility.initialY,"uniform(1m, 19m)",,,,,,,
Critical_N40-0-20260913-16:10:41-1436,config,,,*.sensor[*].mobility.initialZ,0m,,,,,,,
Critical_N40-0-20260913-16:10:41-1436,config,,,*.controller.numApps,0,,,,,,,
Critical_N40-0-20260913-16:10:41-1436,config,,,*.monitoringServer.numApps,2,,,,,,,
Critical_N40-0-20260913-16:10:41-1436,config,,,*.monitoringServer.app[0].typename,UdpSink,,,,,,,
Critical_N40-0-20260913-16:10:41-1436,config,,,*.monitoringServer.app[0].localPort,1000,,,,,,,
Critical_N40-0-20260913-16:10:41-1436,config,,,*.monitoringServer.app[1].typename,UdpSink,,,,,,,
Critical_N40-0-20260913-16:10:41-1436,config,,,*.monitoringServer.app[1].localPort,2000,,,,,,,
Critical_N40-0-20260913-16:10:41-1436,config,,,*.lamp*.numApps,0,,,,,,,
Critical_N40-0-20260913-16:10:41-1436,config,,,*.visualizer.routingTableVisualizer[0].displayRoutingTables,false,,,,,,,
Critical_N40-0-20260913-16:10:41-1436,config,,,*.visualizer.routingTableVisualizer[0].displayRoutesIndividually,false,,,,,,,
Critical_N40-0-20260913-16:10:41-1436,config,,,*.visualizer.routingTableVisualizer[0].lineShift,0,,,,,,,
Critical_N40-0-20260913-16:10:41-1436,config,,,*.visualizer.routingTableVisualizer[0].displayLabels,false,,,,,,,
Critical_N40-0-20260913-16:10:41-1436,config,,,*.visualizer.interfaceTableVisualizer[0].displayInterfaceTables,false,,,,,,,
Critical_N40-0-20260913-16:10:41-1436,config,,,*.visualizer.numDataLinkVisualizers,2,,,,,,,
Critical_N40-0-20260913-16:10:41-1436,config,,,*.visualizer.dataLinkVisualizer[*].displayLinks,true,,,,,,,
Critical_N40-0-20260913-16:10:41-1436,config,,,*.visualizer.dataLinkVisualizer[0].nodeFilter,"""sensor* or controller""",,,,,,,
Critical_N40-0-20260913-16:10:41-1436,config,,,*.visualizer.dataLinkVisualizer[1].*Color,"""blue""",,,,,,,
Critical_N40-0-20260913-16:10:41-1436,config,,,*.visualizer.dataLinkVisualizer[1].nodeFilter,"""lamp* or controller""",,,,,,,
Critical_N40-0-20260913-16:10:41-1436,config,,,*.visualizer.numStatisticVisualizers,2,,,,,,,
Critical_N40-0-20260913-16:10:41-1436,config,,,*.visualizer.statisticVisualizer[*].zIndex,1,,,,,,,
Critical_N40-0-20260913-16:10:41-1436,config,,,*.visualizer.statisticVisualizer[0].displayStatistics,true,,,,,,,
Critical_N40-0-20260913-16:10:41-1436,config,,,*.visualizer.statisticVisualizer[0].signalName,"""packetSent""",,,,,,,
Critical_N40-0-20260913-16:10:41-1436,config,,,*.visualizer.statisticVisualizer[0].statisticExpression,"""count""",,,,,,,
Critical_N40-0-20260913-16:10:41-1436,config,,,*.visualizer.statisticVisualizer[0].sourceFilter,"""**.controller.udp OR **.sensor*.udp""",,,,,,,
Critical_N40-0-20260913-16:10:41-1436,config,,,*.visualizer.statisticVisualizer[0].format,"""sent: %v pks""",,,,,,,
Critical_N40-0-20260913-16:10:41-1436,config,,,*.visualizer.statisticVisualizer[1].displayStatistics,true,,,,,,,
Critical_N40-0-20260913-16:10:41-1436,config,,,*.visualizer.statisticVisualizer[1].signalName,"""packetReceived""",,,,,,,
Critical_N40-0-20260913-16:10:41-1436,config,,,*.visualizer.statisticVisualizer[1].statisticExpression,"""count""",,,,,,,
Critical_N40-0-20260913-16:10:41-1436,config,,,*.visualizer.statisticVisualizer[1].sourceFilter,"""**.controller.udp OR **.lamp*.udp""",,,,,,,
Critical_N40-0-20260913-16:10:41-1436,config,,,*.visualizer.statisticVisualizer[1].format,"""rcvd: %v pks""",,,,,,,
Critical_N40-3-20260913-16:10:48-1436,runattr,,,configname,Critical_N40,,,,,,,
Critical_N40-3-20260913-16:10:48-1436,runattr,,,datetime,20260913-16:10:48,,,,,,,
Critical_N40-3-20260913-16:10:48-1436,runattr,,,datetimef,20260913-161048,,,,,,,
Critical_N40-3-20260913-16:10:48-1436,runattr,,,experiment,Critical_N40,,,,,,,
Critical_N40-3-20260913-16:10:48-1436,runattr,,,inifile,omnetpp.ini,,,,,,,
Critical_N40-3-20260913-16:10:48-1436,runattr,,,iterationvars,,,,,,,,
Critical_N40-3-20260913-16:10:48-1436,runattr,,,iterationvarsd,,,,,,,,
Critical_N40-3-20260913-16:10:48-1436,runattr,,,iterationvarsf,,,,,,,,
Critical_N40-3-20260913-16:10:48-1436,runattr,,,measurement,,,,,,,,
Critical_N40-3-20260913-16:10:48-1436,runattr,,,network,simulations.experiment3_critical_event.CriticalEventNetwork,,,,,,,
Critical_N40-3-20260913-16:10:48-1436,runattr,,,processid,1436,,,,,,,
Critical_N40-3-20260913-16:10:48-1436,runattr,,,repetition,3,,,,,,,
Critical_N40-3-20260913-16:10:48-1436,runattr,,,replication,#3,,,,,,,
Critical_N40-3-20260913-16:10:48-1436,runattr,,,resultdir,results,,,,,,,
Critical_N40-3-20260913-16:10:48-1436,runattr,,,runnumber,3,,,,,,,
Critical_N40-3-20260913-16:10:48-1436,runattr,,,seedset,3,,,,,,,
Critical_N40-3-20260913-16:10:48-1436,config,,,image-path,../../../inet-4.6.0/images,,,,,,,
Critical_N40-3-20260913-16:10:48-1436,config,,,extends,CriticalEventBase,,,,,,,
Critical_N40-3-20260913-16:10:48-1436,config,,,*.numSensors,40,,,,,,,
Critical_N40-3-20260913-16:10:48-1436,config,,,repeat,5,,,,,,,
Critical_N40-3-20260913-16:10:48-1436,config,,,seed-set,3,,,,,,,
Critical_N40-3-20260913-16:10:48-1436,config,,,extends,Ieee802154Power,,,,,,,
Critical_N40-3-20260913-16:10:48-1436,config,,,sim-time-limit,100s,,,,,,,
Critical_N40-3-20260913-16:10:48-1436,config,,,*.sensor[4].numApps,2,,,,,,,
Critical_N40-3-20260913-16:10:48-1436,config,,,*.sensor[4].app[1].typename,UdpBasicApp,,,,,,,
Critical_N40-3-20260913-16:10:48-1436,config,,,*.sensor[4].app[1].destAddresses,"""monitoringServer""",,,,,,,
Critical_N40-3-20260913-16:10:48-1436,config,,,*.sensor[4].app[1].destPort,2000,,,,,,,
Critical_N40-3-20260913-16:10:48-1436,config,,,*.sensor[4].app[1].startTime,50s,,,,,,,
Critical_N40-3-20260913-16:10:48-1436,config,,,*.sensor[4].app[1].stopTime,51s,,,,,,,
Critical_N40-3-20260913-16:10:48-1436,config,,,*.sensor[4].app[1].sendInterval,1000s,,,,,,,
Critical_N40-3-20260913-16:10:48-1436,config,,,*.sensor[4].app[1].messageLength,20B,,,,,,,
Critical_N40-3-20260913-16:10:48-1436,config,,,*.sensor[4].app[1].packetName,"""CriticalSmokeAlarm""",,,,,,,
Critical_N40-3-20260913-16:10:48-1436,config,,,*.sensor[4].app[1].packetSent.result-recording-modes,count,,,,,,,
Critical_N40-3-20260913-16:10:48-1436,config,,,*.monitoringServer.app[1].packetReceived.result-recording-modes,count,,,,,,,
Critical_N40-3-20260913-16:10:48-1436,config,,,*.monitoringServer.app[1].endToEndDelay.result-recording-modes,"+stats,+vector",,,,,,,
Critical_N40-3-20260913-16:10:48-1436,config,,,extends,Ieee802154,,,,,,,
Critical_N40-3-20260913-16:10:48-1436,config,,,sim-time-limit,600s,,,,,,,
Critical_N40-3-20260913-16:10:48-1436,config,,,*.sensor[*].app[0].packetSent.result-recording-modes,count,,,,,,,
Critical_N40-3-20260913-16:10:48-1436,config,,,*.monitoringServer.app[0].packetReceived.result-recording-modes,count,,,,,,,
Critical_N40-3-20260913-16:10:48-1436,config,,,*.monitoringServer.app[0].endToEndDelay.result-recording-modes,+stats,,,,,,,
Critical_N40-3-20260913-16:10:48-1436,config,,,*.monitoringServer.app[0].throughput.result-recording-modes,vector,,,,,,,
Critical_N40-3-20260913-16:10:48-1436,config,,,**.energyStorage.residualEnergyCapacity.result-recording-modes,+last,,,,,,,
Critical_N40-3-20260913-16:10:48-1436,config,,,network,simulations.experiment3_critical_event.CriticalEventNetwork,,,,,,,
Critical_N40-3-20260913-16:10:48-1436,config,,,**.arp.typename,GlobalArp,,,,,,,
Critical_N40-3-20260913-16:10:48-1436,config,,,**.netmaskRoutes,"""""",,,,,,,
Critical_N40-3-20260913-16:10:48-1436,config,,,*.radioMedium.backgroundNoise.power,-110dBm,,,,,,,
Critical_N40-3-20260913-16:10:48-1436,config,,,*.configurator.config,"xmldoc(""startopology.xml"")",,,,,,,
Critical_N40-3-20260913-16:10:48-1436,config,,,*.configurator.addStaticRoutes,false,,,,,,,
Critical_N40-3-20260913-16:10:48-1436,config,,,*.sensor[*].numApps,1,,,,,,,
Critical_N40-3-20260913-16:10:48-1436,config,,,*.sensor[*].app[0].typename,UdpBasicApp,,,,,,,
Critical_N40-3-20260913-16:10:48-1436,config,,,*.sensor[*].app[0].destAddresses,"""monitoringServer""",,,,,,,
Critical_N40-3-20260913-16:10:48-1436,config,,,*.sensor[*].app[0].destPort,1000,,,,,,,
Critical_N40-3-20260913-16:10:48-1436,config,,,*.sensor[*].app[0].sendInterval,10s,,,,,,,
Critical_N40-3-20260913-16:10:48-1436,config,,,*.sensor[*].app[0].startTime,"uniform(0s,10s)",,,,,,,
Critical_N40-3-20260913-16:10:48-1436,config,,,*.sensor[*].app[0].messageLength,50B,,,,,,,
Critical_N40-3-20260913-16:10:48-1436,config,,,*.sensor[*].app[0].packetName,"""PeriodicMonitoring""",,,,,,,
Critical_N40-3-20260913-16:10:48-1436,config,,,*.sensor[*].mobility.initFromDisplayString,false,,,,,,,
Critical_N40-3-20260913-16:10:48-1436,config,,,*.sensor[*].mobility.initialX,"uniform(1m, 19m)",,,,,,,
Critical_N40-3-20260913-16:10:48-1436,config,,,*.sensor[*].mobility.initialY,"uniform(1m, 19m)",,,,,,,
Critical_N40-3-20260913-16:10:48-1436,config,,,*.sensor[*].mobility.initialZ,0m,,,,,,,
Critical_N40-3-20260913-16:10:48-1436,config,,,*.controller.numApps,0,,,,,,,
Critical_N40-3-20260913-16:10:48-1436,config,,,*.monitoringServer.numApps,2,,,,,,,
Critical_N40-3-20260913-16:10:48-1436,config,,,*.monitoringServer.app[0].typename,UdpSink,,,,,,,
Critical_N40-3-20260913-16:10:48-1436,config,,,*.monitoringServer.app[0].localPort,1000,,,,,,,
Critical_N40-3-20260913-16:10:48-1436,config,,,*.monitoringServer.app[1].typename,UdpSink,,,,,,,
Critical_N40-3-20260913-16:10:48-1436,config,,,*.monitoringServer.app[1].localPort,2000,,,,,,,
Critical_N40-3-20260913-16:10:48-1436,config,,,*.lamp*.numApps,0,,,,,,,
Critical_N40-3-20260913-16:10:48-1436,config,,,*.visualizer.routingTableVisualizer[0].displayRoutingTables,false,,,,,,,
Critical_N40-3-20260913-16:10:48-1436,config,,,*.visualizer.routingTableVisualizer[0].displayRoutesIndividually,false,,,,,,,
Critical_N40-3-20260913-16:10:48-1436,config,,,*.visualizer.routingTableVisualizer[0].lineShift,0,,,,,,,
Critical_N40-3-20260913-16:10:48-1436,config,,,*.visualizer.routingTableVisualizer[0].displayLabels,false,,,,,,,
Critical_N40-3-20260913-16:10:48-1436,config,,,*.visualizer.interfaceTableVisualizer[0].displayInterfaceTables,false,,,,,,,
Critical_N40-3-20260913-16:10:48-1436,config,,,*.visualizer.numDataLinkVisualizers,2,,,,,,,
Critical_N40-3-20260913-16:10:48-1436,config,,,*.visualizer.dataLinkVisualizer[*].displayLinks,true,,,,,,,
Critical_N40-3-20260913-16:10:48-1436,config,,,*.visualizer.dataLinkVisualizer[0].nodeFilter,"""sensor* or controller""",,,,,,,
Critical_N40-3-20260913-16:10:48-1436,config,,,*.visualizer.dataLinkVisualizer[1].*Color,"""blue""",,,,,,,
Critical_N40-3-20260913-16:10:48-1436,config,,,*.visualizer.dataLinkVisualizer[1].nodeFilter,"""lamp* or controller""",,,,,,,
Critical_N40-3-20260913-16:10:48-1436,config,,,*.visualizer.numStatisticVisualizers,2,,,,,,,
Critical_N40-3-20260913-16:10:48-1436,config,,,*.visualizer.statisticVisualizer[*].zIndex,1,,,,,,,
Critical_N40-3-20260913-16:10:48-1436,config,,,*.visualizer.statisticVisualizer[0].displayStatistics,true,,,,,,,
Critical_N40-3-20260913-16:10:48-1436,config,,,*.visualizer.statisticVisualizer[0].signalName,"""packetSent""",,,,,,,
Critical_N40-3-20260913-16:10:48-1436,config,,,*.visualizer.statisticVisualizer[0].statisticExpression,"""count""",,,,,,,
Critical_N40-3-20260913-16:10:48-1436,config,,,*.visualizer.statisticVisualizer[0].sourceFilter,"""**.controller.udp OR **.sensor*.udp""",,,,,,,
Critical_N40-3-20260913-16:10:48-1436,config,,,*.visualizer.statisticVisualizer[0].format,"""sent: %v pks""",,,,,,,
Critical_N40-3-20260913-16:10:48-1436,config,,,*.visualizer.statisticVisualizer[1].displayStatistics,true,,,,,,,
Critical_N40-3-20260913-16:10:48-1436,config,,,*.visualizer.statisticVisualizer[1].signalName,"""packetReceived""",,,,,,,
Critical_N40-3-20260913-16:10:48-1436,config,,,*.visualizer.statisticVisualizer[1].statisticExpression,"""count""",,,,,,,
Critical_N40-3-20260913-16:10:48-1436,config,,,*.visualizer.statisticVisualizer[1].sourceFilter,"""**.controller.udp OR **.lamp*.udp""",,,,,,,
Critical_N40-3-20260913-16:10:48-1436,config,,,*.visualizer.statisticVisualizer[1].format,"""rcvd: %v pks""",,,,,,,
Critical_N40-4-20260913-16:10:50-1436,runattr,,,configname,Critical_N40,,,,,,,
Critical_N40-4-20260913-16:10:50-1436,runattr,,,datetime,20260913-16:10:50,,,,,,,
Critical_N40-4-20260913-16:10:50-1436,runattr,,,datetimef,20260913-161050,,,,,,,
Critical_N40-4-20260913-16:10:50-1436,runattr,,,experiment,Critical_N40,,,,,,,
Critical_N40-4-20260913-16:10:50-1436,runattr,,,inifile,omnetpp.ini,,,,,,,
Critical_N40-4-20260913-16:10:50-1436,runattr,,,iterationvars,,,,,,,,
Critical_N40-4-20260913-16:10:50-1436,runattr,,,iterationvarsd,,,,,,,,
Critical_N40-4-20260913-16:10:50-1436,runattr,,,iterationvarsf,,,,,,,,
Critical_N40-4-20260913-16:10:50-1436,runattr,,,measurement,,,,,,,,
Critical_N40-4-20260913-16:10:50-1436,runattr,,,network,simulations.experiment3_critical_event.CriticalEventNetwork,,,,,,,
Critical_N40-4-20260913-16:10:50-1436,runattr,,,processid,1436,,,,,,,
Critical_N40-4-20260913-16:10:50-1436,runattr,,,repetition,4,,,,,,,
Critical_N40-4-20260913-16:10:50-1436,runattr,,,replication,#4,,,,,,,
Critical_N40-4-20260913-16:10:50-1436,runattr,,,resultdir,results,,,,,,,
Critical_N40-4-20260913-16:10:50-1436,runattr,,,runnumber,4,,,,,,,
Critical_N40-4-20260913-16:10:50-1436,runattr,,,seedset,4,,,,,,,
Critical_N40-4-20260913-16:10:50-1436,config,,,image-path,../../../inet-4.6.0/images,,,,,,,
Critical_N40-4-20260913-16:10:50-1436,config,,,extends,CriticalEventBase,,,,,,,
Critical_N40-4-20260913-16:10:50-1436,config,,,*.numSensors,40,,,,,,,
Critical_N40-4-20260913-16:10:50-1436,config,,,repeat,5,,,,,,,
Critical_N40-4-20260913-16:10:50-1436,config,,,seed-set,4,,,,,,,
Critical_N40-4-20260913-16:10:50-1436,config,,,extends,Ieee802154Power,,,,,,,
Critical_N40-4-20260913-16:10:50-1436,config,,,sim-time-limit,100s,,,,,,,
Critical_N40-4-20260913-16:10:50-1436,config,,,*.sensor[4].numApps,2,,,,,,,
Critical_N40-4-20260913-16:10:50-1436,config,,,*.sensor[4].app[1].typename,UdpBasicApp,,,,,,,
Critical_N40-4-20260913-16:10:50-1436,config,,,*.sensor[4].app[1].destAddresses,"""monitoringServer""",,,,,,,
Critical_N40-4-20260913-16:10:50-1436,config,,,*.sensor[4].app[1].destPort,2000,,,,,,,
Critical_N40-4-20260913-16:10:50-1436,config,,,*.sensor[4].app[1].startTime,50s,,,,,,,
Critical_N40-4-20260913-16:10:50-1436,config,,,*.sensor[4].app[1].stopTime,51s,,,,,,,
Critical_N40-4-20260913-16:10:50-1436,config,,,*.sensor[4].app[1].sendInterval,1000s,,,,,,,
Critical_N40-4-20260913-16:10:50-1436,config,,,*.sensor[4].app[1].messageLength,20B,,,,,,,
Critical_N40-4-20260913-16:10:50-1436,config,,,*.sensor[4].app[1].packetName,"""CriticalSmokeAlarm""",,,,,,,
Critical_N40-4-20260913-16:10:50-1436,config,,,*.sensor[4].app[1].packetSent.result-recording-modes,count,,,,,,,
Critical_N40-4-20260913-16:10:50-1436,config,,,*.monitoringServer.app[1].packetReceived.result-recording-modes,count,,,,,,,
Critical_N40-4-20260913-16:10:50-1436,config,,,*.monitoringServer.app[1].endToEndDelay.result-recording-modes,"+stats,+vector",,,,,,,
Critical_N40-4-20260913-16:10:50-1436,config,,,extends,Ieee802154,,,,,,,
Critical_N40-4-20260913-16:10:50-1436,config,,,sim-time-limit,600s,,,,,,,
Critical_N40-4-20260913-16:10:50-1436,config,,,*.sensor[*].app[0].packetSent.result-recording-modes,count,,,,,,,
Critical_N40-4-20260913-16:10:50-1436,config,,,*.monitoringServer.app[0].packetReceived.result-recording-modes,count,,,,,,,
Critical_N40-4-20260913-16:10:50-1436,config,,,*.monitoringServer.app[0].endToEndDelay.result-recording-modes,+stats,,,,,,,
Critical_N40-4-20260913-16:10:50-1436,config,,,*.monitoringServer.app[0].throughput.result-recording-modes,vector,,,,,,,
Critical_N40-4-20260913-16:10:50-1436,config,,,**.energyStorage.residualEnergyCapacity.result-recording-modes,+last,,,,,,,
Critical_N40-4-20260913-16:10:50-1436,config,,,network,simulations.experiment3_critical_event.CriticalEventNetwork,,,,,,,
Critical_N40-4-20260913-16:10:50-1436,config,,,**.arp.typename,GlobalArp,,,,,,,
Critical_N40-4-20260913-16:10:50-1436,config,,,**.netmaskRoutes,"""""",,,,,,,
Critical_N40-4-20260913-16:10:50-1436,config,,,*.radioMedium.backgroundNoise.power,-110dBm,,,,,,,
Critical_N40-4-20260913-16:10:50-1436,config,,,*.configurator.config,"xmldoc(""startopology.xml"")",,,,,,,
Critical_N40-4-20260913-16:10:50-1436,config,,,*.configurator.addStaticRoutes,false,,,,,,,
Critical_N40-4-20260913-16:10:50-1436,config,,,*.sensor[*].numApps,1,,,,,,,
Critical_N40-4-20260913-16:10:50-1436,config,,,*.sensor[*].app[0].typename,UdpBasicApp,,,,,,,
Critical_N40-4-20260913-16:10:50-1436,config,,,*.sensor[*].app[0].destAddresses,"""monitoringServer""",,,,,,,
Critical_N40-4-20260913-16:10:50-1436,config,,,*.sensor[*].app[0].destPort,1000,,,,,,,
Critical_N40-4-20260913-16:10:50-1436,config,,,*.sensor[*].app[0].sendInterval,10s,,,,,,,
Critical_N40-4-20260913-16:10:50-1436,config,,,*.sensor[*].app[0].startTime,"uniform(0s,10s)",,,,,,,
Critical_N40-4-20260913-16:10:50-1436,config,,,*.sensor[*].app[0].messageLength,50B,,,,,,,
Critical_N40-4-20260913-16:10:50-1436,config,,,*.sensor[*].app[0].packetName,"""PeriodicMonitoring""",,,,,,,
Critical_N40-4-20260913-16:10:50-1436,config,,,*.sensor[*].mobility.initFromDisplayString,false,,,,,,,
Critical_N40-4-20260913-16:10:50-1436,config,,,*.sensor[*].mobility.initialX,"uniform(1m, 19m)",,,,,,,
Critical_N40-4-20260913-16:10:50-1436,config,,,*.sensor[*].mobility.initialY,"uniform(1m, 19m)",,,,,,,
Critical_N40-4-20260913-16:10:50-1436,config,,,*.sensor[*].mobility.initialZ,0m,,,,,,,
Critical_N40-4-20260913-16:10:50-1436,config,,,*.controller.numApps,0,,,,,,,
Critical_N40-4-20260913-16:10:50-1436,config,,,*.monitoringServer.numApps,2,,,,,,,
Critical_N40-4-20260913-16:10:50-1436,config,,,*.monitoringServer.app[0].typename,UdpSink,,,,,,,
Critical_N40-4-20260913-16:10:50-1436,config,,,*.monitoringServer.app[0].localPort,1000,,,,,,,
Critical_N40-4-20260913-16:10:50-1436,config,,,*.monitoringServer.app[1].typename,UdpSink,,,,,,,
Critical_N40-4-20260913-16:10:50-1436,config,,,*.monitoringServer.app[1].localPort,2000,,,,,,,
Critical_N40-4-20260913-16:10:50-1436,config,,,*.lamp*.numApps,0,,,,,,,
Critical_N40-4-20260913-16:10:50-1436,config,,,*.visualizer.routingTableVisualizer[0].displayRoutingTables,false,,,,,,,
Critical_N40-4-20260913-16:10:50-1436,config,,,*.visualizer.routingTableVisualizer[0].displayRoutesIndividually,false,,,,,,,
Critical_N40-4-20260913-16:10:50-1436,config,,,*.visualizer.routingTableVisualizer[0].lineShift,0,,,,,,,
Critical_N40-4-20260913-16:10:50-1436,config,,,*.visualizer.routingTableVisualizer[0].displayLabels,false,,,,,,,
Critical_N40-4-20260913-16:10:50-1436,config,,,*.visualizer.interfaceTableVisualizer[0].displayInterfaceTables,false,,,,,,,
Critical_N40-4-20260913-16:10:50-1436,config,,,*.visualizer.numDataLinkVisualizers,2,,,,,,,
Critical_N40-4-20260913-16:10:50-1436,config,,,*.visualizer.dataLinkVisualizer[*].displayLinks,true,,,,,,,
Critical_N40-4-20260913-16:10:50-1436,config,,,*.visualizer.dataLinkVisualizer[0].nodeFilter,"""sensor* or controller""",,,,,,,
Critical_N40-4-20260913-16:10:50-1436,config,,,*.visualizer.dataLinkVisualizer[1].*Color,"""blue""",,,,,,,
Critical_N40-4-20260913-16:10:50-1436,config,,,*.visualizer.dataLinkVisualizer[1].nodeFilter,"""lamp* or controller""",,,,,,,
Critical_N40-4-20260913-16:10:50-1436,config,,,*.visualizer.numStatisticVisualizers,2,,,,,,,
Critical_N40-4-20260913-16:10:50-1436,config,,,*.visualizer.statisticVisualizer[*].zIndex,1,,,,,,,
Critical_N40-4-20260913-16:10:50-1436,config,,,*.visualizer.statisticVisualizer[0].displayStatistics,true,,,,,,,
Critical_N40-4-20260913-16:10:50-1436,config,,,*.visualizer.statisticVisualizer[0].signalName,"""packetSent""",,,,,,,
Critical_N40-4-20260913-16:10:50-1436,config,,,*.visualizer.statisticVisualizer[0].statisticExpression,"""count""",,,,,,,
Critical_N40-4-20260913-16:10:50-1436,config,,,*.visualizer.statisticVisualizer[0].sourceFilter,"""**.controller.udp OR **.sensor*.udp""",,,,,,,
Critical_N40-4-20260913-16:10:50-1436,config,,,*.visualizer.statisticVisualizer[0].format,"""sent: %v pks""",,,,,,,
Critical_N40-4-20260913-16:10:50-1436,config,,,*.visualizer.statisticVisualizer[1].displayStatistics,true,,,,,,,
Critical_N40-4-20260913-16:10:50-1436,config,,,*.visualizer.statisticVisualizer[1].signalName,"""packetReceived""",,,,,,,
Critical_N40-4-20260913-16:10:50-1436,config,,,*.visualizer.statisticVisualizer[1].statisticExpression,"""count""",,,,,,,
Critical_N40-4-20260913-16:10:50-1436,config,,,*.visualizer.statisticVisualizer[1].sourceFilter,"""**.controller.udp OR **.lamp*.udp""",,,,,,,
Critical_N40-4-20260913-16:10:50-1436,config,,,*.visualizer.statisticVisualizer[1].format,"""rcvd: %v pks""",,,,,,,
Critical_N5-0-20260913-16:07:20-1049,runattr,,,configname,Critical_N5,,,,,,,
Critical_N5-0-20260913-16:07:20-1049,runattr,,,datetime,20260913-16:07:20,,,,,,,
Critical_N5-0-20260913-16:07:20-1049,runattr,,,datetimef,20260913-160720,,,,,,,
Critical_N5-0-20260913-16:07:20-1049,runattr,,,experiment,Critical_N5,,,,,,,
Critical_N5-0-20260913-16:07:20-1049,runattr,,,inifile,omnetpp.ini,,,,,,,
Critical_N5-0-20260913-16:07:20-1049,runattr,,,iterationvars,,,,,,,,
Critical_N5-0-20260913-16:07:20-1049,runattr,,,iterationvarsd,,,,,,,,
Critical_N5-0-20260913-16:07:20-1049,runattr,,,iterationvarsf,,,,,,,,
Critical_N5-0-20260913-16:07:20-1049,runattr,,,measurement,,,,,,,,
Critical_N5-0-20260913-16:07:20-1049,runattr,,,network,simulations.experiment3_critical_event.CriticalEventNetwork,,,,,,,
Critical_N5-0-20260913-16:07:20-1049,runattr,,,processid,1049,,,,,,,
Critical_N5-0-20260913-16:07:20-1049,runattr,,,repetition,0,,,,,,,
Critical_N5-0-20260913-16:07:20-1049,runattr,,,replication,#0,,,,,,,
Critical_N5-0-20260913-16:07:20-1049,runattr,,,resultdir,results,,,,,,,
Critical_N5-0-20260913-16:07:20-1049,runattr,,,runnumber,0,,,,,,,
Critical_N5-0-20260913-16:07:20-1049,runattr,,,seedset,0,,,,,,,
Critical_N5-0-20260913-16:07:20-1049,config,,,image-path,../../../inet-4.6.0/images,,,,,,,
Critical_N5-0-20260913-16:07:20-1049,config,,,extends,CriticalEventBase,,,,,,,
Critical_N5-0-20260913-16:07:20-1049,config,,,*.numSensors,5,,,,,,,
Critical_N5-0-20260913-16:07:20-1049,config,,,repeat,5,,,,,,,
Critical_N5-0-20260913-16:07:20-1049,config,,,seed-set,0,,,,,,,
Critical_N5-0-20260913-16:07:20-1049,config,,,extends,Ieee802154Power,,,,,,,
Critical_N5-0-20260913-16:07:20-1049,config,,,sim-time-limit,100s,,,,,,,
Critical_N5-0-20260913-16:07:20-1049,config,,,*.sensor[4].numApps,2,,,,,,,
Critical_N5-0-20260913-16:07:20-1049,config,,,*.sensor[4].app[1].typename,UdpBasicApp,,,,,,,
Critical_N5-0-20260913-16:07:20-1049,config,,,*.sensor[4].app[1].destAddresses,"""monitoringServer""",,,,,,,
Critical_N5-0-20260913-16:07:20-1049,config,,,*.sensor[4].app[1].destPort,2000,,,,,,,
Critical_N5-0-20260913-16:07:20-1049,config,,,*.sensor[4].app[1].startTime,50s,,,,,,,
Critical_N5-0-20260913-16:07:20-1049,config,,,*.sensor[4].app[1].stopTime,51s,,,,,,,
Critical_N5-0-20260913-16:07:20-1049,config,,,*.sensor[4].app[1].sendInterval,1000s,,,,,,,
Critical_N5-0-20260913-16:07:20-1049,config,,,*.sensor[4].app[1].messageLength,20B,,,,,,,
Critical_N5-0-20260913-16:07:20-1049,config,,,*.sensor[4].app[1].packetName,"""CriticalSmokeAlarm""",,,,,,,
Critical_N5-0-20260913-16:07:20-1049,config,,,*.sensor[4].app[1].packetSent.result-recording-modes,count,,,,,,,
Critical_N5-0-20260913-16:07:20-1049,config,,,*.monitoringServer.app[1].packetReceived.result-recording-modes,count,,,,,,,
Critical_N5-0-20260913-16:07:20-1049,config,,,*.monitoringServer.app[1].endToEndDelay.result-recording-modes,"+stats,+vector",,,,,,,
Critical_N5-0-20260913-16:07:20-1049,config,,,extends,Ieee802154,,,,,,,
Critical_N5-0-20260913-16:07:20-1049,config,,,sim-time-limit,600s,,,,,,,
Critical_N5-0-20260913-16:07:20-1049,config,,,*.sensor[*].app[0].packetSent.result-recording-modes,count,,,,,,,
Critical_N5-0-20260913-16:07:20-1049,config,,,*.monitoringServer.app[0].packetReceived.result-recording-modes,count,,,,,,,
Critical_N5-0-20260913-16:07:20-1049,config,,,*.monitoringServer.app[0].endToEndDelay.result-recording-modes,+stats,,,,,,,
Critical_N5-0-20260913-16:07:20-1049,config,,,*.monitoringServer.app[0].throughput.result-recording-modes,vector,,,,,,,
Critical_N5-0-20260913-16:07:20-1049,config,,,**.energyStorage.residualEnergyCapacity.result-recording-modes,+last,,,,,,,
Critical_N5-0-20260913-16:07:20-1049,config,,,network,simulations.experiment3_critical_event.CriticalEventNetwork,,,,,,,
Critical_N5-0-20260913-16:07:20-1049,config,,,**.arp.typename,GlobalArp,,,,,,,
Critical_N5-0-20260913-16:07:20-1049,config,,,**.netmaskRoutes,"""""",,,,,,,
Critical_N5-0-20260913-16:07:20-1049,config,,,*.radioMedium.backgroundNoise.power,-110dBm,,,,,,,
Critical_N5-0-20260913-16:07:20-1049,config,,,*.configurator.config,"xmldoc(""startopology.xml"")",,,,,,,
Critical_N5-0-20260913-16:07:20-1049,config,,,*.configurator.addStaticRoutes,false,,,,,,,
Critical_N5-0-20260913-16:07:20-1049,config,,,*.sensor[*].numApps,1,,,,,,,
Critical_N5-0-20260913-16:07:20-1049,config,,,*.sensor[*].app[0].typename,UdpBasicApp,,,,,,,
Critical_N5-0-20260913-16:07:20-1049,config,,,*.sensor[*].app[0].destAddresses,"""monitoringServer""",,,,,,,
Critical_N5-0-20260913-16:07:20-1049,config,,,*.sensor[*].app[0].destPort,1000,,,,,,,
Critical_N5-0-20260913-16:07:20-1049,config,,,*.sensor[*].app[0].sendInterval,10s,,,,,,,
Critical_N5-0-20260913-16:07:20-1049,config,,,*.sensor[*].app[0].startTime,"uniform(0s,10s)",,,,,,,
Critical_N5-0-20260913-16:07:20-1049,config,,,*.sensor[*].app[0].messageLength,50B,,,,,,,
Critical_N5-0-20260913-16:07:20-1049,config,,,*.sensor[*].app[0].packetName,"""PeriodicMonitoring""",,,,,,,
Critical_N5-0-20260913-16:07:20-1049,config,,,*.sensor[*].mobility.initFromDisplayString,false,,,,,,,
Critical_N5-0-20260913-16:07:20-1049,config,,,*.sensor[*].mobility.initialX,"uniform(1m, 19m)",,,,,,,
Critical_N5-0-20260913-16:07:20-1049,config,,,*.sensor[*].mobility.initialY,"uniform(1m, 19m)",,,,,,,
Critical_N5-0-20260913-16:07:20-1049,config,,,*.sensor[*].mobility.initialZ,0m,,,,,,,
Critical_N5-0-20260913-16:07:20-1049,config,,,*.controller.numApps,0,,,,,,,
Critical_N5-0-20260913-16:07:20-1049,config,,,*.monitoringServer.numApps,2,,,,,,,
Critical_N5-0-20260913-16:07:20-1049,config,,,*.monitoringServer.app[0].typename,UdpSink,,,,,,,
Critical_N5-0-20260913-16:07:20-1049,config,,,*.monitoringServer.app[0].localPort,1000,,,,,,,
Critical_N5-0-20260913-16:07:20-1049,config,,,*.monitoringServer.app[1].typename,UdpSink,,,,,,,
Critical_N5-0-20260913-16:07:20-1049,config,,,*.monitoringServer.app[1].localPort,2000,,,,,,,
Critical_N5-0-20260913-16:07:20-1049,config,,,*.lamp*.numApps,0,,,,,,,
Critical_N5-0-20260913-16:07:20-1049,config,,,*.visualizer.routingTableVisualizer[0].displayRoutingTables,false,,,,,,,
Critical_N5-0-20260913-16:07:20-1049,config,,,*.visualizer.routingTableVisualizer[0].displayRoutesIndividually,false,,,,,,,
Critical_N5-0-20260913-16:07:20-1049,config,,,*.visualizer.routingTableVisualizer[0].lineShift,0,,,,,,,
Critical_N5-0-20260913-16:07:20-1049,config,,,*.visualizer.routingTableVisualizer[0].displayLabels,false,,,,,,,
Critical_N5-0-20260913-16:07:20-1049,config,,,*.visualizer.interfaceTableVisualizer[0].displayInterfaceTables,false,,,,,,,
Critical_N5-0-20260913-16:07:20-1049,config,,,*.visualizer.numDataLinkVisualizers,2,,,,,,,
Critical_N5-0-20260913-16:07:20-1049,config,,,*.visualizer.dataLinkVisualizer[*].displayLinks,true,,,,,,,
Critical_N5-0-20260913-16:07:20-1049,config,,,*.visualizer.dataLinkVisualizer[0].nodeFilter,"""sensor* or controller""",,,,,,,
Critical_N5-0-20260913-16:07:20-1049,config,,,*.visualizer.dataLinkVisualizer[1].*Color,"""blue""",,,,,,,
Critical_N5-0-20260913-16:07:20-1049,config,,,*.visualizer.dataLinkVisualizer[1].nodeFilter,"""lamp* or controller""",,,,,,,
Critical_N5-0-20260913-16:07:20-1049,config,,,*.visualizer.numStatisticVisualizers,2,,,,,,,
Critical_N5-0-20260913-16:07:20-1049,config,,,*.visualizer.statisticVisualizer[*].zIndex,1,,,,,,,
Critical_N5-0-20260913-16:07:20-1049,config,,,*.visualizer.statisticVisualizer[0].displayStatistics,true,,,,,,,
Critical_N5-0-20260913-16:07:20-1049,config,,,*.visualizer.statisticVisualizer[0].signalName,"""packetSent""",,,,,,,
Critical_N5-0-20260913-16:07:20-1049,config,,,*.visualizer.statisticVisualizer[0].statisticExpression,"""count""",,,,,,,
Critical_N5-0-20260913-16:07:20-1049,config,,,*.visualizer.statisticVisualizer[0].sourceFilter,"""**.controller.udp OR **.sensor*.udp""",,,,,,,
Critical_N5-0-20260913-16:07:20-1049,config,,,*.visualizer.statisticVisualizer[0].format,"""sent: %v pks""",,,,,,,
Critical_N5-0-20260913-16:07:20-1049,config,,,*.visualizer.statisticVisualizer[1].displayStatistics,true,,,,,,,
Critical_N5-0-20260913-16:07:20-1049,config,,,*.visualizer.statisticVisualizer[1].signalName,"""packetReceived""",,,,,,,
Critical_N5-0-20260913-16:07:20-1049,config,,,*.visualizer.statisticVisualizer[1].statisticExpression,"""count""",,,,,,,
Critical_N5-0-20260913-16:07:20-1049,config,,,*.visualizer.statisticVisualizer[1].sourceFilter,"""**.controller.udp OR **.lamp*.udp""",,,,,,,
Critical_N5-0-20260913-16:07:20-1049,config,,,*.visualizer.statisticVisualizer[1].format,"""rcvd: %v pks""",,,,,,,
Critical_N5-1-20260913-16:07:21-1049,runattr,,,configname,Critical_N5,,,,,,,
Critical_N5-1-20260913-16:07:21-1049,runattr,,,datetime,20260913-16:07:21,,,,,,,
Critical_N5-1-20260913-16:07:21-1049,runattr,,,datetimef,20260913-160721,,,,,,,
Critical_N5-1-20260913-16:07:21-1049,runattr,,,experiment,Critical_N5,,,,,,,
Critical_N5-1-20260913-16:07:21-1049,runattr,,,inifile,omnetpp.ini,,,,,,,
Critical_N5-1-20260913-16:07:21-1049,runattr,,,iterationvars,,,,,,,,
Critical_N5-1-20260913-16:07:21-1049,runattr,,,iterationvarsd,,,,,,,,
Critical_N5-1-20260913-16:07:21-1049,runattr,,,iterationvarsf,,,,,,,,
Critical_N5-1-20260913-16:07:21-1049,runattr,,,measurement,,,,,,,,
Critical_N5-1-20260913-16:07:21-1049,runattr,,,network,simulations.experiment3_critical_event.CriticalEventNetwork,,,,,,,
Critical_N5-1-20260913-16:07:21-1049,runattr,,,processid,1049,,,,,,,
Critical_N5-1-20260913-16:07:21-1049,runattr,,,repetition,1,,,,,,,
Critical_N5-1-20260913-16:07:21-1049,runattr,,,replication,#1,,,,,,,
Critical_N5-1-20260913-16:07:21-1049,runattr,,,resultdir,results,,,,,,,
Critical_N5-1-20260913-16:07:21-1049,runattr,,,runnumber,1,,,,,,,
Critical_N5-1-20260913-16:07:21-1049,runattr,,,seedset,1,,,,,,,
Critical_N5-1-20260913-16:07:21-1049,config,,,image-path,../../../inet-4.6.0/images,,,,,,,
Critical_N5-1-20260913-16:07:21-1049,config,,,extends,CriticalEventBase,,,,,,,
Critical_N5-1-20260913-16:07:21-1049,config,,,*.numSensors,5,,,,,,,
Critical_N5-1-20260913-16:07:21-1049,config,,,repeat,5,,,,,,,
Critical_N5-1-20260913-16:07:21-1049,config,,,seed-set,1,,,,,,,
Critical_N5-1-20260913-16:07:21-1049,config,,,extends,Ieee802154Power,,,,,,,
Critical_N5-1-20260913-16:07:21-1049,config,,,sim-time-limit,100s,,,,,,,
Critical_N5-1-20260913-16:07:21-1049,config,,,*.sensor[4].numApps,2,,,,,,,
Critical_N5-1-20260913-16:07:21-1049,config,,,*.sensor[4].app[1].typename,UdpBasicApp,,,,,,,
Critical_N5-1-20260913-16:07:21-1049,config,,,*.sensor[4].app[1].destAddresses,"""monitoringServer""",,,,,,,
Critical_N5-1-20260913-16:07:21-1049,config,,,*.sensor[4].app[1].destPort,2000,,,,,,,
Critical_N5-1-20260913-16:07:21-1049,config,,,*.sensor[4].app[1].startTime,50s,,,,,,,
Critical_N5-1-20260913-16:07:21-1049,config,,,*.sensor[4].app[1].stopTime,51s,,,,,,,
Critical_N5-1-20260913-16:07:21-1049,config,,,*.sensor[4].app[1].sendInterval,1000s,,,,,,,
Critical_N5-1-20260913-16:07:21-1049,config,,,*.sensor[4].app[1].messageLength,20B,,,,,,,
Critical_N5-1-20260913-16:07:21-1049,config,,,*.sensor[4].app[1].packetName,"""CriticalSmokeAlarm""",,,,,,,
Critical_N5-1-20260913-16:07:21-1049,config,,,*.sensor[4].app[1].packetSent.result-recording-modes,count,,,,,,,
Critical_N5-1-20260913-16:07:21-1049,config,,,*.monitoringServer.app[1].packetReceived.result-recording-modes,count,,,,,,,
Critical_N5-1-20260913-16:07:21-1049,config,,,*.monitoringServer.app[1].endToEndDelay.result-recording-modes,"+stats,+vector",,,,,,,
Critical_N5-1-20260913-16:07:21-1049,config,,,extends,Ieee802154,,,,,,,
Critical_N5-1-20260913-16:07:21-1049,config,,,sim-time-limit,600s,,,,,,,
Critical_N5-1-20260913-16:07:21-1049,config,,,*.sensor[*].app[0].packetSent.result-recording-modes,count,,,,,,,
Critical_N5-1-20260913-16:07:21-1049,config,,,*.monitoringServer.app[0].packetReceived.result-recording-modes,count,,,,,,,
Critical_N5-1-20260913-16:07:21-1049,config,,,*.monitoringServer.app[0].endToEndDelay.result-recording-modes,+stats,,,,,,,
Critical_N5-1-20260913-16:07:21-1049,config,,,*.monitoringServer.app[0].throughput.result-recording-modes,vector,,,,,,,
Critical_N5-1-20260913-16:07:21-1049,config,,,**.energyStorage.residualEnergyCapacity.result-recording-modes,+last,,,,,,,
Critical_N5-1-20260913-16:07:21-1049,config,,,network,simulations.experiment3_critical_event.CriticalEventNetwork,,,,,,,
Critical_N5-1-20260913-16:07:21-1049,config,,,**.arp.typename,GlobalArp,,,,,,,
Critical_N5-1-20260913-16:07:21-1049,config,,,**.netmaskRoutes,"""""",,,,,,,
Critical_N5-1-20260913-16:07:21-1049,config,,,*.radioMedium.backgroundNoise.power,-110dBm,,,,,,,
Critical_N5-1-20260913-16:07:21-1049,config,,,*.configurator.config,"xmldoc(""startopology.xml"")",,,,,,,
Critical_N5-1-20260913-16:07:21-1049,config,,,*.configurator.addStaticRoutes,false,,,,,,,
Critical_N5-1-20260913-16:07:21-1049,config,,,*.sensor[*].numApps,1,,,,,,,
Critical_N5-1-20260913-16:07:21-1049,config,,,*.sensor[*].app[0].typename,UdpBasicApp,,,,,,,
Critical_N5-1-20260913-16:07:21-1049,config,,,*.sensor[*].app[0].destAddresses,"""monitoringServer""",,,,,,,
Critical_N5-1-20260913-16:07:21-1049,config,,,*.sensor[*].app[0].destPort,1000,,,,,,,
Critical_N5-1-20260913-16:07:21-1049,config,,,*.sensor[*].app[0].sendInterval,10s,,,,,,,
Critical_N5-1-20260913-16:07:21-1049,config,,,*.sensor[*].app[0].startTime,"uniform(0s,10s)",,,,,,,
Critical_N5-1-20260913-16:07:21-1049,config,,,*.sensor[*].app[0].messageLength,50B,,,,,,,
Critical_N5-1-20260913-16:07:21-1049,config,,,*.sensor[*].app[0].packetName,"""PeriodicMonitoring""",,,,,,,
Critical_N5-1-20260913-16:07:21-1049,config,,,*.sensor[*].mobility.initFromDisplayString,false,,,,,,,
Critical_N5-1-20260913-16:07:21-1049,config,,,*.sensor[*].mobility.initialX,"uniform(1m, 19m)",,,,,,,
Critical_N5-1-20260913-16:07:21-1049,config,,,*.sensor[*].mobility.initialY,"uniform(1m, 19m)",,,,,,,
Critical_N5-1-20260913-16:07:21-1049,config,,,*.sensor[*].mobility.initialZ,0m,,,,,,,
Critical_N5-1-20260913-16:07:21-1049,config,,,*.controller.numApps,0,,,,,,,
Critical_N5-1-20260913-16:07:21-1049,config,,,*.monitoringServer.numApps,2,,,,,,,
Critical_N5-1-20260913-16:07:21-1049,config,,,*.monitoringServer.app[0].typename,UdpSink,,,,,,,
Critical_N5-1-20260913-16:07:21-1049,config,,,*.monitoringServer.app[0].localPort,1000,,,,,,,
Critical_N5-1-20260913-16:07:21-1049,config,,,*.monitoringServer.app[1].typename,UdpSink,,,,,,,
Critical_N5-1-20260913-16:07:21-1049,config,,,*.monitoringServer.app[1].localPort,2000,,,,,,,
Critical_N5-1-20260913-16:07:21-1049,config,,,*.lamp*.numApps,0,,,,,,,
Critical_N5-1-20260913-16:07:21-1049,config,,,*.visualizer.routingTableVisualizer[0].displayRoutingTables,false,,,,,,,
Critical_N5-1-20260913-16:07:21-1049,config,,,*.visualizer.routingTableVisualizer[0].displayRoutesIndividually,false,,,,,,,
Critical_N5-1-20260913-16:07:21-1049,config,,,*.visualizer.routingTableVisualizer[0].lineShift,0,,,,,,,
Critical_N5-1-20260913-16:07:21-1049,config,,,*.visualizer.routingTableVisualizer[0].displayLabels,false,,,,,,,
Critical_N5-1-20260913-16:07:21-1049,config,,,*.visualizer.interfaceTableVisualizer[0].displayInterfaceTables,false,,,,,,,
Critical_N5-1-20260913-16:07:21-1049,config,,,*.visualizer.numDataLinkVisualizers,2,,,,,,,
Critical_N5-1-20260913-16:07:21-1049,config,,,*.visualizer.dataLinkVisualizer[*].displayLinks,true,,,,,,,
Critical_N5-1-20260913-16:07:21-1049,config,,,*.visualizer.dataLinkVisualizer[0].nodeFilter,"""sensor* or controller""",,,,,,,
Critical_N5-1-20260913-16:07:21-1049,config,,,*.visualizer.dataLinkVisualizer[1].*Color,"""blue""",,,,,,,
Critical_N5-1-20260913-16:07:21-1049,config,,,*.visualizer.dataLinkVisualizer[1].nodeFilter,"""lamp* or controller""",,,,,,,
Critical_N5-1-20260913-16:07:21-1049,config,,,*.visualizer.numStatisticVisualizers,2,,,,,,,
Critical_N5-1-20260913-16:07:21-1049,config,,,*.visualizer.statisticVisualizer[*].zIndex,1,,,,,,,
Critical_N5-1-20260913-16:07:21-1049,config,,,*.visualizer.statisticVisualizer[0].displayStatistics,true,,,,,,,
Critical_N5-1-20260913-16:07:21-1049,config,,,*.visualizer.statisticVisualizer[0].signalName,"""packetSent""",,,,,,,
Critical_N5-1-20260913-16:07:21-1049,config,,,*.visualizer.statisticVisualizer[0].statisticExpression,"""count""",,,,,,,
Critical_N5-1-20260913-16:07:21-1049,config,,,*.visualizer.statisticVisualizer[0].sourceFilter,"""**.controller.udp OR **.sensor*.udp""",,,,,,,
Critical_N5-1-20260913-16:07:21-1049,config,,,*.visualizer.statisticVisualizer[0].format,"""sent: %v pks""",,,,,,,
Critical_N5-1-20260913-16:07:21-1049,config,,,*.visualizer.statisticVisualizer[1].displayStatistics,true,,,,,,,
Critical_N5-1-20260913-16:07:21-1049,config,,,*.visualizer.statisticVisualizer[1].signalName,"""packetReceived""",,,,,,,
Critical_N5-1-20260913-16:07:21-1049,config,,,*.visualizer.statisticVisualizer[1].statisticExpression,"""count""",,,,,,,
Critical_N5-1-20260913-16:07:21-1049,config,,,*.visualizer.statisticVisualizer[1].sourceFilter,"""**.controller.udp OR **.lamp*.udp""",,,,,,,
Critical_N5-1-20260913-16:07:21-1049,config,,,*.visualizer.statisticVisualizer[1].format,"""rcvd: %v pks""",,,,,,,
Critical_N5-2-20260913-16:07:21-1049,runattr,,,configname,Critical_N5,,,,,,,
Critical_N5-2-20260913-16:07:21-1049,runattr,,,datetime,20260913-16:07:21,,,,,,,
Critical_N5-2-20260913-16:07:21-1049,runattr,,,datetimef,20260913-160721,,,,,,,
Critical_N5-2-20260913-16:07:21-1049,runattr,,,experiment,Critical_N5,,,,,,,
Critical_N5-2-20260913-16:07:21-1049,runattr,,,inifile,omnetpp.ini,,,,,,,
Critical_N5-2-20260913-16:07:21-1049,runattr,,,iterationvars,,,,,,,,
Critical_N5-2-20260913-16:07:21-1049,runattr,,,iterationvarsd,,,,,,,,
Critical_N5-2-20260913-16:07:21-1049,runattr,,,iterationvarsf,,,,,,,,
Critical_N5-2-20260913-16:07:21-1049,runattr,,,measurement,,,,,,,,
Critical_N5-2-20260913-16:07:21-1049,runattr,,,network,simulations.experiment3_critical_event.CriticalEventNetwork,,,,,,,
Critical_N5-2-20260913-16:07:21-1049,runattr,,,processid,1049,,,,,,,
Critical_N5-2-20260913-16:07:21-1049,runattr,,,repetition,2,,,,,,,
Critical_N5-2-20260913-16:07:21-1049,runattr,,,replication,#2,,,,,,,
Critical_N5-2-20260913-16:07:21-1049,runattr,,,resultdir,results,,,,,,,
Critical_N5-2-20260913-16:07:21-1049,runattr,,,runnumber,2,,,,,,,
Critical_N5-2-20260913-16:07:21-1049,runattr,,,seedset,2,,,,,,,
Critical_N5-2-20260913-16:07:21-1049,config,,,image-path,../../../inet-4.6.0/images,,,,,,,
Critical_N5-2-20260913-16:07:21-1049,config,,,extends,CriticalEventBase,,,,,,,
Critical_N5-2-20260913-16:07:21-1049,config,,,*.numSensors,5,,,,,,,
Critical_N5-2-20260913-16:07:21-1049,config,,,repeat,5,,,,,,,
Critical_N5-2-20260913-16:07:21-1049,config,,,seed-set,2,,,,,,,
Critical_N5-2-20260913-16:07:21-1049,config,,,extends,Ieee802154Power,,,,,,,
Critical_N5-2-20260913-16:07:21-1049,config,,,sim-time-limit,100s,,,,,,,
Critical_N5-2-20260913-16:07:21-1049,config,,,*.sensor[4].numApps,2,,,,,,,
Critical_N5-2-20260913-16:07:21-1049,config,,,*.sensor[4].app[1].typename,UdpBasicApp,,,,,,,
Critical_N5-2-20260913-16:07:21-1049,config,,,*.sensor[4].app[1].destAddresses,"""monitoringServer""",,,,,,,
Critical_N5-2-20260913-16:07:21-1049,config,,,*.sensor[4].app[1].destPort,2000,,,,,,,
Critical_N5-2-20260913-16:07:21-1049,config,,,*.sensor[4].app[1].startTime,50s,,,,,,,
Critical_N5-2-20260913-16:07:21-1049,config,,,*.sensor[4].app[1].stopTime,51s,,,,,,,
Critical_N5-2-20260913-16:07:21-1049,config,,,*.sensor[4].app[1].sendInterval,1000s,,,,,,,
Critical_N5-2-20260913-16:07:21-1049,config,,,*.sensor[4].app[1].messageLength,20B,,,,,,,
Critical_N5-2-20260913-16:07:21-1049,config,,,*.sensor[4].app[1].packetName,"""CriticalSmokeAlarm""",,,,,,,
Critical_N5-2-20260913-16:07:21-1049,config,,,*.sensor[4].app[1].packetSent.result-recording-modes,count,,,,,,,
Critical_N5-2-20260913-16:07:21-1049,config,,,*.monitoringServer.app[1].packetReceived.result-recording-modes,count,,,,,,,
Critical_N5-2-20260913-16:07:21-1049,config,,,*.monitoringServer.app[1].endToEndDelay.result-recording-modes,"+stats,+vector",,,,,,,
Critical_N5-2-20260913-16:07:21-1049,config,,,extends,Ieee802154,,,,,,,
Critical_N5-2-20260913-16:07:21-1049,config,,,sim-time-limit,600s,,,,,,,
Critical_N5-2-20260913-16:07:21-1049,config,,,*.sensor[*].app[0].packetSent.result-recording-modes,count,,,,,,,
Critical_N5-2-20260913-16:07:21-1049,config,,,*.monitoringServer.app[0].packetReceived.result-recording-modes,count,,,,,,,
Critical_N5-2-20260913-16:07:21-1049,config,,,*.monitoringServer.app[0].endToEndDelay.result-recording-modes,+stats,,,,,,,
Critical_N5-2-20260913-16:07:21-1049,config,,,*.monitoringServer.app[0].throughput.result-recording-modes,vector,,,,,,,
Critical_N5-2-20260913-16:07:21-1049,config,,,**.energyStorage.residualEnergyCapacity.result-recording-modes,+last,,,,,,,
Critical_N5-2-20260913-16:07:21-1049,config,,,network,simulations.experiment3_critical_event.CriticalEventNetwork,,,,,,,
Critical_N5-2-20260913-16:07:21-1049,config,,,**.arp.typename,GlobalArp,,,,,,,
Critical_N5-2-20260913-16:07:21-1049,config,,,**.netmaskRoutes,"""""",,,,,,,
Critical_N5-2-20260913-16:07:21-1049,config,,,*.radioMedium.backgroundNoise.power,-110dBm,,,,,,,
Critical_N5-2-20260913-16:07:21-1049,config,,,*.configurator.config,"xmldoc(""startopology.xml"")",,,,,,,
Critical_N5-2-20260913-16:07:21-1049,config,,,*.configurator.addStaticRoutes,false,,,,,,,
Critical_N5-2-20260913-16:07:21-1049,config,,,*.sensor[*].numApps,1,,,,,,,
Critical_N5-2-20260913-16:07:21-1049,config,,,*.sensor[*].app[0].typename,UdpBasicApp,,,,,,,
Critical_N5-2-20260913-16:07:21-1049,config,,,*.sensor[*].app[0].destAddresses,"""monitoringServer""",,,,,,,
Critical_N5-2-20260913-16:07:21-1049,config,,,*.sensor[*].app[0].destPort,1000,,,,,,,
Critical_N5-2-20260913-16:07:21-1049,config,,,*.sensor[*].app[0].sendInterval,10s,,,,,,,
Critical_N5-2-20260913-16:07:21-1049,config,,,*.sensor[*].app[0].startTime,"uniform(0s,10s)",,,,,,,
Critical_N5-2-20260913-16:07:21-1049,config,,,*.sensor[*].app[0].messageLength,50B,,,,,,,
Critical_N5-2-20260913-16:07:21-1049,config,,,*.sensor[*].app[0].packetName,"""PeriodicMonitoring""",,,,,,,
Critical_N5-2-20260913-16:07:21-1049,config,,,*.sensor[*].mobility.initFromDisplayString,false,,,,,,,
Critical_N5-2-20260913-16:07:21-1049,config,,,*.sensor[*].mobility.initialX,"uniform(1m, 19m)",,,,,,,
Critical_N5-2-20260913-16:07:21-1049,config,,,*.sensor[*].mobility.initialY,"uniform(1m, 19m)",,,,,,,
Critical_N5-2-20260913-16:07:21-1049,config,,,*.sensor[*].mobility.initialZ,0m,,,,,,,
Critical_N5-2-20260913-16:07:21-1049,config,,,*.controller.numApps,0,,,,,,,
Critical_N5-2-20260913-16:07:21-1049,config,,,*.monitoringServer.numApps,2,,,,,,,
Critical_N5-2-20260913-16:07:21-1049,config,,,*.monitoringServer.app[0].typename,UdpSink,,,,,,,
Critical_N5-2-20260913-16:07:21-1049,config,,,*.monitoringServer.app[0].localPort,1000,,,,,,,
Critical_N5-2-20260913-16:07:21-1049,config,,,*.monitoringServer.app[1].typename,UdpSink,,,,,,,
Critical_N5-2-20260913-16:07:21-1049,config,,,*.monitoringServer.app[1].localPort,2000,,,,,,,
Critical_N5-2-20260913-16:07:21-1049,config,,,*.lamp*.numApps,0,,,,,,,
Critical_N5-2-20260913-16:07:21-1049,config,,,*.visualizer.routingTableVisualizer[0].displayRoutingTables,false,,,,,,,
Critical_N5-2-20260913-16:07:21-1049,config,,,*.visualizer.routingTableVisualizer[0].displayRoutesIndividually,false,,,,,,,
Critical_N5-2-20260913-16:07:21-1049,config,,,*.visualizer.routingTableVisualizer[0].lineShift,0,,,,,,,
Critical_N5-2-20260913-16:07:21-1049,config,,,*.visualizer.routingTableVisualizer[0].displayLabels,false,,,,,,,
Critical_N5-2-20260913-16:07:21-1049,config,,,*.visualizer.interfaceTableVisualizer[0].displayInterfaceTables,false,,,,,,,
Critical_N5-2-20260913-16:07:21-1049,config,,,*.visualizer.numDataLinkVisualizers,2,,,,,,,
Critical_N5-2-20260913-16:07:21-1049,config,,,*.visualizer.dataLinkVisualizer[*].displayLinks,true,,,,,,,
Critical_N5-2-20260913-16:07:21-1049,config,,,*.visualizer.dataLinkVisualizer[0].nodeFilter,"""sensor* or controller""",,,,,,,
Critical_N5-2-20260913-16:07:21-1049,config,,,*.visualizer.dataLinkVisualizer[1].*Color,"""blue""",,,,,,,
Critical_N5-2-20260913-16:07:21-1049,config,,,*.visualizer.dataLinkVisualizer[1].nodeFilter,"""lamp* or controller""",,,,,,,
Critical_N5-2-20260913-16:07:21-1049,config,,,*.visualizer.numStatisticVisualizers,2,,,,,,,
Critical_N5-2-20260913-16:07:21-1049,config,,,*.visualizer.statisticVisualizer[*].zIndex,1,,,,,,,
Critical_N5-2-20260913-16:07:21-1049,config,,,*.visualizer.statisticVisualizer[0].displayStatistics,true,,,,,,,
Critical_N5-2-20260913-16:07:21-1049,config,,,*.visualizer.statisticVisualizer[0].signalName,"""packetSent""",,,,,,,
Critical_N5-2-20260913-16:07:21-1049,config,,,*.visualizer.statisticVisualizer[0].statisticExpression,"""count""",,,,,,,
Critical_N5-2-20260913-16:07:21-1049,config,,,*.visualizer.statisticVisualizer[0].sourceFilter,"""**.controller.udp OR **.sensor*.udp""",,,,,,,
Critical_N5-2-20260913-16:07:21-1049,config,,,*.visualizer.statisticVisualizer[0].format,"""sent: %v pks""",,,,,,,
Critical_N5-2-20260913-16:07:21-1049,config,,,*.visualizer.statisticVisualizer[1].displayStatistics,true,,,,,,,
Critical_N5-2-20260913-16:07:21-1049,config,,,*.visualizer.statisticVisualizer[1].signalName,"""packetReceived""",,,,,,,
Critical_N5-2-20260913-16:07:21-1049,config,,,*.visualizer.statisticVisualizer[1].statisticExpression,"""count""",,,,,,,
Critical_N5-2-20260913-16:07:21-1049,config,,,*.visualizer.statisticVisualizer[1].sourceFilter,"""**.controller.udp OR **.lamp*.udp""",,,,,,,
Critical_N5-2-20260913-16:07:21-1049,config,,,*.visualizer.statisticVisualizer[1].format,"""rcvd: %v pks""",,,,,,,
Critical_N5-3-20260913-16:07:22-1049,runattr,,,configname,Critical_N5,,,,,,,
Critical_N5-3-20260913-16:07:22-1049,runattr,,,datetime,20260913-16:07:22,,,,,,,
Critical_N5-3-20260913-16:07:22-1049,runattr,,,datetimef,20260913-160722,,,,,,,
Critical_N5-3-20260913-16:07:22-1049,runattr,,,experiment,Critical_N5,,,,,,,
Critical_N5-3-20260913-16:07:22-1049,runattr,,,inifile,omnetpp.ini,,,,,,,
Critical_N5-3-20260913-16:07:22-1049,runattr,,,iterationvars,,,,,,,,
Critical_N5-3-20260913-16:07:22-1049,runattr,,,iterationvarsd,,,,,,,,
Critical_N5-3-20260913-16:07:22-1049,runattr,,,iterationvarsf,,,,,,,,
Critical_N5-3-20260913-16:07:22-1049,runattr,,,measurement,,,,,,,,
Critical_N5-3-20260913-16:07:22-1049,runattr,,,network,simulations.experiment3_critical_event.CriticalEventNetwork,,,,,,,
Critical_N5-3-20260913-16:07:22-1049,runattr,,,processid,1049,,,,,,,
Critical_N5-3-20260913-16:07:22-1049,runattr,,,repetition,3,,,,,,,
Critical_N5-3-20260913-16:07:22-1049,runattr,,,replication,#3,,,,,,,
Critical_N5-3-20260913-16:07:22-1049,runattr,,,resultdir,results,,,,,,,
Critical_N5-3-20260913-16:07:22-1049,runattr,,,runnumber,3,,,,,,,
Critical_N5-3-20260913-16:07:22-1049,runattr,,,seedset,3,,,,,,,
Critical_N5-3-20260913-16:07:22-1049,config,,,image-path,../../../inet-4.6.0/images,,,,,,,
Critical_N5-3-20260913-16:07:22-1049,config,,,extends,CriticalEventBase,,,,,,,
Critical_N5-3-20260913-16:07:22-1049,config,,,*.numSensors,5,,,,,,,
Critical_N5-3-20260913-16:07:22-1049,config,,,repeat,5,,,,,,,
Critical_N5-3-20260913-16:07:22-1049,config,,,seed-set,3,,,,,,,
Critical_N5-3-20260913-16:07:22-1049,config,,,extends,Ieee802154Power,,,,,,,
Critical_N5-3-20260913-16:07:22-1049,config,,,sim-time-limit,100s,,,,,,,
Critical_N5-3-20260913-16:07:22-1049,config,,,*.sensor[4].numApps,2,,,,,,,
Critical_N5-3-20260913-16:07:22-1049,config,,,*.sensor[4].app[1].typename,UdpBasicApp,,,,,,,
Critical_N5-3-20260913-16:07:22-1049,config,,,*.sensor[4].app[1].destAddresses,"""monitoringServer""",,,,,,,
Critical_N5-3-20260913-16:07:22-1049,config,,,*.sensor[4].app[1].destPort,2000,,,,,,,
Critical_N5-3-20260913-16:07:22-1049,config,,,*.sensor[4].app[1].startTime,50s,,,,,,,
Critical_N5-3-20260913-16:07:22-1049,config,,,*.sensor[4].app[1].stopTime,51s,,,,,,,
Critical_N5-3-20260913-16:07:22-1049,config,,,*.sensor[4].app[1].sendInterval,1000s,,,,,,,
Critical_N5-3-20260913-16:07:22-1049,config,,,*.sensor[4].app[1].messageLength,20B,,,,,,,
Critical_N5-3-20260913-16:07:22-1049,config,,,*.sensor[4].app[1].packetName,"""CriticalSmokeAlarm""",,,,,,,
Critical_N5-3-20260913-16:07:22-1049,config,,,*.sensor[4].app[1].packetSent.result-recording-modes,count,,,,,,,
Critical_N5-3-20260913-16:07:22-1049,config,,,*.monitoringServer.app[1].packetReceived.result-recording-modes,count,,,,,,,
Critical_N5-3-20260913-16:07:22-1049,config,,,*.monitoringServer.app[1].endToEndDelay.result-recording-modes,"+stats,+vector",,,,,,,
Critical_N5-3-20260913-16:07:22-1049,config,,,extends,Ieee802154,,,,,,,
Critical_N5-3-20260913-16:07:22-1049,config,,,sim-time-limit,600s,,,,,,,
Critical_N5-3-20260913-16:07:22-1049,config,,,*.sensor[*].app[0].packetSent.result-recording-modes,count,,,,,,,
Critical_N5-3-20260913-16:07:22-1049,config,,,*.monitoringServer.app[0].packetReceived.result-recording-modes,count,,,,,,,
Critical_N5-3-20260913-16:07:22-1049,config,,,*.monitoringServer.app[0].endToEndDelay.result-recording-modes,+stats,,,,,,,
Critical_N5-3-20260913-16:07:22-1049,config,,,*.monitoringServer.app[0].throughput.result-recording-modes,vector,,,,,,,
Critical_N5-3-20260913-16:07:22-1049,config,,,**.energyStorage.residualEnergyCapacity.result-recording-modes,+last,,,,,,,
Critical_N5-3-20260913-16:07:22-1049,config,,,network,simulations.experiment3_critical_event.CriticalEventNetwork,,,,,,,
Critical_N5-3-20260913-16:07:22-1049,config,,,**.arp.typename,GlobalArp,,,,,,,
Critical_N5-3-20260913-16:07:22-1049,config,,,**.netmaskRoutes,"""""",,,,,,,
Critical_N5-3-20260913-16:07:22-1049,config,,,*.radioMedium.backgroundNoise.power,-110dBm,,,,,,,
Critical_N5-3-20260913-16:07:22-1049,config,,,*.configurator.config,"xmldoc(""startopology.xml"")",,,,,,,
Critical_N5-3-20260913-16:07:22-1049,config,,,*.configurator.addStaticRoutes,false,,,,,,,
Critical_N5-3-20260913-16:07:22-1049,config,,,*.sensor[*].numApps,1,,,,,,,
Critical_N5-3-20260913-16:07:22-1049,config,,,*.sensor[*].app[0].typename,UdpBasicApp,,,,,,,
Critical_N5-3-20260913-16:07:22-1049,config,,,*.sensor[*].app[0].destAddresses,"""monitoringServer""",,,,,,,
Critical_N5-3-20260913-16:07:22-1049,config,,,*.sensor[*].app[0].destPort,1000,,,,,,,
Critical_N5-3-20260913-16:07:22-1049,config,,,*.sensor[*].app[0].sendInterval,10s,,,,,,,
Critical_N5-3-20260913-16:07:22-1049,config,,,*.sensor[*].app[0].startTime,"uniform(0s,10s)",,,,,,,
Critical_N5-3-20260913-16:07:22-1049,config,,,*.sensor[*].app[0].messageLength,50B,,,,,,,
Critical_N5-3-20260913-16:07:22-1049,config,,,*.sensor[*].app[0].packetName,"""PeriodicMonitoring""",,,,,,,
Critical_N5-3-20260913-16:07:22-1049,config,,,*.sensor[*].mobility.initFromDisplayString,false,,,,,,,
Critical_N5-3-20260913-16:07:22-1049,config,,,*.sensor[*].mobility.initialX,"uniform(1m, 19m)",,,,,,,
Critical_N5-3-20260913-16:07:22-1049,config,,,*.sensor[*].mobility.initialY,"uniform(1m, 19m)",,,,,,,
Critical_N5-3-20260913-16:07:22-1049,config,,,*.sensor[*].mobility.initialZ,0m,,,,,,,
Critical_N5-3-20260913-16:07:22-1049,config,,,*.controller.numApps,0,,,,,,,
Critical_N5-3-20260913-16:07:22-1049,config,,,*.monitoringServer.numApps,2,,,,,,,
Critical_N5-3-20260913-16:07:22-1049,config,,,*.monitoringServer.app[0].typename,UdpSink,,,,,,,
Critical_N5-3-20260913-16:07:22-1049,config,,,*.monitoringServer.app[0].localPort,1000,,,,,,,
Critical_N5-3-20260913-16:07:22-1049,config,,,*.monitoringServer.app[1].typename,UdpSink,,,,,,,
Critical_N5-3-20260913-16:07:22-1049,config,,,*.monitoringServer.app[1].localPort,2000,,,,,,,
Critical_N5-3-20260913-16:07:22-1049,config,,,*.lamp*.numApps,0,,,,,,,
Critical_N5-3-20260913-16:07:22-1049,config,,,*.visualizer.routingTableVisualizer[0].displayRoutingTables,false,,,,,,,
Critical_N5-3-20260913-16:07:22-1049,config,,,*.visualizer.routingTableVisualizer[0].displayRoutesIndividually,false,,,,,,,
Critical_N5-3-20260913-16:07:22-1049,config,,,*.visualizer.routingTableVisualizer[0].lineShift,0,,,,,,,
Critical_N5-3-20260913-16:07:22-1049,config,,,*.visualizer.routingTableVisualizer[0].displayLabels,false,,,,,,,
Critical_N5-3-20260913-16:07:22-1049,config,,,*.visualizer.interfaceTableVisualizer[0].displayInterfaceTables,false,,,,,,,
Critical_N5-3-20260913-16:07:22-1049,config,,,*.visualizer.numDataLinkVisualizers,2,,,,,,,
Critical_N5-3-20260913-16:07:22-1049,config,,,*.visualizer.dataLinkVisualizer[*].displayLinks,true,,,,,,,
Critical_N5-3-20260913-16:07:22-1049,config,,,*.visualizer.dataLinkVisualizer[0].nodeFilter,"""sensor* or controller""",,,,,,,
Critical_N5-3-20260913-16:07:22-1049,config,,,*.visualizer.dataLinkVisualizer[1].*Color,"""blue""",,,,,,,
Critical_N5-3-20260913-16:07:22-1049,config,,,*.visualizer.dataLinkVisualizer[1].nodeFilter,"""lamp* or controller""",,,,,,,
Critical_N5-3-20260913-16:07:22-1049,config,,,*.visualizer.numStatisticVisualizers,2,,,,,,,
Critical_N5-3-20260913-16:07:22-1049,config,,,*.visualizer.statisticVisualizer[*].zIndex,1,,,,,,,
Critical_N5-3-20260913-16:07:22-1049,config,,,*.visualizer.statisticVisualizer[0].displayStatistics,true,,,,,,,
Critical_N5-3-20260913-16:07:22-1049,config,,,*.visualizer.statisticVisualizer[0].signalName,"""packetSent""",,,,,,,
Critical_N5-3-20260913-16:07:22-1049,config,,,*.visualizer.statisticVisualizer[0].statisticExpression,"""count""",,,,,,,
Critical_N5-3-20260913-16:07:22-1049,config,,,*.visualizer.statisticVisualizer[0].sourceFilter,"""**.controller.udp OR **.sensor*.udp""",,,,,,,
Critical_N5-3-20260913-16:07:22-1049,config,,,*.visualizer.statisticVisualizer[0].format,"""sent: %v pks""",,,,,,,
Critical_N5-3-20260913-16:07:22-1049,config,,,*.visualizer.statisticVisualizer[1].displayStatistics,true,,,,,,,
Critical_N5-3-20260913-16:07:22-1049,config,,,*.visualizer.statisticVisualizer[1].signalName,"""packetReceived""",,,,,,,
Critical_N5-3-20260913-16:07:22-1049,config,,,*.visualizer.statisticVisualizer[1].statisticExpression,"""count""",,,,,,,
Critical_N5-3-20260913-16:07:22-1049,config,,,*.visualizer.statisticVisualizer[1].sourceFilter,"""**.controller.udp OR **.lamp*.udp""",,,,,,,
Critical_N5-3-20260913-16:07:22-1049,config,,,*.visualizer.statisticVisualizer[1].format,"""rcvd: %v pks""",,,,,,,
Critical_N5-4-20260913-16:07:22-1049,runattr,,,configname,Critical_N5,,,,,,,
Critical_N5-4-20260913-16:07:22-1049,runattr,,,datetime,20260913-16:07:22,,,,,,,
Critical_N5-4-20260913-16:07:22-1049,runattr,,,datetimef,20260913-160722,,,,,,,
Critical_N5-4-20260913-16:07:22-1049,runattr,,,experiment,Critical_N5,,,,,,,
Critical_N5-4-20260913-16:07:22-1049,runattr,,,inifile,omnetpp.ini,,,,,,,
Critical_N5-4-20260913-16:07:22-1049,runattr,,,iterationvars,,,,,,,,
Critical_N5-4-20260913-16:07:22-1049,runattr,,,iterationvarsd,,,,,,,,
Critical_N5-4-20260913-16:07:22-1049,runattr,,,iterationvarsf,,,,,,,,
Critical_N5-4-20260913-16:07:22-1049,runattr,,,measurement,,,,,,,,
Critical_N5-4-20260913-16:07:22-1049,runattr,,,network,simulations.experiment3_critical_event.CriticalEventNetwork,,,,,,,
Critical_N5-4-20260913-16:07:22-1049,runattr,,,processid,1049,,,,,,,
Critical_N5-4-20260913-16:07:22-1049,runattr,,,repetition,4,,,,,,,
Critical_N5-4-20260913-16:07:22-1049,runattr,,,replication,#4,,,,,,,
Critical_N5-4-20260913-16:07:22-1049,runattr,,,resultdir,results,,,,,,,
Critical_N5-4-20260913-16:07:22-1049,runattr,,,runnumber,4,,,,,,,
Critical_N5-4-20260913-16:07:22-1049,runattr,,,seedset,4,,,,,,,
Critical_N5-4-20260913-16:07:22-1049,config,,,image-path,../../../inet-4.6.0/images,,,,,,,
Critical_N5-4-20260913-16:07:22-1049,config,,,extends,CriticalEventBase,,,,,,,
Critical_N5-4-20260913-16:07:22-1049,config,,,*.numSensors,5,,,,,,,
Critical_N5-4-20260913-16:07:22-1049,config,,,repeat,5,,,,,,,
Critical_N5-4-20260913-16:07:22-1049,config,,,seed-set,4,,,,,,,
Critical_N5-4-20260913-16:07:22-1049,config,,,extends,Ieee802154Power,,,,,,,
Critical_N5-4-20260913-16:07:22-1049,config,,,sim-time-limit,100s,,,,,,,
Critical_N5-4-20260913-16:07:22-1049,config,,,*.sensor[4].numApps,2,,,,,,,
Critical_N5-4-20260913-16:07:22-1049,config,,,*.sensor[4].app[1].typename,UdpBasicApp,,,,,,,
Critical_N5-4-20260913-16:07:22-1049,config,,,*.sensor[4].app[1].destAddresses,"""monitoringServer""",,,,,,,
Critical_N5-4-20260913-16:07:22-1049,config,,,*.sensor[4].app[1].destPort,2000,,,,,,,
Critical_N5-4-20260913-16:07:22-1049,config,,,*.sensor[4].app[1].startTime,50s,,,,,,,
Critical_N5-4-20260913-16:07:22-1049,config,,,*.sensor[4].app[1].stopTime,51s,,,,,,,
Critical_N5-4-20260913-16:07:22-1049,config,,,*.sensor[4].app[1].sendInterval,1000s,,,,,,,
Critical_N5-4-20260913-16:07:22-1049,config,,,*.sensor[4].app[1].messageLength,20B,,,,,,,
Critical_N5-4-20260913-16:07:22-1049,config,,,*.sensor[4].app[1].packetName,"""CriticalSmokeAlarm""",,,,,,,
Critical_N5-4-20260913-16:07:22-1049,config,,,*.sensor[4].app[1].packetSent.result-recording-modes,count,,,,,,,
Critical_N5-4-20260913-16:07:22-1049,config,,,*.monitoringServer.app[1].packetReceived.result-recording-modes,count,,,,,,,
Critical_N5-4-20260913-16:07:22-1049,config,,,*.monitoringServer.app[1].endToEndDelay.result-recording-modes,"+stats,+vector",,,,,,,
Critical_N5-4-20260913-16:07:22-1049,config,,,extends,Ieee802154,,,,,,,
Critical_N5-4-20260913-16:07:22-1049,config,,,sim-time-limit,600s,,,,,,,
Critical_N5-4-20260913-16:07:22-1049,config,,,*.sensor[*].app[0].packetSent.result-recording-modes,count,,,,,,,
Critical_N5-4-20260913-16:07:22-1049,config,,,*.monitoringServer.app[0].packetReceived.result-recording-modes,count,,,,,,,
Critical_N5-4-20260913-16:07:22-1049,config,,,*.monitoringServer.app[0].endToEndDelay.result-recording-modes,+stats,,,,,,,
Critical_N5-4-20260913-16:07:22-1049,config,,,*.monitoringServer.app[0].throughput.result-recording-modes,vector,,,,,,,
Critical_N5-4-20260913-16:07:22-1049,config,,,**.energyStorage.residualEnergyCapacity.result-recording-modes,+last,,,,,,,
Critical_N5-4-20260913-16:07:22-1049,config,,,network,simulations.experiment3_critical_event.CriticalEventNetwork,,,,,,,
Critical_N5-4-20260913-16:07:22-1049,config,,,**.arp.typename,GlobalArp,,,,,,,
Critical_N5-4-20260913-16:07:22-1049,config,,,**.netmaskRoutes,"""""",,,,,,,
Critical_N5-4-20260913-16:07:22-1049,config,,,*.radioMedium.backgroundNoise.power,-110dBm,,,,,,,
Critical_N5-4-20260913-16:07:22-1049,config,,,*.configurator.config,"xmldoc(""startopology.xml"")",,,,,,,
Critical_N5-4-20260913-16:07:22-1049,config,,,*.configurator.addStaticRoutes,false,,,,,,,
Critical_N5-4-20260913-16:07:22-1049,config,,,*.sensor[*].numApps,1,,,,,,,
Critical_N5-4-20260913-16:07:22-1049,config,,,*.sensor[*].app[0].typename,UdpBasicApp,,,,,,,
Critical_N5-4-20260913-16:07:22-1049,config,,,*.sensor[*].app[0].destAddresses,"""monitoringServer""",,,,,,,
Critical_N5-4-20260913-16:07:22-1049,config,,,*.sensor[*].app[0].destPort,1000,,,,,,,
Critical_N5-4-20260913-16:07:22-1049,config,,,*.sensor[*].app[0].sendInterval,10s,,,,,,,
Critical_N5-4-20260913-16:07:22-1049,config,,,*.sensor[*].app[0].startTime,"uniform(0s,10s)",,,,,,,
Critical_N5-4-20260913-16:07:22-1049,config,,,*.sensor[*].app[0].messageLength,50B,,,,,,,
Critical_N5-4-20260913-16:07:22-1049,config,,,*.sensor[*].app[0].packetName,"""PeriodicMonitoring""",,,,,,,
Critical_N5-4-20260913-16:07:22-1049,config,,,*.sensor[*].mobility.initFromDisplayString,false,,,,,,,
Critical_N5-4-20260913-16:07:22-1049,config,,,*.sensor[*].mobility.initialX,"uniform(1m, 19m)",,,,,,,
Critical_N5-4-20260913-16:07:22-1049,config,,,*.sensor[*].mobility.initialY,"uniform(1m, 19m)",,,,,,,
Critical_N5-4-20260913-16:07:22-1049,config,,,*.sensor[*].mobility.initialZ,0m,,,,,,,
Critical_N5-4-20260913-16:07:22-1049,config,,,*.controller.numApps,0,,,,,,,
Critical_N5-4-20260913-16:07:22-1049,config,,,*.monitoringServer.numApps,2,,,,,,,
Critical_N5-4-20260913-16:07:22-1049,config,,,*.monitoringServer.app[0].typename,UdpSink,,,,,,,
Critical_N5-4-20260913-16:07:22-1049,config,,,*.monitoringServer.app[0].localPort,1000,,,,,,,
Critical_N5-4-20260913-16:07:22-1049,config,,,*.monitoringServer.app[1].typename,UdpSink,,,,,,,
Critical_N5-4-20260913-16:07:22-1049,config,,,*.monitoringServer.app[1].localPort,2000,,,,,,,
Critical_N5-4-20260913-16:07:22-1049,config,,,*.lamp*.numApps,0,,,,,,,
Critical_N5-4-20260913-16:07:22-1049,config,,,*.visualizer.routingTableVisualizer[0].displayRoutingTables,false,,,,,,,
Critical_N5-4-20260913-16:07:22-1049,config,,,*.visualizer.routingTableVisualizer[0].displayRoutesIndividually,false,,,,,,,
Critical_N5-4-20260913-16:07:22-1049,config,,,*.visualizer.routingTableVisualizer[0].lineShift,0,,,,,,,
Critical_N5-4-20260913-16:07:22-1049,config,,,*.visualizer.routingTableVisualizer[0].displayLabels,false,,,,,,,
Critical_N5-4-20260913-16:07:22-1049,config,,,*.visualizer.interfaceTableVisualizer[0].displayInterfaceTables,false,,,,,,,
Critical_N5-4-20260913-16:07:22-1049,config,,,*.visualizer.numDataLinkVisualizers,2,,,,,,,
Critical_N5-4-20260913-16:07:22-1049,config,,,*.visualizer.dataLinkVisualizer[*].displayLinks,true,,,,,,,
Critical_N5-4-20260913-16:07:22-1049,config,,,*.visualizer.dataLinkVisualizer[0].nodeFilter,"""sensor* or controller""",,,,,,,
Critical_N5-4-20260913-16:07:22-1049,config,,,*.visualizer.dataLinkVisualizer[1].*Color,"""blue""",,,,,,,
Critical_N5-4-20260913-16:07:22-1049,config,,,*.visualizer.dataLinkVisualizer[1].nodeFilter,"""lamp* or controller""",,,,,,,
Critical_N5-4-20260913-16:07:22-1049,config,,,*.visualizer.numStatisticVisualizers,2,,,,,,,
Critical_N5-4-20260913-16:07:22-1049,config,,,*.visualizer.statisticVisualizer[*].zIndex,1,,,,,,,
Critical_N5-4-20260913-16:07:22-1049,config,,,*.visualizer.statisticVisualizer[0].displayStatistics,true,,,,,,,
Critical_N5-4-20260913-16:07:22-1049,config,,,*.visualizer.statisticVisualizer[0].signalName,"""packetSent""",,,,,,,
Critical_N5-4-20260913-16:07:22-1049,config,,,*.visualizer.statisticVisualizer[0].statisticExpression,"""count""",,,,,,,
Critical_N5-4-20260913-16:07:22-1049,config,,,*.visualizer.statisticVisualizer[0].sourceFilter,"""**.controller.udp OR **.sensor*.udp""",,,,,,,
Critical_N5-4-20260913-16:07:22-1049,config,,,*.visualizer.statisticVisualizer[0].format,"""sent: %v pks""",,,,,,,
Critical_N5-4-20260913-16:07:22-1049,config,,,*.visualizer.statisticVisualizer[1].displayStatistics,true,,,,,,,
Critical_N5-4-20260913-16:07:22-1049,config,,,*.visualizer.statisticVisualizer[1].signalName,"""packetReceived""",,,,,,,
Critical_N5-4-20260913-16:07:22-1049,config,,,*.visualizer.statisticVisualizer[1].statisticExpression,"""count""",,,,,,,
Critical_N5-4-20260913-16:07:22-1049,config,,,*.visualizer.statisticVisualizer[1].sourceFilter,"""**.controller.udp OR **.lamp*.udp""",,,,,,,
Critical_N5-4-20260913-16:07:22-1049,config,,,*.visualizer.statisticVisualizer[1].format,"""rcvd: %v pks""",,,,,,,
Critical_N10-0-20260913-16:09:03-1151,scalar,CriticalEventNetwork.sensor[4].app[1],packetSent:count,,,1,,,,,,
Critical_N10-0-20260913-16:09:03-1151,attr,CriticalEventNetwork.sensor[4].app[1],packetSent:count,interpolationmode,none,,,,,,,
Critical_N10-0-20260913-16:09:03-1151,attr,CriticalEventNetwork.sensor[4].app[1],packetSent:count,recordingmode,count,,,,,,,
Critical_N10-0-20260913-16:09:03-1151,attr,CriticalEventNetwork.sensor[4].app[1],packetSent:count,source,packetSent,,,,,,,
Critical_N10-0-20260913-16:09:03-1151,attr,CriticalEventNetwork.sensor[4].app[1],packetSent:count,title,"packets sent, count",,,,,,,
Critical_N10-0-20260913-16:09:03-1151,scalar,CriticalEventNetwork.monitoringServer.app[1],packetReceived:count,,,1,,,,,,
Critical_N10-0-20260913-16:09:03-1151,attr,CriticalEventNetwork.monitoringServer.app[1],packetReceived:count,interpolationmode,none,,,,,,,
Critical_N10-0-20260913-16:09:03-1151,attr,CriticalEventNetwork.monitoringServer.app[1],packetReceived:count,recordingmode,count,,,,,,,
Critical_N10-0-20260913-16:09:03-1151,attr,CriticalEventNetwork.monitoringServer.app[1],packetReceived:count,source,packetReceived,,,,,,,
Critical_N10-0-20260913-16:09:03-1151,attr,CriticalEventNetwork.monitoringServer.app[1],packetReceived:count,title,"packets received, count",,,,,,,
Critical_N10-1-20260913-16:09:03-1151,scalar,CriticalEventNetwork.sensor[4].app[1],packetSent:count,,,1,,,,,,
Critical_N10-1-20260913-16:09:03-1151,attr,CriticalEventNetwork.sensor[4].app[1],packetSent:count,interpolationmode,none,,,,,,,
Critical_N10-1-20260913-16:09:03-1151,attr,CriticalEventNetwork.sensor[4].app[1],packetSent:count,recordingmode,count,,,,,,,
Critical_N10-1-20260913-16:09:03-1151,attr,CriticalEventNetwork.sensor[4].app[1],packetSent:count,source,packetSent,,,,,,,
Critical_N10-1-20260913-16:09:03-1151,attr,CriticalEventNetwork.sensor[4].app[1],packetSent:count,title,"packets sent, count",,,,,,,
Critical_N10-1-20260913-16:09:03-1151,scalar,CriticalEventNetwork.monitoringServer.app[1],packetReceived:count,,,1,,,,,,
Critical_N10-1-20260913-16:09:03-1151,attr,CriticalEventNetwork.monitoringServer.app[1],packetReceived:count,interpolationmode,none,,,,,,,
Critical_N10-1-20260913-16:09:03-1151,attr,CriticalEventNetwork.monitoringServer.app[1],packetReceived:count,recordingmode,count,,,,,,,
Critical_N10-1-20260913-16:09:03-1151,attr,CriticalEventNetwork.monitoringServer.app[1],packetReceived:count,source,packetReceived,,,,,,,
Critical_N10-1-20260913-16:09:03-1151,attr,CriticalEventNetwork.monitoringServer.app[1],packetReceived:count,title,"packets received, count",,,,,,,
Critical_N10-2-20260913-16:09:04-1151,scalar,CriticalEventNetwork.sensor[4].app[1],packetSent:count,,,1,,,,,,
Critical_N10-2-20260913-16:09:04-1151,attr,CriticalEventNetwork.sensor[4].app[1],packetSent:count,interpolationmode,none,,,,,,,
Critical_N10-2-20260913-16:09:04-1151,attr,CriticalEventNetwork.sensor[4].app[1],packetSent:count,recordingmode,count,,,,,,,
Critical_N10-2-20260913-16:09:04-1151,attr,CriticalEventNetwork.sensor[4].app[1],packetSent:count,source,packetSent,,,,,,,
Critical_N10-2-20260913-16:09:04-1151,attr,CriticalEventNetwork.sensor[4].app[1],packetSent:count,title,"packets sent, count",,,,,,,
Critical_N10-2-20260913-16:09:04-1151,scalar,CriticalEventNetwork.monitoringServer.app[1],packetReceived:count,,,1,,,,,,
Critical_N10-2-20260913-16:09:04-1151,attr,CriticalEventNetwork.monitoringServer.app[1],packetReceived:count,interpolationmode,none,,,,,,,
Critical_N10-2-20260913-16:09:04-1151,attr,CriticalEventNetwork.monitoringServer.app[1],packetReceived:count,recordingmode,count,,,,,,,
Critical_N10-2-20260913-16:09:04-1151,attr,CriticalEventNetwork.monitoringServer.app[1],packetReceived:count,source,packetReceived,,,,,,,
Critical_N10-2-20260913-16:09:04-1151,attr,CriticalEventNetwork.monitoringServer.app[1],packetReceived:count,title,"packets received, count",,,,,,,
Critical_N10-3-20260913-16:09:04-1151,scalar,CriticalEventNetwork.sensor[4].app[1],packetSent:count,,,1,,,,,,
Critical_N10-3-20260913-16:09:04-1151,attr,CriticalEventNetwork.sensor[4].app[1],packetSent:count,interpolationmode,none,,,,,,,
Critical_N10-3-20260913-16:09:04-1151,attr,CriticalEventNetwork.sensor[4].app[1],packetSent:count,recordingmode,count,,,,,,,
Critical_N10-3-20260913-16:09:04-1151,attr,CriticalEventNetwork.sensor[4].app[1],packetSent:count,source,packetSent,,,,,,,
Critical_N10-3-20260913-16:09:04-1151,attr,CriticalEventNetwork.sensor[4].app[1],packetSent:count,title,"packets sent, count",,,,,,,
Critical_N10-3-20260913-16:09:04-1151,scalar,CriticalEventNetwork.monitoringServer.app[1],packetReceived:count,,,1,,,,,,
Critical_N10-3-20260913-16:09:04-1151,attr,CriticalEventNetwork.monitoringServer.app[1],packetReceived:count,interpolationmode,none,,,,,,,
Critical_N10-3-20260913-16:09:04-1151,attr,CriticalEventNetwork.monitoringServer.app[1],packetReceived:count,recordingmode,count,,,,,,,
Critical_N10-3-20260913-16:09:04-1151,attr,CriticalEventNetwork.monitoringServer.app[1],packetReceived:count,source,packetReceived,,,,,,,
Critical_N10-3-20260913-16:09:04-1151,attr,CriticalEventNetwork.monitoringServer.app[1],packetReceived:count,title,"packets received, count",,,,,,,
Critical_N10-4-20260913-16:09:05-1151,scalar,CriticalEventNetwork.sensor[4].app[1],packetSent:count,,,1,,,,,,
Critical_N10-4-20260913-16:09:05-1151,attr,CriticalEventNetwork.sensor[4].app[1],packetSent:count,interpolationmode,none,,,,,,,
Critical_N10-4-20260913-16:09:05-1151,attr,CriticalEventNetwork.sensor[4].app[1],packetSent:count,recordingmode,count,,,,,,,
Critical_N10-4-20260913-16:09:05-1151,attr,CriticalEventNetwork.sensor[4].app[1],packetSent:count,source,packetSent,,,,,,,
Critical_N10-4-20260913-16:09:05-1151,attr,CriticalEventNetwork.sensor[4].app[1],packetSent:count,title,"packets sent, count",,,,,,,
Critical_N10-4-20260913-16:09:05-1151,scalar,CriticalEventNetwork.monitoringServer.app[1],packetReceived:count,,,1,,,,,,
Critical_N10-4-20260913-16:09:05-1151,attr,CriticalEventNetwork.monitoringServer.app[1],packetReceived:count,interpolationmode,none,,,,,,,
Critical_N10-4-20260913-16:09:05-1151,attr,CriticalEventNetwork.monitoringServer.app[1],packetReceived:count,recordingmode,count,,,,,,,
Critical_N10-4-20260913-16:09:05-1151,attr,CriticalEventNetwork.monitoringServer.app[1],packetReceived:count,source,packetReceived,,,,,,,
Critical_N10-4-20260913-16:09:05-1151,attr,CriticalEventNetwork.monitoringServer.app[1],packetReceived:count,title,"packets received, count",,,,,,,
Critical_N20-0-20260913-16:09:20-1249,scalar,CriticalEventNetwork.sensor[4].app[1],packetSent:count,,,1,,,,,,
Critical_N20-0-20260913-16:09:20-1249,attr,CriticalEventNetwork.sensor[4].app[1],packetSent:count,interpolationmode,none,,,,,,,
Critical_N20-0-20260913-16:09:20-1249,attr,CriticalEventNetwork.sensor[4].app[1],packetSent:count,recordingmode,count,,,,,,,
Critical_N20-0-20260913-16:09:20-1249,attr,CriticalEventNetwork.sensor[4].app[1],packetSent:count,source,packetSent,,,,,,,
Critical_N20-0-20260913-16:09:20-1249,attr,CriticalEventNetwork.sensor[4].app[1],packetSent:count,title,"packets sent, count",,,,,,,
Critical_N20-0-20260913-16:09:20-1249,scalar,CriticalEventNetwork.monitoringServer.app[1],packetReceived:count,,,1,,,,,,
Critical_N20-0-20260913-16:09:20-1249,attr,CriticalEventNetwork.monitoringServer.app[1],packetReceived:count,interpolationmode,none,,,,,,,
Critical_N20-0-20260913-16:09:20-1249,attr,CriticalEventNetwork.monitoringServer.app[1],packetReceived:count,recordingmode,count,,,,,,,
Critical_N20-0-20260913-16:09:20-1249,attr,CriticalEventNetwork.monitoringServer.app[1],packetReceived:count,source,packetReceived,,,,,,,
Critical_N20-0-20260913-16:09:20-1249,attr,CriticalEventNetwork.monitoringServer.app[1],packetReceived:count,title,"packets received, count",,,,,,,
Critical_N20-1-20260913-16:09:22-1249,scalar,CriticalEventNetwork.sensor[4].app[1],packetSent:count,,,1,,,,,,
Critical_N20-1-20260913-16:09:22-1249,attr,CriticalEventNetwork.sensor[4].app[1],packetSent:count,interpolationmode,none,,,,,,,
Critical_N20-1-20260913-16:09:22-1249,attr,CriticalEventNetwork.sensor[4].app[1],packetSent:count,recordingmode,count,,,,,,,
Critical_N20-1-20260913-16:09:22-1249,attr,CriticalEventNetwork.sensor[4].app[1],packetSent:count,source,packetSent,,,,,,,
Critical_N20-1-20260913-16:09:22-1249,attr,CriticalEventNetwork.sensor[4].app[1],packetSent:count,title,"packets sent, count",,,,,,,
Critical_N20-1-20260913-16:09:22-1249,scalar,CriticalEventNetwork.monitoringServer.app[1],packetReceived:count,,,1,,,,,,
Critical_N20-1-20260913-16:09:22-1249,attr,CriticalEventNetwork.monitoringServer.app[1],packetReceived:count,interpolationmode,none,,,,,,,
Critical_N20-1-20260913-16:09:22-1249,attr,CriticalEventNetwork.monitoringServer.app[1],packetReceived:count,recordingmode,count,,,,,,,
Critical_N20-1-20260913-16:09:22-1249,attr,CriticalEventNetwork.monitoringServer.app[1],packetReceived:count,source,packetReceived,,,,,,,
Critical_N20-1-20260913-16:09:22-1249,attr,CriticalEventNetwork.monitoringServer.app[1],packetReceived:count,title,"packets received, count",,,,,,,
Critical_N20-2-20260913-16:09:23-1249,scalar,CriticalEventNetwork.sensor[4].app[1],packetSent:count,,,1,,,,,,
Critical_N20-2-20260913-16:09:23-1249,attr,CriticalEventNetwork.sensor[4].app[1],packetSent:count,interpolationmode,none,,,,,,,
Critical_N20-2-20260913-16:09:23-1249,attr,CriticalEventNetwork.sensor[4].app[1],packetSent:count,recordingmode,count,,,,,,,
Critical_N20-2-20260913-16:09:23-1249,attr,CriticalEventNetwork.sensor[4].app[1],packetSent:count,source,packetSent,,,,,,,
Critical_N20-2-20260913-16:09:23-1249,attr,CriticalEventNetwork.sensor[4].app[1],packetSent:count,title,"packets sent, count",,,,,,,
Critical_N20-2-20260913-16:09:23-1249,scalar,CriticalEventNetwork.monitoringServer.app[1],packetReceived:count,,,1,,,,,,
Critical_N20-2-20260913-16:09:23-1249,attr,CriticalEventNetwork.monitoringServer.app[1],packetReceived:count,interpolationmode,none,,,,,,,
Critical_N20-2-20260913-16:09:23-1249,attr,CriticalEventNetwork.monitoringServer.app[1],packetReceived:count,recordingmode,count,,,,,,,
Critical_N20-2-20260913-16:09:23-1249,attr,CriticalEventNetwork.monitoringServer.app[1],packetReceived:count,source,packetReceived,,,,,,,
Critical_N20-2-20260913-16:09:23-1249,attr,CriticalEventNetwork.monitoringServer.app[1],packetReceived:count,title,"packets received, count",,,,,,,
Critical_N20-3-20260913-16:09:24-1249,scalar,CriticalEventNetwork.sensor[4].app[1],packetSent:count,,,1,,,,,,
Critical_N20-3-20260913-16:09:24-1249,attr,CriticalEventNetwork.sensor[4].app[1],packetSent:count,interpolationmode,none,,,,,,,
Critical_N20-3-20260913-16:09:24-1249,attr,CriticalEventNetwork.sensor[4].app[1],packetSent:count,recordingmode,count,,,,,,,
Critical_N20-3-20260913-16:09:24-1249,attr,CriticalEventNetwork.sensor[4].app[1],packetSent:count,source,packetSent,,,,,,,
Critical_N20-3-20260913-16:09:24-1249,attr,CriticalEventNetwork.sensor[4].app[1],packetSent:count,title,"packets sent, count",,,,,,,
Critical_N20-3-20260913-16:09:24-1249,scalar,CriticalEventNetwork.monitoringServer.app[1],packetReceived:count,,,1,,,,,,
Critical_N20-3-20260913-16:09:24-1249,attr,CriticalEventNetwork.monitoringServer.app[1],packetReceived:count,interpolationmode,none,,,,,,,
Critical_N20-3-20260913-16:09:24-1249,attr,CriticalEventNetwork.monitoringServer.app[1],packetReceived:count,recordingmode,count,,,,,,,
Critical_N20-3-20260913-16:09:24-1249,attr,CriticalEventNetwork.monitoringServer.app[1],packetReceived:count,source,packetReceived,,,,,,,
Critical_N20-3-20260913-16:09:24-1249,attr,CriticalEventNetwork.monitoringServer.app[1],packetReceived:count,title,"packets received, count",,,,,,,
Critical_N20-4-20260913-16:09:24-1249,scalar,CriticalEventNetwork.sensor[4].app[1],packetSent:count,,,1,,,,,,
Critical_N20-4-20260913-16:09:24-1249,attr,CriticalEventNetwork.sensor[4].app[1],packetSent:count,interpolationmode,none,,,,,,,
Critical_N20-4-20260913-16:09:24-1249,attr,CriticalEventNetwork.sensor[4].app[1],packetSent:count,recordingmode,count,,,,,,,
Critical_N20-4-20260913-16:09:24-1249,attr,CriticalEventNetwork.sensor[4].app[1],packetSent:count,source,packetSent,,,,,,,
Critical_N20-4-20260913-16:09:24-1249,attr,CriticalEventNetwork.sensor[4].app[1],packetSent:count,title,"packets sent, count",,,,,,,
Critical_N20-4-20260913-16:09:24-1249,scalar,CriticalEventNetwork.monitoringServer.app[1],packetReceived:count,,,1,,,,,,
Critical_N20-4-20260913-16:09:24-1249,attr,CriticalEventNetwork.monitoringServer.app[1],packetReceived:count,interpolationmode,none,,,,,,,
Critical_N20-4-20260913-16:09:24-1249,attr,CriticalEventNetwork.monitoringServer.app[1],packetReceived:count,recordingmode,count,,,,,,,
Critical_N20-4-20260913-16:09:24-1249,attr,CriticalEventNetwork.monitoringServer.app[1],packetReceived:count,source,packetReceived,,,,,,,
Critical_N20-4-20260913-16:09:24-1249,attr,CriticalEventNetwork.monitoringServer.app[1],packetReceived:count,title,"packets received, count",,,,,,,
Critical_N30-0-20260913-16:10:16-1343,scalar,CriticalEventNetwork.sensor[4].app[1],packetSent:count,,,1,,,,,,
Critical_N30-0-20260913-16:10:16-1343,attr,CriticalEventNetwork.sensor[4].app[1],packetSent:count,interpolationmode,none,,,,,,,
Critical_N30-0-20260913-16:10:16-1343,attr,CriticalEventNetwork.sensor[4].app[1],packetSent:count,recordingmode,count,,,,,,,
Critical_N30-0-20260913-16:10:16-1343,attr,CriticalEventNetwork.sensor[4].app[1],packetSent:count,source,packetSent,,,,,,,
Critical_N30-0-20260913-16:10:16-1343,attr,CriticalEventNetwork.sensor[4].app[1],packetSent:count,title,"packets sent, count",,,,,,,
Critical_N30-0-20260913-16:10:16-1343,scalar,CriticalEventNetwork.monitoringServer.app[1],packetReceived:count,,,1,,,,,,
Critical_N30-0-20260913-16:10:16-1343,attr,CriticalEventNetwork.monitoringServer.app[1],packetReceived:count,interpolationmode,none,,,,,,,
Critical_N30-0-20260913-16:10:16-1343,attr,CriticalEventNetwork.monitoringServer.app[1],packetReceived:count,recordingmode,count,,,,,,,
Critical_N30-0-20260913-16:10:16-1343,attr,CriticalEventNetwork.monitoringServer.app[1],packetReceived:count,source,packetReceived,,,,,,,
Critical_N30-0-20260913-16:10:16-1343,attr,CriticalEventNetwork.monitoringServer.app[1],packetReceived:count,title,"packets received, count",,,,,,,
Critical_N30-1-20260913-16:10:18-1343,scalar,CriticalEventNetwork.sensor[4].app[1],packetSent:count,,,1,,,,,,
Critical_N30-1-20260913-16:10:18-1343,attr,CriticalEventNetwork.sensor[4].app[1],packetSent:count,interpolationmode,none,,,,,,,
Critical_N30-1-20260913-16:10:18-1343,attr,CriticalEventNetwork.sensor[4].app[1],packetSent:count,recordingmode,count,,,,,,,
Critical_N30-1-20260913-16:10:18-1343,attr,CriticalEventNetwork.sensor[4].app[1],packetSent:count,source,packetSent,,,,,,,
Critical_N30-1-20260913-16:10:18-1343,attr,CriticalEventNetwork.sensor[4].app[1],packetSent:count,title,"packets sent, count",,,,,,,
Critical_N30-1-20260913-16:10:18-1343,scalar,CriticalEventNetwork.monitoringServer.app[1],packetReceived:count,,,1,,,,,,
Critical_N30-1-20260913-16:10:18-1343,attr,CriticalEventNetwork.monitoringServer.app[1],packetReceived:count,interpolationmode,none,,,,,,,
Critical_N30-1-20260913-16:10:18-1343,attr,CriticalEventNetwork.monitoringServer.app[1],packetReceived:count,recordingmode,count,,,,,,,
Critical_N30-1-20260913-16:10:18-1343,attr,CriticalEventNetwork.monitoringServer.app[1],packetReceived:count,source,packetReceived,,,,,,,
Critical_N30-1-20260913-16:10:18-1343,attr,CriticalEventNetwork.monitoringServer.app[1],packetReceived:count,title,"packets received, count",,,,,,,
Critical_N30-2-20260913-16:10:20-1343,scalar,CriticalEventNetwork.sensor[4].app[1],packetSent:count,,,1,,,,,,
Critical_N30-2-20260913-16:10:20-1343,attr,CriticalEventNetwork.sensor[4].app[1],packetSent:count,interpolationmode,none,,,,,,,
Critical_N30-2-20260913-16:10:20-1343,attr,CriticalEventNetwork.sensor[4].app[1],packetSent:count,recordingmode,count,,,,,,,
Critical_N30-2-20260913-16:10:20-1343,attr,CriticalEventNetwork.sensor[4].app[1],packetSent:count,source,packetSent,,,,,,,
Critical_N30-2-20260913-16:10:20-1343,attr,CriticalEventNetwork.sensor[4].app[1],packetSent:count,title,"packets sent, count",,,,,,,
Critical_N30-2-20260913-16:10:20-1343,scalar,CriticalEventNetwork.monitoringServer.app[1],packetReceived:count,,,1,,,,,,
Critical_N30-2-20260913-16:10:20-1343,attr,CriticalEventNetwork.monitoringServer.app[1],packetReceived:count,interpolationmode,none,,,,,,,
Critical_N30-2-20260913-16:10:20-1343,attr,CriticalEventNetwork.monitoringServer.app[1],packetReceived:count,recordingmode,count,,,,,,,
Critical_N30-2-20260913-16:10:20-1343,attr,CriticalEventNetwork.monitoringServer.app[1],packetReceived:count,source,packetReceived,,,,,,,
Critical_N30-2-20260913-16:10:20-1343,attr,CriticalEventNetwork.monitoringServer.app[1],packetReceived:count,title,"packets received, count",,,,,,,
Critical_N30-3-20260913-16:10:21-1343,scalar,CriticalEventNetwork.sensor[4].app[1],packetSent:count,,,1,,,,,,
Critical_N30-3-20260913-16:10:21-1343,attr,CriticalEventNetwork.sensor[4].app[1],packetSent:count,interpolationmode,none,,,,,,,
Critical_N30-3-20260913-16:10:21-1343,attr,CriticalEventNetwork.sensor[4].app[1],packetSent:count,recordingmode,count,,,,,,,
Critical_N30-3-20260913-16:10:21-1343,attr,CriticalEventNetwork.sensor[4].app[1],packetSent:count,source,packetSent,,,,,,,
Critical_N30-3-20260913-16:10:21-1343,attr,CriticalEventNetwork.sensor[4].app[1],packetSent:count,title,"packets sent, count",,,,,,,
Critical_N30-3-20260913-16:10:21-1343,scalar,CriticalEventNetwork.monitoringServer.app[1],packetReceived:count,,,1,,,,,,
Critical_N30-3-20260913-16:10:21-1343,attr,CriticalEventNetwork.monitoringServer.app[1],packetReceived:count,interpolationmode,none,,,,,,,
Critical_N30-3-20260913-16:10:21-1343,attr,CriticalEventNetwork.monitoringServer.app[1],packetReceived:count,recordingmode,count,,,,,,,
Critical_N30-3-20260913-16:10:21-1343,attr,CriticalEventNetwork.monitoringServer.app[1],packetReceived:count,source,packetReceived,,,,,,,
Critical_N30-3-20260913-16:10:21-1343,attr,CriticalEventNetwork.monitoringServer.app[1],packetReceived:count,title,"packets received, count",,,,,,,
Critical_N30-4-20260913-16:10:23-1343,scalar,CriticalEventNetwork.sensor[4].app[1],packetSent:count,,,1,,,,,,
Critical_N30-4-20260913-16:10:23-1343,attr,CriticalEventNetwork.sensor[4].app[1],packetSent:count,interpolationmode,none,,,,,,,
Critical_N30-4-20260913-16:10:23-1343,attr,CriticalEventNetwork.sensor[4].app[1],packetSent:count,recordingmode,count,,,,,,,
Critical_N30-4-20260913-16:10:23-1343,attr,CriticalEventNetwork.sensor[4].app[1],packetSent:count,source,packetSent,,,,,,,
Critical_N30-4-20260913-16:10:23-1343,attr,CriticalEventNetwork.sensor[4].app[1],packetSent:count,title,"packets sent, count",,,,,,,
Critical_N30-4-20260913-16:10:23-1343,scalar,CriticalEventNetwork.monitoringServer.app[1],packetReceived:count,,,1,,,,,,
Critical_N30-4-20260913-16:10:23-1343,attr,CriticalEventNetwork.monitoringServer.app[1],packetReceived:count,interpolationmode,none,,,,,,,
Critical_N30-4-20260913-16:10:23-1343,attr,CriticalEventNetwork.monitoringServer.app[1],packetReceived:count,recordingmode,count,,,,,,,
Critical_N30-4-20260913-16:10:23-1343,attr,CriticalEventNetwork.monitoringServer.app[1],packetReceived:count,source,packetReceived,,,,,,,
Critical_N30-4-20260913-16:10:23-1343,attr,CriticalEventNetwork.monitoringServer.app[1],packetReceived:count,title,"packets received, count",,,,,,,
Critical_N40-0-20260913-16:10:41-1436,scalar,CriticalEventNetwork.sensor[4].app[1],packetSent:count,,,1,,,,,,
Critical_N40-0-20260913-16:10:41-1436,attr,CriticalEventNetwork.sensor[4].app[1],packetSent:count,interpolationmode,none,,,,,,,
Critical_N40-0-20260913-16:10:41-1436,attr,CriticalEventNetwork.sensor[4].app[1],packetSent:count,recordingmode,count,,,,,,,
Critical_N40-0-20260913-16:10:41-1436,attr,CriticalEventNetwork.sensor[4].app[1],packetSent:count,source,packetSent,,,,,,,
Critical_N40-0-20260913-16:10:41-1436,attr,CriticalEventNetwork.sensor[4].app[1],packetSent:count,title,"packets sent, count",,,,,,,
Critical_N40-0-20260913-16:10:41-1436,scalar,CriticalEventNetwork.monitoringServer.app[1],packetReceived:count,,,1,,,,,,
Critical_N40-0-20260913-16:10:41-1436,attr,CriticalEventNetwork.monitoringServer.app[1],packetReceived:count,interpolationmode,none,,,,,,,
Critical_N40-0-20260913-16:10:41-1436,attr,CriticalEventNetwork.monitoringServer.app[1],packetReceived:count,recordingmode,count,,,,,,,
Critical_N40-0-20260913-16:10:41-1436,attr,CriticalEventNetwork.monitoringServer.app[1],packetReceived:count,source,packetReceived,,,,,,,
Critical_N40-0-20260913-16:10:41-1436,attr,CriticalEventNetwork.monitoringServer.app[1],packetReceived:count,title,"packets received, count",,,,,,,
Critical_N40-1-20260913-16:10:43-1436,scalar,CriticalEventNetwork.sensor[4].app[1],packetSent:count,,,1,,,,,,
Critical_N40-1-20260913-16:10:43-1436,attr,CriticalEventNetwork.sensor[4].app[1],packetSent:count,interpolationmode,none,,,,,,,
Critical_N40-1-20260913-16:10:43-1436,attr,CriticalEventNetwork.sensor[4].app[1],packetSent:count,recordingmode,count,,,,,,,
Critical_N40-1-20260913-16:10:43-1436,attr,CriticalEventNetwork.sensor[4].app[1],packetSent:count,source,packetSent,,,,,,,
Critical_N40-1-20260913-16:10:43-1436,attr,CriticalEventNetwork.sensor[4].app[1],packetSent:count,title,"packets sent, count",,,,,,,
Critical_N40-1-20260913-16:10:43-1436,scalar,CriticalEventNetwork.monitoringServer.app[1],packetReceived:count,,,1,,,,,,
Critical_N40-1-20260913-16:10:43-1436,attr,CriticalEventNetwork.monitoringServer.app[1],packetReceived:count,interpolationmode,none,,,,,,,
Critical_N40-1-20260913-16:10:43-1436,attr,CriticalEventNetwork.monitoringServer.app[1],packetReceived:count,recordingmode,count,,,,,,,
Critical_N40-1-20260913-16:10:43-1436,attr,CriticalEventNetwork.monitoringServer.app[1],packetReceived:count,source,packetReceived,,,,,,,
Critical_N40-1-20260913-16:10:43-1436,attr,CriticalEventNetwork.monitoringServer.app[1],packetReceived:count,title,"packets received, count",,,,,,,
Critical_N40-2-20260913-16:10:46-1436,scalar,CriticalEventNetwork.sensor[4].app[1],packetSent:count,,,1,,,,,,
Critical_N40-2-20260913-16:10:46-1436,attr,CriticalEventNetwork.sensor[4].app[1],packetSent:count,interpolationmode,none,,,,,,,
Critical_N40-2-20260913-16:10:46-1436,attr,CriticalEventNetwork.sensor[4].app[1],packetSent:count,recordingmode,count,,,,,,,
Critical_N40-2-20260913-16:10:46-1436,attr,CriticalEventNetwork.sensor[4].app[1],packetSent:count,source,packetSent,,,,,,,
Critical_N40-2-20260913-16:10:46-1436,attr,CriticalEventNetwork.sensor[4].app[1],packetSent:count,title,"packets sent, count",,,,,,,
Critical_N40-2-20260913-16:10:46-1436,scalar,CriticalEventNetwork.monitoringServer.app[1],packetReceived:count,,,1,,,,,,
Critical_N40-2-20260913-16:10:46-1436,attr,CriticalEventNetwork.monitoringServer.app[1],packetReceived:count,interpolationmode,none,,,,,,,
Critical_N40-2-20260913-16:10:46-1436,attr,CriticalEventNetwork.monitoringServer.app[1],packetReceived:count,recordingmode,count,,,,,,,
Critical_N40-2-20260913-16:10:46-1436,attr,CriticalEventNetwork.monitoringServer.app[1],packetReceived:count,source,packetReceived,,,,,,,
Critical_N40-2-20260913-16:10:46-1436,attr,CriticalEventNetwork.monitoringServer.app[1],packetReceived:count,title,"packets received, count",,,,,,,
Critical_N40-3-20260913-16:10:48-1436,scalar,CriticalEventNetwork.sensor[4].app[1],packetSent:count,,,1,,,,,,
Critical_N40-3-20260913-16:10:48-1436,attr,CriticalEventNetwork.sensor[4].app[1],packetSent:count,interpolationmode,none,,,,,,,
Critical_N40-3-20260913-16:10:48-1436,attr,CriticalEventNetwork.sensor[4].app[1],packetSent:count,recordingmode,count,,,,,,,
Critical_N40-3-20260913-16:10:48-1436,attr,CriticalEventNetwork.sensor[4].app[1],packetSent:count,source,packetSent,,,,,,,
Critical_N40-3-20260913-16:10:48-1436,attr,CriticalEventNetwork.sensor[4].app[1],packetSent:count,title,"packets sent, count",,,,,,,
Critical_N40-3-20260913-16:10:48-1436,scalar,CriticalEventNetwork.monitoringServer.app[1],packetReceived:count,,,1,,,,,,
Critical_N40-3-20260913-16:10:48-1436,attr,CriticalEventNetwork.monitoringServer.app[1],packetReceived:count,interpolationmode,none,,,,,,,
Critical_N40-3-20260913-16:10:48-1436,attr,CriticalEventNetwork.monitoringServer.app[1],packetReceived:count,recordingmode,count,,,,,,,
Critical_N40-3-20260913-16:10:48-1436,attr,CriticalEventNetwork.monitoringServer.app[1],packetReceived:count,source,packetReceived,,,,,,,
Critical_N40-3-20260913-16:10:48-1436,attr,CriticalEventNetwork.monitoringServer.app[1],packetReceived:count,title,"packets received, count",,,,,,,
Critical_N40-4-20260913-16:10:50-1436,scalar,CriticalEventNetwork.sensor[4].app[1],packetSent:count,,,1,,,,,,
Critical_N40-4-20260913-16:10:50-1436,attr,CriticalEventNetwork.sensor[4].app[1],packetSent:count,interpolationmode,none,,,,,,,
Critical_N40-4-20260913-16:10:50-1436,attr,CriticalEventNetwork.sensor[4].app[1],packetSent:count,recordingmode,count,,,,,,,
Critical_N40-4-20260913-16:10:50-1436,attr,CriticalEventNetwork.sensor[4].app[1],packetSent:count,source,packetSent,,,,,,,
Critical_N40-4-20260913-16:10:50-1436,attr,CriticalEventNetwork.sensor[4].app[1],packetSent:count,title,"packets sent, count",,,,,,,
Critical_N40-4-20260913-16:10:50-1436,scalar,CriticalEventNetwork.monitoringServer.app[1],packetReceived:count,,,1,,,,,,
Critical_N40-4-20260913-16:10:50-1436,attr,CriticalEventNetwork.monitoringServer.app[1],packetReceived:count,interpolationmode,none,,,,,,,
Critical_N40-4-20260913-16:10:50-1436,attr,CriticalEventNetwork.monitoringServer.app[1],packetReceived:count,recordingmode,count,,,,,,,
Critical_N40-4-20260913-16:10:50-1436,attr,CriticalEventNetwork.monitoringServer.app[1],packetReceived:count,source,packetReceived,,,,,,,
Critical_N40-4-20260913-16:10:50-1436,attr,CriticalEventNetwork.monitoringServer.app[1],packetReceived:count,title,"packets received, count",,,,,,,
Critical_N5-0-20260913-16:07:20-1049,scalar,CriticalEventNetwork.sensor[4].app[1],packetSent:count,,,1,,,,,,
Critical_N5-0-20260913-16:07:20-1049,attr,CriticalEventNetwork.sensor[4].app[1],packetSent:count,interpolationmode,none,,,,,,,
Critical_N5-0-20260913-16:07:20-1049,attr,CriticalEventNetwork.sensor[4].app[1],packetSent:count,recordingmode,count,,,,,,,
Critical_N5-0-20260913-16:07:20-1049,attr,CriticalEventNetwork.sensor[4].app[1],packetSent:count,source,packetSent,,,,,,,
Critical_N5-0-20260913-16:07:20-1049,attr,CriticalEventNetwork.sensor[4].app[1],packetSent:count,title,"packets sent, count",,,,,,,
Critical_N5-0-20260913-16:07:20-1049,scalar,CriticalEventNetwork.monitoringServer.app[1],packetReceived:count,,,1,,,,,,
Critical_N5-0-20260913-16:07:20-1049,attr,CriticalEventNetwork.monitoringServer.app[1],packetReceived:count,interpolationmode,none,,,,,,,
Critical_N5-0-20260913-16:07:20-1049,attr,CriticalEventNetwork.monitoringServer.app[1],packetReceived:count,recordingmode,count,,,,,,,
Critical_N5-0-20260913-16:07:20-1049,attr,CriticalEventNetwork.monitoringServer.app[1],packetReceived:count,source,packetReceived,,,,,,,
Critical_N5-0-20260913-16:07:20-1049,attr,CriticalEventNetwork.monitoringServer.app[1],packetReceived:count,title,"packets received, count",,,,,,,
Critical_N5-1-20260913-16:07:21-1049,scalar,CriticalEventNetwork.sensor[4].app[1],packetSent:count,,,1,,,,,,
Critical_N5-1-20260913-16:07:21-1049,attr,CriticalEventNetwork.sensor[4].app[1],packetSent:count,interpolationmode,none,,,,,,,
Critical_N5-1-20260913-16:07:21-1049,attr,CriticalEventNetwork.sensor[4].app[1],packetSent:count,recordingmode,count,,,,,,,
Critical_N5-1-20260913-16:07:21-1049,attr,CriticalEventNetwork.sensor[4].app[1],packetSent:count,source,packetSent,,,,,,,
Critical_N5-1-20260913-16:07:21-1049,attr,CriticalEventNetwork.sensor[4].app[1],packetSent:count,title,"packets sent, count",,,,,,,
Critical_N5-1-20260913-16:07:21-1049,scalar,CriticalEventNetwork.monitoringServer.app[1],packetReceived:count,,,1,,,,,,
Critical_N5-1-20260913-16:07:21-1049,attr,CriticalEventNetwork.monitoringServer.app[1],packetReceived:count,interpolationmode,none,,,,,,,
Critical_N5-1-20260913-16:07:21-1049,attr,CriticalEventNetwork.monitoringServer.app[1],packetReceived:count,recordingmode,count,,,,,,,
Critical_N5-1-20260913-16:07:21-1049,attr,CriticalEventNetwork.monitoringServer.app[1],packetReceived:count,source,packetReceived,,,,,,,
Critical_N5-1-20260913-16:07:21-1049,attr,CriticalEventNetwork.monitoringServer.app[1],packetReceived:count,title,"packets received, count",,,,,,,
Critical_N5-2-20260913-16:07:21-1049,scalar,CriticalEventNetwork.sensor[4].app[1],packetSent:count,,,1,,,,,,
Critical_N5-2-20260913-16:07:21-1049,attr,CriticalEventNetwork.sensor[4].app[1],packetSent:count,interpolationmode,none,,,,,,,
Critical_N5-2-20260913-16:07:21-1049,attr,CriticalEventNetwork.sensor[4].app[1],packetSent:count,recordingmode,count,,,,,,,
Critical_N5-2-20260913-16:07:21-1049,attr,CriticalEventNetwork.sensor[4].app[1],packetSent:count,source,packetSent,,,,,,,
Critical_N5-2-20260913-16:07:21-1049,attr,CriticalEventNetwork.sensor[4].app[1],packetSent:count,title,"packets sent, count",,,,,,,
Critical_N5-2-20260913-16:07:21-1049,scalar,CriticalEventNetwork.monitoringServer.app[1],packetReceived:count,,,1,,,,,,
Critical_N5-2-20260913-16:07:21-1049,attr,CriticalEventNetwork.monitoringServer.app[1],packetReceived:count,interpolationmode,none,,,,,,,
Critical_N5-2-20260913-16:07:21-1049,attr,CriticalEventNetwork.monitoringServer.app[1],packetReceived:count,recordingmode,count,,,,,,,
Critical_N5-2-20260913-16:07:21-1049,attr,CriticalEventNetwork.monitoringServer.app[1],packetReceived:count,source,packetReceived,,,,,,,
Critical_N5-2-20260913-16:07:21-1049,attr,CriticalEventNetwork.monitoringServer.app[1],packetReceived:count,title,"packets received, count",,,,,,,
Critical_N5-3-20260913-16:07:22-1049,scalar,CriticalEventNetwork.sensor[4].app[1],packetSent:count,,,1,,,,,,
Critical_N5-3-20260913-16:07:22-1049,attr,CriticalEventNetwork.sensor[4].app[1],packetSent:count,interpolationmode,none,,,,,,,
Critical_N5-3-20260913-16:07:22-1049,attr,CriticalEventNetwork.sensor[4].app[1],packetSent:count,recordingmode,count,,,,,,,
Critical_N5-3-20260913-16:07:22-1049,attr,CriticalEventNetwork.sensor[4].app[1],packetSent:count,source,packetSent,,,,,,,
Critical_N5-3-20260913-16:07:22-1049,attr,CriticalEventNetwork.sensor[4].app[1],packetSent:count,title,"packets sent, count",,,,,,,
Critical_N5-3-20260913-16:07:22-1049,scalar,CriticalEventNetwork.monitoringServer.app[1],packetReceived:count,,,1,,,,,,
Critical_N5-3-20260913-16:07:22-1049,attr,CriticalEventNetwork.monitoringServer.app[1],packetReceived:count,interpolationmode,none,,,,,,,
Critical_N5-3-20260913-16:07:22-1049,attr,CriticalEventNetwork.monitoringServer.app[1],packetReceived:count,recordingmode,count,,,,,,,
Critical_N5-3-20260913-16:07:22-1049,attr,CriticalEventNetwork.monitoringServer.app[1],packetReceived:count,source,packetReceived,,,,,,,
Critical_N5-3-20260913-16:07:22-1049,attr,CriticalEventNetwork.monitoringServer.app[1],packetReceived:count,title,"packets received, count",,,,,,,
Critical_N5-4-20260913-16:07:22-1049,scalar,CriticalEventNetwork.sensor[4].app[1],packetSent:count,,,1,,,,,,
Critical_N5-4-20260913-16:07:22-1049,attr,CriticalEventNetwork.sensor[4].app[1],packetSent:count,interpolationmode,none,,,,,,,
Critical_N5-4-20260913-16:07:22-1049,attr,CriticalEventNetwork.sensor[4].app[1],packetSent:count,recordingmode,count,,,,,,,
Critical_N5-4-20260913-16:07:22-1049,attr,CriticalEventNetwork.sensor[4].app[1],packetSent:count,source,packetSent,,,,,,,
Critical_N5-4-20260913-16:07:22-1049,attr,CriticalEventNetwork.sensor[4].app[1],packetSent:count,title,"packets sent, count",,,,,,,
Critical_N5-4-20260913-16:07:22-1049,scalar,CriticalEventNetwork.monitoringServer.app[1],packetReceived:count,,,1,,,,,,
Critical_N5-4-20260913-16:07:22-1049,attr,CriticalEventNetwork.monitoringServer.app[1],packetReceived:count,interpolationmode,none,,,,,,,
Critical_N5-4-20260913-16:07:22-1049,attr,CriticalEventNetwork.monitoringServer.app[1],packetReceived:count,recordingmode,count,,,,,,,
Critical_N5-4-20260913-16:07:22-1049,attr,CriticalEventNetwork.monitoringServer.app[1],packetReceived:count,source,packetReceived,,,,,,,
Critical_N5-4-20260913-16:07:22-1049,attr,CriticalEventNetwork.monitoringServer.app[1],packetReceived:count,title,"packets received, count",,,,,,,
Critical_N10-0-20260913-16:09:03-1151,statistic,CriticalEventNetwork.monitoringServer.app[1],endToEndDelay:stats,,,,1,1,0.003980415936,NaN,0.003980415936,0.003980415936
Critical_N10-0-20260913-16:09:03-1151,attr,CriticalEventNetwork.monitoringServer.app[1],endToEndDelay:stats,interpolationmode,none,,,,,,,
Critical_N10-0-20260913-16:09:03-1151,attr,CriticalEventNetwork.monitoringServer.app[1],endToEndDelay:stats,recordingmode,stats,,,,,,,
Critical_N10-0-20260913-16:09:03-1151,attr,CriticalEventNetwork.monitoringServer.app[1],endToEndDelay:stats,source,dataAge(packetReceived),,,,,,,
Critical_N10-0-20260913-16:09:03-1151,attr,CriticalEventNetwork.monitoringServer.app[1],endToEndDelay:stats,title,end-to-end delay,,,,,,,
Critical_N10-0-20260913-16:09:03-1151,attr,CriticalEventNetwork.monitoringServer.app[1],endToEndDelay:stats,unit,s,,,,,,,
Critical_N10-1-20260913-16:09:03-1151,statistic,CriticalEventNetwork.monitoringServer.app[1],endToEndDelay:stats,,,,1,1,0.004940411038,NaN,0.004940411038,0.004940411038
Critical_N10-1-20260913-16:09:03-1151,attr,CriticalEventNetwork.monitoringServer.app[1],endToEndDelay:stats,interpolationmode,none,,,,,,,
Critical_N10-1-20260913-16:09:03-1151,attr,CriticalEventNetwork.monitoringServer.app[1],endToEndDelay:stats,recordingmode,stats,,,,,,,
Critical_N10-1-20260913-16:09:03-1151,attr,CriticalEventNetwork.monitoringServer.app[1],endToEndDelay:stats,source,dataAge(packetReceived),,,,,,,
Critical_N10-1-20260913-16:09:03-1151,attr,CriticalEventNetwork.monitoringServer.app[1],endToEndDelay:stats,title,end-to-end delay,,,,,,,
Critical_N10-1-20260913-16:09:03-1151,attr,CriticalEventNetwork.monitoringServer.app[1],endToEndDelay:stats,unit,s,,,,,,,
Critical_N10-2-20260913-16:09:04-1151,statistic,CriticalEventNetwork.monitoringServer.app[1],endToEndDelay:stats,,,,1,1,0.004300411926,NaN,0.004300411926,0.004300411926
Critical_N10-2-20260913-16:09:04-1151,attr,CriticalEventNetwork.monitoringServer.app[1],endToEndDelay:stats,interpolationmode,none,,,,,,,
Critical_N10-2-20260913-16:09:04-1151,attr,CriticalEventNetwork.monitoringServer.app[1],endToEndDelay:stats,recordingmode,stats,,,,,,,
Critical_N10-2-20260913-16:09:04-1151,attr,CriticalEventNetwork.monitoringServer.app[1],endToEndDelay:stats,source,dataAge(packetReceived),,,,,,,
Critical_N10-2-20260913-16:09:04-1151,attr,CriticalEventNetwork.monitoringServer.app[1],endToEndDelay:stats,title,end-to-end delay,,,,,,,
Critical_N10-2-20260913-16:09:04-1151,attr,CriticalEventNetwork.monitoringServer.app[1],endToEndDelay:stats,unit,s,,,,,,,
Critical_N10-3-20260913-16:09:04-1151,statistic,CriticalEventNetwork.monitoringServer.app[1],endToEndDelay:stats,,,,1,1,0.004620431181,NaN,0.004620431181,0.004620431181
Critical_N10-3-20260913-16:09:04-1151,attr,CriticalEventNetwork.monitoringServer.app[1],endToEndDelay:stats,interpolationmode,none,,,,,,,
Critical_N10-3-20260913-16:09:04-1151,attr,CriticalEventNetwork.monitoringServer.app[1],endToEndDelay:stats,recordingmode,stats,,,,,,,
Critical_N10-3-20260913-16:09:04-1151,attr,CriticalEventNetwork.monitoringServer.app[1],endToEndDelay:stats,source,dataAge(packetReceived),,,,,,,
Critical_N10-3-20260913-16:09:04-1151,attr,CriticalEventNetwork.monitoringServer.app[1],endToEndDelay:stats,title,end-to-end delay,,,,,,,
Critical_N10-3-20260913-16:09:04-1151,attr,CriticalEventNetwork.monitoringServer.app[1],endToEndDelay:stats,unit,s,,,,,,,
Critical_N10-4-20260913-16:09:05-1151,statistic,CriticalEventNetwork.monitoringServer.app[1],endToEndDelay:stats,,,,1,1,0.005260444196,NaN,0.005260444196,0.005260444196
Critical_N10-4-20260913-16:09:05-1151,attr,CriticalEventNetwork.monitoringServer.app[1],endToEndDelay:stats,interpolationmode,none,,,,,,,
Critical_N10-4-20260913-16:09:05-1151,attr,CriticalEventNetwork.monitoringServer.app[1],endToEndDelay:stats,recordingmode,stats,,,,,,,
Critical_N10-4-20260913-16:09:05-1151,attr,CriticalEventNetwork.monitoringServer.app[1],endToEndDelay:stats,source,dataAge(packetReceived),,,,,,,
Critical_N10-4-20260913-16:09:05-1151,attr,CriticalEventNetwork.monitoringServer.app[1],endToEndDelay:stats,title,end-to-end delay,,,,,,,
Critical_N10-4-20260913-16:09:05-1151,attr,CriticalEventNetwork.monitoringServer.app[1],endToEndDelay:stats,unit,s,,,,,,,
Critical_N20-0-20260913-16:09:20-1249,statistic,CriticalEventNetwork.monitoringServer.app[1],endToEndDelay:stats,,,,1,1,0.004940415936,NaN,0.004940415936,0.004940415936
Critical_N20-0-20260913-16:09:20-1249,attr,CriticalEventNetwork.monitoringServer.app[1],endToEndDelay:stats,interpolationmode,none,,,,,,,
Critical_N20-0-20260913-16:09:20-1249,attr,CriticalEventNetwork.monitoringServer.app[1],endToEndDelay:stats,recordingmode,stats,,,,,,,
Critical_N20-0-20260913-16:09:20-1249,attr,CriticalEventNetwork.monitoringServer.app[1],endToEndDelay:stats,source,dataAge(packetReceived),,,,,,,
Critical_N20-0-20260913-16:09:20-1249,attr,CriticalEventNetwork.monitoringServer.app[1],endToEndDelay:stats,title,end-to-end delay,,,,,,,
Critical_N20-0-20260913-16:09:20-1249,attr,CriticalEventNetwork.monitoringServer.app[1],endToEndDelay:stats,unit,s,,,,,,,
Critical_N20-1-20260913-16:09:22-1249,statistic,CriticalEventNetwork.monitoringServer.app[1],endToEndDelay:stats,,,,1,1,0.004940411038,NaN,0.004940411038,0.004940411038
Critical_N20-1-20260913-16:09:22-1249,attr,CriticalEventNetwork.monitoringServer.app[1],endToEndDelay:stats,interpolationmode,none,,,,,,,
Critical_N20-1-20260913-16:09:22-1249,attr,CriticalEventNetwork.monitoringServer.app[1],endToEndDelay:stats,recordingmode,stats,,,,,,,
Critical_N20-1-20260913-16:09:22-1249,attr,CriticalEventNetwork.monitoringServer.app[1],endToEndDelay:stats,source,dataAge(packetReceived),,,,,,,
Critical_N20-1-20260913-16:09:22-1249,attr,CriticalEventNetwork.monitoringServer.app[1],endToEndDelay:stats,title,end-to-end delay,,,,,,,
Critical_N20-1-20260913-16:09:22-1249,attr,CriticalEventNetwork.monitoringServer.app[1],endToEndDelay:stats,unit,s,,,,,,,
Critical_N20-2-20260913-16:09:23-1249,statistic,CriticalEventNetwork.monitoringServer.app[1],endToEndDelay:stats,,,,1,1,0.003660411926,NaN,0.003660411926,0.003660411926
Critical_N20-2-20260913-16:09:23-1249,attr,CriticalEventNetwork.monitoringServer.app[1],endToEndDelay:stats,interpolationmode,none,,,,,,,
Critical_N20-2-20260913-16:09:23-1249,attr,CriticalEventNetwork.monitoringServer.app[1],endToEndDelay:stats,recordingmode,stats,,,,,,,
Critical_N20-2-20260913-16:09:23-1249,attr,CriticalEventNetwork.monitoringServer.app[1],endToEndDelay:stats,source,dataAge(packetReceived),,,,,,,
Critical_N20-2-20260913-16:09:23-1249,attr,CriticalEventNetwork.monitoringServer.app[1],endToEndDelay:stats,title,end-to-end delay,,,,,,,
Critical_N20-2-20260913-16:09:23-1249,attr,CriticalEventNetwork.monitoringServer.app[1],endToEndDelay:stats,unit,s,,,,,,,
Critical_N20-3-20260913-16:09:24-1249,statistic,CriticalEventNetwork.monitoringServer.app[1],endToEndDelay:stats,,,,1,1,0.003340431181,NaN,0.003340431181,0.003340431181
Critical_N20-3-20260913-16:09:24-1249,attr,CriticalEventNetwork.monitoringServer.app[1],endToEndDelay:stats,interpolationmode,none,,,,,,,
Critical_N20-3-20260913-16:09:24-1249,attr,CriticalEventNetwork.monitoringServer.app[1],endToEndDelay:stats,recordingmode,stats,,,,,,,
Critical_N20-3-20260913-16:09:24-1249,attr,CriticalEventNetwork.monitoringServer.app[1],endToEndDelay:stats,source,dataAge(packetReceived),,,,,,,
Critical_N20-3-20260913-16:09:24-1249,attr,CriticalEventNetwork.monitoringServer.app[1],endToEndDelay:stats,title,end-to-end delay,,,,,,,
Critical_N20-3-20260913-16:09:24-1249,attr,CriticalEventNetwork.monitoringServer.app[1],endToEndDelay:stats,unit,s,,,,,,,
Critical_N20-4-20260913-16:09:24-1249,statistic,CriticalEventNetwork.monitoringServer.app[1],endToEndDelay:stats,,,,1,1,0.003660444196,NaN,0.003660444196,0.003660444196
Critical_N20-4-20260913-16:09:24-1249,attr,CriticalEventNetwork.monitoringServer.app[1],endToEndDelay:stats,interpolationmode,none,,,,,,,
Critical_N20-4-20260913-16:09:24-1249,attr,CriticalEventNetwork.monitoringServer.app[1],endToEndDelay:stats,recordingmode,stats,,,,,,,
Critical_N20-4-20260913-16:09:24-1249,attr,CriticalEventNetwork.monitoringServer.app[1],endToEndDelay:stats,source,dataAge(packetReceived),,,,,,,
Critical_N20-4-20260913-16:09:24-1249,attr,CriticalEventNetwork.monitoringServer.app[1],endToEndDelay:stats,title,end-to-end delay,,,,,,,
Critical_N20-4-20260913-16:09:24-1249,attr,CriticalEventNetwork.monitoringServer.app[1],endToEndDelay:stats,unit,s,,,,,,,
Critical_N30-0-20260913-16:10:16-1343,statistic,CriticalEventNetwork.monitoringServer.app[1],endToEndDelay:stats,,,,1,1,0.005580415936,NaN,0.005580415936,0.005580415936
Critical_N30-0-20260913-16:10:16-1343,attr,CriticalEventNetwork.monitoringServer.app[1],endToEndDelay:stats,interpolationmode,none,,,,,,,
Critical_N30-0-20260913-16:10:16-1343,attr,CriticalEventNetwork.monitoringServer.app[1],endToEndDelay:stats,recordingmode,stats,,,,,,,
Critical_N30-0-20260913-16:10:16-1343,attr,CriticalEventNetwork.monitoringServer.app[1],endToEndDelay:stats,source,dataAge(packetReceived),,,,,,,
Critical_N30-0-20260913-16:10:16-1343,attr,CriticalEventNetwork.monitoringServer.app[1],endToEndDelay:stats,title,end-to-end delay,,,,,,,
Critical_N30-0-20260913-16:10:16-1343,attr,CriticalEventNetwork.monitoringServer.app[1],endToEndDelay:stats,unit,s,,,,,,,
Critical_N30-1-20260913-16:10:18-1343,statistic,CriticalEventNetwork.monitoringServer.app[1],endToEndDelay:stats,,,,1,1,0.004620411038,NaN,0.004620411038,0.004620411038
Critical_N30-1-20260913-16:10:18-1343,attr,CriticalEventNetwork.monitoringServer.app[1],endToEndDelay:stats,interpolationmode,none,,,,,,,
Critical_N30-1-20260913-16:10:18-1343,attr,CriticalEventNetwork.monitoringServer.app[1],endToEndDelay:stats,recordingmode,stats,,,,,,,
Critical_N30-1-20260913-16:10:18-1343,attr,CriticalEventNetwork.monitoringServer.app[1],endToEndDelay:stats,source,dataAge(packetReceived),,,,,,,
Critical_N30-1-20260913-16:10:18-1343,attr,CriticalEventNetwork.monitoringServer.app[1],endToEndDelay:stats,title,end-to-end delay,,,,,,,
Critical_N30-1-20260913-16:10:18-1343,attr,CriticalEventNetwork.monitoringServer.app[1],endToEndDelay:stats,unit,s,,,,,,,
Critical_N30-2-20260913-16:10:20-1343,statistic,CriticalEventNetwork.monitoringServer.app[1],endToEndDelay:stats,,,,1,1,0.003660411926,NaN,0.003660411926,0.003660411926
Critical_N30-2-20260913-16:10:20-1343,attr,CriticalEventNetwork.monitoringServer.app[1],endToEndDelay:stats,interpolationmode,none,,,,,,,
Critical_N30-2-20260913-16:10:20-1343,attr,CriticalEventNetwork.monitoringServer.app[1],endToEndDelay:stats,recordingmode,stats,,,,,,,
Critical_N30-2-20260913-16:10:20-1343,attr,CriticalEventNetwork.monitoringServer.app[1],endToEndDelay:stats,source,dataAge(packetReceived),,,,,,,
Critical_N30-2-20260913-16:10:20-1343,attr,CriticalEventNetwork.monitoringServer.app[1],endToEndDelay:stats,title,end-to-end delay,,,,,,,
Critical_N30-2-20260913-16:10:20-1343,attr,CriticalEventNetwork.monitoringServer.app[1],endToEndDelay:stats,unit,s,,,,,,,
Critical_N30-3-20260913-16:10:21-1343,statistic,CriticalEventNetwork.monitoringServer.app[1],endToEndDelay:stats,,,,1,1,0.005260431181,NaN,0.005260431181,0.005260431181
Critical_N30-3-20260913-16:10:21-1343,attr,CriticalEventNetwork.monitoringServer.app[1],endToEndDelay:stats,interpolationmode,none,,,,,,,
Critical_N30-3-20260913-16:10:21-1343,attr,CriticalEventNetwork.monitoringServer.app[1],endToEndDelay:stats,recordingmode,stats,,,,,,,
Critical_N30-3-20260913-16:10:21-1343,attr,CriticalEventNetwork.monitoringServer.app[1],endToEndDelay:stats,source,dataAge(packetReceived),,,,,,,
Critical_N30-3-20260913-16:10:21-1343,attr,CriticalEventNetwork.monitoringServer.app[1],endToEndDelay:stats,title,end-to-end delay,,,,,,,
Critical_N30-3-20260913-16:10:21-1343,attr,CriticalEventNetwork.monitoringServer.app[1],endToEndDelay:stats,unit,s,,,,,,,
Critical_N30-4-20260913-16:10:23-1343,statistic,CriticalEventNetwork.monitoringServer.app[1],endToEndDelay:stats,,,,1,1,0.003980444196,NaN,0.003980444196,0.003980444196
Critical_N30-4-20260913-16:10:23-1343,attr,CriticalEventNetwork.monitoringServer.app[1],endToEndDelay:stats,interpolationmode,none,,,,,,,
Critical_N30-4-20260913-16:10:23-1343,attr,CriticalEventNetwork.monitoringServer.app[1],endToEndDelay:stats,recordingmode,stats,,,,,,,
Critical_N30-4-20260913-16:10:23-1343,attr,CriticalEventNetwork.monitoringServer.app[1],endToEndDelay:stats,source,dataAge(packetReceived),,,,,,,
Critical_N30-4-20260913-16:10:23-1343,attr,CriticalEventNetwork.monitoringServer.app[1],endToEndDelay:stats,title,end-to-end delay,,,,,,,
Critical_N30-4-20260913-16:10:23-1343,attr,CriticalEventNetwork.monitoringServer.app[1],endToEndDelay:stats,unit,s,,,,,,,
Critical_N40-0-20260913-16:10:41-1436,statistic,CriticalEventNetwork.monitoringServer.app[1],endToEndDelay:stats,,,,1,1,0.003340415936,NaN,0.003340415936,0.003340415936
Critical_N40-0-20260913-16:10:41-1436,attr,CriticalEventNetwork.monitoringServer.app[1],endToEndDelay:stats,interpolationmode,none,,,,,,,
Critical_N40-0-20260913-16:10:41-1436,attr,CriticalEventNetwork.monitoringServer.app[1],endToEndDelay:stats,recordingmode,stats,,,,,,,
Critical_N40-0-20260913-16:10:41-1436,attr,CriticalEventNetwork.monitoringServer.app[1],endToEndDelay:stats,source,dataAge(packetReceived),,,,,,,
Critical_N40-0-20260913-16:10:41-1436,attr,CriticalEventNetwork.monitoringServer.app[1],endToEndDelay:stats,title,end-to-end delay,,,,,,,
Critical_N40-0-20260913-16:10:41-1436,attr,CriticalEventNetwork.monitoringServer.app[1],endToEndDelay:stats,unit,s,,,,,,,
Critical_N40-1-20260913-16:10:43-1436,statistic,CriticalEventNetwork.monitoringServer.app[1],endToEndDelay:stats,,,,1,1,0.004940411038,NaN,0.004940411038,0.004940411038
Critical_N40-1-20260913-16:10:43-1436,attr,CriticalEventNetwork.monitoringServer.app[1],endToEndDelay:stats,interpolationmode,none,,,,,,,
Critical_N40-1-20260913-16:10:43-1436,attr,CriticalEventNetwork.monitoringServer.app[1],endToEndDelay:stats,recordingmode,stats,,,,,,,
Critical_N40-1-20260913-16:10:43-1436,attr,CriticalEventNetwork.monitoringServer.app[1],endToEndDelay:stats,source,dataAge(packetReceived),,,,,,,
Critical_N40-1-20260913-16:10:43-1436,attr,CriticalEventNetwork.monitoringServer.app[1],endToEndDelay:stats,title,end-to-end delay,,,,,,,
Critical_N40-1-20260913-16:10:43-1436,attr,CriticalEventNetwork.monitoringServer.app[1],endToEndDelay:stats,unit,s,,,,,,,
Critical_N40-2-20260913-16:10:46-1436,statistic,CriticalEventNetwork.monitoringServer.app[1],endToEndDelay:stats,,,,1,1,0.005580411926,NaN,0.005580411926,0.005580411926
Critical_N40-2-20260913-16:10:46-1436,attr,CriticalEventNetwork.monitoringServer.app[1],endToEndDelay:stats,interpolationmode,none,,,,,,,
Critical_N40-2-20260913-16:10:46-1436,attr,CriticalEventNetwork.monitoringServer.app[1],endToEndDelay:stats,recordingmode,stats,,,,,,,
Critical_N40-2-20260913-16:10:46-1436,attr,CriticalEventNetwork.monitoringServer.app[1],endToEndDelay:stats,source,dataAge(packetReceived),,,,,,,
Critical_N40-2-20260913-16:10:46-1436,attr,CriticalEventNetwork.monitoringServer.app[1],endToEndDelay:stats,title,end-to-end delay,,,,,,,
Critical_N40-2-20260913-16:10:46-1436,attr,CriticalEventNetwork.monitoringServer.app[1],endToEndDelay:stats,unit,s,,,,,,,
Critical_N40-3-20260913-16:10:48-1436,statistic,CriticalEventNetwork.monitoringServer.app[1],endToEndDelay:stats,,,,1,1,0.003340431181,NaN,0.003340431181,0.003340431181
Critical_N40-3-20260913-16:10:48-1436,attr,CriticalEventNetwork.monitoringServer.app[1],endToEndDelay:stats,interpolationmode,none,,,,,,,
Critical_N40-3-20260913-16:10:48-1436,attr,CriticalEventNetwork.monitoringServer.app[1],endToEndDelay:stats,recordingmode,stats,,,,,,,
Critical_N40-3-20260913-16:10:48-1436,attr,CriticalEventNetwork.monitoringServer.app[1],endToEndDelay:stats,source,dataAge(packetReceived),,,,,,,
Critical_N40-3-20260913-16:10:48-1436,attr,CriticalEventNetwork.monitoringServer.app[1],endToEndDelay:stats,title,end-to-end delay,,,,,,,
Critical_N40-3-20260913-16:10:48-1436,attr,CriticalEventNetwork.monitoringServer.app[1],endToEndDelay:stats,unit,s,,,,,,,
Critical_N40-4-20260913-16:10:50-1436,statistic,CriticalEventNetwork.monitoringServer.app[1],endToEndDelay:stats,,,,1,1,0.003340444196,NaN,0.003340444196,0.003340444196
Critical_N40-4-20260913-16:10:50-1436,attr,CriticalEventNetwork.monitoringServer.app[1],endToEndDelay:stats,interpolationmode,none,,,,,,,
Critical_N40-4-20260913-16:10:50-1436,attr,CriticalEventNetwork.monitoringServer.app[1],endToEndDelay:stats,recordingmode,stats,,,,,,,
Critical_N40-4-20260913-16:10:50-1436,attr,CriticalEventNetwork.monitoringServer.app[1],endToEndDelay:stats,source,dataAge(packetReceived),,,,,,,
Critical_N40-4-20260913-16:10:50-1436,attr,CriticalEventNetwork.monitoringServer.app[1],endToEndDelay:stats,title,end-to-end delay,,,,,,,
Critical_N40-4-20260913-16:10:50-1436,attr,CriticalEventNetwork.monitoringServer.app[1],endToEndDelay:stats,unit,s,,,,,,,
Critical_N5-0-20260913-16:07:20-1049,statistic,CriticalEventNetwork.monitoringServer.app[1],endToEndDelay:stats,,,,1,1,0.003980415936,NaN,0.003980415936,0.003980415936
Critical_N5-0-20260913-16:07:20-1049,attr,CriticalEventNetwork.monitoringServer.app[1],endToEndDelay:stats,interpolationmode,none,,,,,,,
Critical_N5-0-20260913-16:07:20-1049,attr,CriticalEventNetwork.monitoringServer.app[1],endToEndDelay:stats,recordingmode,stats,,,,,,,
Critical_N5-0-20260913-16:07:20-1049,attr,CriticalEventNetwork.monitoringServer.app[1],endToEndDelay:stats,source,dataAge(packetReceived),,,,,,,
Critical_N5-0-20260913-16:07:20-1049,attr,CriticalEventNetwork.monitoringServer.app[1],endToEndDelay:stats,title,end-to-end delay,,,,,,,
Critical_N5-0-20260913-16:07:20-1049,attr,CriticalEventNetwork.monitoringServer.app[1],endToEndDelay:stats,unit,s,,,,,,,
Critical_N5-1-20260913-16:07:21-1049,statistic,CriticalEventNetwork.monitoringServer.app[1],endToEndDelay:stats,,,,1,1,0.004300411038,NaN,0.004300411038,0.004300411038
Critical_N5-1-20260913-16:07:21-1049,attr,CriticalEventNetwork.monitoringServer.app[1],endToEndDelay:stats,interpolationmode,none,,,,,,,
Critical_N5-1-20260913-16:07:21-1049,attr,CriticalEventNetwork.monitoringServer.app[1],endToEndDelay:stats,recordingmode,stats,,,,,,,
Critical_N5-1-20260913-16:07:21-1049,attr,CriticalEventNetwork.monitoringServer.app[1],endToEndDelay:stats,source,dataAge(packetReceived),,,,,,,
Critical_N5-1-20260913-16:07:21-1049,attr,CriticalEventNetwork.monitoringServer.app[1],endToEndDelay:stats,title,end-to-end delay,,,,,,,
Critical_N5-1-20260913-16:07:21-1049,attr,CriticalEventNetwork.monitoringServer.app[1],endToEndDelay:stats,unit,s,,,,,,,
Critical_N5-2-20260913-16:07:21-1049,statistic,CriticalEventNetwork.monitoringServer.app[1],endToEndDelay:stats,,,,1,1,0.003980411926,NaN,0.003980411926,0.003980411926
Critical_N5-2-20260913-16:07:21-1049,attr,CriticalEventNetwork.monitoringServer.app[1],endToEndDelay:stats,interpolationmode,none,,,,,,,
Critical_N5-2-20260913-16:07:21-1049,attr,CriticalEventNetwork.monitoringServer.app[1],endToEndDelay:stats,recordingmode,stats,,,,,,,
Critical_N5-2-20260913-16:07:21-1049,attr,CriticalEventNetwork.monitoringServer.app[1],endToEndDelay:stats,source,dataAge(packetReceived),,,,,,,
Critical_N5-2-20260913-16:07:21-1049,attr,CriticalEventNetwork.monitoringServer.app[1],endToEndDelay:stats,title,end-to-end delay,,,,,,,
Critical_N5-2-20260913-16:07:21-1049,attr,CriticalEventNetwork.monitoringServer.app[1],endToEndDelay:stats,unit,s,,,,,,,
Critical_N5-3-20260913-16:07:22-1049,statistic,CriticalEventNetwork.monitoringServer.app[1],endToEndDelay:stats,,,,1,1,0.003980431181,NaN,0.003980431181,0.003980431181
Critical_N5-3-20260913-16:07:22-1049,attr,CriticalEventNetwork.monitoringServer.app[1],endToEndDelay:stats,interpolationmode,none,,,,,,,
Critical_N5-3-20260913-16:07:22-1049,attr,CriticalEventNetwork.monitoringServer.app[1],endToEndDelay:stats,recordingmode,stats,,,,,,,
Critical_N5-3-20260913-16:07:22-1049,attr,CriticalEventNetwork.monitoringServer.app[1],endToEndDelay:stats,source,dataAge(packetReceived),,,,,,,
Critical_N5-3-20260913-16:07:22-1049,attr,CriticalEventNetwork.monitoringServer.app[1],endToEndDelay:stats,title,end-to-end delay,,,,,,,
Critical_N5-3-20260913-16:07:22-1049,attr,CriticalEventNetwork.monitoringServer.app[1],endToEndDelay:stats,unit,s,,,,,,,
Critical_N5-4-20260913-16:07:22-1049,statistic,CriticalEventNetwork.monitoringServer.app[1],endToEndDelay:stats,,,,1,1,0.003340444196,NaN,0.003340444196,0.003340444196
Critical_N5-4-20260913-16:07:22-1049,attr,CriticalEventNetwork.monitoringServer.app[1],endToEndDelay:stats,interpolationmode,none,,,,,,,
Critical_N5-4-20260913-16:07:22-1049,attr,CriticalEventNetwork.monitoringServer.app[1],endToEndDelay:stats,recordingmode,stats,,,,,,,
Critical_N5-4-20260913-16:07:22-1049,attr,CriticalEventNetwork.monitoringServer.app[1],endToEndDelay:stats,source,dataAge(packetReceived),,,,,,,
Critical_N5-4-20260913-16:07:22-1049,attr,CriticalEventNetwork.monitoringServer.app[1],endToEndDelay:stats,title,end-to-end delay,,,,,,,
Critical_N5-4-20260913-16:07:22-1049,attr,CriticalEventNetwork.monitoringServer.app[1],endToEndDelay:stats,unit,s,,,,,,,
