run,type,module,name,attrname,attrvalue,value,count,sumweights,mean,stddev,min,max
PUB_T1-1-20260914-20:24:11-1777,runattr,,,configname,PUB_T1,,,,,,,
PUB_T1-1-20260914-20:24:11-1777,runattr,,,datetime,20260914-20:24:11,,,,,,,
PUB_T1-1-20260914-20:24:11-1777,runattr,,,datetimef,20260914-202411,,,,,,,
PUB_T1-1-20260914-20:24:11-1777,runattr,,,experiment,PUB_T1,,,,,,,
PUB_T1-1-20260914-20:24:11-1777,runattr,,,inifile,omnetpp.ini,,,,,,,
PUB_T1-1-20260914-20:24:11-1777,runattr,,,iterationvars,,,,,,,,
PUB_T1-1-20260914-20:24:11-1777,runattr,,,iterationvarsd,,,,,,,,
PUB_T1-1-20260914-20:24:11-1777,runattr,,,iterationvarsf,,,,,,,,
PUB_T1-1-20260914-20:24:11-1777,runattr,,,measurement,,,,,,,,
PUB_T1-1-20260914-20:24:11-1777,runattr,,,network,simulations.experiment4_application_strategy.ApplicationStrategyNetwork,,,,,,,
PUB_T1-1-20260914-20:24:11-1777,runattr,,,processid,1777,,,,,,,
PUB_T1-1-20260914-20:24:11-1777,runattr,,,repetition,1,,,,,,,
PUB_T1-1-20260914-20:24:11-1777,runattr,,,replication,#1,,,,,,,
PUB_T1-1-20260914-20:24:11-1777,runattr,,,resultdir,results,,,,,,,
PUB_T1-1-20260914-20:24:11-1777,runattr,,,runnumber,1,,,,,,,
PUB_T1-1-20260914-20:24:11-1777,runattr,,,seedset,1,,,,,,,
PUB_T1-1-20260914-20:24:11-1777,config,,,image-path,../../../inet-4.6.0/images,,,,,,,
PUB_T1-1-20260914-20:24:11-1777,config,,,extends,PublishSubscribeBase,,,,,,,
PUB_T1-1-20260914-20:24:11-1777,config,,,*.sensor[*].app[0].sendInterval,1s,,,,,,,
PUB_T1-1-20260914-20:24:11-1777,config,,,repeat,5,,,,,,,
PUB_T1-1-20260914-20:24:11-1777,config,,,seed-set,1,,,,,,,
PUB_T1-1-20260914-20:24:11-1777,config,,,extends,Common,,,,,,,
PUB_T1-1-20260914-20:24:11-1777,config,,,*.sensor[*].numApps,1,,,,,,,
PUB_T1-1-20260914-20:24:11-1777,config,,,*.sensor[*].app[0].typename,UdpBasicApp,,,,,,,
PUB_T1-1-20260914-20:24:11-1777,config,,,*.sensor[*].app[0].destAddresses,"""monitoringServer""",,,,,,,
PUB_T1-1-20260914-20:24:11-1777,config,,,*.sensor[*].app[0].destPort,3000,,,,,,,
PUB_T1-1-20260914-20:24:11-1777,config,,,*.sensor[*].app[0].messageLength,50B,,,,,,,
PUB_T1-1-20260914-20:24:11-1777,config,,,*.sensor[*].app[0].sendInterval,10s,,,,,,,
PUB_T1-1-20260914-20:24:11-1777,config,,,*.sensor[*].app[0].startTime,"uniform(1s,2s)",,,,,,,
PUB_T1-1-20260914-20:24:11-1777,config,,,*.sensor[*].app[0].packetName,"""SensorPublication""",,,,,,,
PUB_T1-1-20260914-20:24:11-1777,config,,,*.monitoringServer.numApps,1,,,,,,,
PUB_T1-1-20260914-20:24:11-1777,config,,,*.monitoringServer.app[0].typename,UdpSink,,,,,,,
PUB_T1-1-20260914-20:24:11-1777,config,,,*.monitoringServer.app[0].localPort,3000,,,,,,,
PUB_T1-1-20260914-20:24:11-1777,config,,,*.sensor[*].app[0].packetSent.result-recording-modes,count,,,,,,,
PUB_T1-1-20260914-20:24:11-1777,config,,,*.monitoringServer.app[0].packetReceived.result-recording-modes,count,,,,,,,
PUB_T1-1-20260914-20:24:11-1777,config,,,*.monitoringServer.app[0].endToEndDelay.result-recording-modes,+stats,,,,,,,
PUB_T1-1-20260914-20:24:11-1777,config,,,network,simulations.experiment4_application_strategy.ApplicationStrategyNetwork,,,,,,,
PUB_T1-1-20260914-20:24:11-1777,config,,,sim-time-limit,600s,,,,,,,
PUB_T1-1-20260914-20:24:11-1777,config,,,*.numSensors,12,,,,,,,
PUB_T1-1-20260914-20:24:11-1777,config,,,**.arp.typename,GlobalArp,,,,,,,
PUB_T1-1-20260914-20:24:11-1777,config,,,**.netmaskRoutes,"""""",,,,,,,
PUB_T1-1-20260914-20:24:11-1777,config,,,*.radioMedium.backgroundNoise.power,-110dBm,,,,,,,
PUB_T1-1-20260914-20:24:11-1777,config,,,*.configurator.config,"xmldoc(""startopology.xml"")",,,,,,,
PUB_T1-1-20260914-20:24:11-1777,config,,,*.configurator.addStaticRoutes,false,,,,,,,
PUB_T1-1-20260914-20:24:11-1777,config,,,*.sensor[*].mobility.initFromDisplayString,false,,,,,,,
PUB_T1-1-20260914-20:24:11-1777,config,,,*.sensor[*].mobility.initialX,"uniform(1m, 19m)",,,,,,,
PUB_T1-1-20260914-20:24:11-1777,config,,,*.sensor[*].mobility.initialY,"uniform(1m, 19m)",,,,,,,
PUB_T1-1-20260914-20:24:11-1777,config,,,*.sensor[*].mobility.initialZ,0m,,,,,,,
PUB_T1-1-20260914-20:24:11-1777,config,,,*.controller.numApps,0,,,,,,,
PUB_T1-1-20260914-20:24:11-1777,config,,,*.lamp*.numApps,0,,,,,,,
PUB_T1-1-20260914-20:24:11-1777,config,,,**.vector-recording,false,,,,,,,
PUB_T1-0-20260914-20:25:42-1884,runattr,,,configname,PUB_T1,,,,,,,
PUB_T1-0-20260914-20:25:42-1884,runattr,,,datetime,20260914-20:25:42,,,,,,,
PUB_T1-0-20260914-20:25:42-1884,runattr,,,datetimef,20260914-202542,,,,,,,
PUB_T1-0-20260914-20:25:42-1884,runattr,,,experiment,PUB_T1,,,,,,,
PUB_T1-0-20260914-20:25:42-1884,runattr,,,inifile,omnetpp.ini,,,,,,,
PUB_T1-0-20260914-20:25:42-1884,runattr,,,iterationvars,,,,,,,,
PUB_T1-0-20260914-20:25:42-1884,runattr,,,iterationvarsd,,,,,,,,
PUB_T1-0-20260914-20:25:42-1884,runattr,,,iterationvarsf,,,,,,,,
PUB_T1-0-20260914-20:25:42-1884,runattr,,,measurement,,,,,,,,
PUB_T1-0-20260914-20:25:42-1884,runattr,,,network,simulations.experiment4_application_strategy.ApplicationStrategyNetwork,,,,,,,
PUB_T1-0-20260914-20:25:42-1884,runattr,,,processid,1884,,,,,,,
PUB_T1-0-20260914-20:25:42-1884,runattr,,,repetition,0,,,,,,,
PUB_T1-0-20260914-20:25:42-1884,runattr,,,replication,#0,,,,,,,
PUB_T1-0-20260914-20:25:42-1884,runattr,,,resultdir,results,,,,,,,
PUB_T1-0-20260914-20:25:42-1884,runattr,,,runnumber,0,,,,,,,
PUB_T1-0-20260914-20:25:42-1884,runattr,,,seedset,0,,,,,,,
PUB_T1-0-20260914-20:25:42-1884,config,,,image-path,../../../inet-4.6.0/images,,,,,,,
PUB_T1-0-20260914-20:25:42-1884,config,,,extends,PublishSubscribeBase,,,,,,,
PUB_T1-0-20260914-20:25:42-1884,config,,,*.sensor[*].app[0].sendInterval,1s,,,,,,,
PUB_T1-0-20260914-20:25:42-1884,config,,,repeat,5,,,,,,,
PUB_T1-0-20260914-20:25:42-1884,config,,,seed-set,0,,,,,,,
PUB_T1-0-20260914-20:25:42-1884,config,,,extends,Common,,,,,,,
PUB_T1-0-20260914-20:25:42-1884,config,,,*.sensor[*].numApps,1,,,,,,,
PUB_T1-0-20260914-20:25:42-1884,config,,,*.sensor[*].app[0].typename,UdpBasicApp,,,,,,,
PUB_T1-0-20260914-20:25:42-1884,config,,,*.sensor[*].app[0].destAddresses,"""monitoringServer""",,,,,,,
PUB_T1-0-20260914-20:25:42-1884,config,,,*.sensor[*].app[0].destPort,3000,,,,,,,
PUB_T1-0-20260914-20:25:42-1884,config,,,*.sensor[*].app[0].messageLength,50B,,,,,,,
PUB_T1-0-20260914-20:25:42-1884,config,,,*.sensor[*].app[0].sendInterval,10s,,,,,,,
PUB_T1-0-20260914-20:25:42-1884,config,,,*.sensor[*].app[0].startTime,"uniform(1s,2s)",,,,,,,
PUB_T1-0-20260914-20:25:42-1884,config,,,*.sensor[*].app[0].packetName,"""SensorPublication""",,,,,,,
PUB_T1-0-20260914-20:25:42-1884,config,,,*.monitoringServer.numApps,1,,,,,,,
PUB_T1-0-20260914-20:25:42-1884,config,,,*.monitoringServer.app[0].typename,UdpSink,,,,,,,
PUB_T1-0-20260914-20:25:42-1884,config,,,*.monitoringServer.app[0].localPort,3000,,,,,,,
PUB_T1-0-20260914-20:25:42-1884,config,,,*.sensor[*].app[0].packetSent.result-recording-modes,count,,,,,,,
PUB_T1-0-20260914-20:25:42-1884,config,,,*.monitoringServer.app[0].packetReceived.result-recording-modes,count,,,,,,,
PUB_T1-0-20260914-20:25:42-1884,config,,,*.monitoringServer.app[0].endToEndDelay.result-recording-modes,+stats,,,,,,,
PUB_T1-0-20260914-20:25:42-1884,config,,,network,simulations.experiment4_application_strategy.ApplicationStrategyNetwork,,,,,,,
PUB_T1-0-20260914-20:25:42-1884,config,,,sim-time-limit,600s,,,,,,,
PUB_T1-0-20260914-20:25:42-1884,config,,,*.numSensors,12,,,,,,,
PUB_T1-0-20260914-20:25:42-1884,config,,,**.arp.typename,GlobalArp,,,,,,,
PUB_T1-0-20260914-20:25:42-1884,config,,,**.netmaskRoutes,"""""",,,,,,,
PUB_T1-0-20260914-20:25:42-1884,config,,,*.radioMedium.backgroundNoise.power,-110dBm,,,,,,,
PUB_T1-0-20260914-20:25:42-1884,config,,,*.configurator.config,"xmldoc(""startopology.xml"")",,,,,,,
PUB_T1-0-20260914-20:25:42-1884,config,,,*.configurator.addStaticRoutes,false,,,,,,,
PUB_T1-0-20260914-20:25:42-1884,config,,,*.sensor[*].mobility.initFromDisplayString,false,,,,,,,
PUB_T1-0-20260914-20:25:42-1884,config,,,*.sensor[*].mobility.initialX,"uniform(1m, 19m)",,,,,,,
PUB_T1-0-20260914-20:25:42-1884,config,,,*.sensor[*].mobility.initialY,"uniform(1m, 19m)",,,,,,,
PUB_T1-0-20260914-20:25:42-1884,config,,,*.sensor[*].mobility.initialZ,0m,,,,,,,
PUB_T1-0-20260914-20:25:42-1884,config,,,*.controller.numApps,0,,,,,,,
PUB_T1-0-20260914-20:25:42-1884,config,,,*.lamp*.numApps,0,,,,,,,
PUB_T1-0-20260914-20:25:42-1884,config,,,**.vector-recording,false,,,,,,,
PUB_T1-2-20260914-20:24:26-1782,runattr,,,configname,PUB_T1,,,,,,,
PUB_T1-2-20260914-20:24:26-1782,runattr,,,datetime,20260914-20:24:26,,,,,,,
PUB_T1-2-20260914-20:24:26-1782,runattr,,,datetimef,20260914-202426,,,,,,,
PUB_T1-2-20260914-20:24:26-1782,runattr,,,experiment,PUB_T1,,,,,,,
PUB_T1-2-20260914-20:24:26-1782,runattr,,,inifile,omnetpp.ini,,,,,,,
PUB_T1-2-20260914-20:24:26-1782,runattr,,,iterationvars,,,,,,,,
PUB_T1-2-20260914-20:24:26-1782,runattr,,,iterationvarsd,,,,,,,,
PUB_T1-2-20260914-20:24:26-1782,runattr,,,iterationvarsf,,,,,,,,
PUB_T1-2-20260914-20:24:26-1782,runattr,,,measurement,,,,,,,,
PUB_T1-2-20260914-20:24:26-1782,runattr,,,network,simulations.experiment4_application_strategy.ApplicationStrategyNetwork,,,,,,,
PUB_T1-2-20260914-20:24:26-1782,runattr,,,processid,1782,,,,,,,
PUB_T1-2-20260914-20:24:26-1782,runattr,,,repetition,2,,,,,,,
PUB_T1-2-20260914-20:24:26-1782,runattr,,,replication,#2,,,,,,,
PUB_T1-2-20260914-20:24:26-1782,runattr,,,resultdir,results,,,,,,,
PUB_T1-2-20260914-20:24:26-1782,runattr,,,runnumber,2,,,,,,,
PUB_T1-2-20260914-20:24:26-1782,runattr,,,seedset,2,,,,,,,
PUB_T1-2-20260914-20:24:26-1782,config,,,image-path,../../../inet-4.6.0/images,,,,,,,
PUB_T1-2-20260914-20:24:26-1782,config,,,extends,PublishSubscribeBase,,,,,,,
PUB_T1-2-20260914-20:24:26-1782,config,,,*.sensor[*].app[0].sendInterval,1s,,,,,,,
PUB_T1-2-20260914-20:24:26-1782,config,,,repeat,5,,,,,,,
PUB_T1-2-20260914-20:24:26-1782,config,,,seed-set,2,,,,,,,
PUB_T1-2-20260914-20:24:26-1782,config,,,extends,Common,,,,,,,
PUB_T1-2-20260914-20:24:26-1782,config,,,*.sensor[*].numApps,1,,,,,,,
PUB_T1-2-20260914-20:24:26-1782,config,,,*.sensor[*].app[0].typename,UdpBasicApp,,,,,,,
PUB_T1-2-20260914-20:24:26-1782,config,,,*.sensor[*].app[0].destAddresses,"""monitoringServer""",,,,,,,
PUB_T1-2-20260914-20:24:26-1782,config,,,*.sensor[*].app[0].destPort,3000,,,,,,,
PUB_T1-2-20260914-20:24:26-1782,config,,,*.sensor[*].app[0].messageLength,50B,,,,,,,
PUB_T1-2-20260914-20:24:26-1782,config,,,*.sensor[*].app[0].sendInterval,10s,,,,,,,
PUB_T1-2-20260914-20:24:26-1782,config,,,*.sensor[*].app[0].startTime,"uniform(1s,2s)",,,,,,,
PUB_T1-2-20260914-20:24:26-1782,config,,,*.sensor[*].app[0].packetName,"""SensorPublication""",,,,,,,
PUB_T1-2-20260914-20:24:26-1782,config,,,*.monitoringServer.numApps,1,,,,,,,
PUB_T1-2-20260914-20:24:26-1782,config,,,*.monitoringServer.app[0].typename,UdpSink,,,,,,,
PUB_T1-2-20260914-20:24:26-1782,config,,,*.monitoringServer.app[0].localPort,3000,,,,,,,
PUB_T1-2-20260914-20:24:26-1782,config,,,*.sensor[*].app[0].packetSent.result-recording-modes,count,,,,,,,
PUB_T1-2-20260914-20:24:26-1782,config,,,*.monitoringServer.app[0].packetReceived.result-recording-modes,count,,,,,,,
PUB_T1-2-20260914-20:24:26-1782,config,,,*.monitoringServer.app[0].endToEndDelay.result-recording-modes,+stats,,,,,,,
PUB_T1-2-20260914-20:24:26-1782,config,,,network,simulations.experiment4_application_strategy.ApplicationStrategyNetwork,,,,,,,
PUB_T1-2-20260914-20:24:26-1782,config,,,sim-time-limit,600s,,,,,,,
PUB_T1-2-20260914-20:24:26-1782,config,,,*.numSensors,12,,,,,,,
PUB_T1-2-20260914-20:24:26-1782,config,,,**.arp.typename,GlobalArp,,,,,,,
PUB_T1-2-20260914-20:24:26-1782,config,,,**.netmaskRoutes,"""""",,,,,,,
PUB_T1-2-20260914-20:24:26-1782,config,,,*.radioMedium.backgroundNoise.power,-110dBm,,,,,,,
PUB_T1-2-20260914-20:24:26-1782,config,,,*.configurator.config,"xmldoc(""startopology.xml"")",,,,,,,
PUB_T1-2-20260914-20:24:26-1782,config,,,*.configurator.addStaticRoutes,false,,,,,,,
PUB_T1-2-20260914-20:24:26-1782,config,,,*.sensor[*].mobility.initFromDisplayString,false,,,,,,,
PUB_T1-2-20260914-20:24:26-1782,config,,,*.sensor[*].mobility.initialX,"uniform(1m, 19m)",,,,,,,
PUB_T1-2-20260914-20:24:26-1782,config,,,*.sensor[*].mobility.initialY,"uniform(1m, 19m)",,,,,,,
PUB_T1-2-20260914-20:24:26-1782,config,,,*.sensor[*].mobility.initialZ,0m,,,,,,,
PUB_T1-2-20260914-20:24:26-1782,config,,,*.controller.numApps,0,,,,,,,
PUB_T1-2-20260914-20:24:26-1782,config,,,*.lamp*.numApps,0,,,,,,,
PUB_T1-2-20260914-20:24:26-1782,config,,,**.vector-recording,false,,,,,,,
PUB_T1-3-20260914-20:24:39-1787,runattr,,,configname,PUB_T1,,,,,,,
PUB_T1-3-20260914-20:24:39-1787,runattr,,,datetime,20260914-20:24:39,,,,,,,
PUB_T1-3-20260914-20:24:39-1787,runattr,,,datetimef,20260914-202439,,,,,,,
PUB_T1-3-20260914-20:24:39-1787,runattr,,,experiment,PUB_T1,,,,,,,
PUB_T1-3-20260914-20:24:39-1787,runattr,,,inifile,omnetpp.ini,,,,,,,
PUB_T1-3-20260914-20:24:39-1787,runattr,,,iterationvars,,,,,,,,
PUB_T1-3-20260914-20:24:39-1787,runattr,,,iterationvarsd,,,,,,,,
PUB_T1-3-20260914-20:24:39-1787,runattr,,,iterationvarsf,,,,,,,,
PUB_T1-3-20260914-20:24:39-1787,runattr,,,measurement,,,,,,,,
PUB_T1-3-20260914-20:24:39-1787,runattr,,,network,simulations.experiment4_application_strategy.ApplicationStrategyNetwork,,,,,,,
PUB_T1-3-20260914-20:24:39-1787,runattr,,,processid,1787,,,,,,,
PUB_T1-3-20260914-20:24:39-1787,runattr,,,repetition,3,,,,,,,
PUB_T1-3-20260914-20:24:39-1787,runattr,,,replication,#3,,,,,,,
PUB_T1-3-20260914-20:24:39-1787,runattr,,,resultdir,results,,,,,,,
PUB_T1-3-20260914-20:24:39-1787,runattr,,,runnumber,3,,,,,,,
PUB_T1-3-20260914-20:24:39-1787,runattr,,,seedset,3,,,,,,,
PUB_T1-3-20260914-20:24:39-1787,config,,,image-path,../../../inet-4.6.0/images,,,,,,,
PUB_T1-3-20260914-20:24:39-1787,config,,,extends,PublishSubscribeBase,,,,,,,
PUB_T1-3-20260914-20:24:39-1787,config,,,*.sensor[*].app[0].sendInterval,1s,,,,,,,
PUB_T1-3-20260914-20:24:39-1787,config,,,repeat,5,,,,,,,
PUB_T1-3-20260914-20:24:39-1787,config,,,seed-set,3,,,,,,,
PUB_T1-3-20260914-20:24:39-1787,config,,,extends,Common,,,,,,,
PUB_T1-3-20260914-20:24:39-1787,config,,,*.sensor[*].numApps,1,,,,,,,
PUB_T1-3-20260914-20:24:39-1787,config,,,*.sensor[*].app[0].typename,UdpBasicApp,,,,,,,
PUB_T1-3-20260914-20:24:39-1787,config,,,*.sensor[*].app[0].destAddresses,"""monitoringServer""",,,,,,,
PUB_T1-3-20260914-20:24:39-1787,config,,,*.sensor[*].app[0].destPort,3000,,,,,,,
PUB_T1-3-20260914-20:24:39-1787,config,,,*.sensor[*].app[0].messageLength,50B,,,,,,,
PUB_T1-3-20260914-20:24:39-1787,config,,,*.sensor[*].app[0].sendInterval,10s,,,,,,,
PUB_T1-3-20260914-20:24:39-1787,config,,,*.sensor[*].app[0].startTime,"uniform(1s,2s)",,,,,,,
PUB_T1-3-20260914-20:24:39-1787,config,,,*.sensor[*].app[0].packetName,"""SensorPublication""",,,,,,,
PUB_T1-3-20260914-20:24:39-1787,config,,,*.monitoringServer.numApps,1,,,,,,,
PUB_T1-3-20260914-20:24:39-1787,config,,,*.monitoringServer.app[0].typename,UdpSink,,,,,,,
PUB_T1-3-20260914-20:24:39-1787,config,,,*.monitoringServer.app[0].localPort,3000,,,,,,,
PUB_T1-3-20260914-20:24:39-1787,config,,,*.sensor[*].app[0].packetSent.result-recording-modes,count,,,,,,,
PUB_T1-3-20260914-20:24:39-1787,config,,,*.monitoringServer.app[0].packetReceived.result-recording-modes,count,,,,,,,
PUB_T1-3-20260914-20:24:39-1787,config,,,*.monitoringServer.app[0].endToEndDelay.result-recording-modes,+stats,,,,,,,
PUB_T1-3-20260914-20:24:39-1787,config,,,network,simulations.experiment4_application_strategy.ApplicationStrategyNetwork,,,,,,,
PUB_T1-3-20260914-20:24:39-1787,config,,,sim-time-limit,600s,,,,,,,
PUB_T1-3-20260914-20:24:39-1787,config,,,*.numSensors,12,,,,,,,
PUB_T1-3-20260914-20:24:39-1787,config,,,**.arp.typename,GlobalArp,,,,,,,
PUB_T1-3-20260914-20:24:39-1787,config,,,**.netmaskRoutes,"""""",,,,,,,
PUB_T1-3-20260914-20:24:39-1787,config,,,*.radioMedium.backgroundNoise.power,-110dBm,,,,,,,
PUB_T1-3-20260914-20:24:39-1787,config,,,*.configurator.config,"xmldoc(""startopology.xml"")",,,,,,,
PUB_T1-3-20260914-20:24:39-1787,config,,,*.configurator.addStaticRoutes,false,,,,,,,
PUB_T1-3-20260914-20:24:39-1787,config,,,*.sensor[*].mobility.initFromDisplayString,false,,,,,,,
PUB_T1-3-20260914-20:24:39-1787,config,,,*.sensor[*].mobility.initialX,"uniform(1m, 19m)",,,,,,,
PUB_T1-3-20260914-20:24:39-1787,config,,,*.sensor[*].mobility.initialY,"uniform(1m, 19m)",,,,,,,
PUB_T1-3-20260914-20:24:39-1787,config,,,*.sensor[*].mobility.initialZ,0m,,,,,,,
PUB_T1-3-20260914-20:24:39-1787,config,,,*.controller.numApps,0,,,,,,,
PUB_T1-3-20260914-20:24:39-1787,config,,,*.lamp*.numApps,0,,,,,,,
PUB_T1-3-20260914-20:24:39-1787,config,,,**.vector-recording,false,,,,,,,
PUB_T1-4-20260914-20:24:57-1792,runattr,,,configname,PUB_T1,,,,,,,
PUB_T1-4-20260914-20:24:57-1792,runattr,,,datetime,20260914-20:24:57,,,,,,,
PUB_T1-4-20260914-20:24:57-1792,runattr,,,datetimef,20260914-202457,,,,,,,
PUB_T1-4-20260914-20:24:57-1792,runattr,,,experiment,PUB_T1,,,,,,,
PUB_T1-4-20260914-20:24:57-1792,runattr,,,inifile,omnetpp.ini,,,,,,,
PUB_T1-4-20260914-20:24:57-1792,runattr,,,iterationvars,,,,,,,,
PUB_T1-4-20260914-20:24:57-1792,runattr,,,iterationvarsd,,,,,,,,
PUB_T1-4-20260914-20:24:57-1792,runattr,,,iterationvarsf,,,,,,,,
PUB_T1-4-20260914-20:24:57-1792,runattr,,,measurement,,,,,,,,
PUB_T1-4-20260914-20:24:57-1792,runattr,,,network,simulations.experiment4_application_strategy.ApplicationStrategyNetwork,,,,,,,
PUB_T1-4-20260914-20:24:57-1792,runattr,,,processid,1792,,,,,,,
PUB_T1-4-20260914-20:24:57-1792,runattr,,,repetition,4,,,,,,,
PUB_T1-4-20260914-20:24:57-1792,runattr,,,replication,#4,,,,,,,
PUB_T1-4-20260914-20:24:57-1792,runattr,,,resultdir,results,,,,,,,
PUB_T1-4-20260914-20:24:57-1792,runattr,,,runnumber,4,,,,,,,
PUB_T1-4-20260914-20:24:57-1792,runattr,,,seedset,4,,,,,,,
PUB_T1-4-20260914-20:24:57-1792,config,,,image-path,../../../inet-4.6.0/images,,,,,,,
PUB_T1-4-20260914-20:24:57-1792,config,,,extends,PublishSubscribeBase,,,,,,,
PUB_T1-4-20260914-20:24:57-1792,config,,,*.sensor[*].app[0].sendInterval,1s,,,,,,,
PUB_T1-4-20260914-20:24:57-1792,config,,,repeat,5,,,,,,,
PUB_T1-4-20260914-20:24:57-1792,config,,,seed-set,4,,,,,,,
PUB_T1-4-20260914-20:24:57-1792,config,,,extends,Common,,,,,,,
PUB_T1-4-20260914-20:24:57-1792,config,,,*.sensor[*].numApps,1,,,,,,,
PUB_T1-4-20260914-20:24:57-1792,config,,,*.sensor[*].app[0].typename,UdpBasicApp,,,,,,,
PUB_T1-4-20260914-20:24:57-1792,config,,,*.sensor[*].app[0].destAddresses,"""monitoringServer""",,,,,,,
PUB_T1-4-20260914-20:24:57-1792,config,,,*.sensor[*].app[0].destPort,3000,,,,,,,
PUB_T1-4-20260914-20:24:57-1792,config,,,*.sensor[*].app[0].messageLength,50B,,,,,,,
PUB_T1-4-20260914-20:24:57-1792,config,,,*.sensor[*].app[0].sendInterval,10s,,,,,,,
PUB_T1-4-20260914-20:24:57-1792,config,,,*.sensor[*].app[0].startTime,"uniform(1s,2s)",,,,,,,
PUB_T1-4-20260914-20:24:57-1792,config,,,*.sensor[*].app[0].packetName,"""SensorPublication""",,,,,,,
PUB_T1-4-20260914-20:24:57-1792,config,,,*.monitoringServer.numApps,1,,,,,,,
PUB_T1-4-20260914-20:24:57-1792,config,,,*.monitoringServer.app[0].typename,UdpSink,,,,,,,
PUB_T1-4-20260914-20:24:57-1792,config,,,*.monitoringServer.app[0].localPort,3000,,,,,,,
PUB_T1-4-20260914-20:24:57-1792,config,,,*.sensor[*].app[0].packetSent.result-recording-modes,count,,,,,,,
PUB_T1-4-20260914-20:24:57-1792,config,,,*.monitoringServer.app[0].packetReceived.result-recording-modes,count,,,,,,,
PUB_T1-4-20260914-20:24:57-1792,config,,,*.monitoringServer.app[0].endToEndDelay.result-recording-modes,+stats,,,,,,,
PUB_T1-4-20260914-20:24:57-1792,config,,,network,simulations.experiment4_application_strategy.ApplicationStrategyNetwork,,,,,,,
PUB_T1-4-20260914-20:24:57-1792,config,,,sim-time-limit,600s,,,,,,,
PUB_T1-4-20260914-20:24:57-1792,config,,,*.numSensors,12,,,,,,,
PUB_T1-4-20260914-20:24:57-1792,config,,,**.arp.typename,GlobalArp,,,,,,,
PUB_T1-4-20260914-20:24:57-1792,config,,,**.netmaskRoutes,"""""",,,,,,,
PUB_T1-4-20260914-20:24:57-1792,config,,,*.radioMedium.backgroundNoise.power,-110dBm,,,,,,,
PUB_T1-4-20260914-20:24:57-1792,config,,,*.configurator.config,"xmldoc(""startopology.xml"")",,,,,,,
PUB_T1-4-20260914-20:24:57-1792,config,,,*.configurator.addStaticRoutes,false,,,,,,,
PUB_T1-4-20260914-20:24:57-1792,config,,,*.sensor[*].mobility.initFromDisplayString,false,,,,,,,
PUB_T1-4-20260914-20:24:57-1792,config,,,*.sensor[*].mobility.initialX,"uniform(1m, 19m)",,,,,,,
PUB_T1-4-20260914-20:24:57-1792,config,,,*.sensor[*].mobility.initialY,"uniform(1m, 19m)",,,,,,,
PUB_T1-4-20260914-20:24:57-1792,config,,,*.sensor[*].mobility.initialZ,0m,,,,,,,
PUB_T1-4-20260914-20:24:57-1792,config,,,*.controller.numApps,0,,,,,,,
PUB_T1-4-20260914-20:24:57-1792,config,,,*.lamp*.numApps,0,,,,,,,
PUB_T1-4-20260914-20:24:57-1792,config,,,**.vector-recording,false,,,,,,,
PUB_T10-2-20260914-20:34:36-2127,runattr,,,configname,PUB_T10,,,,,,,
PUB_T10-2-20260914-20:34:36-2127,runattr,,,datetime,20260914-20:34:36,,,,,,,
PUB_T10-2-20260914-20:34:36-2127,runattr,,,datetimef,20260914-203436,,,,,,,
PUB_T10-2-20260914-20:34:36-2127,runattr,,,experiment,PUB_T10,,,,,,,
PUB_T10-2-20260914-20:34:36-2127,runattr,,,inifile,omnetpp.ini,,,,,,,
PUB_T10-2-20260914-20:34:36-2127,runattr,,,iterationvars,,,,,,,,
PUB_T10-2-20260914-20:34:36-2127,runattr,,,iterationvarsd,,,,,,,,
PUB_T10-2-20260914-20:34:36-2127,runattr,,,iterationvarsf,,,,,,,,
PUB_T10-2-20260914-20:34:36-2127,runattr,,,measurement,,,,,,,,
PUB_T10-2-20260914-20:34:36-2127,runattr,,,network,simulations.experiment4_application_strategy.ApplicationStrategyNetwork,,,,,,,
PUB_T10-2-20260914-20:34:36-2127,runattr,,,processid,2127,,,,,,,
PUB_T10-2-20260914-20:34:36-2127,runattr,,,repetition,2,,,,,,,
PUB_T10-2-20260914-20:34:36-2127,runattr,,,replication,#2,,,,,,,
PUB_T10-2-20260914-20:34:36-2127,runattr,,,resultdir,results,,,,,,,
PUB_T10-2-20260914-20:34:36-2127,runattr,,,runnumber,2,,,,,,,
PUB_T10-2-20260914-20:34:36-2127,runattr,,,seedset,2,,,,,,,
PUB_T10-2-20260914-20:34:36-2127,config,,,image-path,../../../inet-4.6.0/images,,,,,,,
PUB_T10-2-20260914-20:34:36-2127,config,,,extends,PublishSubscribeBase,,,,,,,
PUB_T10-2-20260914-20:34:36-2127,config,,,*.sensor[*].app[0].sendInterval,10s,,,,,,,
PUB_T10-2-20260914-20:34:36-2127,config,,,repeat,5,,,,,,,
PUB_T10-2-20260914-20:34:36-2127,config,,,seed-set,2,,,,,,,
PUB_T10-2-20260914-20:34:36-2127,config,,,extends,Common,,,,,,,
PUB_T10-2-20260914-20:34:36-2127,config,,,*.sensor[*].numApps,1,,,,,,,
PUB_T10-2-20260914-20:34:36-2127,config,,,*.sensor[*].app[0].typename,UdpBasicApp,,,,,,,
PUB_T10-2-20260914-20:34:36-2127,config,,,*.sensor[*].app[0].destAddresses,"""monitoringServer""",,,,,,,
PUB_T10-2-20260914-20:34:36-2127,config,,,*.sensor[*].app[0].destPort,3000,,,,,,,
PUB_T10-2-20260914-20:34:36-2127,config,,,*.sensor[*].app[0].messageLength,50B,,,,,,,
PUB_T10-2-20260914-20:34:36-2127,config,,,*.sensor[*].app[0].sendInterval,10s,,,,,,,
PUB_T10-2-20260914-20:34:36-2127,config,,,*.sensor[*].app[0].startTime,"uniform(1s,2s)",,,,,,,
PUB_T10-2-20260914-20:34:36-2127,config,,,*.sensor[*].app[0].packetName,"""SensorPublication""",,,,,,,
PUB_T10-2-20260914-20:34:36-2127,config,,,*.monitoringServer.numApps,1,,,,,,,
PUB_T10-2-20260914-20:34:36-2127,config,,,*.monitoringServer.app[0].typename,UdpSink,,,,,,,
PUB_T10-2-20260914-20:34:36-2127,config,,,*.monitoringServer.app[0].localPort,3000,,,,,,,
PUB_T10-2-20260914-20:34:36-2127,config,,,*.sensor[*].app[0].packetSent.result-recording-modes,count,,,,,,,
PUB_T10-2-20260914-20:34:36-2127,config,,,*.monitoringServer.app[0].packetReceived.result-recording-modes,count,,,,,,,
PUB_T10-2-20260914-20:34:36-2127,config,,,*.monitoringServer.app[0].endToEndDelay.result-recording-modes,+stats,,,,,,,
PUB_T10-2-20260914-20:34:36-2127,config,,,network,simulations.experiment4_application_strategy.ApplicationStrategyNetwork,,,,,,,
PUB_T10-2-20260914-20:34:36-2127,config,,,sim-time-limit,600s,,,,,,,
PUB_T10-2-20260914-20:34:36-2127,config,,,*.numSensors,12,,,,,,,
PUB_T10-2-20260914-20:34:36-2127,config,,,**.arp.typename,GlobalArp,,,,,,,
PUB_T10-2-20260914-20:34:36-2127,config,,,**.netmaskRoutes,"""""",,,,,,,
PUB_T10-2-20260914-20:34:36-2127,config,,,*.radioMedium.backgroundNoise.power,-110dBm,,,,,,,
PUB_T10-2-20260914-20:34:36-2127,config,,,*.configurator.config,"xmldoc(""startopology.xml"")",,,,,,,
PUB_T10-2-20260914-20:34:36-2127,config,,,*.configurator.addStaticRoutes,false,,,,,,,
PUB_T10-2-20260914-20:34:36-2127,config,,,*.sensor[*].mobility.initFromDisplayString,false,,,,,,,
PUB_T10-2-20260914-20:34:36-2127,config,,,*.sensor[*].mobility.initialX,"uniform(1m, 19m)",,,,,,,
PUB_T10-2-20260914-20:34:36-2127,config,,,*.sensor[*].mobility.initialY,"uniform(1m, 19m)",,,,,,,
PUB_T10-2-20260914-20:34:36-2127,config,,,*.sensor[*].mobility.initialZ,0m,,,,,,,
PUB_T10-2-20260914-20:34:36-2127,config,,,*.controller.numApps,0,,,,,,,
PUB_T10-2-20260914-20:34:36-2127,config,,,*.lamp*.numApps,0,,,,,,,
PUB_T10-2-20260914-20:34:36-2127,config,,,**.vector-recording,false,,,,,,,
PUB_T10-0-20260914-20:34:32-2117,runattr,,,configname,PUB_T10,,,,,,,
PUB_T10-0-20260914-20:34:32-2117,runattr,,,datetime,20260914-20:34:32,,,,,,,
PUB_T10-0-20260914-20:34:32-2117,runattr,,,datetimef,20260914-203432,,,,,,,
PUB_T10-0-20260914-20:34:32-2117,runattr,,,experiment,PUB_T10,,,,,,,
PUB_T10-0-20260914-20:34:32-2117,runattr,,,inifile,omnetpp.ini,,,,,,,
PUB_T10-0-20260914-20:34:32-2117,runattr,,,iterationvars,,,,,,,,
PUB_T10-0-20260914-20:34:32-2117,runattr,,,iterationvarsd,,,,,,,,
PUB_T10-0-20260914-20:34:32-2117,runattr,,,iterationvarsf,,,,,,,,
PUB_T10-0-20260914-20:34:32-2117,runattr,,,measurement,,,,,,,,
PUB_T10-0-20260914-20:34:32-2117,runattr,,,network,simulations.experiment4_application_strategy.ApplicationStrategyNetwork,,,,,,,
PUB_T10-0-20260914-20:34:32-2117,runattr,,,processid,2117,,,,,,,
PUB_T10-0-20260914-20:34:32-2117,runattr,,,repetition,0,,,,,,,
PUB_T10-0-20260914-20:34:32-2117,runattr,,,replication,#0,,,,,,,
PUB_T10-0-20260914-20:34:32-2117,runattr,,,resultdir,results,,,,,,,
PUB_T10-0-20260914-20:34:32-2117,runattr,,,runnumber,0,,,,,,,
PUB_T10-0-20260914-20:34:32-2117,runattr,,,seedset,0,,,,,,,
PUB_T10-0-20260914-20:34:32-2117,config,,,image-path,../../../inet-4.6.0/images,,,,,,,
PUB_T10-0-20260914-20:34:32-2117,config,,,extends,PublishSubscribeBase,,,,,,,
PUB_T10-0-20260914-20:34:32-2117,config,,,*.sensor[*].app[0].sendInterval,10s,,,,,,,
PUB_T10-0-20260914-20:34:32-2117,config,,,repeat,5,,,,,,,
PUB_T10-0-20260914-20:34:32-2117,config,,,seed-set,0,,,,,,,
PUB_T10-0-20260914-20:34:32-2117,config,,,extends,Common,,,,,,,
PUB_T10-0-20260914-20:34:32-2117,config,,,*.sensor[*].numApps,1,,,,,,,
PUB_T10-0-20260914-20:34:32-2117,config,,,*.sensor[*].app[0].typename,UdpBasicApp,,,,,,,
PUB_T10-0-20260914-20:34:32-2117,config,,,*.sensor[*].app[0].destAddresses,"""monitoringServer""",,,,,,,
PUB_T10-0-20260914-20:34:32-2117,config,,,*.sensor[*].app[0].destPort,3000,,,,,,,
PUB_T10-0-20260914-20:34:32-2117,config,,,*.sensor[*].app[0].messageLength,50B,,,,,,,
PUB_T10-0-20260914-20:34:32-2117,config,,,*.sensor[*].app[0].sendInterval,10s,,,,,,,
PUB_T10-0-20260914-20:34:32-2117,config,,,*.sensor[*].app[0].startTime,"uniform(1s,2s)",,,,,,,
PUB_T10-0-20260914-20:34:32-2117,config,,,*.sensor[*].app[0].packetName,"""SensorPublication""",,,,,,,
PUB_T10-0-20260914-20:34:32-2117,config,,,*.monitoringServer.numApps,1,,,,,,,
PUB_T10-0-20260914-20:34:32-2117,config,,,*.monitoringServer.app[0].typename,UdpSink,,,,,,,
PUB_T10-0-20260914-20:34:32-2117,config,,,*.monitoringServer.app[0].localPort,3000,,,,,,,
PUB_T10-0-20260914-20:34:32-2117,config,,,*.sensor[*].app[0].packetSent.result-recording-modes,count,,,,,,,
PUB_T10-0-20260914-20:34:32-2117,config,,,*.monitoringServer.app[0].packetReceived.result-recording-modes,count,,,,,,,
PUB_T10-0-20260914-20:34:32-2117,config,,,*.monitoringServer.app[0].endToEndDelay.result-recording-modes,+stats,,,,,,,
PUB_T10-0-20260914-20:34:32-2117,config,,,network,simulations.experiment4_application_strategy.ApplicationStrategyNetwork,,,,,,,
PUB_T10-0-20260914-20:34:32-2117,config,,,sim-time-limit,600s,,,,,,,
PUB_T10-0-20260914-20:34:32-2117,config,,,*.numSensors,12,,,,,,,
PUB_T10-0-20260914-20:34:32-2117,config,,,**.arp.typename,GlobalArp,,,,,,,
PUB_T10-0-20260914-20:34:32-2117,config,,,**.netmaskRoutes,"""""",,,,,,,
PUB_T10-0-20260914-20:34:32-2117,config,,,*.radioMedium.backgroundNoise.power,-110dBm,,,,,,,
PUB_T10-0-20260914-20:34:32-2117,config,,,*.configurator.config,"xmldoc(""startopology.xml"")",,,,,,,
PUB_T10-0-20260914-20:34:32-2117,config,,,*.configurator.addStaticRoutes,false,,,,,,,
PUB_T10-0-20260914-20:34:32-2117,config,,,*.sensor[*].mobility.initFromDisplayString,false,,,,,,,
PUB_T10-0-20260914-20:34:32-2117,config,,,*.sensor[*].mobility.initialX,"uniform(1m, 19m)",,,,,,,
PUB_T10-0-20260914-20:34:32-2117,config,,,*.sensor[*].mobility.initialY,"uniform(1m, 19m)",,,,,,,
PUB_T10-0-20260914-20:34:32-2117,config,,,*.sensor[*].mobility.initialZ,0m,,,,,,,
PUB_T10-0-20260914-20:34:32-2117,config,,,*.controller.numApps,0,,,,,,,
PUB_T10-0-20260914-20:34:32-2117,config,,,*.lamp*.numApps,0,,,,,,,
PUB_T10-0-20260914-20:34:32-2117,config,,,**.vector-recording,false,,,,,,,
PUB_T10-3-20260914-20:34:38-2132,runattr,,,configname,PUB_T10,,,,,,,
PUB_T10-3-20260914-20:34:38-2132,runattr,,,datetime,20260914-20:34:38,,,,,,,
PUB_T10-3-20260914-20:34:38-2132,runattr,,,datetimef,20260914-203438,,,,,,,
PUB_T10-3-20260914-20:34:38-2132,runattr,,,experiment,PUB_T10,,,,,,,
PUB_T10-3-20260914-20:34:38-2132,runattr,,,inifile,omnetpp.ini,,,,,,,
PUB_T10-3-20260914-20:34:38-2132,runattr,,,iterationvars,,,,,,,,
PUB_T10-3-20260914-20:34:38-2132,runattr,,,iterationvarsd,,,,,,,,
PUB_T10-3-20260914-20:34:38-2132,runattr,,,iterationvarsf,,,,,,,,
PUB_T10-3-20260914-20:34:38-2132,runattr,,,measurement,,,,,,,,
PUB_T10-3-20260914-20:34:38-2132,runattr,,,network,simulations.experiment4_application_strategy.ApplicationStrategyNetwork,,,,,,,
PUB_T10-3-20260914-20:34:38-2132,runattr,,,processid,2132,,,,,,,
PUB_T10-3-20260914-20:34:38-2132,runattr,,,repetition,3,,,,,,,
PUB_T10-3-20260914-20:34:38-2132,runattr,,,replication,#3,,,,,,,
PUB_T10-3-20260914-20:34:38-2132,runattr,,,resultdir,results,,,,,,,
PUB_T10-3-20260914-20:34:38-2132,runattr,,,runnumber,3,,,,,,,
PUB_T10-3-20260914-20:34:38-2132,runattr,,,seedset,3,,,,,,,
PUB_T10-3-20260914-20:34:38-2132,config,,,image-path,../../../inet-4.6.0/images,,,,,,,
PUB_T10-3-20260914-20:34:38-2132,config,,,extends,PublishSubscribeBase,,,,,,,
PUB_T10-3-20260914-20:34:38-2132,config,,,*.sensor[*].app[0].sendInterval,10s,,,,,,,
PUB_T10-3-20260914-20:34:38-2132,config,,,repeat,5,,,,,,,
PUB_T10-3-20260914-20:34:38-2132,config,,,seed-set,3,,,,,,,
PUB_T10-3-20260914-20:34:38-2132,config,,,extends,Common,,,,,,,
PUB_T10-3-20260914-20:34:38-2132,config,,,*.sensor[*].numApps,1,,,,,,,
PUB_T10-3-20260914-20:34:38-2132,config,,,*.sensor[*].app[0].typename,UdpBasicApp,,,,,,,
PUB_T10-3-20260914-20:34:38-2132,config,,,*.sensor[*].app[0].destAddresses,"""monitoringServer""",,,,,,,
PUB_T10-3-20260914-20:34:38-2132,config,,,*.sensor[*].app[0].destPort,3000,,,,,,,
PUB_T10-3-20260914-20:34:38-2132,config,,,*.sensor[*].app[0].messageLength,50B,,,,,,,
PUB_T10-3-20260914-20:34:38-2132,config,,,*.sensor[*].app[0].sendInterval,10s,,,,,,,
PUB_T10-3-20260914-20:34:38-2132,config,,,*.sensor[*].app[0].startTime,"uniform(1s,2s)",,,,,,,
PUB_T10-3-20260914-20:34:38-2132,config,,,*.sensor[*].app[0].packetName,"""SensorPublication""",,,,,,,
PUB_T10-3-20260914-20:34:38-2132,config,,,*.monitoringServer.numApps,1,,,,,,,
PUB_T10-3-20260914-20:34:38-2132,config,,,*.monitoringServer.app[0].typename,UdpSink,,,,,,,
PUB_T10-3-20260914-20:34:38-2132,config,,,*.monitoringServer.app[0].localPort,3000,,,,,,,
PUB_T10-3-20260914-20:34:38-2132,config,,,*.sensor[*].app[0].packetSent.result-recording-modes,count,,,,,,,
PUB_T10-3-20260914-20:34:38-2132,config,,,*.monitoringServer.app[0].packetReceived.result-recording-modes,count,,,,,,,
PUB_T10-3-20260914-20:34:38-2132,config,,,*.monitoringServer.app[0].endToEndDelay.result-recording-modes,+stats,,,,,,,
PUB_T10-3-20260914-20:34:38-2132,config,,,network,simulations.experiment4_application_strategy.ApplicationStrategyNetwork,,,,,,,
PUB_T10-3-20260914-20:34:38-2132,config,,,sim-time-limit,600s,,,,,,,
PUB_T10-3-20260914-20:34:38-2132,config,,,*.numSensors,12,,,,,,,
PUB_T10-3-20260914-20:34:38-2132,config,,,**.arp.typename,GlobalArp,,,,,,,
PUB_T10-3-20260914-20:34:38-2132,config,,,**.netmaskRoutes,"""""",,,,,,,
PUB_T10-3-20260914-20:34:38-2132,config,,,*.radioMedium.backgroundNoise.power,-110dBm,,,,,,,
PUB_T10-3-20260914-20:34:38-2132,config,,,*.configurator.config,"xmldoc(""startopology.xml"")",,,,,,,
PUB_T10-3-20260914-20:34:38-2132,config,,,*.configurator.addStaticRoutes,false,,,,,,,
PUB_T10-3-20260914-20:34:38-2132,config,,,*.sensor[*].mobility.initFromDisplayString,false,,,,,,,
PUB_T10-3-20260914-20:34:38-2132,config,,,*.sensor[*].mobility.initialX,"uniform(1m, 19m)",,,,,,,
PUB_T10-3-20260914-20:34:38-2132,config,,,*.sensor[*].mobility.initialY,"uniform(1m, 19m)",,,,,,,
PUB_T10-3-20260914-20:34:38-2132,config,,,*.sensor[*].mobility.initialZ,0m,,,,,,,
PUB_T10-3-20260914-20:34:38-2132,config,,,*.controller.numApps,0,,,,,,,
PUB_T10-3-20260914-20:34:38-2132,config,,,*.lamp*.numApps,0,,,,,,,
PUB_T10-3-20260914-20:34:38-2132,config,,,**.vector-recording,false,,,,,,,
PUB_T10-1-20260914-20:34:34-2122,runattr,,,configname,PUB_T10,,,,,,,
PUB_T10-1-20260914-20:34:34-2122,runattr,,,datetime,20260914-20:34:34,,,,,,,
PUB_T10-1-20260914-20:34:34-2122,runattr,,,datetimef,20260914-203434,,,,,,,
PUB_T10-1-20260914-20:34:34-2122,runattr,,,experiment,PUB_T10,,,,,,,
PUB_T10-1-20260914-20:34:34-2122,runattr,,,inifile,omnetpp.ini,,,,,,,
PUB_T10-1-20260914-20:34:34-2122,runattr,,,iterationvars,,,,,,,,
PUB_T10-1-20260914-20:34:34-2122,runattr,,,iterationvarsd,,,,,,,,
PUB_T10-1-20260914-20:34:34-2122,runattr,,,iterationvarsf,,,,,,,,
PUB_T10-1-20260914-20:34:34-2122,runattr,,,measurement,,,,,,,,
PUB_T10-1-20260914-20:34:34-2122,runattr,,,network,simulations.experiment4_application_strategy.ApplicationStrategyNetwork,,,,,,,
PUB_T10-1-20260914-20:34:34-2122,runattr,,,processid,2122,,,,,,,
PUB_T10-1-20260914-20:34:34-2122,runattr,,,repetition,1,,,,,,,
PUB_T10-1-20260914-20:34:34-2122,runattr,,,replication,#1,,,,,,,
PUB_T10-1-20260914-20:34:34-2122,runattr,,,resultdir,results,,,,,,,
PUB_T10-1-20260914-20:34:34-2122,runattr,,,runnumber,1,,,,,,,
PUB_T10-1-20260914-20:34:34-2122,runattr,,,seedset,1,,,,,,,
PUB_T10-1-20260914-20:34:34-2122,config,,,image-path,../../../inet-4.6.0/images,,,,,,,
PUB_T10-1-20260914-20:34:34-2122,config,,,extends,PublishSubscribeBase,,,,,,,
PUB_T10-1-20260914-20:34:34-2122,config,,,*.sensor[*].app[0].sendInterval,10s,,,,,,,
PUB_T10-1-20260914-20:34:34-2122,config,,,repeat,5,,,,,,,
PUB_T10-1-20260914-20:34:34-2122,config,,,seed-set,1,,,,,,,
PUB_T10-1-20260914-20:34:34-2122,config,,,extends,Common,,,,,,,
PUB_T10-1-20260914-20:34:34-2122,config,,,*.sensor[*].numApps,1,,,,,,,
PUB_T10-1-20260914-20:34:34-2122,config,,,*.sensor[*].app[0].typename,UdpBasicApp,,,,,,,
PUB_T10-1-20260914-20:34:34-2122,config,,,*.sensor[*].app[0].destAddresses,"""monitoringServer""",,,,,,,
PUB_T10-1-20260914-20:34:34-2122,config,,,*.sensor[*].app[0].destPort,3000,,,,,,,
PUB_T10-1-20260914-20:34:34-2122,config,,,*.sensor[*].app[0].messageLength,50B,,,,,,,
PUB_T10-1-20260914-20:34:34-2122,config,,,*.sensor[*].app[0].sendInterval,10s,,,,,,,
PUB_T10-1-20260914-20:34:34-2122,config,,,*.sensor[*].app[0].startTime,"uniform(1s,2s)",,,,,,,
PUB_T10-1-20260914-20:34:34-2122,config,,,*.sensor[*].app[0].packetName,"""SensorPublication""",,,,,,,
PUB_T10-1-20260914-20:34:34-2122,config,,,*.monitoringServer.numApps,1,,,,,,,
PUB_T10-1-20260914-20:34:34-2122,config,,,*.monitoringServer.app[0].typename,UdpSink,,,,,,,
PUB_T10-1-20260914-20:34:34-2122,config,,,*.monitoringServer.app[0].localPort,3000,,,,,,,
PUB_T10-1-20260914-20:34:34-2122,config,,,*.sensor[*].app[0].packetSent.result-recording-modes,count,,,,,,,
PUB_T10-1-20260914-20:34:34-2122,config,,,*.monitoringServer.app[0].packetReceived.result-recording-modes,count,,,,,,,
PUB_T10-1-20260914-20:34:34-2122,config,,,*.monitoringServer.app[0].endToEndDelay.result-recording-modes,+stats,,,,,,,
PUB_T10-1-20260914-20:34:34-2122,config,,,network,simulations.experiment4_application_strategy.ApplicationStrategyNetwork,,,,,,,
PUB_T10-1-20260914-20:34:34-2122,config,,,sim-time-limit,600s,,,,,,,
PUB_T10-1-20260914-20:34:34-2122,config,,,*.numSensors,12,,,,,,,
PUB_T10-1-20260914-20:34:34-2122,config,,,**.arp.typename,GlobalArp,,,,,,,
PUB_T10-1-20260914-20:34:34-2122,config,,,**.netmaskRoutes,"""""",,,,,,,
PUB_T10-1-20260914-20:34:34-2122,config,,,*.radioMedium.backgroundNoise.power,-110dBm,,,,,,,
PUB_T10-1-20260914-20:34:34-2122,config,,,*.configurator.config,"xmldoc(""startopology.xml"")",,,,,,,
PUB_T10-1-20260914-20:34:34-2122,config,,,*.configurator.addStaticRoutes,false,,,,,,,
PUB_T10-1-20260914-20:34:34-2122,config,,,*.sensor[*].mobility.initFromDisplayString,false,,,,,,,
PUB_T10-1-20260914-20:34:34-2122,config,,,*.sensor[*].mobility.initialX,"uniform(1m, 19m)",,,,,,,
PUB_T10-1-20260914-20:34:34-2122,config,,,*.sensor[*].mobility.initialY,"uniform(1m, 19m)",,,,,,,
PUB_T10-1-20260914-20:34:34-2122,config,,,*.sensor[*].mobility.initialZ,0m,,,,,,,
PUB_T10-1-20260914-20:34:34-2122,config,,,*.controller.numApps,0,,,,,,,
PUB_T10-1-20260914-20:34:34-2122,config,,,*.lamp*.numApps,0,,,,,,,
PUB_T10-1-20260914-20:34:34-2122,config,,,**.vector-recording,false,,,,,,,
PUB_T30-1-20260914-20:35:00-2235,runattr,,,configname,PUB_T30,,,,,,,
PUB_T30-1-20260914-20:35:00-2235,runattr,,,datetime,20260914-20:35:00,,,,,,,
PUB_T30-1-20260914-20:35:00-2235,runattr,,,datetimef,20260914-203500,,,,,,,
PUB_T30-1-20260914-20:35:00-2235,runattr,,,experiment,PUB_T30,,,,,,,
PUB_T30-1-20260914-20:35:00-2235,runattr,,,inifile,omnetpp.ini,,,,,,,
PUB_T30-1-20260914-20:35:00-2235,runattr,,,iterationvars,,,,,,,,
PUB_T30-1-20260914-20:35:00-2235,runattr,,,iterationvarsd,,,,,,,,
PUB_T30-1-20260914-20:35:00-2235,runattr,,,iterationvarsf,,,,,,,,
PUB_T30-1-20260914-20:35:00-2235,runattr,,,measurement,,,,,,,,
PUB_T30-1-20260914-20:35:00-2235,runattr,,,network,simulations.experiment4_application_strategy.ApplicationStrategyNetwork,,,,,,,
PUB_T30-1-20260914-20:35:00-2235,runattr,,,processid,2235,,,,,,,
PUB_T30-1-20260914-20:35:00-2235,runattr,,,repetition,1,,,,,,,
PUB_T30-1-20260914-20:35:00-2235,runattr,,,replication,#1,,,,,,,
PUB_T30-1-20260914-20:35:00-2235,runattr,,,resultdir,results,,,,,,,
PUB_T30-1-20260914-20:35:00-2235,runattr,,,runnumber,1,,,,,,,
PUB_T30-1-20260914-20:35:00-2235,runattr,,,seedset,1,,,,,,,
PUB_T30-1-20260914-20:35:00-2235,config,,,image-path,../../../inet-4.6.0/images,,,,,,,
PUB_T30-1-20260914-20:35:00-2235,config,,,extends,PublishSubscribeBase,,,,,,,
PUB_T30-1-20260914-20:35:00-2235,config,,,*.sensor[*].app[0].sendInterval,30s,,,,,,,
PUB_T30-1-20260914-20:35:00-2235,config,,,repeat,5,,,,,,,
PUB_T30-1-20260914-20:35:00-2235,config,,,seed-set,1,,,,,,,
PUB_T30-1-20260914-20:35:00-2235,config,,,extends,Common,,,,,,,
PUB_T30-1-20260914-20:35:00-2235,config,,,*.sensor[*].numApps,1,,,,,,,
PUB_T30-1-20260914-20:35:00-2235,config,,,*.sensor[*].app[0].typename,UdpBasicApp,,,,,,,
PUB_T30-1-20260914-20:35:00-2235,config,,,*.sensor[*].app[0].destAddresses,"""monitoringServer""",,,,,,,
PUB_T30-1-20260914-20:35:00-2235,config,,,*.sensor[*].app[0].destPort,3000,,,,,,,
PUB_T30-1-20260914-20:35:00-2235,config,,,*.sensor[*].app[0].messageLength,50B,,,,,,,
PUB_T30-1-20260914-20:35:00-2235,config,,,*.sensor[*].app[0].sendInterval,10s,,,,,,,
PUB_T30-1-20260914-20:35:00-2235,config,,,*.sensor[*].app[0].startTime,"uniform(1s,2s)",,,,,,,
PUB_T30-1-20260914-20:35:00-2235,config,,,*.sensor[*].app[0].packetName,"""SensorPublication""",,,,,,,
PUB_T30-1-20260914-20:35:00-2235,config,,,*.monitoringServer.numApps,1,,,,,,,
PUB_T30-1-20260914-20:35:00-2235,config,,,*.monitoringServer.app[0].typename,UdpSink,,,,,,,
PUB_T30-1-20260914-20:35:00-2235,config,,,*.monitoringServer.app[0].localPort,3000,,,,,,,
PUB_T30-1-20260914-20:35:00-2235,config,,,*.sensor[*].app[0].packetSent.result-recording-modes,count,,,,,,,
PUB_T30-1-20260914-20:35:00-2235,config,,,*.monitoringServer.app[0].packetReceived.result-recording-modes,count,,,,,,,
PUB_T30-1-20260914-20:35:00-2235,config,,,*.monitoringServer.app[0].endToEndDelay.result-recording-modes,+stats,,,,,,,
PUB_T30-1-20260914-20:35:00-2235,config,,,network,simulations.experiment4_application_strategy.ApplicationStrategyNetwork,,,,,,,
PUB_T30-1-20260914-20:35:00-2235,config,,,sim-time-limit,600s,,,,,,,
PUB_T30-1-20260914-20:35:00-2235,config,,,*.numSensors,12,,,,,,,
PUB_T30-1-20260914-20:35:00-2235,config,,,**.arp.typename,GlobalArp,,,,,,,
PUB_T30-1-20260914-20:35:00-2235,config,,,**.netmaskRoutes,"""""",,,,,,,
PUB_T30-1-20260914-20:35:00-2235,config,,,*.radioMedium.backgroundNoise.power,-110dBm,,,,,,,
PUB_T30-1-20260914-20:35:00-2235,config,,,*.configurator.config,"xmldoc(""startopology.xml"")",,,,,,,
PUB_T30-1-20260914-20:35:00-2235,config,,,*.configurator.addStaticRoutes,false,,,,,,,
PUB_T30-1-20260914-20:35:00-2235,config,,,*.sensor[*].mobility.initFromDisplayString,false,,,,,,,
PUB_T30-1-20260914-20:35:00-2235,config,,,*.sensor[*].mobility.initialX,"uniform(1m, 19m)",,,,,,,
PUB_T30-1-20260914-20:35:00-2235,config,,,*.sensor[*].mobility.initialY,"uniform(1m, 19m)",,,,,,,
PUB_T30-1-20260914-20:35:00-2235,config,,,*.sensor[*].mobility.initialZ,0m,,,,,,,
PUB_T30-1-20260914-20:35:00-2235,config,,,*.controller.numApps,0,,,,,,,
PUB_T30-1-20260914-20:35:00-2235,config,,,*.lamp*.numApps,0,,,,,,,
PUB_T30-1-20260914-20:35:00-2235,config,,,**.vector-recording,false,,,,,,,
PUB_T10-4-20260914-20:34:40-2138,runattr,,,configname,PUB_T10,,,,,,,
PUB_T10-4-20260914-20:34:40-2138,runattr,,,datetime,20260914-20:34:40,,,,,,,
PUB_T10-4-20260914-20:34:40-2138,runattr,,,datetimef,20260914-203440,,,,,,,
PUB_T10-4-20260914-20:34:40-2138,runattr,,,experiment,PUB_T10,,,,,,,
PUB_T10-4-20260914-20:34:40-2138,runattr,,,inifile,omnetpp.ini,,,,,,,
PUB_T10-4-20260914-20:34:40-2138,runattr,,,iterationvars,,,,,,,,
PUB_T10-4-20260914-20:34:40-2138,runattr,,,iterationvarsd,,,,,,,,
PUB_T10-4-20260914-20:34:40-2138,runattr,,,iterationvarsf,,,,,,,,
PUB_T10-4-20260914-20:34:40-2138,runattr,,,measurement,,,,,,,,
PUB_T10-4-20260914-20:34:40-2138,runattr,,,network,simulations.experiment4_application_strategy.ApplicationStrategyNetwork,,,,,,,
PUB_T10-4-20260914-20:34:40-2138,runattr,,,processid,2138,,,,,,,
PUB_T10-4-20260914-20:34:40-2138,runattr,,,repetition,4,,,,,,,
PUB_T10-4-20260914-20:34:40-2138,runattr,,,replication,#4,,,,,,,
PUB_T10-4-20260914-20:34:40-2138,runattr,,,resultdir,results,,,,,,,
PUB_T10-4-20260914-20:34:40-2138,runattr,,,runnumber,4,,,,,,,
PUB_T10-4-20260914-20:34:40-2138,runattr,,,seedset,4,,,,,,,
PUB_T10-4-20260914-20:34:40-2138,config,,,image-path,../../../inet-4.6.0/images,,,,,,,
PUB_T10-4-20260914-20:34:40-2138,config,,,extends,PublishSubscribeBase,,,,,,,
PUB_T10-4-20260914-20:34:40-2138,config,,,*.sensor[*].app[0].sendInterval,10s,,,,,,,
PUB_T10-4-20260914-20:34:40-2138,config,,,repeat,5,,,,,,,
PUB_T10-4-20260914-20:34:40-2138,config,,,seed-set,4,,,,,,,
PUB_T10-4-20260914-20:34:40-2138,config,,,extends,Common,,,,,,,
PUB_T10-4-20260914-20:34:40-2138,config,,,*.sensor[*].numApps,1,,,,,,,
PUB_T10-4-20260914-20:34:40-2138,config,,,*.sensor[*].app[0].typename,UdpBasicApp,,,,,,,
PUB_T10-4-20260914-20:34:40-2138,config,,,*.sensor[*].app[0].destAddresses,"""monitoringServer""",,,,,,,
PUB_T10-4-20260914-20:34:40-2138,config,,,*.sensor[*].app[0].destPort,3000,,,,,,,
PUB_T10-4-20260914-20:34:40-2138,config,,,*.sensor[*].app[0].messageLength,50B,,,,,,,
PUB_T10-4-20260914-20:34:40-2138,config,,,*.sensor[*].app[0].sendInterval,10s,,,,,,,
PUB_T10-4-20260914-20:34:40-2138,config,,,*.sensor[*].app[0].startTime,"uniform(1s,2s)",,,,,,,
PUB_T10-4-20260914-20:34:40-2138,config,,,*.sensor[*].app[0].packetName,"""SensorPublication""",,,,,,,
PUB_T10-4-20260914-20:34:40-2138,config,,,*.monitoringServer.numApps,1,,,,,,,
PUB_T10-4-20260914-20:34:40-2138,config,,,*.monitoringServer.app[0].typename,UdpSink,,,,,,,
PUB_T10-4-20260914-20:34:40-2138,config,,,*.monitoringServer.app[0].localPort,3000,,,,,,,
PUB_T10-4-20260914-20:34:40-2138,config,,,*.sensor[*].app[0].packetSent.result-recording-modes,count,,,,,,,
PUB_T10-4-20260914-20:34:40-2138,config,,,*.monitoringServer.app[0].packetReceived.result-recording-modes,count,,,,,,,
PUB_T10-4-20260914-20:34:40-2138,config,,,*.monitoringServer.app[0].endToEndDelay.result-recording-modes,+stats,,,,,,,
PUB_T10-4-20260914-20:34:40-2138,config,,,network,simulations.experiment4_application_strategy.ApplicationStrategyNetwork,,,,,,,
PUB_T10-4-20260914-20:34:40-2138,config,,,sim-time-limit,600s,,,,,,,
PUB_T10-4-20260914-20:34:40-2138,config,,,*.numSensors,12,,,,,,,
PUB_T10-4-20260914-20:34:40-2138,config,,,**.arp.typename,GlobalArp,,,,,,,
PUB_T10-4-20260914-20:34:40-2138,config,,,**.netmaskRoutes,"""""",,,,,,,
PUB_T10-4-20260914-20:34:40-2138,config,,,*.radioMedium.backgroundNoise.power,-110dBm,,,,,,,
PUB_T10-4-20260914-20:34:40-2138,config,,,*.configurator.config,"xmldoc(""startopology.xml"")",,,,,,,
PUB_T10-4-20260914-20:34:40-2138,config,,,*.configurator.addStaticRoutes,false,,,,,,,
PUB_T10-4-20260914-20:34:40-2138,config,,,*.sensor[*].mobility.initFromDisplayString,false,,,,,,,
PUB_T10-4-20260914-20:34:40-2138,config,,,*.sensor[*].mobility.initialX,"uniform(1m, 19m)",,,,,,,
PUB_T10-4-20260914-20:34:40-2138,config,,,*.sensor[*].mobility.initialY,"uniform(1m, 19m)",,,,,,,
PUB_T10-4-20260914-20:34:40-2138,config,,,*.sensor[*].mobility.initialZ,0m,,,,,,,
PUB_T10-4-20260914-20:34:40-2138,config,,,*.controller.numApps,0,,,,,,,
PUB_T10-4-20260914-20:34:40-2138,config,,,*.lamp*.numApps,0,,,,,,,
PUB_T10-4-20260914-20:34:40-2138,config,,,**.vector-recording,false,,,,,,,
PUB_T30-2-20260914-20:35:01-2240,runattr,,,configname,PUB_T30,,,,,,,
PUB_T30-2-20260914-20:35:01-2240,runattr,,,datetime,20260914-20:35:01,,,,,,,
PUB_T30-2-20260914-20:35:01-2240,runattr,,,datetimef,20260914-203501,,,,,,,
PUB_T30-2-20260914-20:35:01-2240,runattr,,,experiment,PUB_T30,,,,,,,
PUB_T30-2-20260914-20:35:01-2240,runattr,,,inifile,omnetpp.ini,,,,,,,
PUB_T30-2-20260914-20:35:01-2240,runattr,,,iterationvars,,,,,,,,
PUB_T30-2-20260914-20:35:01-2240,runattr,,,iterationvarsd,,,,,,,,
PUB_T30-2-20260914-20:35:01-2240,runattr,,,iterationvarsf,,,,,,,,
PUB_T30-2-20260914-20:35:01-2240,runattr,,,measurement,,,,,,,,
PUB_T30-2-20260914-20:35:01-2240,runattr,,,network,simulations.experiment4_application_strategy.ApplicationStrategyNetwork,,,,,,,
PUB_T30-2-20260914-20:35:01-2240,runattr,,,processid,2240,,,,,,,
PUB_T30-2-20260914-20:35:01-2240,runattr,,,repetition,2,,,,,,,
PUB_T30-2-20260914-20:35:01-2240,runattr,,,replication,#2,,,,,,,
PUB_T30-2-20260914-20:35:01-2240,runattr,,,resultdir,results,,,,,,,
PUB_T30-2-20260914-20:35:01-2240,runattr,,,runnumber,2,,,,,,,
PUB_T30-2-20260914-20:35:01-2240,runattr,,,seedset,2,,,,,,,
PUB_T30-2-20260914-20:35:01-2240,config,,,image-path,../../../inet-4.6.0/images,,,,,,,
PUB_T30-2-20260914-20:35:01-2240,config,,,extends,PublishSubscribeBase,,,,,,,
PUB_T30-2-20260914-20:35:01-2240,config,,,*.sensor[*].app[0].sendInterval,30s,,,,,,,
PUB_T30-2-20260914-20:35:01-2240,config,,,repeat,5,,,,,,,
PUB_T30-2-20260914-20:35:01-2240,config,,,seed-set,2,,,,,,,
PUB_T30-2-20260914-20:35:01-2240,config,,,extends,Common,,,,,,,
PUB_T30-2-20260914-20:35:01-2240,config,,,*.sensor[*].numApps,1,,,,,,,
PUB_T30-2-20260914-20:35:01-2240,config,,,*.sensor[*].app[0].typename,UdpBasicApp,,,,,,,
PUB_T30-2-20260914-20:35:01-2240,config,,,*.sensor[*].app[0].destAddresses,"""monitoringServer""",,,,,,,
PUB_T30-2-20260914-20:35:01-2240,config,,,*.sensor[*].app[0].destPort,3000,,,,,,,
PUB_T30-2-20260914-20:35:01-2240,config,,,*.sensor[*].app[0].messageLength,50B,,,,,,,
PUB_T30-2-20260914-20:35:01-2240,config,,,*.sensor[*].app[0].sendInterval,10s,,,,,,,
PUB_T30-2-20260914-20:35:01-2240,config,,,*.sensor[*].app[0].startTime,"uniform(1s,2s)",,,,,,,
PUB_T30-2-20260914-20:35:01-2240,config,,,*.sensor[*].app[0].packetName,"""SensorPublication""",,,,,,,
PUB_T30-2-20260914-20:35:01-2240,config,,,*.monitoringServer.numApps,1,,,,,,,
PUB_T30-2-20260914-20:35:01-2240,config,,,*.monitoringServer.app[0].typename,UdpSink,,,,,,,
PUB_T30-2-20260914-20:35:01-2240,config,,,*.monitoringServer.app[0].localPort,3000,,,,,,,
PUB_T30-2-20260914-20:35:01-2240,config,,,*.sensor[*].app[0].packetSent.result-recording-modes,count,,,,,,,
PUB_T30-2-20260914-20:35:01-2240,config,,,*.monitoringServer.app[0].packetReceived.result-recording-modes,count,,,,,,,
PUB_T30-2-20260914-20:35:01-2240,config,,,*.monitoringServer.app[0].endToEndDelay.result-recording-modes,+stats,,,,,,,
PUB_T30-2-20260914-20:35:01-2240,config,,,network,simulations.experiment4_application_strategy.ApplicationStrategyNetwork,,,,,,,
PUB_T30-2-20260914-20:35:01-2240,config,,,sim-time-limit,600s,,,,,,,
PUB_T30-2-20260914-20:35:01-2240,config,,,*.numSensors,12,,,,,,,
PUB_T30-2-20260914-20:35:01-2240,config,,,**.arp.typename,GlobalArp,,,,,,,
PUB_T30-2-20260914-20:35:01-2240,config,,,**.netmaskRoutes,"""""",,,,,,,
PUB_T30-2-20260914-20:35:01-2240,config,,,*.radioMedium.backgroundNoise.power,-110dBm,,,,,,,
PUB_T30-2-20260914-20:35:01-2240,config,,,*.configurator.config,"xmldoc(""startopology.xml"")",,,,,,,
PUB_T30-2-20260914-20:35:01-2240,config,,,*.configurator.addStaticRoutes,false,,,,,,,
PUB_T30-2-20260914-20:35:01-2240,config,,,*.sensor[*].mobility.initFromDisplayString,false,,,,,,,
PUB_T30-2-20260914-20:35:01-2240,config,,,*.sensor[*].mobility.initialX,"uniform(1m, 19m)",,,,,,,
PUB_T30-2-20260914-20:35:01-2240,config,,,*.sensor[*].mobility.initialY,"uniform(1m, 19m)",,,,,,,
PUB_T30-2-20260914-20:35:01-2240,config,,,*.sensor[*].mobility.initialZ,0m,,,,,,,
PUB_T30-2-20260914-20:35:01-2240,config,,,*.controller.numApps,0,,,,,,,
PUB_T30-2-20260914-20:35:01-2240,config,,,*.lamp*.numApps,0,,,,,,,
PUB_T30-2-20260914-20:35:01-2240,config,,,**.vector-recording,false,,,,,,,
PUB_T30-0-20260914-20:34:58-2230,runattr,,,configname,PUB_T30,,,,,,,
PUB_T30-0-20260914-20:34:58-2230,runattr,,,datetime,20260914-20:34:58,,,,,,,
PUB_T30-0-20260914-20:34:58-2230,runattr,,,datetimef,20260914-203458,,,,,,,
PUB_T30-0-20260914-20:34:58-2230,runattr,,,experiment,PUB_T30,,,,,,,
PUB_T30-0-20260914-20:34:58-2230,runattr,,,inifile,omnetpp.ini,,,,,,,
PUB_T30-0-20260914-20:34:58-2230,runattr,,,iterationvars,,,,,,,,
PUB_T30-0-20260914-20:34:58-2230,runattr,,,iterationvarsd,,,,,,,,
PUB_T30-0-20260914-20:34:58-2230,runattr,,,iterationvarsf,,,,,,,,
PUB_T30-0-20260914-20:34:58-2230,runattr,,,measurement,,,,,,,,
PUB_T30-0-20260914-20:34:58-2230,runattr,,,network,simulations.experiment4_application_strategy.ApplicationStrategyNetwork,,,,,,,
PUB_T30-0-20260914-20:34:58-2230,runattr,,,processid,2230,,,,,,,
PUB_T30-0-20260914-20:34:58-2230,runattr,,,repetition,0,,,,,,,
PUB_T30-0-20260914-20:34:58-2230,runattr,,,replication,#0,,,,,,,
PUB_T30-0-20260914-20:34:58-2230,runattr,,,resultdir,results,,,,,,,
PUB_T30-0-20260914-20:34:58-2230,runattr,,,runnumber,0,,,,,,,
PUB_T30-0-20260914-20:34:58-2230,runattr,,,seedset,0,,,,,,,
PUB_T30-0-20260914-20:34:58-2230,config,,,image-path,../../../inet-4.6.0/images,,,,,,,
PUB_T30-0-20260914-20:34:58-2230,config,,,extends,PublishSubscribeBase,,,,,,,
PUB_T30-0-20260914-20:34:58-2230,config,,,*.sensor[*].app[0].sendInterval,30s,,,,,,,
PUB_T30-0-20260914-20:34:58-2230,config,,,repeat,5,,,,,,,
PUB_T30-0-20260914-20:34:58-2230,config,,,seed-set,0,,,,,,,
PUB_T30-0-20260914-20:34:58-2230,config,,,extends,Common,,,,,,,
PUB_T30-0-20260914-20:34:58-2230,config,,,*.sensor[*].numApps,1,,,,,,,
PUB_T30-0-20260914-20:34:58-2230,config,,,*.sensor[*].app[0].typename,UdpBasicApp,,,,,,,
PUB_T30-0-20260914-20:34:58-2230,config,,,*.sensor[*].app[0].destAddresses,"""monitoringServer""",,,,,,,
PUB_T30-0-20260914-20:34:58-2230,config,,,*.sensor[*].app[0].destPort,3000,,,,,,,
PUB_T30-0-20260914-20:34:58-2230,config,,,*.sensor[*].app[0].messageLength,50B,,,,,,,
PUB_T30-0-20260914-20:34:58-2230,config,,,*.sensor[*].app[0].sendInterval,10s,,,,,,,
PUB_T30-0-20260914-20:34:58-2230,config,,,*.sensor[*].app[0].startTime,"uniform(1s,2s)",,,,,,,
PUB_T30-0-20260914-20:34:58-2230,config,,,*.sensor[*].app[0].packetName,"""SensorPublication""",,,,,,,
PUB_T30-0-20260914-20:34:58-2230,config,,,*.monitoringServer.numApps,1,,,,,,,
PUB_T30-0-20260914-20:34:58-2230,config,,,*.monitoringServer.app[0].typename,UdpSink,,,,,,,
PUB_T30-0-20260914-20:34:58-2230,config,,,*.monitoringServer.app[0].localPort,3000,,,,,,,
PUB_T30-0-20260914-20:34:58-2230,config,,,*.sensor[*].app[0].packetSent.result-recording-modes,count,,,,,,,
PUB_T30-0-20260914-20:34:58-2230,config,,,*.monitoringServer.app[0].packetReceived.result-recording-modes,count,,,,,,,
PUB_T30-0-20260914-20:34:58-2230,config,,,*.monitoringServer.app[0].endToEndDelay.result-recording-modes,+stats,,,,,,,
PUB_T30-0-20260914-20:34:58-2230,config,,,network,simulations.experiment4_application_strategy.ApplicationStrategyNetwork,,,,,,,
PUB_T30-0-20260914-20:34:58-2230,config,,,sim-time-limit,600s,,,,,,,
PUB_T30-0-20260914-20:34:58-2230,config,,,*.numSensors,12,,,,,,,
PUB_T30-0-20260914-20:34:58-2230,config,,,**.arp.typename,GlobalArp,,,,,,,
PUB_T30-0-20260914-20:34:58-2230,config,,,**.netmaskRoutes,"""""",,,,,,,
PUB_T30-0-20260914-20:34:58-2230,config,,,*.radioMedium.backgroundNoise.power,-110dBm,,,,,,,
PUB_T30-0-20260914-20:34:58-2230,config,,,*.configurator.config,"xmldoc(""startopology.xml"")",,,,,,,
PUB_T30-0-20260914-20:34:58-2230,config,,,*.configurator.addStaticRoutes,false,,,,,,,
PUB_T30-0-20260914-20:34:58-2230,config,,,*.sensor[*].mobility.initFromDisplayString,false,,,,,,,
PUB_T30-0-20260914-20:34:58-2230,config,,,*.sensor[*].mobility.initialX,"uniform(1m, 19m)",,,,,,,
PUB_T30-0-20260914-20:34:58-2230,config,,,*.sensor[*].mobility.initialY,"uniform(1m, 19m)",,,,,,,
PUB_T30-0-20260914-20:34:58-2230,config,,,*.sensor[*].mobility.initialZ,0m,,,,,,,
PUB_T30-0-20260914-20:34:58-2230,config,,,*.controller.numApps,0,,,,,,,
PUB_T30-0-20260914-20:34:58-2230,config,,,*.lamp*.numApps,0,,,,,,,
PUB_T30-0-20260914-20:34:58-2230,config,,,**.vector-recording,false,,,,,,,
PUB_T30-3-20260914-20:35:03-2245,runattr,,,configname,PUB_T30,,,,,,,
PUB_T30-3-20260914-20:35:03-2245,runattr,,,datetime,20260914-20:35:03,,,,,,,
PUB_T30-3-20260914-20:35:03-2245,runattr,,,datetimef,20260914-203503,,,,,,,
PUB_T30-3-20260914-20:35:03-2245,runattr,,,experiment,PUB_T30,,,,,,,
PUB_T30-3-20260914-20:35:03-2245,runattr,,,inifile,omnetpp.ini,,,,,,,
PUB_T30-3-20260914-20:35:03-2245,runattr,,,iterationvars,,,,,,,,
PUB_T30-3-20260914-20:35:03-2245,runattr,,,iterationvarsd,,,,,,,,
PUB_T30-3-20260914-20:35:03-2245,runattr,,,iterationvarsf,,,,,,,,
PUB_T30-3-20260914-20:35:03-2245,runattr,,,measurement,,,,,,,,
PUB_T30-3-20260914-20:35:03-2245,runattr,,,network,simulations.experiment4_application_strategy.ApplicationStrategyNetwork,,,,,,,
PUB_T30-3-20260914-20:35:03-2245,runattr,,,processid,2245,,,,,,,
PUB_T30-3-20260914-20:35:03-2245,runattr,,,repetition,3,,,,,,,
PUB_T30-3-20260914-20:35:03-2245,runattr,,,replication,#3,,,,,,,
PUB_T30-3-20260914-20:35:03-2245,runattr,,,resultdir,results,,,,,,,
PUB_T30-3-20260914-20:35:03-2245,runattr,,,runnumber,3,,,,,,,
PUB_T30-3-20260914-20:35:03-2245,runattr,,,seedset,3,,,,,,,
PUB_T30-3-20260914-20:35:03-2245,config,,,image-path,../../../inet-4.6.0/images,,,,,,,
PUB_T30-3-20260914-20:35:03-2245,config,,,extends,PublishSubscribeBase,,,,,,,
PUB_T30-3-20260914-20:35:03-2245,config,,,*.sensor[*].app[0].sendInterval,30s,,,,,,,
PUB_T30-3-20260914-20:35:03-2245,config,,,repeat,5,,,,,,,
PUB_T30-3-20260914-20:35:03-2245,config,,,seed-set,3,,,,,,,
PUB_T30-3-20260914-20:35:03-2245,config,,,extends,Common,,,,,,,
PUB_T30-3-20260914-20:35:03-2245,config,,,*.sensor[*].numApps,1,,,,,,,
PUB_T30-3-20260914-20:35:03-2245,config,,,*.sensor[*].app[0].typename,UdpBasicApp,,,,,,,
PUB_T30-3-20260914-20:35:03-2245,config,,,*.sensor[*].app[0].destAddresses,"""monitoringServer""",,,,,,,
PUB_T30-3-20260914-20:35:03-2245,config,,,*.sensor[*].app[0].destPort,3000,,,,,,,
PUB_T30-3-20260914-20:35:03-2245,config,,,*.sensor[*].app[0].messageLength,50B,,,,,,,
PUB_T30-3-20260914-20:35:03-2245,config,,,*.sensor[*].app[0].sendInterval,10s,,,,,,,
PUB_T30-3-20260914-20:35:03-2245,config,,,*.sensor[*].app[0].startTime,"uniform(1s,2s)",,,,,,,
PUB_T30-3-20260914-20:35:03-2245,config,,,*.sensor[*].app[0].packetName,"""SensorPublication""",,,,,,,
PUB_T30-3-20260914-20:35:03-2245,config,,,*.monitoringServer.numApps,1,,,,,,,
PUB_T30-3-20260914-20:35:03-2245,config,,,*.monitoringServer.app[0].typename,UdpSink,,,,,,,
PUB_T30-3-20260914-20:35:03-2245,config,,,*.monitoringServer.app[0].localPort,3000,,,,,,,
PUB_T30-3-20260914-20:35:03-2245,config,,,*.sensor[*].app[0].packetSent.result-recording-modes,count,,,,,,,
PUB_T30-3-20260914-20:35:03-2245,config,,,*.monitoringServer.app[0].packetReceived.result-recording-modes,count,,,,,,,
PUB_T30-3-20260914-20:35:03-2245,config,,,*.monitoringServer.app[0].endToEndDelay.result-recording-modes,+stats,,,,,,,
PUB_T30-3-20260914-20:35:03-2245,config,,,network,simulations.experiment4_application_strategy.ApplicationStrategyNetwork,,,,,,,
PUB_T30-3-20260914-20:35:03-2245,config,,,sim-time-limit,600s,,,,,,,
PUB_T30-3-20260914-20:35:03-2245,config,,,*.numSensors,12,,,,,,,
PUB_T30-3-20260914-20:35:03-2245,config,,,**.arp.typename,GlobalArp,,,,,,,
PUB_T30-3-20260914-20:35:03-2245,config,,,**.netmaskRoutes,"""""",,,,,,,
PUB_T30-3-20260914-20:35:03-2245,config,,,*.radioMedium.backgroundNoise.power,-110dBm,,,,,,,
PUB_T30-3-20260914-20:35:03-2245,config,,,*.configurator.config,"xmldoc(""startopology.xml"")",,,,,,,
PUB_T30-3-20260914-20:35:03-2245,config,,,*.configurator.addStaticRoutes,false,,,,,,,
PUB_T30-3-20260914-20:35:03-2245,config,,,*.sensor[*].mobility.initFromDisplayString,false,,,,,,,
PUB_T30-3-20260914-20:35:03-2245,config,,,*.sensor[*].mobility.initialX,"uniform(1m, 19m)",,,,,,,
PUB_T30-3-20260914-20:35:03-2245,config,,,*.sensor[*].mobility.initialY,"uniform(1m, 19m)",,,,,,,
PUB_T30-3-20260914-20:35:03-2245,config,,,*.sensor[*].mobility.initialZ,0m,,,,,,,
PUB_T30-3-20260914-20:35:03-2245,config,,,*.controller.numApps,0,,,,,,,
PUB_T30-3-20260914-20:35:03-2245,config,,,*.lamp*.numApps,0,,,,,,,
PUB_T30-3-20260914-20:35:03-2245,config,,,**.vector-recording,false,,,,,,,
PUB_T30-4-20260914-20:35:05-2250,runattr,,,configname,PUB_T30,,,,,,,
PUB_T30-4-20260914-20:35:05-2250,runattr,,,datetime,20260914-20:35:05,,,,,,,
PUB_T30-4-20260914-20:35:05-2250,runattr,,,datetimef,20260914-203505,,,,,,,
PUB_T30-4-20260914-20:35:05-2250,runattr,,,experiment,PUB_T30,,,,,,,
PUB_T30-4-20260914-20:35:05-2250,runattr,,,inifile,omnetpp.ini,,,,,,,
PUB_T30-4-20260914-20:35:05-2250,runattr,,,iterationvars,,,,,,,,
PUB_T30-4-20260914-20:35:05-2250,runattr,,,iterationvarsd,,,,,,,,
PUB_T30-4-20260914-20:35:05-2250,runattr,,,iterationvarsf,,,,,,,,
PUB_T30-4-20260914-20:35:05-2250,runattr,,,measurement,,,,,,,,
PUB_T30-4-20260914-20:35:05-2250,runattr,,,network,simulations.experiment4_application_strategy.ApplicationStrategyNetwork,,,,,,,
PUB_T30-4-20260914-20:35:05-2250,runattr,,,processid,2250,,,,,,,
PUB_T30-4-20260914-20:35:05-2250,runattr,,,repetition,4,,,,,,,
PUB_T30-4-20260914-20:35:05-2250,runattr,,,replication,#4,,,,,,,
PUB_T30-4-20260914-20:35:05-2250,runattr,,,resultdir,results,,,,,,,
PUB_T30-4-20260914-20:35:05-2250,runattr,,,runnumber,4,,,,,,,
PUB_T30-4-20260914-20:35:05-2250,runattr,,,seedset,4,,,,,,,
PUB_T30-4-20260914-20:35:05-2250,config,,,image-path,../../../inet-4.6.0/images,,,,,,,
PUB_T30-4-20260914-20:35:05-2250,config,,,extends,PublishSubscribeBase,,,,,,,
PUB_T30-4-20260914-20:35:05-2250,config,,,*.sensor[*].app[0].sendInterval,30s,,,,,,,
PUB_T30-4-20260914-20:35:05-2250,config,,,repeat,5,,,,,,,
PUB_T30-4-20260914-20:35:05-2250,config,,,seed-set,4,,,,,,,
PUB_T30-4-20260914-20:35:05-2250,config,,,extends,Common,,,,,,,
PUB_T30-4-20260914-20:35:05-2250,config,,,*.sensor[*].numApps,1,,,,,,,
PUB_T30-4-20260914-20:35:05-2250,config,,,*.sensor[*].app[0].typename,UdpBasicApp,,,,,,,
PUB_T30-4-20260914-20:35:05-2250,config,,,*.sensor[*].app[0].destAddresses,"""monitoringServer""",,,,,,,
PUB_T30-4-20260914-20:35:05-2250,config,,,*.sensor[*].app[0].destPort,3000,,,,,,,
PUB_T30-4-20260914-20:35:05-2250,config,,,*.sensor[*].app[0].messageLength,50B,,,,,,,
PUB_T30-4-20260914-20:35:05-2250,config,,,*.sensor[*].app[0].sendInterval,10s,,,,,,,
PUB_T30-4-20260914-20:35:05-2250,config,,,*.sensor[*].app[0].startTime,"uniform(1s,2s)",,,,,,,
PUB_T30-4-20260914-20:35:05-2250,config,,,*.sensor[*].app[0].packetName,"""SensorPublication""",,,,,,,
PUB_T30-4-20260914-20:35:05-2250,config,,,*.monitoringServer.numApps,1,,,,,,,
PUB_T30-4-20260914-20:35:05-2250,config,,,*.monitoringServer.app[0].typename,UdpSink,,,,,,,
PUB_T30-4-20260914-20:35:05-2250,config,,,*.monitoringServer.app[0].localPort,3000,,,,,,,
PUB_T30-4-20260914-20:35:05-2250,config,,,*.sensor[*].app[0].packetSent.result-recording-modes,count,,,,,,,
PUB_T30-4-20260914-20:35:05-2250,config,,,*.monitoringServer.app[0].packetReceived.result-recording-modes,count,,,,,,,
PUB_T30-4-20260914-20:35:05-2250,config,,,*.monitoringServer.app[0].endToEndDelay.result-recording-modes,+stats,,,,,,,
PUB_T30-4-20260914-20:35:05-2250,config,,,network,simulations.experiment4_application_strategy.ApplicationStrategyNetwork,,,,,,,
PUB_T30-4-20260914-20:35:05-2250,config,,,sim-time-limit,600s,,,,,,,
PUB_T30-4-20260914-20:35:05-2250,config,,,*.numSensors,12,,,,,,,
PUB_T30-4-20260914-20:35:05-2250,config,,,**.arp.typename,GlobalArp,,,,,,,
PUB_T30-4-20260914-20:35:05-2250,config,,,**.netmaskRoutes,"""""",,,,,,,
PUB_T30-4-20260914-20:35:05-2250,config,,,*.radioMedium.backgroundNoise.power,-110dBm,,,,,,,
PUB_T30-4-20260914-20:35:05-2250,config,,,*.configurator.config,"xmldoc(""startopology.xml"")",,,,,,,
PUB_T30-4-20260914-20:35:05-2250,config,,,*.configurator.addStaticRoutes,false,,,,,,,
PUB_T30-4-20260914-20:35:05-2250,config,,,*.sensor[*].mobility.initFromDisplayString,false,,,,,,,
PUB_T30-4-20260914-20:35:05-2250,config,,,*.sensor[*].mobility.initialX,"uniform(1m, 19m)",,,,,,,
PUB_T30-4-20260914-20:35:05-2250,config,,,*.sensor[*].mobility.initialY,"uniform(1m, 19m)",,,,,,,
PUB_T30-4-20260914-20:35:05-2250,config,,,*.sensor[*].mobility.initialZ,0m,,,,,,,
PUB_T30-4-20260914-20:35:05-2250,config,,,*.controller.numApps,0,,,,,,,
PUB_T30-4-20260914-20:35:05-2250,config,,,*.lamp*.numApps,0,,,,,,,
PUB_T30-4-20260914-20:35:05-2250,config,,,**.vector-recording,false,,,,,,,
PUB_T5-2-20260914-20:33:59-2015,runattr,,,configname,PUB_T5,,,,,,,
PUB_T5-2-20260914-20:33:59-2015,runattr,,,datetime,20260914-20:33:59,,,,,,,
PUB_T5-2-20260914-20:33:59-2015,runattr,,,datetimef,20260914-203359,,,,,,,
PUB_T5-2-20260914-20:33:59-2015,runattr,,,experiment,PUB_T5,,,,,,,
PUB_T5-2-20260914-20:33:59-2015,runattr,,,inifile,omnetpp.ini,,,,,,,
PUB_T5-2-20260914-20:33:59-2015,runattr,,,iterationvars,,,,,,,,
PUB_T5-2-20260914-20:33:59-2015,runattr,,,iterationvarsd,,,,,,,,
PUB_T5-2-20260914-20:33:59-2015,runattr,,,iterationvarsf,,,,,,,,
PUB_T5-2-20260914-20:33:59-2015,runattr,,,measurement,,,,,,,,
PUB_T5-2-20260914-20:33:59-2015,runattr,,,network,simulations.experiment4_application_strategy.ApplicationStrategyNetwork,,,,,,,
PUB_T5-2-20260914-20:33:59-2015,runattr,,,processid,2015,,,,,,,
PUB_T5-2-20260914-20:33:59-2015,runattr,,,repetition,2,,,,,,,
PUB_T5-2-20260914-20:33:59-2015,runattr,,,replication,#2,,,,,,,
PUB_T5-2-20260914-20:33:59-2015,runattr,,,resultdir,results,,,,,,,
PUB_T5-2-20260914-20:33:59-2015,runattr,,,runnumber,2,,,,,,,
PUB_T5-2-20260914-20:33:59-2015,runattr,,,seedset,2,,,,,,,
PUB_T5-2-20260914-20:33:59-2015,config,,,image-path,../../../inet-4.6.0/images,,,,,,,
PUB_T5-2-20260914-20:33:59-2015,config,,,extends,PublishSubscribeBase,,,,,,,
PUB_T5-2-20260914-20:33:59-2015,config,,,*.sensor[*].app[0].sendInterval,5s,,,,,,,
PUB_T5-2-20260914-20:33:59-2015,config,,,repeat,5,,,,,,,
PUB_T5-2-20260914-20:33:59-2015,config,,,seed-set,2,,,,,,,
PUB_T5-2-20260914-20:33:59-2015,config,,,extends,Common,,,,,,,
PUB_T5-2-20260914-20:33:59-2015,config,,,*.sensor[*].numApps,1,,,,,,,
PUB_T5-2-20260914-20:33:59-2015,config,,,*.sensor[*].app[0].typename,UdpBasicApp,,,,,,,
PUB_T5-2-20260914-20:33:59-2015,config,,,*.sensor[*].app[0].destAddresses,"""monitoringServer""",,,,,,,
PUB_T5-2-20260914-20:33:59-2015,config,,,*.sensor[*].app[0].destPort,3000,,,,,,,
PUB_T5-2-20260914-20:33:59-2015,config,,,*.sensor[*].app[0].messageLength,50B,,,,,,,
PUB_T5-2-20260914-20:33:59-2015,config,,,*.sensor[*].app[0].sendInterval,10s,,,,,,,
PUB_T5-2-20260914-20:33:59-2015,config,,,*.sensor[*].app[0].startTime,"uniform(1s,2s)",,,,,,,
PUB_T5-2-20260914-20:33:59-2015,config,,,*.sensor[*].app[0].packetName,"""SensorPublication""",,,,,,,
PUB_T5-2-20260914-20:33:59-2015,config,,,*.monitoringServer.numApps,1,,,,,,,
PUB_T5-2-20260914-20:33:59-2015,config,,,*.monitoringServer.app[0].typename,UdpSink,,,,,,,
PUB_T5-2-20260914-20:33:59-2015,config,,,*.monitoringServer.app[0].localPort,3000,,,,,,,
PUB_T5-2-20260914-20:33:59-2015,config,,,*.sensor[*].app[0].packetSent.result-recording-modes,count,,,,,,,
PUB_T5-2-20260914-20:33:59-2015,config,,,*.monitoringServer.app[0].packetReceived.result-recording-modes,count,,,,,,,
PUB_T5-2-20260914-20:33:59-2015,config,,,*.monitoringServer.app[0].endToEndDelay.result-recording-modes,+stats,,,,,,,
PUB_T5-2-20260914-20:33:59-2015,config,,,network,simulations.experiment4_application_strategy.ApplicationStrategyNetwork,,,,,,,
PUB_T5-2-20260914-20:33:59-2015,config,,,sim-time-limit,600s,,,,,,,
PUB_T5-2-20260914-20:33:59-2015,config,,,*.numSensors,12,,,,,,,
PUB_T5-2-20260914-20:33:59-2015,config,,,**.arp.typename,GlobalArp,,,,,,,
PUB_T5-2-20260914-20:33:59-2015,config,,,**.netmaskRoutes,"""""",,,,,,,
PUB_T5-2-20260914-20:33:59-2015,config,,,*.radioMedium.backgroundNoise.power,-110dBm,,,,,,,
PUB_T5-2-20260914-20:33:59-2015,config,,,*.configurator.config,"xmldoc(""startopology.xml"")",,,,,,,
PUB_T5-2-20260914-20:33:59-2015,config,,,*.configurator.addStaticRoutes,false,,,,,,,
PUB_T5-2-20260914-20:33:59-2015,config,,,*.sensor[*].mobility.initFromDisplayString,false,,,,,,,
PUB_T5-2-20260914-20:33:59-2015,config,,,*.sensor[*].mobility.initialX,"uniform(1m, 19m)",,,,,,,
PUB_T5-2-20260914-20:33:59-2015,config,,,*.sensor[*].mobility.initialY,"uniform(1m, 19m)",,,,,,,
PUB_T5-2-20260914-20:33:59-2015,config,,,*.sensor[*].mobility.initialZ,0m,,,,,,,
PUB_T5-2-20260914-20:33:59-2015,config,,,*.controller.numApps,0,,,,,,,
PUB_T5-2-20260914-20:33:59-2015,config,,,*.lamp*.numApps,0,,,,,,,
PUB_T5-2-20260914-20:33:59-2015,config,,,**.vector-recording,false,,,,,,,
PUB_T5-0-20260914-20:33:50-2005,runattr,,,configname,PUB_T5,,,,,,,
PUB_T5-0-20260914-20:33:50-2005,runattr,,,datetime,20260914-20:33:50,,,,,,,
PUB_T5-0-20260914-20:33:50-2005,runattr,,,datetimef,20260914-203350,,,,,,,
PUB_T5-0-20260914-20:33:50-2005,runattr,,,experiment,PUB_T5,,,,,,,
PUB_T5-0-20260914-20:33:50-2005,runattr,,,inifile,omnetpp.ini,,,,,,,
PUB_T5-0-20260914-20:33:50-2005,runattr,,,iterationvars,,,,,,,,
PUB_T5-0-20260914-20:33:50-2005,runattr,,,iterationvarsd,,,,,,,,
PUB_T5-0-20260914-20:33:50-2005,runattr,,,iterationvarsf,,,,,,,,
PUB_T5-0-20260914-20:33:50-2005,runattr,,,measurement,,,,,,,,
PUB_T5-0-20260914-20:33:50-2005,runattr,,,network,simulations.experiment4_application_strategy.ApplicationStrategyNetwork,,,,,,,
PUB_T5-0-20260914-20:33:50-2005,runattr,,,processid,2005,,,,,,,
PUB_T5-0-20260914-20:33:50-2005,runattr,,,repetition,0,,,,,,,
PUB_T5-0-20260914-20:33:50-2005,runattr,,,replication,#0,,,,,,,
PUB_T5-0-20260914-20:33:50-2005,runattr,,,resultdir,results,,,,,,,
PUB_T5-0-20260914-20:33:50-2005,runattr,,,runnumber,0,,,,,,,
PUB_T5-0-20260914-20:33:50-2005,runattr,,,seedset,0,,,,,,,
PUB_T5-0-20260914-20:33:50-2005,config,,,image-path,../../../inet-4.6.0/images,,,,,,,
PUB_T5-0-20260914-20:33:50-2005,config,,,extends,PublishSubscribeBase,,,,,,,
PUB_T5-0-20260914-20:33:50-2005,config,,,*.sensor[*].app[0].sendInterval,5s,,,,,,,
PUB_T5-0-20260914-20:33:50-2005,config,,,repeat,5,,,,,,,
PUB_T5-0-20260914-20:33:50-2005,config,,,seed-set,0,,,,,,,
PUB_T5-0-20260914-20:33:50-2005,config,,,extends,Common,,,,,,,
PUB_T5-0-20260914-20:33:50-2005,config,,,*.sensor[*].numApps,1,,,,,,,
PUB_T5-0-20260914-20:33:50-2005,config,,,*.sensor[*].app[0].typename,UdpBasicApp,,,,,,,
PUB_T5-0-20260914-20:33:50-2005,config,,,*.sensor[*].app[0].destAddresses,"""monitoringServer""",,,,,,,
PUB_T5-0-20260914-20:33:50-2005,config,,,*.sensor[*].app[0].destPort,3000,,,,,,,
PUB_T5-0-20260914-20:33:50-2005,config,,,*.sensor[*].app[0].messageLength,50B,,,,,,,
PUB_T5-0-20260914-20:33:50-2005,config,,,*.sensor[*].app[0].sendInterval,10s,,,,,,,
PUB_T5-0-20260914-20:33:50-2005,config,,,*.sensor[*].app[0].startTime,"uniform(1s,2s)",,,,,,,
PUB_T5-0-20260914-20:33:50-2005,config,,,*.sensor[*].app[0].packetName,"""SensorPublication""",,,,,,,
PUB_T5-0-20260914-20:33:50-2005,config,,,*.monitoringServer.numApps,1,,,,,,,
PUB_T5-0-20260914-20:33:50-2005,config,,,*.monitoringServer.app[0].typename,UdpSink,,,,,,,
PUB_T5-0-20260914-20:33:50-2005,config,,,*.monitoringServer.app[0].localPort,3000,,,,,,,
PUB_T5-0-20260914-20:33:50-2005,config,,,*.sensor[*].app[0].packetSent.result-recording-modes,count,,,,,,,
PUB_T5-0-20260914-20:33:50-2005,config,,,*.monitoringServer.app[0].packetReceived.result-recording-modes,count,,,,,,,
PUB_T5-0-20260914-20:33:50-2005,config,,,*.monitoringServer.app[0].endToEndDelay.result-recording-modes,+stats,,,,,,,
PUB_T5-0-20260914-20:33:50-2005,config,,,network,simulations.experiment4_application_strategy.ApplicationStrategyNetwork,,,,,,,
PUB_T5-0-20260914-20:33:50-2005,config,,,sim-time-limit,600s,,,,,,,
PUB_T5-0-20260914-20:33:50-2005,config,,,*.numSensors,12,,,,,,,
PUB_T5-0-20260914-20:33:50-2005,config,,,**.arp.typename,GlobalArp,,,,,,,
PUB_T5-0-20260914-20:33:50-2005,config,,,**.netmaskRoutes,"""""",,,,,,,
PUB_T5-0-20260914-20:33:50-2005,config,,,*.radioMedium.backgroundNoise.power,-110dBm,,,,,,,
PUB_T5-0-20260914-20:33:50-2005,config,,,*.configurator.config,"xmldoc(""startopology.xml"")",,,,,,,
PUB_T5-0-20260914-20:33:50-2005,config,,,*.configurator.addStaticRoutes,false,,,,,,,
PUB_T5-0-20260914-20:33:50-2005,config,,,*.sensor[*].mobility.initFromDisplayString,false,,,,,,,
PUB_T5-0-20260914-20:33:50-2005,config,,,*.sensor[*].mobility.initialX,"uniform(1m, 19m)",,,,,,,
PUB_T5-0-20260914-20:33:50-2005,config,,,*.sensor[*].mobility.initialY,"uniform(1m, 19m)",,,,,,,
PUB_T5-0-20260914-20:33:50-2005,config,,,*.sensor[*].mobility.initialZ,0m,,,,,,,
PUB_T5-0-20260914-20:33:50-2005,config,,,*.controller.numApps,0,,,,,,,
PUB_T5-0-20260914-20:33:50-2005,config,,,*.lamp*.numApps,0,,,,,,,
PUB_T5-0-20260914-20:33:50-2005,config,,,**.vector-recording,false,,,,,,,
PUB_T5-3-20260914-20:34:02-2020,runattr,,,configname,PUB_T5,,,,,,,
PUB_T5-3-20260914-20:34:02-2020,runattr,,,datetime,20260914-20:34:02,,,,,,,
PUB_T5-3-20260914-20:34:02-2020,runattr,,,datetimef,20260914-203402,,,,,,,
PUB_T5-3-20260914-20:34:02-2020,runattr,,,experiment,PUB_T5,,,,,,,
PUB_T5-3-20260914-20:34:02-2020,runattr,,,inifile,omnetpp.ini,,,,,,,
PUB_T5-3-20260914-20:34:02-2020,runattr,,,iterationvars,,,,,,,,
PUB_T5-3-20260914-20:34:02-2020,runattr,,,iterationvarsd,,,,,,,,
PUB_T5-3-20260914-20:34:02-2020,runattr,,,iterationvarsf,,,,,,,,
PUB_T5-3-20260914-20:34:02-2020,runattr,,,measurement,,,,,,,,
PUB_T5-3-20260914-20:34:02-2020,runattr,,,network,simulations.experiment4_application_strategy.ApplicationStrategyNetwork,,,,,,,
PUB_T5-3-20260914-20:34:02-2020,runattr,,,processid,2020,,,,,,,
PUB_T5-3-20260914-20:34:02-2020,runattr,,,repetition,3,,,,,,,
PUB_T5-3-20260914-20:34:02-2020,runattr,,,replication,#3,,,,,,,
PUB_T5-3-20260914-20:34:02-2020,runattr,,,resultdir,results,,,,,,,
PUB_T5-3-20260914-20:34:02-2020,runattr,,,runnumber,3,,,,,,,
PUB_T5-3-20260914-20:34:02-2020,runattr,,,seedset,3,,,,,,,
PUB_T5-3-20260914-20:34:02-2020,config,,,image-path,../../../inet-4.6.0/images,,,,,,,
PUB_T5-3-20260914-20:34:02-2020,config,,,extends,PublishSubscribeBase,,,,,,,
PUB_T5-3-20260914-20:34:02-2020,config,,,*.sensor[*].app[0].sendInterval,5s,,,,,,,
PUB_T5-3-20260914-20:34:02-2020,config,,,repeat,5,,,,,,,
PUB_T5-3-20260914-20:34:02-2020,config,,,seed-set,3,,,,,,,
PUB_T5-3-20260914-20:34:02-2020,config,,,extends,Common,,,,,,,
PUB_T5-3-20260914-20:34:02-2020,config,,,*.sensor[*].numApps,1,,,,,,,
PUB_T5-3-20260914-20:34:02-2020,config,,,*.sensor[*].app[0].typename,UdpBasicApp,,,,,,,
PUB_T5-3-20260914-20:34:02-2020,config,,,*.sensor[*].app[0].destAddresses,"""monitoringServer""",,,,,,,
PUB_T5-3-20260914-20:34:02-2020,config,,,*.sensor[*].app[0].destPort,3000,,,,,,,
PUB_T5-3-20260914-20:34:02-2020,config,,,*.sensor[*].app[0].messageLength,50B,,,,,,,
PUB_T5-3-20260914-20:34:02-2020,config,,,*.sensor[*].app[0].sendInterval,10s,,,,,,,
PUB_T5-3-20260914-20:34:02-2020,config,,,*.sensor[*].app[0].startTime,"uniform(1s,2s)",,,,,,,
PUB_T5-3-20260914-20:34:02-2020,config,,,*.sensor[*].app[0].packetName,"""SensorPublication""",,,,,,,
PUB_T5-3-20260914-20:34:02-2020,config,,,*.monitoringServer.numApps,1,,,,,,,
PUB_T5-3-20260914-20:34:02-2020,config,,,*.monitoringServer.app[0].typename,UdpSink,,,,,,,
PUB_T5-3-20260914-20:34:02-2020,config,,,*.monitoringServer.app[0].localPort,3000,,,,,,,
PUB_T5-3-20260914-20:34:02-2020,config,,,*.sensor[*].app[0].packetSent.result-recording-modes,count,,,,,,,
PUB_T5-3-20260914-20:34:02-2020,config,,,*.monitoringServer.app[0].packetReceived.result-recording-modes,count,,,,,,,
PUB_T5-3-20260914-20:34:02-2020,config,,,*.monitoringServer.app[0].endToEndDelay.result-recording-modes,+stats,,,,,,,
PUB_T5-3-20260914-20:34:02-2020,config,,,network,simulations.experiment4_application_strategy.ApplicationStrategyNetwork,,,,,,,
PUB_T5-3-20260914-20:34:02-2020,config,,,sim-time-limit,600s,,,,,,,
PUB_T5-3-20260914-20:34:02-2020,config,,,*.numSensors,12,,,,,,,
PUB_T5-3-20260914-20:34:02-2020,config,,,**.arp.typename,GlobalArp,,,,,,,
PUB_T5-3-20260914-20:34:02-2020,config,,,**.netmaskRoutes,"""""",,,,,,,
PUB_T5-3-20260914-20:34:02-2020,config,,,*.radioMedium.backgroundNoise.power,-110dBm,,,,,,,
PUB_T5-3-20260914-20:34:02-2020,config,,,*.configurator.config,"xmldoc(""startopology.xml"")",,,,,,,
PUB_T5-3-20260914-20:34:02-2020,config,,,*.configurator.addStaticRoutes,false,,,,,,,
PUB_T5-3-20260914-20:34:02-2020,config,,,*.sensor[*].mobility.initFromDisplayString,false,,,,,,,
PUB_T5-3-20260914-20:34:02-2020,config,,,*.sensor[*].mobility.initialX,"uniform(1m, 19m)",,,,,,,
PUB_T5-3-20260914-20:34:02-2020,config,,,*.sensor[*].mobility.initialY,"uniform(1m, 19m)",,,,,,,
PUB_T5-3-20260914-20:34:02-2020,config,,,*.sensor[*].mobility.initialZ,0m,,,,,,,
PUB_T5-3-20260914-20:34:02-2020,config,,,*.controller.numApps,0,,,,,,,
PUB_T5-3-20260914-20:34:02-2020,config,,,*.lamp*.numApps,0,,,,,,,
PUB_T5-3-20260914-20:34:02-2020,config,,,**.vector-recording,false,,,,,,,
PUB_T5-1-20260914-20:33:55-2010,runattr,,,configname,PUB_T5,,,,,,,
PUB_T5-1-20260914-20:33:55-2010,runattr,,,datetime,20260914-20:33:55,,,,,,,
PUB_T5-1-20260914-20:33:55-2010,runattr,,,datetimef,20260914-203355,,,,,,,
PUB_T5-1-20260914-20:33:55-2010,runattr,,,experiment,PUB_T5,,,,,,,
PUB_T5-1-20260914-20:33:55-2010,runattr,,,inifile,omnetpp.ini,,,,,,,
PUB_T5-1-20260914-20:33:55-2010,runattr,,,iterationvars,,,,,,,,
PUB_T5-1-20260914-20:33:55-2010,runattr,,,iterationvarsd,,,,,,,,
PUB_T5-1-20260914-20:33:55-2010,runattr,,,iterationvarsf,,,,,,,,
PUB_T5-1-20260914-20:33:55-2010,runattr,,,measurement,,,,,,,,
PUB_T5-1-20260914-20:33:55-2010,runattr,,,network,simulations.experiment4_application_strategy.ApplicationStrategyNetwork,,,,,,,
PUB_T5-1-20260914-20:33:55-2010,runattr,,,processid,2010,,,,,,,
PUB_T5-1-20260914-20:33:55-2010,runattr,,,repetition,1,,,,,,,
PUB_T5-1-20260914-20:33:55-2010,runattr,,,replication,#1,,,,,,,
PUB_T5-1-20260914-20:33:55-2010,runattr,,,resultdir,results,,,,,,,
PUB_T5-1-20260914-20:33:55-2010,runattr,,,runnumber,1,,,,,,,
PUB_T5-1-20260914-20:33:55-2010,runattr,,,seedset,1,,,,,,,
PUB_T5-1-20260914-20:33:55-2010,config,,,image-path,../../../inet-4.6.0/images,,,,,,,
PUB_T5-1-20260914-20:33:55-2010,config,,,extends,PublishSubscribeBase,,,,,,,
PUB_T5-1-20260914-20:33:55-2010,config,,,*.sensor[*].app[0].sendInterval,5s,,,,,,,
PUB_T5-1-20260914-20:33:55-2010,config,,,repeat,5,,,,,,,
PUB_T5-1-20260914-20:33:55-2010,config,,,seed-set,1,,,,,,,
PUB_T5-1-20260914-20:33:55-2010,config,,,extends,Common,,,,,,,
PUB_T5-1-20260914-20:33:55-2010,config,,,*.sensor[*].numApps,1,,,,,,,
PUB_T5-1-20260914-20:33:55-2010,config,,,*.sensor[*].app[0].typename,UdpBasicApp,,,,,,,
PUB_T5-1-20260914-20:33:55-2010,config,,,*.sensor[*].app[0].destAddresses,"""monitoringServer""",,,,,,,
PUB_T5-1-20260914-20:33:55-2010,config,,,*.sensor[*].app[0].destPort,3000,,,,,,,
PUB_T5-1-20260914-20:33:55-2010,config,,,*.sensor[*].app[0].messageLength,50B,,,,,,,
PUB_T5-1-20260914-20:33:55-2010,config,,,*.sensor[*].app[0].sendInterval,10s,,,,,,,
PUB_T5-1-20260914-20:33:55-2010,config,,,*.sensor[*].app[0].startTime,"uniform(1s,2s)",,,,,,,
PUB_T5-1-20260914-20:33:55-2010,config,,,*.sensor[*].app[0].packetName,"""SensorPublication""",,,,,,,
PUB_T5-1-20260914-20:33:55-2010,config,,,*.monitoringServer.numApps,1,,,,,,,
PUB_T5-1-20260914-20:33:55-2010,config,,,*.monitoringServer.app[0].typename,UdpSink,,,,,,,
PUB_T5-1-20260914-20:33:55-2010,config,,,*.monitoringServer.app[0].localPort,3000,,,,,,,
PUB_T5-1-20260914-20:33:55-2010,config,,,*.sensor[*].app[0].packetSent.result-recording-modes,count,,,,,,,
PUB_T5-1-20260914-20:33:55-2010,config,,,*.monitoringServer.app[0].packetReceived.result-recording-modes,count,,,,,,,
PUB_T5-1-20260914-20:33:55-2010,config,,,*.monitoringServer.app[0].endToEndDelay.result-recording-modes,+stats,,,,,,,
PUB_T5-1-20260914-20:33:55-2010,config,,,network,simulations.experiment4_application_strategy.ApplicationStrategyNetwork,,,,,,,
PUB_T5-1-20260914-20:33:55-2010,config,,,sim-time-limit,600s,,,,,,,
PUB_T5-1-20260914-20:33:55-2010,config,,,*.numSensors,12,,,,,,,
PUB_T5-1-20260914-20:33:55-2010,config,,,**.arp.typename,GlobalArp,,,,,,,
PUB_T5-1-20260914-20:33:55-2010,config,,,**.netmaskRoutes,"""""",,,,,,,
PUB_T5-1-20260914-20:33:55-2010,config,,,*.radioMedium.backgroundNoise.power,-110dBm,,,,,,,
PUB_T5-1-20260914-20:33:55-2010,config,,,*.configurator.config,"xmldoc(""startopology.xml"")",,,,,,,
PUB_T5-1-20260914-20:33:55-2010,config,,,*.configurator.addStaticRoutes,false,,,,,,,
PUB_T5-1-20260914-20:33:55-2010,config,,,*.sensor[*].mobility.initFromDisplayString,false,,,,,,,
PUB_T5-1-20260914-20:33:55-2010,config,,,*.sensor[*].mobility.initialX,"uniform(1m, 19m)",,,,,,,
PUB_T5-1-20260914-20:33:55-2010,config,,,*.sensor[*].mobility.initialY,"uniform(1m, 19m)",,,,,,,
PUB_T5-1-20260914-20:33:55-2010,config,,,*.sensor[*].mobility.initialZ,0m,,,,,,,
PUB_T5-1-20260914-20:33:55-2010,config,,,*.controller.numApps,0,,,,,,,
PUB_T5-1-20260914-20:33:55-2010,config,,,*.lamp*.numApps,0,,,,,,,
PUB_T5-1-20260914-20:33:55-2010,config,,,**.vector-recording,false,,,,,,,
PUB_T5-4-20260914-20:34:05-2025,runattr,,,configname,PUB_T5,,,,,,,
PUB_T5-4-20260914-20:34:05-2025,runattr,,,datetime,20260914-20:34:05,,,,,,,
PUB_T5-4-20260914-20:34:05-2025,runattr,,,datetimef,20260914-203405,,,,,,,
PUB_T5-4-20260914-20:34:05-2025,runattr,,,experiment,PUB_T5,,,,,,,
PUB_T5-4-20260914-20:34:05-2025,runattr,,,inifile,omnetpp.ini,,,,,,,
PUB_T5-4-20260914-20:34:05-2025,runattr,,,iterationvars,,,,,,,,
PUB_T5-4-20260914-20:34:05-2025,runattr,,,iterationvarsd,,,,,,,,
PUB_T5-4-20260914-20:34:05-2025,runattr,,,iterationvarsf,,,,,,,,
PUB_T5-4-20260914-20:34:05-2025,runattr,,,measurement,,,,,,,,
PUB_T5-4-20260914-20:34:05-2025,runattr,,,network,simulations.experiment4_application_strategy.ApplicationStrategyNetwork,,,,,,,
PUB_T5-4-20260914-20:34:05-2025,runattr,,,processid,2025,,,,,,,
PUB_T5-4-20260914-20:34:05-2025,runattr,,,repetition,4,,,,,,,
PUB_T5-4-20260914-20:34:05-2025,runattr,,,replication,#4,,,,,,,
PUB_T5-4-20260914-20:34:05-2025,runattr,,,resultdir,results,,,,,,,
PUB_T5-4-20260914-20:34:05-2025,runattr,,,runnumber,4,,,,,,,
PUB_T5-4-20260914-20:34:05-2025,runattr,,,seedset,4,,,,,,,
PUB_T5-4-20260914-20:34:05-2025,config,,,image-path,../../../inet-4.6.0/images,,,,,,,
PUB_T5-4-20260914-20:34:05-2025,config,,,extends,PublishSubscribeBase,,,,,,,
PUB_T5-4-20260914-20:34:05-2025,config,,,*.sensor[*].app[0].sendInterval,5s,,,,,,,
PUB_T5-4-20260914-20:34:05-2025,config,,,repeat,5,,,,,,,
PUB_T5-4-20260914-20:34:05-2025,config,,,seed-set,4,,,,,,,
PUB_T5-4-20260914-20:34:05-2025,config,,,extends,Common,,,,,,,
PUB_T5-4-20260914-20:34:05-2025,config,,,*.sensor[*].numApps,1,,,,,,,
PUB_T5-4-20260914-20:34:05-2025,config,,,*.sensor[*].app[0].typename,UdpBasicApp,,,,,,,
PUB_T5-4-20260914-20:34:05-2025,config,,,*.sensor[*].app[0].destAddresses,"""monitoringServer""",,,,,,,
PUB_T5-4-20260914-20:34:05-2025,config,,,*.sensor[*].app[0].destPort,3000,,,,,,,
PUB_T5-4-20260914-20:34:05-2025,config,,,*.sensor[*].app[0].messageLength,50B,,,,,,,
PUB_T5-4-20260914-20:34:05-2025,config,,,*.sensor[*].app[0].sendInterval,10s,,,,,,,
PUB_T5-4-20260914-20:34:05-2025,config,,,*.sensor[*].app[0].startTime,"uniform(1s,2s)",,,,,,,
PUB_T5-4-20260914-20:34:05-2025,config,,,*.sensor[*].app[0].packetName,"""SensorPublication""",,,,,,,
PUB_T5-4-20260914-20:34:05-2025,config,,,*.monitoringServer.numApps,1,,,,,,,
PUB_T5-4-20260914-20:34:05-2025,config,,,*.monitoringServer.app[0].typename,UdpSink,,,,,,,
PUB_T5-4-20260914-20:34:05-2025,config,,,*.monitoringServer.app[0].localPort,3000,,,,,,,
PUB_T5-4-20260914-20:34:05-2025,config,,,*.sensor[*].app[0].packetSent.result-recording-modes,count,,,,,,,
PUB_T5-4-20260914-20:34:05-2025,config,,,*.monitoringServer.app[0].packetReceived.result-recording-modes,count,,,,,,,
PUB_T5-4-20260914-20:34:05-2025,config,,,*.monitoringServer.app[0].endToEndDelay.result-recording-modes,+stats,,,,,,,
PUB_T5-4-20260914-20:34:05-2025,config,,,network,simulations.experiment4_application_strategy.ApplicationStrategyNetwork,,,,,,,
PUB_T5-4-20260914-20:34:05-2025,config,,,sim-time-limit,600s,,,,,,,
PUB_T5-4-20260914-20:34:05-2025,config,,,*.numSensors,12,,,,,,,
PUB_T5-4-20260914-20:34:05-2025,config,,,**.arp.typename,GlobalArp,,,,,,,
PUB_T5-4-20260914-20:34:05-2025,config,,,**.netmaskRoutes,"""""",,,,,,,
PUB_T5-4-20260914-20:34:05-2025,config,,,*.radioMedium.backgroundNoise.power,-110dBm,,,,,,,
PUB_T5-4-20260914-20:34:05-2025,config,,,*.configurator.config,"xmldoc(""startopology.xml"")",,,,,,,
PUB_T5-4-20260914-20:34:05-2025,config,,,*.configurator.addStaticRoutes,false,,,,,,,
PUB_T5-4-20260914-20:34:05-2025,config,,,*.sensor[*].mobility.initFromDisplayString,false,,,,,,,
PUB_T5-4-20260914-20:34:05-2025,config,,,*.sensor[*].mobility.initialX,"uniform(1m, 19m)",,,,,,,
PUB_T5-4-20260914-20:34:05-2025,config,,,*.sensor[*].mobility.initialY,"uniform(1m, 19m)",,,,,,,
PUB_T5-4-20260914-20:34:05-2025,config,,,*.sensor[*].mobility.initialZ,0m,,,,,,,
PUB_T5-4-20260914-20:34:05-2025,config,,,*.controller.numApps,0,,,,,,,
PUB_T5-4-20260914-20:34:05-2025,config,,,*.lamp*.numApps,0,,,,,,,
PUB_T5-4-20260914-20:34:05-2025,config,,,**.vector-recording,false,,,,,,,
PUB_T60-2-20260914-20:35:24-2352,runattr,,,configname,PUB_T60,,,,,,,
PUB_T60-2-20260914-20:35:24-2352,runattr,,,datetime,20260914-20:35:24,,,,,,,
PUB_T60-2-20260914-20:35:24-2352,runattr,,,datetimef,20260914-203524,,,,,,,
PUB_T60-2-20260914-20:35:24-2352,runattr,,,experiment,PUB_T60,,,,,,,
PUB_T60-2-20260914-20:35:24-2352,runattr,,,inifile,omnetpp.ini,,,,,,,
PUB_T60-2-20260914-20:35:24-2352,runattr,,,iterationvars,,,,,,,,
PUB_T60-2-20260914-20:35:24-2352,runattr,,,iterationvarsd,,,,,,,,
PUB_T60-2-20260914-20:35:24-2352,runattr,,,iterationvarsf,,,,,,,,
PUB_T60-2-20260914-20:35:24-2352,runattr,,,measurement,,,,,,,,
PUB_T60-2-20260914-20:35:24-2352,runattr,,,network,simulations.experiment4_application_strategy.ApplicationStrategyNetwork,,,,,,,
PUB_T60-2-20260914-20:35:24-2352,runattr,,,processid,2352,,,,,,,
PUB_T60-2-20260914-20:35:24-2352,runattr,,,repetition,2,,,,,,,
PUB_T60-2-20260914-20:35:24-2352,runattr,,,replication,#2,,,,,,,
PUB_T60-2-20260914-20:35:24-2352,runattr,,,resultdir,results,,,,,,,
PUB_T60-2-20260914-20:35:24-2352,runattr,,,runnumber,2,,,,,,,
PUB_T60-2-20260914-20:35:24-2352,runattr,,,seedset,2,,,,,,,
PUB_T60-2-20260914-20:35:24-2352,config,,,image-path,../../../inet-4.6.0/images,,,,,,,
PUB_T60-2-20260914-20:35:24-2352,config,,,extends,PublishSubscribeBase,,,,,,,
PUB_T60-2-20260914-20:35:24-2352,config,,,*.sensor[*].app[0].sendInterval,60s,,,,,,,
PUB_T60-2-20260914-20:35:24-2352,config,,,repeat,5,,,,,,,
PUB_T60-2-20260914-20:35:24-2352,config,,,seed-set,2,,,,,,,
PUB_T60-2-20260914-20:35:24-2352,config,,,extends,Common,,,,,,,
PUB_T60-2-20260914-20:35:24-2352,config,,,*.sensor[*].numApps,1,,,,,,,
PUB_T60-2-20260914-20:35:24-2352,config,,,*.sensor[*].app[0].typename,UdpBasicApp,,,,,,,
PUB_T60-2-20260914-20:35:24-2352,config,,,*.sensor[*].app[0].destAddresses,"""monitoringServer""",,,,,,,
PUB_T60-2-20260914-20:35:24-2352,config,,,*.sensor[*].app[0].destPort,3000,,,,,,,
PUB_T60-2-20260914-20:35:24-2352,config,,,*.sensor[*].app[0].messageLength,50B,,,,,,,
PUB_T60-2-20260914-20:35:24-2352,config,,,*.sensor[*].app[0].sendInterval,10s,,,,,,,
PUB_T60-2-20260914-20:35:24-2352,config,,,*.sensor[*].app[0].startTime,"uniform(1s,2s)",,,,,,,
PUB_T60-2-20260914-20:35:24-2352,config,,,*.sensor[*].app[0].packetName,"""SensorPublication""",,,,,,,
PUB_T60-2-20260914-20:35:24-2352,config,,,*.monitoringServer.numApps,1,,,,,,,
PUB_T60-2-20260914-20:35:24-2352,config,,,*.monitoringServer.app[0].typename,UdpSink,,,,,,,
PUB_T60-2-20260914-20:35:24-2352,config,,,*.monitoringServer.app[0].localPort,3000,,,,,,,
PUB_T60-2-20260914-20:35:24-2352,config,,,*.sensor[*].app[0].packetSent.result-recording-modes,count,,,,,,,
PUB_T60-2-20260914-20:35:24-2352,config,,,*.monitoringServer.app[0].packetReceived.result-recording-modes,count,,,,,,,
PUB_T60-2-20260914-20:35:24-2352,config,,,*.monitoringServer.app[0].endToEndDelay.result-recording-modes,+stats,,,,,,,
PUB_T60-2-20260914-20:35:24-2352,config,,,network,simulations.experiment4_application_strategy.ApplicationStrategyNetwork,,,,,,,
PUB_T60-2-20260914-20:35:24-2352,config,,,sim-time-limit,600s,,,,,,,
PUB_T60-2-20260914-20:35:24-2352,config,,,*.numSensors,12,,,,,,,
PUB_T60-2-20260914-20:35:24-2352,config,,,**.arp.typename,GlobalArp,,,,,,,
PUB_T60-2-20260914-20:35:24-2352,config,,,**.netmaskRoutes,"""""",,,,,,,
PUB_T60-2-20260914-20:35:24-2352,config,,,*.radioMedium.backgroundNoise.power,-110dBm,,,,,,,
PUB_T60-2-20260914-20:35:24-2352,config,,,*.configurator.config,"xmldoc(""startopology.xml"")",,,,,,,
PUB_T60-2-20260914-20:35:24-2352,config,,,*.configurator.addStaticRoutes,false,,,,,,,
PUB_T60-2-20260914-20:35:24-2352,config,,,*.sensor[*].mobility.initFromDisplayString,false,,,,,,,
PUB_T60-2-20260914-20:35:24-2352,config,,,*.sensor[*].mobility.initialX,"uniform(1m, 19m)",,,,,,,
PUB_T60-2-20260914-20:35:24-2352,config,,,*.sensor[*].mobility.initialY,"uniform(1m, 19m)",,,,,,,
PUB_T60-2-20260914-20:35:24-2352,config,,,*.sensor[*].mobility.initialZ,0m,,,,,,,
PUB_T60-2-20260914-20:35:24-2352,config,,,*.controller.numApps,0,,,,,,,
PUB_T60-2-20260914-20:35:24-2352,config,,,*.lamp*.numApps,0,,,,,,,
PUB_T60-2-20260914-20:35:24-2352,config,,,**.vector-recording,false,,,,,,,
PUB_T60-0-20260914-20:35:20-2342,runattr,,,configname,PUB_T60,,,,,,,
PUB_T60-0-20260914-20:35:20-2342,runattr,,,datetime,20260914-20:35:20,,,,,,,
PUB_T60-0-20260914-20:35:20-2342,runattr,,,datetimef,20260914-203520,,,,,,,
PUB_T60-0-20260914-20:35:20-2342,runattr,,,experiment,PUB_T60,,,,,,,
PUB_T60-0-20260914-20:35:20-2342,runattr,,,inifile,omnetpp.ini,,,,,,,
PUB_T60-0-20260914-20:35:20-2342,runattr,,,iterationvars,,,,,,,,
PUB_T60-0-20260914-20:35:20-2342,runattr,,,iterationvarsd,,,,,,,,
PUB_T60-0-20260914-20:35:20-2342,runattr,,,iterationvarsf,,,,,,,,
PUB_T60-0-20260914-20:35:20-2342,runattr,,,measurement,,,,,,,,
PUB_T60-0-20260914-20:35:20-2342,runattr,,,network,simulations.experiment4_application_strategy.ApplicationStrategyNetwork,,,,,,,
PUB_T60-0-20260914-20:35:20-2342,runattr,,,processid,2342,,,,,,,
PUB_T60-0-20260914-20:35:20-2342,runattr,,,repetition,0,,,,,,,
PUB_T60-0-20260914-20:35:20-2342,runattr,,,replication,#0,,,,,,,
PUB_T60-0-20260914-20:35:20-2342,runattr,,,resultdir,results,,,,,,,
PUB_T60-0-20260914-20:35:20-2342,runattr,,,runnumber,0,,,,,,,
PUB_T60-0-20260914-20:35:20-2342,runattr,,,seedset,0,,,,,,,
PUB_T60-0-20260914-20:35:20-2342,config,,,image-path,../../../inet-4.6.0/images,,,,,,,
PUB_T60-0-20260914-20:35:20-2342,config,,,extends,PublishSubscribeBase,,,,,,,
PUB_T60-0-20260914-20:35:20-2342,config,,,*.sensor[*].app[0].sendInterval,60s,,,,,,,
PUB_T60-0-20260914-20:35:20-2342,config,,,repeat,5,,,,,,,
PUB_T60-0-20260914-20:35:20-2342,config,,,seed-set,0,,,,,,,
PUB_T60-0-20260914-20:35:20-2342,config,,,extends,Common,,,,,,,
PUB_T60-0-20260914-20:35:20-2342,config,,,*.sensor[*].numApps,1,,,,,,,
PUB_T60-0-20260914-20:35:20-2342,config,,,*.sensor[*].app[0].typename,UdpBasicApp,,,,,,,
PUB_T60-0-20260914-20:35:20-2342,config,,,*.sensor[*].app[0].destAddresses,"""monitoringServer""",,,,,,,
PUB_T60-0-20260914-20:35:20-2342,config,,,*.sensor[*].app[0].destPort,3000,,,,,,,
PUB_T60-0-20260914-20:35:20-2342,config,,,*.sensor[*].app[0].messageLength,50B,,,,,,,
PUB_T60-0-20260914-20:35:20-2342,config,,,*.sensor[*].app[0].sendInterval,10s,,,,,,,
PUB_T60-0-20260914-20:35:20-2342,config,,,*.sensor[*].app[0].startTime,"uniform(1s,2s)",,,,,,,
PUB_T60-0-20260914-20:35:20-2342,config,,,*.sensor[*].app[0].packetName,"""SensorPublication""",,,,,,,
PUB_T60-0-20260914-20:35:20-2342,config,,,*.monitoringServer.numApps,1,,,,,,,
PUB_T60-0-20260914-20:35:20-2342,config,,,*.monitoringServer.app[0].typename,UdpSink,,,,,,,
PUB_T60-0-20260914-20:35:20-2342,config,,,*.monitoringServer.app[0].localPort,3000,,,,,,,
PUB_T60-0-20260914-20:35:20-2342,config,,,*.sensor[*].app[0].packetSent.result-recording-modes,count,,,,,,,
PUB_T60-0-20260914-20:35:20-2342,config,,,*.monitoringServer.app[0].packetReceived.result-recording-modes,count,,,,,,,
PUB_T60-0-20260914-20:35:20-2342,config,,,*.monitoringServer.app[0].endToEndDelay.result-recording-modes,+stats,,,,,,,
PUB_T60-0-20260914-20:35:20-2342,config,,,network,simulations.experiment4_application_strategy.ApplicationStrategyNetwork,,,,,,,
PUB_T60-0-20260914-20:35:20-2342,config,,,sim-time-limit,600s,,,,,,,
PUB_T60-0-20260914-20:35:20-2342,config,,,*.numSensors,12,,,,,,,
PUB_T60-0-20260914-20:35:20-2342,config,,,**.arp.typename,GlobalArp,,,,,,,
PUB_T60-0-20260914-20:35:20-2342,config,,,**.netmaskRoutes,"""""",,,,,,,
PUB_T60-0-20260914-20:35:20-2342,config,,,*.radioMedium.backgroundNoise.power,-110dBm,,,,,,,
PUB_T60-0-20260914-20:35:20-2342,config,,,*.configurator.config,"xmldoc(""startopology.xml"")",,,,,,,
PUB_T60-0-20260914-20:35:20-2342,config,,,*.configurator.addStaticRoutes,false,,,,,,,
PUB_T60-0-20260914-20:35:20-2342,config,,,*.sensor[*].mobility.initFromDisplayString,false,,,,,,,
PUB_T60-0-20260914-20:35:20-2342,config,,,*.sensor[*].mobility.initialX,"uniform(1m, 19m)",,,,,,,
PUB_T60-0-20260914-20:35:20-2342,config,,,*.sensor[*].mobility.initialY,"uniform(1m, 19m)",,,,,,,
PUB_T60-0-20260914-20:35:20-2342,config,,,*.sensor[*].mobility.initialZ,0m,,,,,,,
PUB_T60-0-20260914-20:35:20-2342,config,,,*.controller.numApps,0,,,,,,,
PUB_T60-0-20260914-20:35:20-2342,config,,,*.lamp*.numApps,0,,,,,,,
PUB_T60-0-20260914-20:35:20-2342,config,,,**.vector-recording,false,,,,,,,
PUB_T60-1-20260914-20:35:22-2347,runattr,,,configname,PUB_T60,,,,,,,
PUB_T60-1-20260914-20:35:22-2347,runattr,,,datetime,20260914-20:35:22,,,,,,,
PUB_T60-1-20260914-20:35:22-2347,runattr,,,datetimef,20260914-203522,,,,,,,
PUB_T60-1-20260914-20:35:22-2347,runattr,,,experiment,PUB_T60,,,,,,,
PUB_T60-1-20260914-20:35:22-2347,runattr,,,inifile,omnetpp.ini,,,,,,,
PUB_T60-1-20260914-20:35:22-2347,runattr,,,iterationvars,,,,,,,,
PUB_T60-1-20260914-20:35:22-2347,runattr,,,iterationvarsd,,,,,,,,
PUB_T60-1-20260914-20:35:22-2347,runattr,,,iterationvarsf,,,,,,,,
PUB_T60-1-20260914-20:35:22-2347,runattr,,,measurement,,,,,,,,
PUB_T60-1-20260914-20:35:22-2347,runattr,,,network,simulations.experiment4_application_strategy.ApplicationStrategyNetwork,,,,,,,
PUB_T60-1-20260914-20:35:22-2347,runattr,,,processid,2347,,,,,,,
PUB_T60-1-20260914-20:35:22-2347,runattr,,,repetition,1,,,,,,,
PUB_T60-1-20260914-20:35:22-2347,runattr,,,replication,#1,,,,,,,
PUB_T60-1-20260914-20:35:22-2347,runattr,,,resultdir,results,,,,,,,
PUB_T60-1-20260914-20:35:22-2347,runattr,,,runnumber,1,,,,,,,
PUB_T60-1-20260914-20:35:22-2347,runattr,,,seedset,1,,,,,,,
PUB_T60-1-20260914-20:35:22-2347,config,,,image-path,../../../inet-4.6.0/images,,,,,,,
PUB_T60-1-20260914-20:35:22-2347,config,,,extends,PublishSubscribeBase,,,,,,,
PUB_T60-1-20260914-20:35:22-2347,config,,,*.sensor[*].app[0].sendInterval,60s,,,,,,,
PUB_T60-1-20260914-20:35:22-2347,config,,,repeat,5,,,,,,,
PUB_T60-1-20260914-20:35:22-2347,config,,,seed-set,1,,,,,,,
PUB_T60-1-20260914-20:35:22-2347,config,,,extends,Common,,,,,,,
PUB_T60-1-20260914-20:35:22-2347,config,,,*.sensor[*].numApps,1,,,,,,,
PUB_T60-1-20260914-20:35:22-2347,config,,,*.sensor[*].app[0].typename,UdpBasicApp,,,,,,,
PUB_T60-1-20260914-20:35:22-2347,config,,,*.sensor[*].app[0].destAddresses,"""monitoringServer""",,,,,,,
PUB_T60-1-20260914-20:35:22-2347,config,,,*.sensor[*].app[0].destPort,3000,,,,,,,
PUB_T60-1-20260914-20:35:22-2347,config,,,*.sensor[*].app[0].messageLength,50B,,,,,,,
PUB_T60-1-20260914-20:35:22-2347,config,,,*.sensor[*].app[0].sendInterval,10s,,,,,,,
PUB_T60-1-20260914-20:35:22-2347,config,,,*.sensor[*].app[0].startTime,"uniform(1s,2s)",,,,,,,
PUB_T60-1-20260914-20:35:22-2347,config,,,*.sensor[*].app[0].packetName,"""SensorPublication""",,,,,,,
PUB_T60-1-20260914-20:35:22-2347,config,,,*.monitoringServer.numApps,1,,,,,,,
PUB_T60-1-20260914-20:35:22-2347,config,,,*.monitoringServer.app[0].typename,UdpSink,,,,,,,
PUB_T60-1-20260914-20:35:22-2347,config,,,*.monitoringServer.app[0].localPort,3000,,,,,,,
PUB_T60-1-20260914-20:35:22-2347,config,,,*.sensor[*].app[0].packetSent.result-recording-modes,count,,,,,,,
PUB_T60-1-20260914-20:35:22-2347,config,,,*.monitoringServer.app[0].packetReceived.result-recording-modes,count,,,,,,,
PUB_T60-1-20260914-20:35:22-2347,config,,,*.monitoringServer.app[0].endToEndDelay.result-recording-modes,+stats,,,,,,,
PUB_T60-1-20260914-20:35:22-2347,config,,,network,simulations.experiment4_application_strategy.ApplicationStrategyNetwork,,,,,,,
PUB_T60-1-20260914-20:35:22-2347,config,,,sim-time-limit,600s,,,,,,,
PUB_T60-1-20260914-20:35:22-2347,config,,,*.numSensors,12,,,,,,,
PUB_T60-1-20260914-20:35:22-2347,config,,,**.arp.typename,GlobalArp,,,,,,,
PUB_T60-1-20260914-20:35:22-2347,config,,,**.netmaskRoutes,"""""",,,,,,,
PUB_T60-1-20260914-20:35:22-2347,config,,,*.radioMedium.backgroundNoise.power,-110dBm,,,,,,,
PUB_T60-1-20260914-20:35:22-2347,config,,,*.configurator.config,"xmldoc(""startopology.xml"")",,,,,,,
PUB_T60-1-20260914-20:35:22-2347,config,,,*.configurator.addStaticRoutes,false,,,,,,,
PUB_T60-1-20260914-20:35:22-2347,config,,,*.sensor[*].mobility.initFromDisplayString,false,,,,,,,
PUB_T60-1-20260914-20:35:22-2347,config,,,*.sensor[*].mobility.initialX,"uniform(1m, 19m)",,,,,,,
PUB_T60-1-20260914-20:35:22-2347,config,,,*.sensor[*].mobility.initialY,"uniform(1m, 19m)",,,,,,,
PUB_T60-1-20260914-20:35:22-2347,config,,,*.sensor[*].mobility.initialZ,0m,,,,,,,
PUB_T60-1-20260914-20:35:22-2347,config,,,*.controller.numApps,0,,,,,,,
PUB_T60-1-20260914-20:35:22-2347,config,,,*.lamp*.numApps,0,,,,,,,
PUB_T60-1-20260914-20:35:22-2347,config,,,**.vector-recording,false,,,,,,,
PUB_T60-3-20260914-20:35:26-2357,runattr,,,configname,PUB_T60,,,,,,,
PUB_T60-3-20260914-20:35:26-2357,runattr,,,datetime,20260914-20:35:26,,,,,,,
PUB_T60-3-20260914-20:35:26-2357,runattr,,,datetimef,20260914-203526,,,,,,,
PUB_T60-3-20260914-20:35:26-2357,runattr,,,experiment,PUB_T60,,,,,,,
PUB_T60-3-20260914-20:35:26-2357,runattr,,,inifile,omnetpp.ini,,,,,,,
PUB_T60-3-20260914-20:35:26-2357,runattr,,,iterationvars,,,,,,,,
PUB_T60-3-20260914-20:35:26-2357,runattr,,,iterationvarsd,,,,,,,,
PUB_T60-3-20260914-20:35:26-2357,runattr,,,iterationvarsf,,,,,,,,
PUB_T60-3-20260914-20:35:26-2357,runattr,,,measurement,,,,,,,,
PUB_T60-3-20260914-20:35:26-2357,runattr,,,network,simulations.experiment4_application_strategy.ApplicationStrategyNetwork,,,,,,,
PUB_T60-3-20260914-20:35:26-2357,runattr,,,processid,2357,,,,,,,
PUB_T60-3-20260914-20:35:26-2357,runattr,,,repetition,3,,,,,,,
PUB_T60-3-20260914-20:35:26-2357,runattr,,,replication,#3,,,,,,,
PUB_T60-3-20260914-20:35:26-2357,runattr,,,resultdir,results,,,,,,,
PUB_T60-3-20260914-20:35:26-2357,runattr,,,runnumber,3,,,,,,,
PUB_T60-3-20260914-20:35:26-2357,runattr,,,seedset,3,,,,,,,
PUB_T60-3-20260914-20:35:26-2357,config,,,image-path,../../../inet-4.6.0/images,,,,,,,
PUB_T60-3-20260914-20:35:26-2357,config,,,extends,PublishSubscribeBase,,,,,,,
PUB_T60-3-20260914-20:35:26-2357,config,,,*.sensor[*].app[0].sendInterval,60s,,,,,,,
PUB_T60-3-20260914-20:35:26-2357,config,,,repeat,5,,,,,,,
PUB_T60-3-20260914-20:35:26-2357,config,,,seed-set,3,,,,,,,
PUB_T60-3-20260914-20:35:26-2357,config,,,extends,Common,,,,,,,
PUB_T60-3-20260914-20:35:26-2357,config,,,*.sensor[*].numApps,1,,,,,,,
PUB_T60-3-20260914-20:35:26-2357,config,,,*.sensor[*].app[0].typename,UdpBasicApp,,,,,,,
PUB_T60-3-20260914-20:35:26-2357,config,,,*.sensor[*].app[0].destAddresses,"""monitoringServer""",,,,,,,
PUB_T60-3-20260914-20:35:26-2357,config,,,*.sensor[*].app[0].destPort,3000,,,,,,,
PUB_T60-3-20260914-20:35:26-2357,config,,,*.sensor[*].app[0].messageLength,50B,,,,,,,
PUB_T60-3-20260914-20:35:26-2357,config,,,*.sensor[*].app[0].sendInterval,10s,,,,,,,
PUB_T60-3-20260914-20:35:26-2357,config,,,*.sensor[*].app[0].startTime,"uniform(1s,2s)",,,,,,,
PUB_T60-3-20260914-20:35:26-2357,config,,,*.sensor[*].app[0].packetName,"""SensorPublication""",,,,,,,
PUB_T60-3-20260914-20:35:26-2357,config,,,*.monitoringServer.numApps,1,,,,,,,
PUB_T60-3-20260914-20:35:26-2357,config,,,*.monitoringServer.app[0].typename,UdpSink,,,,,,,
PUB_T60-3-20260914-20:35:26-2357,config,,,*.monitoringServer.app[0].localPort,3000,,,,,,,
PUB_T60-3-20260914-20:35:26-2357,config,,,*.sensor[*].app[0].packetSent.result-recording-modes,count,,,,,,,
PUB_T60-3-20260914-20:35:26-2357,config,,,*.monitoringServer.app[0].packetReceived.result-recording-modes,count,,,,,,,
PUB_T60-3-20260914-20:35:26-2357,config,,,*.monitoringServer.app[0].endToEndDelay.result-recording-modes,+stats,,,,,,,
PUB_T60-3-20260914-20:35:26-2357,config,,,network,simulations.experiment4_application_strategy.ApplicationStrategyNetwork,,,,,,,
PUB_T60-3-20260914-20:35:26-2357,config,,,sim-time-limit,600s,,,,,,,
PUB_T60-3-20260914-20:35:26-2357,config,,,*.numSensors,12,,,,,,,
PUB_T60-3-20260914-20:35:26-2357,config,,,**.arp.typename,GlobalArp,,,,,,,
PUB_T60-3-20260914-20:35:26-2357,config,,,**.netmaskRoutes,"""""",,,,,,,
PUB_T60-3-20260914-20:35:26-2357,config,,,*.radioMedium.backgroundNoise.power,-110dBm,,,,,,,
PUB_T60-3-20260914-20:35:26-2357,config,,,*.configurator.config,"xmldoc(""startopology.xml"")",,,,,,,
PUB_T60-3-20260914-20:35:26-2357,config,,,*.configurator.addStaticRoutes,false,,,,,,,
PUB_T60-3-20260914-20:35:26-2357,config,,,*.sensor[*].mobility.initFromDisplayString,false,,,,,,,
PUB_T60-3-20260914-20:35:26-2357,config,,,*.sensor[*].mobility.initialX,"uniform(1m, 19m)",,,,,,,
PUB_T60-3-20260914-20:35:26-2357,config,,,*.sensor[*].mobility.initialY,"uniform(1m, 19m)",,,,,,,
PUB_T60-3-20260914-20:35:26-2357,config,,,*.sensor[*].mobility.initialZ,0m,,,,,,,
PUB_T60-3-20260914-20:35:26-2357,config,,,*.controller.numApps,0,,,,,,,
PUB_T60-3-20260914-20:35:26-2357,config,,,*.lamp*.numApps,0,,,,,,,
PUB_T60-3-20260914-20:35:26-2357,config,,,**.vector-recording,false,,,,,,,
PUB_T60-4-20260914-20:35:27-2362,runattr,,,configname,PUB_T60,,,,,,,
PUB_T60-4-20260914-20:35:27-2362,runattr,,,datetime,20260914-20:35:27,,,,,,,
PUB_T60-4-20260914-20:35:27-2362,runattr,,,datetimef,20260914-203527,,,,,,,
PUB_T60-4-20260914-20:35:27-2362,runattr,,,experiment,PUB_T60,,,,,,,
PUB_T60-4-20260914-20:35:27-2362,runattr,,,inifile,omnetpp.ini,,,,,,,
PUB_T60-4-20260914-20:35:27-2362,runattr,,,iterationvars,,,,,,,,
PUB_T60-4-20260914-20:35:27-2362,runattr,,,iterationvarsd,,,,,,,,
PUB_T60-4-20260914-20:35:27-2362,runattr,,,iterationvarsf,,,,,,,,
PUB_T60-4-20260914-20:35:27-2362,runattr,,,measurement,,,,,,,,
PUB_T60-4-20260914-20:35:27-2362,runattr,,,network,simulations.experiment4_application_strategy.ApplicationStrategyNetwork,,,,,,,
PUB_T60-4-20260914-20:35:27-2362,runattr,,,processid,2362,,,,,,,
PUB_T60-4-20260914-20:35:27-2362,runattr,,,repetition,4,,,,,,,
PUB_T60-4-20260914-20:35:27-2362,runattr,,,replication,#4,,,,,,,
PUB_T60-4-20260914-20:35:27-2362,runattr,,,resultdir,results,,,,,,,
PUB_T60-4-20260914-20:35:27-2362,runattr,,,runnumber,4,,,,,,,
PUB_T60-4-20260914-20:35:27-2362,runattr,,,seedset,4,,,,,,,
PUB_T60-4-20260914-20:35:27-2362,config,,,image-path,../../../inet-4.6.0/images,,,,,,,
PUB_T60-4-20260914-20:35:27-2362,config,,,extends,PublishSubscribeBase,,,,,,,
PUB_T60-4-20260914-20:35:27-2362,config,,,*.sensor[*].app[0].sendInterval,60s,,,,,,,
PUB_T60-4-20260914-20:35:27-2362,config,,,repeat,5,,,,,,,
PUB_T60-4-20260914-20:35:27-2362,config,,,seed-set,4,,,,,,,
PUB_T60-4-20260914-20:35:27-2362,config,,,extends,Common,,,,,,,
PUB_T60-4-20260914-20:35:27-2362,config,,,*.sensor[*].numApps,1,,,,,,,
PUB_T60-4-20260914-20:35:27-2362,config,,,*.sensor[*].app[0].typename,UdpBasicApp,,,,,,,
PUB_T60-4-20260914-20:35:27-2362,config,,,*.sensor[*].app[0].destAddresses,"""monitoringServer""",,,,,,,
PUB_T60-4-20260914-20:35:27-2362,config,,,*.sensor[*].app[0].destPort,3000,,,,,,,
PUB_T60-4-20260914-20:35:27-2362,config,,,*.sensor[*].app[0].messageLength,50B,,,,,,,
PUB_T60-4-20260914-20:35:27-2362,config,,,*.sensor[*].app[0].sendInterval,10s,,,,,,,
PUB_T60-4-20260914-20:35:27-2362,config,,,*.sensor[*].app[0].startTime,"uniform(1s,2s)",,,,,,,
PUB_T60-4-20260914-20:35:27-2362,config,,,*.sensor[*].app[0].packetName,"""SensorPublication""",,,,,,,
PUB_T60-4-20260914-20:35:27-2362,config,,,*.monitoringServer.numApps,1,,,,,,,
PUB_T60-4-20260914-20:35:27-2362,config,,,*.monitoringServer.app[0].typename,UdpSink,,,,,,,
PUB_T60-4-20260914-20:35:27-2362,config,,,*.monitoringServer.app[0].localPort,3000,,,,,,,
PUB_T60-4-20260914-20:35:27-2362,config,,,*.sensor[*].app[0].packetSent.result-recording-modes,count,,,,,,,
PUB_T60-4-20260914-20:35:27-2362,config,,,*.monitoringServer.app[0].packetReceived.result-recording-modes,count,,,,,,,
PUB_T60-4-20260914-20:35:27-2362,config,,,*.monitoringServer.app[0].endToEndDelay.result-recording-modes,+stats,,,,,,,
PUB_T60-4-20260914-20:35:27-2362,config,,,network,simulations.experiment4_application_strategy.ApplicationStrategyNetwork,,,,,,,
PUB_T60-4-20260914-20:35:27-2362,config,,,sim-time-limit,600s,,,,,,,
PUB_T60-4-20260914-20:35:27-2362,config,,,*.numSensors,12,,,,,,,
PUB_T60-4-20260914-20:35:27-2362,config,,,**.arp.typename,GlobalArp,,,,,,,
PUB_T60-4-20260914-20:35:27-2362,config,,,**.netmaskRoutes,"""""",,,,,,,
PUB_T60-4-20260914-20:35:27-2362,config,,,*.radioMedium.backgroundNoise.power,-110dBm,,,,,,,
PUB_T60-4-20260914-20:35:27-2362,config,,,*.configurator.config,"xmldoc(""startopology.xml"")",,,,,,,
PUB_T60-4-20260914-20:35:27-2362,config,,,*.configurator.addStaticRoutes,false,,,,,,,
PUB_T60-4-20260914-20:35:27-2362,config,,,*.sensor[*].mobility.initFromDisplayString,false,,,,,,,
PUB_T60-4-20260914-20:35:27-2362,config,,,*.sensor[*].mobility.initialX,"uniform(1m, 19m)",,,,,,,
PUB_T60-4-20260914-20:35:27-2362,config,,,*.sensor[*].mobility.initialY,"uniform(1m, 19m)",,,,,,,
PUB_T60-4-20260914-20:35:27-2362,config,,,*.sensor[*].mobility.initialZ,0m,,,,,,,
PUB_T60-4-20260914-20:35:27-2362,config,,,*.controller.numApps,0,,,,,,,
PUB_T60-4-20260914-20:35:27-2362,config,,,*.lamp*.numApps,0,,,,,,,
PUB_T60-4-20260914-20:35:27-2362,config,,,**.vector-recording,false,,,,,,,
PUB_T1-0-20260914-20:25:42-1884,scalar,ApplicationStrategyNetwork.sensor[0].app[0],packetSent:count,,,599,,,,,,
PUB_T1-0-20260914-20:25:42-1884,attr,ApplicationStrategyNetwork.sensor[0].app[0],packetSent:count,interpolationmode,none,,,,,,,
PUB_T1-0-20260914-20:25:42-1884,attr,ApplicationStrategyNetwork.sensor[0].app[0],packetSent:count,recordingmode,count,,,,,,,
PUB_T1-0-20260914-20:25:42-1884,attr,ApplicationStrategyNetwork.sensor[0].app[0],packetSent:count,source,packetSent,,,,,,,
PUB_T1-0-20260914-20:25:42-1884,attr,ApplicationStrategyNetwork.sensor[0].app[0],packetSent:count,title,"packets sent, count",,,,,,,
PUB_T1-0-20260914-20:25:42-1884,scalar,ApplicationStrategyNetwork.sensor[1].app[0],packetSent:count,,,599,,,,,,
PUB_T1-0-20260914-20:25:42-1884,attr,ApplicationStrategyNetwork.sensor[1].app[0],packetSent:count,interpolationmode,none,,,,,,,
PUB_T1-0-20260914-20:25:42-1884,attr,ApplicationStrategyNetwork.sensor[1].app[0],packetSent:count,recordingmode,count,,,,,,,
PUB_T1-0-20260914-20:25:42-1884,attr,ApplicationStrategyNetwork.sensor[1].app[0],packetSent:count,source,packetSent,,,,,,,
PUB_T1-0-20260914-20:25:42-1884,attr,ApplicationStrategyNetwork.sensor[1].app[0],packetSent:count,title,"packets sent, count",,,,,,,
PUB_T1-0-20260914-20:25:42-1884,scalar,ApplicationStrategyNetwork.sensor[2].app[0],packetSent:count,,,599,,,,,,
PUB_T1-0-20260914-20:25:42-1884,attr,ApplicationStrategyNetwork.sensor[2].app[0],packetSent:count,interpolationmode,none,,,,,,,
PUB_T1-0-20260914-20:25:42-1884,attr,ApplicationStrategyNetwork.sensor[2].app[0],packetSent:count,recordingmode,count,,,,,,,
PUB_T1-0-20260914-20:25:42-1884,attr,ApplicationStrategyNetwork.sensor[2].app[0],packetSent:count,source,packetSent,,,,,,,
PUB_T1-0-20260914-20:25:42-1884,attr,ApplicationStrategyNetwork.sensor[2].app[0],packetSent:count,title,"packets sent, count",,,,,,,
PUB_T1-0-20260914-20:25:42-1884,scalar,ApplicationStrategyNetwork.sensor[3].app[0],packetSent:count,,,599,,,,,,
PUB_T1-0-20260914-20:25:42-1884,attr,ApplicationStrategyNetwork.sensor[3].app[0],packetSent:count,interpolationmode,none,,,,,,,
PUB_T1-0-20260914-20:25:42-1884,attr,ApplicationStrategyNetwork.sensor[3].app[0],packetSent:count,recordingmode,count,,,,,,,
PUB_T1-0-20260914-20:25:42-1884,attr,ApplicationStrategyNetwork.sensor[3].app[0],packetSent:count,source,packetSent,,,,,,,
PUB_T1-0-20260914-20:25:42-1884,attr,ApplicationStrategyNetwork.sensor[3].app[0],packetSent:count,title,"packets sent, count",,,,,,,
PUB_T1-0-20260914-20:25:42-1884,scalar,ApplicationStrategyNetwork.sensor[4].app[0],packetSent:count,,,599,,,,,,
PUB_T1-0-20260914-20:25:42-1884,attr,ApplicationStrategyNetwork.sensor[4].app[0],packetSent:count,interpolationmode,none,,,,,,,
PUB_T1-0-20260914-20:25:42-1884,attr,ApplicationStrategyNetwork.sensor[4].app[0],packetSent:count,recordingmode,count,,,,,,,
PUB_T1-0-20260914-20:25:42-1884,attr,ApplicationStrategyNetwork.sensor[4].app[0],packetSent:count,source,packetSent,,,,,,,
PUB_T1-0-20260914-20:25:42-1884,attr,ApplicationStrategyNetwork.sensor[4].app[0],packetSent:count,title,"packets sent, count",,,,,,,
PUB_T1-0-20260914-20:25:42-1884,scalar,ApplicationStrategyNetwork.sensor[5].app[0],packetSent:count,,,599,,,,,,
PUB_T1-0-20260914-20:25:42-1884,attr,ApplicationStrategyNetwork.sensor[5].app[0],packetSent:count,interpolationmode,none,,,,,,,
PUB_T1-0-20260914-20:25:42-1884,attr,ApplicationStrategyNetwork.sensor[5].app[0],packetSent:count,recordingmode,count,,,,,,,
PUB_T1-0-20260914-20:25:42-1884,attr,ApplicationStrategyNetwork.sensor[5].app[0],packetSent:count,source,packetSent,,,,,,,
PUB_T1-0-20260914-20:25:42-1884,attr,ApplicationStrategyNetwork.sensor[5].app[0],packetSent:count,title,"packets sent, count",,,,,,,
PUB_T1-0-20260914-20:25:42-1884,scalar,ApplicationStrategyNetwork.sensor[6].app[0],packetSent:count,,,599,,,,,,
PUB_T1-0-20260914-20:25:42-1884,attr,ApplicationStrategyNetwork.sensor[6].app[0],packetSent:count,interpolationmode,none,,,,,,,
PUB_T1-0-20260914-20:25:42-1884,attr,ApplicationStrategyNetwork.sensor[6].app[0],packetSent:count,recordingmode,count,,,,,,,
PUB_T1-0-20260914-20:25:42-1884,attr,ApplicationStrategyNetwork.sensor[6].app[0],packetSent:count,source,packetSent,,,,,,,
PUB_T1-0-20260914-20:25:42-1884,attr,ApplicationStrategyNetwork.sensor[6].app[0],packetSent:count,title,"packets sent, count",,,,,,,
PUB_T1-0-20260914-20:25:42-1884,scalar,ApplicationStrategyNetwork.sensor[7].app[0],packetSent:count,,,599,,,,,,
PUB_T1-0-20260914-20:25:42-1884,attr,ApplicationStrategyNetwork.sensor[7].app[0],packetSent:count,interpolationmode,none,,,,,,,
PUB_T1-0-20260914-20:25:42-1884,attr,ApplicationStrategyNetwork.sensor[7].app[0],packetSent:count,recordingmode,count,,,,,,,
PUB_T1-0-20260914-20:25:42-1884,attr,ApplicationStrategyNetwork.sensor[7].app[0],packetSent:count,source,packetSent,,,,,,,
PUB_T1-0-20260914-20:25:42-1884,attr,ApplicationStrategyNetwork.sensor[7].app[0],packetSent:count,title,"packets sent, count",,,,,,,
PUB_T1-0-20260914-20:25:42-1884,scalar,ApplicationStrategyNetwork.sensor[8].app[0],packetSent:count,,,599,,,,,,
PUB_T1-0-20260914-20:25:42-1884,attr,ApplicationStrategyNetwork.sensor[8].app[0],packetSent:count,interpolationmode,none,,,,,,,
PUB_T1-0-20260914-20:25:42-1884,attr,ApplicationStrategyNetwork.sensor[8].app[0],packetSent:count,recordingmode,count,,,,,,,
PUB_T1-0-20260914-20:25:42-1884,attr,ApplicationStrategyNetwork.sensor[8].app[0],packetSent:count,source,packetSent,,,,,,,
PUB_T1-0-20260914-20:25:42-1884,attr,ApplicationStrategyNetwork.sensor[8].app[0],packetSent:count,title,"packets sent, count",,,,,,,
PUB_T1-0-20260914-20:25:42-1884,scalar,ApplicationStrategyNetwork.sensor[9].app[0],packetSent:count,,,599,,,,,,
PUB_T1-0-20260914-20:25:42-1884,attr,ApplicationStrategyNetwork.sensor[9].app[0],packetSent:count,interpolationmode,none,,,,,,,
PUB_T1-0-20260914-20:25:42-1884,attr,ApplicationStrategyNetwork.sensor[9].app[0],packetSent:count,recordingmode,count,,,,,,,
PUB_T1-0-20260914-20:25:42-1884,attr,ApplicationStrategyNetwork.sensor[9].app[0],packetSent:count,source,packetSent,,,,,,,
PUB_T1-0-20260914-20:25:42-1884,attr,ApplicationStrategyNetwork.sensor[9].app[0],packetSent:count,title,"packets sent, count",,,,,,,
PUB_T1-0-20260914-20:25:42-1884,scalar,ApplicationStrategyNetwork.sensor[10].app[0],packetSent:count,,,599,,,,,,
PUB_T1-0-20260914-20:25:42-1884,attr,ApplicationStrategyNetwork.sensor[10].app[0],packetSent:count,interpolationmode,none,,,,,,,
PUB_T1-0-20260914-20:25:42-1884,attr,ApplicationStrategyNetwork.sensor[10].app[0],packetSent:count,recordingmode,count,,,,,,,
PUB_T1-0-20260914-20:25:42-1884,attr,ApplicationStrategyNetwork.sensor[10].app[0],packetSent:count,source,packetSent,,,,,,,
PUB_T1-0-20260914-20:25:42-1884,attr,ApplicationStrategyNetwork.sensor[10].app[0],packetSent:count,title,"packets sent, count",,,,,,,
PUB_T1-0-20260914-20:25:42-1884,scalar,ApplicationStrategyNetwork.sensor[11].app[0],packetSent:count,,,599,,,,,,
PUB_T1-0-20260914-20:25:42-1884,attr,ApplicationStrategyNetwork.sensor[11].app[0],packetSent:count,interpolationmode,none,,,,,,,
PUB_T1-0-20260914-20:25:42-1884,attr,ApplicationStrategyNetwork.sensor[11].app[0],packetSent:count,recordingmode,count,,,,,,,
PUB_T1-0-20260914-20:25:42-1884,attr,ApplicationStrategyNetwork.sensor[11].app[0],packetSent:count,source,packetSent,,,,,,,
PUB_T1-0-20260914-20:25:42-1884,attr,ApplicationStrategyNetwork.sensor[11].app[0],packetSent:count,title,"packets sent, count",,,,,,,
PUB_T1-0-20260914-20:25:42-1884,scalar,ApplicationStrategyNetwork.monitoringServer.app[0],packetReceived:count,,,7188,,,,,,
PUB_T1-0-20260914-20:25:42-1884,attr,ApplicationStrategyNetwork.monitoringServer.app[0],packetReceived:count,interpolationmode,none,,,,,,,
PUB_T1-0-20260914-20:25:42-1884,attr,ApplicationStrategyNetwork.monitoringServer.app[0],packetReceived:count,recordingmode,count,,,,,,,
PUB_T1-0-20260914-20:25:42-1884,attr,ApplicationStrategyNetwork.monitoringServer.app[0],packetReceived:count,source,packetReceived,,,,,,,
PUB_T1-0-20260914-20:25:42-1884,attr,ApplicationStrategyNetwork.monitoringServer.app[0],packetReceived:count,title,"packets received, count",,,,,,,
PUB_T1-1-20260914-20:24:11-1777,scalar,ApplicationStrategyNetwork.sensor[0].app[0],packetSent:count,,,599,,,,,,
PUB_T1-1-20260914-20:24:11-1777,attr,ApplicationStrategyNetwork.sensor[0].app[0],packetSent:count,interpolationmode,none,,,,,,,
PUB_T1-1-20260914-20:24:11-1777,attr,ApplicationStrategyNetwork.sensor[0].app[0],packetSent:count,recordingmode,count,,,,,,,
PUB_T1-1-20260914-20:24:11-1777,attr,ApplicationStrategyNetwork.sensor[0].app[0],packetSent:count,source,packetSent,,,,,,,
PUB_T1-1-20260914-20:24:11-1777,attr,ApplicationStrategyNetwork.sensor[0].app[0],packetSent:count,title,"packets sent, count",,,,,,,
PUB_T1-1-20260914-20:24:11-1777,scalar,ApplicationStrategyNetwork.sensor[1].app[0],packetSent:count,,,599,,,,,,
PUB_T1-1-20260914-20:24:11-1777,attr,ApplicationStrategyNetwork.sensor[1].app[0],packetSent:count,interpolationmode,none,,,,,,,
PUB_T1-1-20260914-20:24:11-1777,attr,ApplicationStrategyNetwork.sensor[1].app[0],packetSent:count,recordingmode,count,,,,,,,
PUB_T1-1-20260914-20:24:11-1777,attr,ApplicationStrategyNetwork.sensor[1].app[0],packetSent:count,source,packetSent,,,,,,,
PUB_T1-1-20260914-20:24:11-1777,attr,ApplicationStrategyNetwork.sensor[1].app[0],packetSent:count,title,"packets sent, count",,,,,,,
PUB_T1-1-20260914-20:24:11-1777,scalar,ApplicationStrategyNetwork.sensor[2].app[0],packetSent:count,,,599,,,,,,
PUB_T1-1-20260914-20:24:11-1777,attr,ApplicationStrategyNetwork.sensor[2].app[0],packetSent:count,interpolationmode,none,,,,,,,
PUB_T1-1-20260914-20:24:11-1777,attr,ApplicationStrategyNetwork.sensor[2].app[0],packetSent:count,recordingmode,count,,,,,,,
PUB_T1-1-20260914-20:24:11-1777,attr,ApplicationStrategyNetwork.sensor[2].app[0],packetSent:count,source,packetSent,,,,,,,
PUB_T1-1-20260914-20:24:11-1777,attr,ApplicationStrategyNetwork.sensor[2].app[0],packetSent:count,title,"packets sent, count",,,,,,,
PUB_T1-1-20260914-20:24:11-1777,scalar,ApplicationStrategyNetwork.sensor[3].app[0],packetSent:count,,,599,,,,,,
PUB_T1-1-20260914-20:24:11-1777,attr,ApplicationStrategyNetwork.sensor[3].app[0],packetSent:count,interpolationmode,none,,,,,,,
PUB_T1-1-20260914-20:24:11-1777,attr,ApplicationStrategyNetwork.sensor[3].app[0],packetSent:count,recordingmode,count,,,,,,,
PUB_T1-1-20260914-20:24:11-1777,attr,ApplicationStrategyNetwork.sensor[3].app[0],packetSent:count,source,packetSent,,,,,,,
PUB_T1-1-20260914-20:24:11-1777,attr,ApplicationStrategyNetwork.sensor[3].app[0],packetSent:count,title,"packets sent, count",,,,,,,
PUB_T1-1-20260914-20:24:11-1777,scalar,ApplicationStrategyNetwork.sensor[4].app[0],packetSent:count,,,599,,,,,,
PUB_T1-1-20260914-20:24:11-1777,attr,ApplicationStrategyNetwork.sensor[4].app[0],packetSent:count,interpolationmode,none,,,,,,,
PUB_T1-1-20260914-20:24:11-1777,attr,ApplicationStrategyNetwork.sensor[4].app[0],packetSent:count,recordingmode,count,,,,,,,
PUB_T1-1-20260914-20:24:11-1777,attr,ApplicationStrategyNetwork.sensor[4].app[0],packetSent:count,source,packetSent,,,,,,,
PUB_T1-1-20260914-20:24:11-1777,attr,ApplicationStrategyNetwork.sensor[4].app[0],packetSent:count,title,"packets sent, count",,,,,,,
PUB_T1-1-20260914-20:24:11-1777,scalar,ApplicationStrategyNetwork.sensor[5].app[0],packetSent:count,,,599,,,,,,
PUB_T1-1-20260914-20:24:11-1777,attr,ApplicationStrategyNetwork.sensor[5].app[0],packetSent:count,interpolationmode,none,,,,,,,
PUB_T1-1-20260914-20:24:11-1777,attr,ApplicationStrategyNetwork.sensor[5].app[0],packetSent:count,recordingmode,count,,,,,,,
PUB_T1-1-20260914-20:24:11-1777,attr,ApplicationStrategyNetwork.sensor[5].app[0],packetSent:count,source,packetSent,,,,,,,
PUB_T1-1-20260914-20:24:11-1777,attr,ApplicationStrategyNetwork.sensor[5].app[0],packetSent:count,title,"packets sent, count",,,,,,,
PUB_T1-1-20260914-20:24:11-1777,scalar,ApplicationStrategyNetwork.sensor[6].app[0],packetSent:count,,,599,,,,,,
PUB_T1-1-20260914-20:24:11-1777,attr,ApplicationStrategyNetwork.sensor[6].app[0],packetSent:count,interpolationmode,none,,,,,,,
PUB_T1-1-20260914-20:24:11-1777,attr,ApplicationStrategyNetwork.sensor[6].app[0],packetSent:count,recordingmode,count,,,,,,,
PUB_T1-1-20260914-20:24:11-1777,attr,ApplicationStrategyNetwork.sensor[6].app[0],packetSent:count,source,packetSent,,,,,,,
PUB_T1-1-20260914-20:24:11-1777,attr,ApplicationStrategyNetwork.sensor[6].app[0],packetSent:count,title,"packets sent, count",,,,,,,
PUB_T1-1-20260914-20:24:11-1777,scalar,ApplicationStrategyNetwork.sensor[7].app[0],packetSent:count,,,599,,,,,,
PUB_T1-1-20260914-20:24:11-1777,attr,ApplicationStrategyNetwork.sensor[7].app[0],packetSent:count,interpolationmode,none,,,,,,,
PUB_T1-1-20260914-20:24:11-1777,attr,ApplicationStrategyNetwork.sensor[7].app[0],packetSent:count,recordingmode,count,,,,,,,
PUB_T1-1-20260914-20:24:11-1777,attr,ApplicationStrategyNetwork.sensor[7].app[0],packetSent:count,source,packetSent,,,,,,,
PUB_T1-1-20260914-20:24:11-1777,attr,ApplicationStrategyNetwork.sensor[7].app[0],packetSent:count,title,"packets sent, count",,,,,,,
PUB_T1-1-20260914-20:24:11-1777,scalar,ApplicationStrategyNetwork.sensor[8].app[0],packetSent:count,,,599,,,,,,
PUB_T1-1-20260914-20:24:11-1777,attr,ApplicationStrategyNetwork.sensor[8].app[0],packetSent:count,interpolationmode,none,,,,,,,
PUB_T1-1-20260914-20:24:11-1777,attr,ApplicationStrategyNetwork.sensor[8].app[0],packetSent:count,recordingmode,count,,,,,,,
PUB_T1-1-20260914-20:24:11-1777,attr,ApplicationStrategyNetwork.sensor[8].app[0],packetSent:count,source,packetSent,,,,,,,
PUB_T1-1-20260914-20:24:11-1777,attr,ApplicationStrategyNetwork.sensor[8].app[0],packetSent:count,title,"packets sent, count",,,,,,,
PUB_T1-1-20260914-20:24:11-1777,scalar,ApplicationStrategyNetwork.sensor[9].app[0],packetSent:count,,,599,,,,,,
PUB_T1-1-20260914-20:24:11-1777,attr,ApplicationStrategyNetwork.sensor[9].app[0],packetSent:count,interpolationmode,none,,,,,,,
PUB_T1-1-20260914-20:24:11-1777,attr,ApplicationStrategyNetwork.sensor[9].app[0],packetSent:count,recordingmode,count,,,,,,,
PUB_T1-1-20260914-20:24:11-1777,attr,ApplicationStrategyNetwork.sensor[9].app[0],packetSent:count,source,packetSent,,,,,,,
PUB_T1-1-20260914-20:24:11-1777,attr,ApplicationStrategyNetwork.sensor[9].app[0],packetSent:count,title,"packets sent, count",,,,,,,
PUB_T1-1-20260914-20:24:11-1777,scalar,ApplicationStrategyNetwork.sensor[10].app[0],packetSent:count,,,599,,,,,,
PUB_T1-1-20260914-20:24:11-1777,attr,ApplicationStrategyNetwork.sensor[10].app[0],packetSent:count,interpolationmode,none,,,,,,,
PUB_T1-1-20260914-20:24:11-1777,attr,ApplicationStrategyNetwork.sensor[10].app[0],packetSent:count,recordingmode,count,,,,,,,
PUB_T1-1-20260914-20:24:11-1777,attr,ApplicationStrategyNetwork.sensor[10].app[0],packetSent:count,source,packetSent,,,,,,,
PUB_T1-1-20260914-20:24:11-1777,attr,ApplicationStrategyNetwork.sensor[10].app[0],packetSent:count,title,"packets sent, count",,,,,,,
PUB_T1-1-20260914-20:24:11-1777,scalar,ApplicationStrategyNetwork.sensor[11].app[0],packetSent:count,,,599,,,,,,
PUB_T1-1-20260914-20:24:11-1777,attr,ApplicationStrategyNetwork.sensor[11].app[0],packetSent:count,interpolationmode,none,,,,,,,
PUB_T1-1-20260914-20:24:11-1777,attr,ApplicationStrategyNetwork.sensor[11].app[0],packetSent:count,recordingmode,count,,,,,,,
PUB_T1-1-20260914-20:24:11-1777,attr,ApplicationStrategyNetwork.sensor[11].app[0],packetSent:count,source,packetSent,,,,,,,
PUB_T1-1-20260914-20:24:11-1777,attr,ApplicationStrategyNetwork.sensor[11].app[0],packetSent:count,title,"packets sent, count",,,,,,,
PUB_T1-1-20260914-20:24:11-1777,scalar,ApplicationStrategyNetwork.monitoringServer.app[0],packetReceived:count,,,7188,,,,,,
PUB_T1-1-20260914-20:24:11-1777,attr,ApplicationStrategyNetwork.monitoringServer.app[0],packetReceived:count,interpolationmode,none,,,,,,,
PUB_T1-1-20260914-20:24:11-1777,attr,ApplicationStrategyNetwork.monitoringServer.app[0],packetReceived:count,recordingmode,count,,,,,,,
PUB_T1-1-20260914-20:24:11-1777,attr,ApplicationStrategyNetwork.monitoringServer.app[0],packetReceived:count,source,packetReceived,,,,,,,
PUB_T1-1-20260914-20:24:11-1777,attr,ApplicationStrategyNetwork.monitoringServer.app[0],packetReceived:count,title,"packets received, count",,,,,,,
PUB_T1-2-20260914-20:24:26-1782,scalar,ApplicationStrategyNetwork.sensor[0].app[0],packetSent:count,,,599,,,,,,
PUB_T1-2-20260914-20:24:26-1782,attr,ApplicationStrategyNetwork.sensor[0].app[0],packetSent:count,interpolationmode,none,,,,,,,
PUB_T1-2-20260914-20:24:26-1782,attr,ApplicationStrategyNetwork.sensor[0].app[0],packetSent:count,recordingmode,count,,,,,,,
PUB_T1-2-20260914-20:24:26-1782,attr,ApplicationStrategyNetwork.sensor[0].app[0],packetSent:count,source,packetSent,,,,,,,
PUB_T1-2-20260914-20:24:26-1782,attr,ApplicationStrategyNetwork.sensor[0].app[0],packetSent:count,title,"packets sent, count",,,,,,,
PUB_T1-2-20260914-20:24:26-1782,scalar,ApplicationStrategyNetwork.sensor[1].app[0],packetSent:count,,,599,,,,,,
PUB_T1-2-20260914-20:24:26-1782,attr,ApplicationStrategyNetwork.sensor[1].app[0],packetSent:count,interpolationmode,none,,,,,,,
PUB_T1-2-20260914-20:24:26-1782,attr,ApplicationStrategyNetwork.sensor[1].app[0],packetSent:count,recordingmode,count,,,,,,,
PUB_T1-2-20260914-20:24:26-1782,attr,ApplicationStrategyNetwork.sensor[1].app[0],packetSent:count,source,packetSent,,,,,,,
PUB_T1-2-20260914-20:24:26-1782,attr,ApplicationStrategyNetwork.sensor[1].app[0],packetSent:count,title,"packets sent, count",,,,,,,
PUB_T1-2-20260914-20:24:26-1782,scalar,ApplicationStrategyNetwork.sensor[2].app[0],packetSent:count,,,599,,,,,,
PUB_T1-2-20260914-20:24:26-1782,attr,ApplicationStrategyNetwork.sensor[2].app[0],packetSent:count,interpolationmode,none,,,,,,,
PUB_T1-2-20260914-20:24:26-1782,attr,ApplicationStrategyNetwork.sensor[2].app[0],packetSent:count,recordingmode,count,,,,,,,
PUB_T1-2-20260914-20:24:26-1782,attr,ApplicationStrategyNetwork.sensor[2].app[0],packetSent:count,source,packetSent,,,,,,,
PUB_T1-2-20260914-20:24:26-1782,attr,ApplicationStrategyNetwork.sensor[2].app[0],packetSent:count,title,"packets sent, count",,,,,,,
PUB_T1-2-20260914-20:24:26-1782,scalar,ApplicationStrategyNetwork.sensor[3].app[0],packetSent:count,,,599,,,,,,
PUB_T1-2-20260914-20:24:26-1782,attr,ApplicationStrategyNetwork.sensor[3].app[0],packetSent:count,interpolationmode,none,,,,,,,
PUB_T1-2-20260914-20:24:26-1782,attr,ApplicationStrategyNetwork.sensor[3].app[0],packetSent:count,recordingmode,count,,,,,,,
PUB_T1-2-20260914-20:24:26-1782,attr,ApplicationStrategyNetwork.sensor[3].app[0],packetSent:count,source,packetSent,,,,,,,
PUB_T1-2-20260914-20:24:26-1782,attr,ApplicationStrategyNetwork.sensor[3].app[0],packetSent:count,title,"packets sent, count",,,,,,,
PUB_T1-2-20260914-20:24:26-1782,scalar,ApplicationStrategyNetwork.sensor[4].app[0],packetSent:count,,,599,,,,,,
PUB_T1-2-20260914-20:24:26-1782,attr,ApplicationStrategyNetwork.sensor[4].app[0],packetSent:count,interpolationmode,none,,,,,,,
PUB_T1-2-20260914-20:24:26-1782,attr,ApplicationStrategyNetwork.sensor[4].app[0],packetSent:count,recordingmode,count,,,,,,,
PUB_T1-2-20260914-20:24:26-1782,attr,ApplicationStrategyNetwork.sensor[4].app[0],packetSent:count,source,packetSent,,,,,,,
PUB_T1-2-20260914-20:24:26-1782,attr,ApplicationStrategyNetwork.sensor[4].app[0],packetSent:count,title,"packets sent, count",,,,,,,
PUB_T1-2-20260914-20:24:26-1782,scalar,ApplicationStrategyNetwork.sensor[5].app[0],packetSent:count,,,599,,,,,,
PUB_T1-2-20260914-20:24:26-1782,attr,ApplicationStrategyNetwork.sensor[5].app[0],packetSent:count,interpolationmode,none,,,,,,,
PUB_T1-2-20260914-20:24:26-1782,attr,ApplicationStrategyNetwork.sensor[5].app[0],packetSent:count,recordingmode,count,,,,,,,
PUB_T1-2-20260914-20:24:26-1782,attr,ApplicationStrategyNetwork.sensor[5].app[0],packetSent:count,source,packetSent,,,,,,,
PUB_T1-2-20260914-20:24:26-1782,attr,ApplicationStrategyNetwork.sensor[5].app[0],packetSent:count,title,"packets sent, count",,,,,,,
PUB_T1-2-20260914-20:24:26-1782,scalar,ApplicationStrategyNetwork.sensor[6].app[0],packetSent:count,,,599,,,,,,
PUB_T1-2-20260914-20:24:26-1782,attr,ApplicationStrategyNetwork.sensor[6].app[0],packetSent:count,interpolationmode,none,,,,,,,
PUB_T1-2-20260914-20:24:26-1782,attr,ApplicationStrategyNetwork.sensor[6].app[0],packetSent:count,recordingmode,count,,,,,,,
PUB_T1-2-20260914-20:24:26-1782,attr,ApplicationStrategyNetwork.sensor[6].app[0],packetSent:count,source,packetSent,,,,,,,
PUB_T1-2-20260914-20:24:26-1782,attr,ApplicationStrategyNetwork.sensor[6].app[0],packetSent:count,title,"packets sent, count",,,,,,,
PUB_T1-2-20260914-20:24:26-1782,scalar,ApplicationStrategyNetwork.sensor[7].app[0],packetSent:count,,,599,,,,,,
PUB_T1-2-20260914-20:24:26-1782,attr,ApplicationStrategyNetwork.sensor[7].app[0],packetSent:count,interpolationmode,none,,,,,,,
PUB_T1-2-20260914-20:24:26-1782,attr,ApplicationStrategyNetwork.sensor[7].app[0],packetSent:count,recordingmode,count,,,,,,,
PUB_T1-2-20260914-20:24:26-1782,attr,ApplicationStrategyNetwork.sensor[7].app[0],packetSent:count,source,packetSent,,,,,,,
PUB_T1-2-20260914-20:24:26-1782,attr,ApplicationStrategyNetwork.sensor[7].app[0],packetSent:count,title,"packets sent, count",,,,,,,
PUB_T1-2-20260914-20:24:26-1782,scalar,ApplicationStrategyNetwork.sensor[8].app[0],packetSent:count,,,599,,,,,,
PUB_T1-2-20260914-20:24:26-1782,attr,ApplicationStrategyNetwork.sensor[8].app[0],packetSent:count,interpolationmode,none,,,,,,,
PUB_T1-2-20260914-20:24:26-1782,attr,ApplicationStrategyNetwork.sensor[8].app[0],packetSent:count,recordingmode,count,,,,,,,
PUB_T1-2-20260914-20:24:26-1782,attr,ApplicationStrategyNetwork.sensor[8].app[0],packetSent:count,source,packetSent,,,,,,,
PUB_T1-2-20260914-20:24:26-1782,attr,ApplicationStrategyNetwork.sensor[8].app[0],packetSent:count,title,"packets sent, count",,,,,,,
PUB_T1-2-20260914-20:24:26-1782,scalar,ApplicationStrategyNetwork.sensor[9].app[0],packetSent:count,,,599,,,,,,
PUB_T1-2-20260914-20:24:26-1782,attr,ApplicationStrategyNetwork.sensor[9].app[0],packetSent:count,interpolationmode,none,,,,,,,
PUB_T1-2-20260914-20:24:26-1782,attr,ApplicationStrategyNetwork.sensor[9].app[0],packetSent:count,recordingmode,count,,,,,,,
PUB_T1-2-20260914-20:24:26-1782,attr,ApplicationStrategyNetwork.sensor[9].app[0],packetSent:count,source,packetSent,,,,,,,
PUB_T1-2-20260914-20:24:26-1782,attr,ApplicationStrategyNetwork.sensor[9].app[0],packetSent:count,title,"packets sent, count",,,,,,,
PUB_T1-2-20260914-20:24:26-1782,scalar,ApplicationStrategyNetwork.sensor[10].app[0],packetSent:count,,,599,,,,,,
PUB_T1-2-20260914-20:24:26-1782,attr,ApplicationStrategyNetwork.sensor[10].app[0],packetSent:count,interpolationmode,none,,,,,,,
PUB_T1-2-20260914-20:24:26-1782,attr,ApplicationStrategyNetwork.sensor[10].app[0],packetSent:count,recordingmode,count,,,,,,,
PUB_T1-2-20260914-20:24:26-1782,attr,ApplicationStrategyNetwork.sensor[10].app[0],packetSent:count,source,packetSent,,,,,,,
PUB_T1-2-20260914-20:24:26-1782,attr,ApplicationStrategyNetwork.sensor[10].app[0],packetSent:count,title,"packets sent, count",,,,,,,
PUB_T1-2-20260914-20:24:26-1782,scalar,ApplicationStrategyNetwork.sensor[11].app[0],packetSent:count,,,599,,,,,,
PUB_T1-2-20260914-20:24:26-1782,attr,ApplicationStrategyNetwork.sensor[11].app[0],packetSent:count,interpolationmode,none,,,,,,,
PUB_T1-2-20260914-20:24:26-1782,attr,ApplicationStrategyNetwork.sensor[11].app[0],packetSent:count,recordingmode,count,,,,,,,
PUB_T1-2-20260914-20:24:26-1782,attr,ApplicationStrategyNetwork.sensor[11].app[0],packetSent:count,source,packetSent,,,,,,,
PUB_T1-2-20260914-20:24:26-1782,attr,ApplicationStrategyNetwork.sensor[11].app[0],packetSent:count,title,"packets sent, count",,,,,,,
PUB_T1-2-20260914-20:24:26-1782,scalar,ApplicationStrategyNetwork.monitoringServer.app[0],packetReceived:count,,,7188,,,,,,
PUB_T1-2-20260914-20:24:26-1782,attr,ApplicationStrategyNetwork.monitoringServer.app[0],packetReceived:count,interpolationmode,none,,,,,,,
PUB_T1-2-20260914-20:24:26-1782,attr,ApplicationStrategyNetwork.monitoringServer.app[0],packetReceived:count,recordingmode,count,,,,,,,
PUB_T1-2-20260914-20:24:26-1782,attr,ApplicationStrategyNetwork.monitoringServer.app[0],packetReceived:count,source,packetReceived,,,,,,,
PUB_T1-2-20260914-20:24:26-1782,attr,ApplicationStrategyNetwork.monitoringServer.app[0],packetReceived:count,title,"packets received, count",,,,,,,
PUB_T1-3-20260914-20:24:39-1787,scalar,ApplicationStrategyNetwork.sensor[0].app[0],packetSent:count,,,599,,,,,,
PUB_T1-3-20260914-20:24:39-1787,attr,ApplicationStrategyNetwork.sensor[0].app[0],packetSent:count,interpolationmode,none,,,,,,,
PUB_T1-3-20260914-20:24:39-1787,attr,ApplicationStrategyNetwork.sensor[0].app[0],packetSent:count,recordingmode,count,,,,,,,
PUB_T1-3-20260914-20:24:39-1787,attr,ApplicationStrategyNetwork.sensor[0].app[0],packetSent:count,source,packetSent,,,,,,,
PUB_T1-3-20260914-20:24:39-1787,attr,ApplicationStrategyNetwork.sensor[0].app[0],packetSent:count,title,"packets sent, count",,,,,,,
PUB_T1-3-20260914-20:24:39-1787,scalar,ApplicationStrategyNetwork.sensor[1].app[0],packetSent:count,,,599,,,,,,
PUB_T1-3-20260914-20:24:39-1787,attr,ApplicationStrategyNetwork.sensor[1].app[0],packetSent:count,interpolationmode,none,,,,,,,
PUB_T1-3-20260914-20:24:39-1787,attr,ApplicationStrategyNetwork.sensor[1].app[0],packetSent:count,recordingmode,count,,,,,,,
PUB_T1-3-20260914-20:24:39-1787,attr,ApplicationStrategyNetwork.sensor[1].app[0],packetSent:count,source,packetSent,,,,,,,
PUB_T1-3-20260914-20:24:39-1787,attr,ApplicationStrategyNetwork.sensor[1].app[0],packetSent:count,title,"packets sent, count",,,,,,,
PUB_T1-3-20260914-20:24:39-1787,scalar,ApplicationStrategyNetwork.sensor[2].app[0],packetSent:count,,,599,,,,,,
PUB_T1-3-20260914-20:24:39-1787,attr,ApplicationStrategyNetwork.sensor[2].app[0],packetSent:count,interpolationmode,none,,,,,,,
PUB_T1-3-20260914-20:24:39-1787,attr,ApplicationStrategyNetwork.sensor[2].app[0],packetSent:count,recordingmode,count,,,,,,,
PUB_T1-3-20260914-20:24:39-1787,attr,ApplicationStrategyNetwork.sensor[2].app[0],packetSent:count,source,packetSent,,,,,,,
PUB_T1-3-20260914-20:24:39-1787,attr,ApplicationStrategyNetwork.sensor[2].app[0],packetSent:count,title,"packets sent, count",,,,,,,
PUB_T1-3-20260914-20:24:39-1787,scalar,ApplicationStrategyNetwork.sensor[3].app[0],packetSent:count,,,599,,,,,,
PUB_T1-3-20260914-20:24:39-1787,attr,ApplicationStrategyNetwork.sensor[3].app[0],packetSent:count,interpolationmode,none,,,,,,,
PUB_T1-3-20260914-20:24:39-1787,attr,ApplicationStrategyNetwork.sensor[3].app[0],packetSent:count,recordingmode,count,,,,,,,
PUB_T1-3-20260914-20:24:39-1787,attr,ApplicationStrategyNetwork.sensor[3].app[0],packetSent:count,source,packetSent,,,,,,,
PUB_T1-3-20260914-20:24:39-1787,attr,ApplicationStrategyNetwork.sensor[3].app[0],packetSent:count,title,"packets sent, count",,,,,,,
PUB_T1-3-20260914-20:24:39-1787,scalar,ApplicationStrategyNetwork.sensor[4].app[0],packetSent:count,,,599,,,,,,
PUB_T1-3-20260914-20:24:39-1787,attr,ApplicationStrategyNetwork.sensor[4].app[0],packetSent:count,interpolationmode,none,,,,,,,
PUB_T1-3-20260914-20:24:39-1787,attr,ApplicationStrategyNetwork.sensor[4].app[0],packetSent:count,recordingmode,count,,,,,,,
PUB_T1-3-20260914-20:24:39-1787,attr,ApplicationStrategyNetwork.sensor[4].app[0],packetSent:count,source,packetSent,,,,,,,
PUB_T1-3-20260914-20:24:39-1787,attr,ApplicationStrategyNetwork.sensor[4].app[0],packetSent:count,title,"packets sent, count",,,,,,,
PUB_T1-3-20260914-20:24:39-1787,scalar,ApplicationStrategyNetwork.sensor[5].app[0],packetSent:count,,,599,,,,,,
PUB_T1-3-20260914-20:24:39-1787,attr,ApplicationStrategyNetwork.sensor[5].app[0],packetSent:count,interpolationmode,none,,,,,,,
PUB_T1-3-20260914-20:24:39-1787,attr,ApplicationStrategyNetwork.sensor[5].app[0],packetSent:count,recordingmode,count,,,,,,,
PUB_T1-3-20260914-20:24:39-1787,attr,ApplicationStrategyNetwork.sensor[5].app[0],packetSent:count,source,packetSent,,,,,,,
PUB_T1-3-20260914-20:24:39-1787,attr,ApplicationStrategyNetwork.sensor[5].app[0],packetSent:count,title,"packets sent, count",,,,,,,
PUB_T1-3-20260914-20:24:39-1787,scalar,ApplicationStrategyNetwork.sensor[6].app[0],packetSent:count,,,599,,,,,,
PUB_T1-3-20260914-20:24:39-1787,attr,ApplicationStrategyNetwork.sensor[6].app[0],packetSent:count,interpolationmode,none,,,,,,,
PUB_T1-3-20260914-20:24:39-1787,attr,ApplicationStrategyNetwork.sensor[6].app[0],packetSent:count,recordingmode,count,,,,,,,
PUB_T1-3-20260914-20:24:39-1787,attr,ApplicationStrategyNetwork.sensor[6].app[0],packetSent:count,source,packetSent,,,,,,,
PUB_T1-3-20260914-20:24:39-1787,attr,ApplicationStrategyNetwork.sensor[6].app[0],packetSent:count,title,"packets sent, count",,,,,,,
PUB_T1-3-20260914-20:24:39-1787,scalar,ApplicationStrategyNetwork.sensor[7].app[0],packetSent:count,,,599,,,,,,
PUB_T1-3-20260914-20:24:39-1787,attr,ApplicationStrategyNetwork.sensor[7].app[0],packetSent:count,interpolationmode,none,,,,,,,
PUB_T1-3-20260914-20:24:39-1787,attr,ApplicationStrategyNetwork.sensor[7].app[0],packetSent:count,recordingmode,count,,,,,,,
PUB_T1-3-20260914-20:24:39-1787,attr,ApplicationStrategyNetwork.sensor[7].app[0],packetSent:count,source,packetSent,,,,,,,
PUB_T1-3-20260914-20:24:39-1787,attr,ApplicationStrategyNetwork.sensor[7].app[0],packetSent:count,title,"packets sent, count",,,,,,,
PUB_T1-3-20260914-20:24:39-1787,scalar,ApplicationStrategyNetwork.sensor[8].app[0],packetSent:count,,,599,,,,,,
PUB_T1-3-20260914-20:24:39-1787,attr,ApplicationStrategyNetwork.sensor[8].app[0],packetSent:count,interpolationmode,none,,,,,,,
PUB_T1-3-20260914-20:24:39-1787,attr,ApplicationStrategyNetwork.sensor[8].app[0],packetSent:count,recordingmode,count,,,,,,,
PUB_T1-3-20260914-20:24:39-1787,attr,ApplicationStrategyNetwork.sensor[8].app[0],packetSent:count,source,packetSent,,,,,,,
PUB_T1-3-20260914-20:24:39-1787,attr,ApplicationStrategyNetwork.sensor[8].app[0],packetSent:count,title,"packets sent, count",,,,,,,
PUB_T1-3-20260914-20:24:39-1787,scalar,ApplicationStrategyNetwork.sensor[9].app[0],packetSent:count,,,599,,,,,,
PUB_T1-3-20260914-20:24:39-1787,attr,ApplicationStrategyNetwork.sensor[9].app[0],packetSent:count,interpolationmode,none,,,,,,,
PUB_T1-3-20260914-20:24:39-1787,attr,ApplicationStrategyNetwork.sensor[9].app[0],packetSent:count,recordingmode,count,,,,,,,
PUB_T1-3-20260914-20:24:39-1787,attr,ApplicationStrategyNetwork.sensor[9].app[0],packetSent:count,source,packetSent,,,,,,,
PUB_T1-3-20260914-20:24:39-1787,attr,ApplicationStrategyNetwork.sensor[9].app[0],packetSent:count,title,"packets sent, count",,,,,,,
PUB_T1-3-20260914-20:24:39-1787,scalar,ApplicationStrategyNetwork.sensor[10].app[0],packetSent:count,,,599,,,,,,
PUB_T1-3-20260914-20:24:39-1787,attr,ApplicationStrategyNetwork.sensor[10].app[0],packetSent:count,interpolationmode,none,,,,,,,
PUB_T1-3-20260914-20:24:39-1787,attr,ApplicationStrategyNetwork.sensor[10].app[0],packetSent:count,recordingmode,count,,,,,,,
PUB_T1-3-20260914-20:24:39-1787,attr,ApplicationStrategyNetwork.sensor[10].app[0],packetSent:count,source,packetSent,,,,,,,
PUB_T1-3-20260914-20:24:39-1787,attr,ApplicationStrategyNetwork.sensor[10].app[0],packetSent:count,title,"packets sent, count",,,,,,,
PUB_T1-3-20260914-20:24:39-1787,scalar,ApplicationStrategyNetwork.sensor[11].app[0],packetSent:count,,,599,,,,,,
PUB_T1-3-20260914-20:24:39-1787,attr,ApplicationStrategyNetwork.sensor[11].app[0],packetSent:count,interpolationmode,none,,,,,,,
PUB_T1-3-20260914-20:24:39-1787,attr,ApplicationStrategyNetwork.sensor[11].app[0],packetSent:count,recordingmode,count,,,,,,,
PUB_T1-3-20260914-20:24:39-1787,attr,ApplicationStrategyNetwork.sensor[11].app[0],packetSent:count,source,packetSent,,,,,,,
PUB_T1-3-20260914-20:24:39-1787,attr,ApplicationStrategyNetwork.sensor[11].app[0],packetSent:count,title,"packets sent, count",,,,,,,
PUB_T1-3-20260914-20:24:39-1787,scalar,ApplicationStrategyNetwork.monitoringServer.app[0],packetReceived:count,,,7188,,,,,,
PUB_T1-3-20260914-20:24:39-1787,attr,ApplicationStrategyNetwork.monitoringServer.app[0],packetReceived:count,interpolationmode,none,,,,,,,
PUB_T1-3-20260914-20:24:39-1787,attr,ApplicationStrategyNetwork.monitoringServer.app[0],packetReceived:count,recordingmode,count,,,,,,,
PUB_T1-3-20260914-20:24:39-1787,attr,ApplicationStrategyNetwork.monitoringServer.app[0],packetReceived:count,source,packetReceived,,,,,,,
PUB_T1-3-20260914-20:24:39-1787,attr,ApplicationStrategyNetwork.monitoringServer.app[0],packetReceived:count,title,"packets received, count",,,,,,,
PUB_T1-4-20260914-20:24:57-1792,scalar,ApplicationStrategyNetwork.sensor[0].app[0],packetSent:count,,,599,,,,,,
PUB_T1-4-20260914-20:24:57-1792,attr,ApplicationStrategyNetwork.sensor[0].app[0],packetSent:count,interpolationmode,none,,,,,,,
PUB_T1-4-20260914-20:24:57-1792,attr,ApplicationStrategyNetwork.sensor[0].app[0],packetSent:count,recordingmode,count,,,,,,,
PUB_T1-4-20260914-20:24:57-1792,attr,ApplicationStrategyNetwork.sensor[0].app[0],packetSent:count,source,packetSent,,,,,,,
PUB_T1-4-20260914-20:24:57-1792,attr,ApplicationStrategyNetwork.sensor[0].app[0],packetSent:count,title,"packets sent, count",,,,,,,
PUB_T1-4-20260914-20:24:57-1792,scalar,ApplicationStrategyNetwork.sensor[1].app[0],packetSent:count,,,599,,,,,,
PUB_T1-4-20260914-20:24:57-1792,attr,ApplicationStrategyNetwork.sensor[1].app[0],packetSent:count,interpolationmode,none,,,,,,,
PUB_T1-4-20260914-20:24:57-1792,attr,ApplicationStrategyNetwork.sensor[1].app[0],packetSent:count,recordingmode,count,,,,,,,
PUB_T1-4-20260914-20:24:57-1792,attr,ApplicationStrategyNetwork.sensor[1].app[0],packetSent:count,source,packetSent,,,,,,,
PUB_T1-4-20260914-20:24:57-1792,attr,ApplicationStrategyNetwork.sensor[1].app[0],packetSent:count,title,"packets sent, count",,,,,,,
PUB_T1-4-20260914-20:24:57-1792,scalar,ApplicationStrategyNetwork.sensor[2].app[0],packetSent:count,,,599,,,,,,
PUB_T1-4-20260914-20:24:57-1792,attr,ApplicationStrategyNetwork.sensor[2].app[0],packetSent:count,interpolationmode,none,,,,,,,
PUB_T1-4-20260914-20:24:57-1792,attr,ApplicationStrategyNetwork.sensor[2].app[0],packetSent:count,recordingmode,count,,,,,,,
PUB_T1-4-20260914-20:24:57-1792,attr,ApplicationStrategyNetwork.sensor[2].app[0],packetSent:count,source,packetSent,,,,,,,
PUB_T1-4-20260914-20:24:57-1792,attr,ApplicationStrategyNetwork.sensor[2].app[0],packetSent:count,title,"packets sent, count",,,,,,,
PUB_T1-4-20260914-20:24:57-1792,scalar,ApplicationStrategyNetwork.sensor[3].app[0],packetSent:count,,,599,,,,,,
PUB_T1-4-20260914-20:24:57-1792,attr,ApplicationStrategyNetwork.sensor[3].app[0],packetSent:count,interpolationmode,none,,,,,,,
PUB_T1-4-20260914-20:24:57-1792,attr,ApplicationStrategyNetwork.sensor[3].app[0],packetSent:count,recordingmode,count,,,,,,,
PUB_T1-4-20260914-20:24:57-1792,attr,ApplicationStrategyNetwork.sensor[3].app[0],packetSent:count,source,packetSent,,,,,,,
PUB_T1-4-20260914-20:24:57-1792,attr,ApplicationStrategyNetwork.sensor[3].app[0],packetSent:count,title,"packets sent, count",,,,,,,
PUB_T1-4-20260914-20:24:57-1792,scalar,ApplicationStrategyNetwork.sensor[4].app[0],packetSent:count,,,599,,,,,,
PUB_T1-4-20260914-20:24:57-1792,attr,ApplicationStrategyNetwork.sensor[4].app[0],packetSent:count,interpolationmode,none,,,,,,,
PUB_T1-4-20260914-20:24:57-1792,attr,ApplicationStrategyNetwork.sensor[4].app[0],packetSent:count,recordingmode,count,,,,,,,
PUB_T1-4-20260914-20:24:57-1792,attr,ApplicationStrategyNetwork.sensor[4].app[0],packetSent:count,source,packetSent,,,,,,,
PUB_T1-4-20260914-20:24:57-1792,attr,ApplicationStrategyNetwork.sensor[4].app[0],packetSent:count,title,"packets sent, count",,,,,,,
PUB_T1-4-20260914-20:24:57-1792,scalar,ApplicationStrategyNetwork.sensor[5].app[0],packetSent:count,,,599,,,,,,
PUB_T1-4-20260914-20:24:57-1792,attr,ApplicationStrategyNetwork.sensor[5].app[0],packetSent:count,interpolationmode,none,,,,,,,
PUB_T1-4-20260914-20:24:57-1792,attr,ApplicationStrategyNetwork.sensor[5].app[0],packetSent:count,recordingmode,count,,,,,,,
PUB_T1-4-20260914-20:24:57-1792,attr,ApplicationStrategyNetwork.sensor[5].app[0],packetSent:count,source,packetSent,,,,,,,
PUB_T1-4-20260914-20:24:57-1792,attr,ApplicationStrategyNetwork.sensor[5].app[0],packetSent:count,title,"packets sent, count",,,,,,,
PUB_T1-4-20260914-20:24:57-1792,scalar,ApplicationStrategyNetwork.sensor[6].app[0],packetSent:count,,,599,,,,,,
PUB_T1-4-20260914-20:24:57-1792,attr,ApplicationStrategyNetwork.sensor[6].app[0],packetSent:count,interpolationmode,none,,,,,,,
PUB_T1-4-20260914-20:24:57-1792,attr,ApplicationStrategyNetwork.sensor[6].app[0],packetSent:count,recordingmode,count,,,,,,,
PUB_T1-4-20260914-20:24:57-1792,attr,ApplicationStrategyNetwork.sensor[6].app[0],packetSent:count,source,packetSent,,,,,,,
PUB_T1-4-20260914-20:24:57-1792,attr,ApplicationStrategyNetwork.sensor[6].app[0],packetSent:count,title,"packets sent, count",,,,,,,
PUB_T1-4-20260914-20:24:57-1792,scalar,ApplicationStrategyNetwork.sensor[7].app[0],packetSent:count,,,599,,,,,,
PUB_T1-4-20260914-20:24:57-1792,attr,ApplicationStrategyNetwork.sensor[7].app[0],packetSent:count,interpolationmode,none,,,,,,,
PUB_T1-4-20260914-20:24:57-1792,attr,ApplicationStrategyNetwork.sensor[7].app[0],packetSent:count,recordingmode,count,,,,,,,
PUB_T1-4-20260914-20:24:57-1792,attr,ApplicationStrategyNetwork.sensor[7].app[0],packetSent:count,source,packetSent,,,,,,,
PUB_T1-4-20260914-20:24:57-1792,attr,ApplicationStrategyNetwork.sensor[7].app[0],packetSent:count,title,"packets sent, count",,,,,,,
PUB_T1-4-20260914-20:24:57-1792,scalar,ApplicationStrategyNetwork.sensor[8].app[0],packetSent:count,,,599,,,,,,
PUB_T1-4-20260914-20:24:57-1792,attr,ApplicationStrategyNetwork.sensor[8].app[0],packetSent:count,interpolationmode,none,,,,,,,
PUB_T1-4-20260914-20:24:57-1792,attr,ApplicationStrategyNetwork.sensor[8].app[0],packetSent:count,recordingmode,count,,,,,,,
PUB_T1-4-20260914-20:24:57-1792,attr,ApplicationStrategyNetwork.sensor[8].app[0],packetSent:count,source,packetSent,,,,,,,
PUB_T1-4-20260914-20:24:57-1792,attr,ApplicationStrategyNetwork.sensor[8].app[0],packetSent:count,title,"packets sent, count",,,,,,,
PUB_T1-4-20260914-20:24:57-1792,scalar,ApplicationStrategyNetwork.sensor[9].app[0],packetSent:count,,,599,,,,,,
PUB_T1-4-20260914-20:24:57-1792,attr,ApplicationStrategyNetwork.sensor[9].app[0],packetSent:count,interpolationmode,none,,,,,,,
PUB_T1-4-20260914-20:24:57-1792,attr,ApplicationStrategyNetwork.sensor[9].app[0],packetSent:count,recordingmode,count,,,,,,,
PUB_T1-4-20260914-20:24:57-1792,attr,ApplicationStrategyNetwork.sensor[9].app[0],packetSent:count,source,packetSent,,,,,,,
PUB_T1-4-20260914-20:24:57-1792,attr,ApplicationStrategyNetwork.sensor[9].app[0],packetSent:count,title,"packets sent, count",,,,,,,
PUB_T1-4-20260914-20:24:57-1792,scalar,ApplicationStrategyNetwork.sensor[10].app[0],packetSent:count,,,599,,,,,,
PUB_T1-4-20260914-20:24:57-1792,attr,ApplicationStrategyNetwork.sensor[10].app[0],packetSent:count,interpolationmode,none,,,,,,,
PUB_T1-4-20260914-20:24:57-1792,attr,ApplicationStrategyNetwork.sensor[10].app[0],packetSent:count,recordingmode,count,,,,,,,
PUB_T1-4-20260914-20:24:57-1792,attr,ApplicationStrategyNetwork.sensor[10].app[0],packetSent:count,source,packetSent,,,,,,,
PUB_T1-4-20260914-20:24:57-1792,attr,ApplicationStrategyNetwork.sensor[10].app[0],packetSent:count,title,"packets sent, count",,,,,,,
PUB_T1-4-20260914-20:24:57-1792,scalar,ApplicationStrategyNetwork.sensor[11].app[0],packetSent:count,,,599,,,,,,
PUB_T1-4-20260914-20:24:57-1792,attr,ApplicationStrategyNetwork.sensor[11].app[0],packetSent:count,interpolationmode,none,,,,,,,
PUB_T1-4-20260914-20:24:57-1792,attr,ApplicationStrategyNetwork.sensor[11].app[0],packetSent:count,recordingmode,count,,,,,,,
PUB_T1-4-20260914-20:24:57-1792,attr,ApplicationStrategyNetwork.sensor[11].app[0],packetSent:count,source,packetSent,,,,,,,
PUB_T1-4-20260914-20:24:57-1792,attr,ApplicationStrategyNetwork.sensor[11].app[0],packetSent:count,title,"packets sent, count",,,,,,,
PUB_T1-4-20260914-20:24:57-1792,scalar,ApplicationStrategyNetwork.monitoringServer.app[0],packetReceived:count,,,7188,,,,,,
PUB_T1-4-20260914-20:24:57-1792,attr,ApplicationStrategyNetwork.monitoringServer.app[0],packetReceived:count,interpolationmode,none,,,,,,,
PUB_T1-4-20260914-20:24:57-1792,attr,ApplicationStrategyNetwork.monitoringServer.app[0],packetReceived:count,recordingmode,count,,,,,,,
PUB_T1-4-20260914-20:24:57-1792,attr,ApplicationStrategyNetwork.monitoringServer.app[0],packetReceived:count,source,packetReceived,,,,,,,
PUB_T1-4-20260914-20:24:57-1792,attr,ApplicationStrategyNetwork.monitoringServer.app[0],packetReceived:count,title,"packets received, count",,,,,,,
PUB_T10-0-20260914-20:34:32-2117,scalar,ApplicationStrategyNetwork.sensor[0].app[0],packetSent:count,,,60,,,,,,
PUB_T10-0-20260914-20:34:32-2117,attr,ApplicationStrategyNetwork.sensor[0].app[0],packetSent:count,interpolationmode,none,,,,,,,
PUB_T10-0-20260914-20:34:32-2117,attr,ApplicationStrategyNetwork.sensor[0].app[0],packetSent:count,recordingmode,count,,,,,,,
PUB_T10-0-20260914-20:34:32-2117,attr,ApplicationStrategyNetwork.sensor[0].app[0],packetSent:count,source,packetSent,,,,,,,
PUB_T10-0-20260914-20:34:32-2117,attr,ApplicationStrategyNetwork.sensor[0].app[0],packetSent:count,title,"packets sent, count",,,,,,,
PUB_T10-0-20260914-20:34:32-2117,scalar,ApplicationStrategyNetwork.sensor[1].app[0],packetSent:count,,,60,,,,,,
PUB_T10-0-20260914-20:34:32-2117,attr,ApplicationStrategyNetwork.sensor[1].app[0],packetSent:count,interpolationmode,none,,,,,,,
PUB_T10-0-20260914-20:34:32-2117,attr,ApplicationStrategyNetwork.sensor[1].app[0],packetSent:count,recordingmode,count,,,,,,,
PUB_T10-0-20260914-20:34:32-2117,attr,ApplicationStrategyNetwork.sensor[1].app[0],packetSent:count,source,packetSent,,,,,,,
PUB_T10-0-20260914-20:34:32-2117,attr,ApplicationStrategyNetwork.sensor[1].app[0],packetSent:count,title,"packets sent, count",,,,,,,
PUB_T10-0-20260914-20:34:32-2117,scalar,ApplicationStrategyNetwork.sensor[2].app[0],packetSent:count,,,60,,,,,,
PUB_T10-0-20260914-20:34:32-2117,attr,ApplicationStrategyNetwork.sensor[2].app[0],packetSent:count,interpolationmode,none,,,,,,,
PUB_T10-0-20260914-20:34:32-2117,attr,ApplicationStrategyNetwork.sensor[2].app[0],packetSent:count,recordingmode,count,,,,,,,
PUB_T10-0-20260914-20:34:32-2117,attr,ApplicationStrategyNetwork.sensor[2].app[0],packetSent:count,source,packetSent,,,,,,,
PUB_T10-0-20260914-20:34:32-2117,attr,ApplicationStrategyNetwork.sensor[2].app[0],packetSent:count,title,"packets sent, count",,,,,,,
PUB_T10-0-20260914-20:34:32-2117,scalar,ApplicationStrategyNetwork.sensor[3].app[0],packetSent:count,,,60,,,,,,
PUB_T10-0-20260914-20:34:32-2117,attr,ApplicationStrategyNetwork.sensor[3].app[0],packetSent:count,interpolationmode,none,,,,,,,
PUB_T10-0-20260914-20:34:32-2117,attr,ApplicationStrategyNetwork.sensor[3].app[0],packetSent:count,recordingmode,count,,,,,,,
PUB_T10-0-20260914-20:34:32-2117,attr,ApplicationStrategyNetwork.sensor[3].app[0],packetSent:count,source,packetSent,,,,,,,
PUB_T10-0-20260914-20:34:32-2117,attr,ApplicationStrategyNetwork.sensor[3].app[0],packetSent:count,title,"packets sent, count",,,,,,,
PUB_T10-0-20260914-20:34:32-2117,scalar,ApplicationStrategyNetwork.sensor[4].app[0],packetSent:count,,,60,,,,,,
PUB_T10-0-20260914-20:34:32-2117,attr,ApplicationStrategyNetwork.sensor[4].app[0],packetSent:count,interpolationmode,none,,,,,,,
PUB_T10-0-20260914-20:34:32-2117,attr,ApplicationStrategyNetwork.sensor[4].app[0],packetSent:count,recordingmode,count,,,,,,,
PUB_T10-0-20260914-20:34:32-2117,attr,ApplicationStrategyNetwork.sensor[4].app[0],packetSent:count,source,packetSent,,,,,,,
PUB_T10-0-20260914-20:34:32-2117,attr,ApplicationStrategyNetwork.sensor[4].app[0],packetSent:count,title,"packets sent, count",,,,,,,
PUB_T10-0-20260914-20:34:32-2117,scalar,ApplicationStrategyNetwork.sensor[5].app[0],packetSent:count,,,60,,,,,,
PUB_T10-0-20260914-20:34:32-2117,attr,ApplicationStrategyNetwork.sensor[5].app[0],packetSent:count,interpolationmode,none,,,,,,,
PUB_T10-0-20260914-20:34:32-2117,attr,ApplicationStrategyNetwork.sensor[5].app[0],packetSent:count,recordingmode,count,,,,,,,
PUB_T10-0-20260914-20:34:32-2117,attr,ApplicationStrategyNetwork.sensor[5].app[0],packetSent:count,source,packetSent,,,,,,,
PUB_T10-0-20260914-20:34:32-2117,attr,ApplicationStrategyNetwork.sensor[5].app[0],packetSent:count,title,"packets sent, count",,,,,,,
PUB_T10-0-20260914-20:34:32-2117,scalar,ApplicationStrategyNetwork.sensor[6].app[0],packetSent:count,,,60,,,,,,
PUB_T10-0-20260914-20:34:32-2117,attr,ApplicationStrategyNetwork.sensor[6].app[0],packetSent:count,interpolationmode,none,,,,,,,
PUB_T10-0-20260914-20:34:32-2117,attr,ApplicationStrategyNetwork.sensor[6].app[0],packetSent:count,recordingmode,count,,,,,,,
PUB_T10-0-20260914-20:34:32-2117,attr,ApplicationStrategyNetwork.sensor[6].app[0],packetSent:count,source,packetSent,,,,,,,
PUB_T10-0-20260914-20:34:32-2117,attr,ApplicationStrategyNetwork.sensor[6].app[0],packetSent:count,title,"packets sent, count",,,,,,,
PUB_T10-0-20260914-20:34:32-2117,scalar,ApplicationStrategyNetwork.sensor[7].app[0],packetSent:count,,,60,,,,,,
PUB_T10-0-20260914-20:34:32-2117,attr,ApplicationStrategyNetwork.sensor[7].app[0],packetSent:count,interpolationmode,none,,,,,,,
PUB_T10-0-20260914-20:34:32-2117,attr,ApplicationStrategyNetwork.sensor[7].app[0],packetSent:count,recordingmode,count,,,,,,,
PUB_T10-0-20260914-20:34:32-2117,attr,ApplicationStrategyNetwork.sensor[7].app[0],packetSent:count,source,packetSent,,,,,,,
PUB_T10-0-20260914-20:34:32-2117,attr,ApplicationStrategyNetwork.sensor[7].app[0],packetSent:count,title,"packets sent, count",,,,,,,
PUB_T10-0-20260914-20:34:32-2117,scalar,ApplicationStrategyNetwork.sensor[8].app[0],packetSent:count,,,60,,,,,,
PUB_T10-0-20260914-20:34:32-2117,attr,ApplicationStrategyNetwork.sensor[8].app[0],packetSent:count,interpolationmode,none,,,,,,,
PUB_T10-0-20260914-20:34:32-2117,attr,ApplicationStrategyNetwork.sensor[8].app[0],packetSent:count,recordingmode,count,,,,,,,
PUB_T10-0-20260914-20:34:32-2117,attr,ApplicationStrategyNetwork.sensor[8].app[0],packetSent:count,source,packetSent,,,,,,,
PUB_T10-0-20260914-20:34:32-2117,attr,ApplicationStrategyNetwork.sensor[8].app[0],packetSent:count,title,"packets sent, count",,,,,,,
PUB_T10-0-20260914-20:34:32-2117,scalar,ApplicationStrategyNetwork.sensor[9].app[0],packetSent:count,,,60,,,,,,
PUB_T10-0-20260914-20:34:32-2117,attr,ApplicationStrategyNetwork.sensor[9].app[0],packetSent:count,interpolationmode,none,,,,,,,
PUB_T10-0-20260914-20:34:32-2117,attr,ApplicationStrategyNetwork.sensor[9].app[0],packetSent:count,recordingmode,count,,,,,,,
PUB_T10-0-20260914-20:34:32-2117,attr,ApplicationStrategyNetwork.sensor[9].app[0],packetSent:count,source,packetSent,,,,,,,
PUB_T10-0-20260914-20:34:32-2117,attr,ApplicationStrategyNetwork.sensor[9].app[0],packetSent:count,title,"packets sent, count",,,,,,,
PUB_T10-0-20260914-20:34:32-2117,scalar,ApplicationStrategyNetwork.sensor[10].app[0],packetSent:count,,,60,,,,,,
PUB_T10-0-20260914-20:34:32-2117,attr,ApplicationStrategyNetwork.sensor[10].app[0],packetSent:count,interpolationmode,none,,,,,,,
PUB_T10-0-20260914-20:34:32-2117,attr,ApplicationStrategyNetwork.sensor[10].app[0],packetSent:count,recordingmode,count,,,,,,,
PUB_T10-0-20260914-20:34:32-2117,attr,ApplicationStrategyNetwork.sensor[10].app[0],packetSent:count,source,packetSent,,,,,,,
PUB_T10-0-20260914-20:34:32-2117,attr,ApplicationStrategyNetwork.sensor[10].app[0],packetSent:count,title,"packets sent, count",,,,,,,
PUB_T10-0-20260914-20:34:32-2117,scalar,ApplicationStrategyNetwork.sensor[11].app[0],packetSent:count,,,60,,,,,,
PUB_T10-0-20260914-20:34:32-2117,attr,ApplicationStrategyNetwork.sensor[11].app[0],packetSent:count,interpolationmode,none,,,,,,,
PUB_T10-0-20260914-20:34:32-2117,attr,ApplicationStrategyNetwork.sensor[11].app[0],packetSent:count,recordingmode,count,,,,,,,
PUB_T10-0-20260914-20:34:32-2117,attr,ApplicationStrategyNetwork.sensor[11].app[0],packetSent:count,source,packetSent,,,,,,,
PUB_T10-0-20260914-20:34:32-2117,attr,ApplicationStrategyNetwork.sensor[11].app[0],packetSent:count,title,"packets sent, count",,,,,,,
PUB_T10-0-20260914-20:34:32-2117,scalar,ApplicationStrategyNetwork.monitoringServer.app[0],packetReceived:count,,,720,,,,,,
PUB_T10-0-20260914-20:34:32-2117,attr,ApplicationStrategyNetwork.monitoringServer.app[0],packetReceived:count,interpolationmode,none,,,,,,,
PUB_T10-0-20260914-20:34:32-2117,attr,ApplicationStrategyNetwork.monitoringServer.app[0],packetReceived:count,recordingmode,count,,,,,,,
PUB_T10-0-20260914-20:34:32-2117,attr,ApplicationStrategyNetwork.monitoringServer.app[0],packetReceived:count,source,packetReceived,,,,,,,
PUB_T10-0-20260914-20:34:32-2117,attr,ApplicationStrategyNetwork.monitoringServer.app[0],packetReceived:count,title,"packets received, count",,,,,,,
PUB_T10-1-20260914-20:34:34-2122,scalar,ApplicationStrategyNetwork.sensor[0].app[0],packetSent:count,,,60,,,,,,
PUB_T10-1-20260914-20:34:34-2122,attr,ApplicationStrategyNetwork.sensor[0].app[0],packetSent:count,interpolationmode,none,,,,,,,
PUB_T10-1-20260914-20:34:34-2122,attr,ApplicationStrategyNetwork.sensor[0].app[0],packetSent:count,recordingmode,count,,,,,,,
PUB_T10-1-20260914-20:34:34-2122,attr,ApplicationStrategyNetwork.sensor[0].app[0],packetSent:count,source,packetSent,,,,,,,
PUB_T10-1-20260914-20:34:34-2122,attr,ApplicationStrategyNetwork.sensor[0].app[0],packetSent:count,title,"packets sent, count",,,,,,,
PUB_T10-1-20260914-20:34:34-2122,scalar,ApplicationStrategyNetwork.sensor[1].app[0],packetSent:count,,,60,,,,,,
PUB_T10-1-20260914-20:34:34-2122,attr,ApplicationStrategyNetwork.sensor[1].app[0],packetSent:count,interpolationmode,none,,,,,,,
PUB_T10-1-20260914-20:34:34-2122,attr,ApplicationStrategyNetwork.sensor[1].app[0],packetSent:count,recordingmode,count,,,,,,,
PUB_T10-1-20260914-20:34:34-2122,attr,ApplicationStrategyNetwork.sensor[1].app[0],packetSent:count,source,packetSent,,,,,,,
PUB_T10-1-20260914-20:34:34-2122,attr,ApplicationStrategyNetwork.sensor[1].app[0],packetSent:count,title,"packets sent, count",,,,,,,
PUB_T10-1-20260914-20:34:34-2122,scalar,ApplicationStrategyNetwork.sensor[2].app[0],packetSent:count,,,60,,,,,,
PUB_T10-1-20260914-20:34:34-2122,attr,ApplicationStrategyNetwork.sensor[2].app[0],packetSent:count,interpolationmode,none,,,,,,,
PUB_T10-1-20260914-20:34:34-2122,attr,ApplicationStrategyNetwork.sensor[2].app[0],packetSent:count,recordingmode,count,,,,,,,
PUB_T10-1-20260914-20:34:34-2122,attr,ApplicationStrategyNetwork.sensor[2].app[0],packetSent:count,source,packetSent,,,,,,,
PUB_T10-1-20260914-20:34:34-2122,attr,ApplicationStrategyNetwork.sensor[2].app[0],packetSent:count,title,"packets sent, count",,,,,,,
PUB_T10-1-20260914-20:34:34-2122,scalar,ApplicationStrategyNetwork.sensor[3].app[0],packetSent:count,,,60,,,,,,
PUB_T10-1-20260914-20:34:34-2122,attr,ApplicationStrategyNetwork.sensor[3].app[0],packetSent:count,interpolationmode,none,,,,,,,
PUB_T10-1-20260914-20:34:34-2122,attr,ApplicationStrategyNetwork.sensor[3].app[0],packetSent:count,recordingmode,count,,,,,,,
PUB_T10-1-20260914-20:34:34-2122,attr,ApplicationStrategyNetwork.sensor[3].app[0],packetSent:count,source,packetSent,,,,,,,
PUB_T10-1-20260914-20:34:34-2122,attr,ApplicationStrategyNetwork.sensor[3].app[0],packetSent:count,title,"packets sent, count",,,,,,,
PUB_T10-1-20260914-20:34:34-2122,scalar,ApplicationStrategyNetwork.sensor[4].app[0],packetSent:count,,,60,,,,,,
PUB_T10-1-20260914-20:34:34-2122,attr,ApplicationStrategyNetwork.sensor[4].app[0],packetSent:count,interpolationmode,none,,,,,,,
PUB_T10-1-20260914-20:34:34-2122,attr,ApplicationStrategyNetwork.sensor[4].app[0],packetSent:count,recordingmode,count,,,,,,,
PUB_T10-1-20260914-20:34:34-2122,attr,ApplicationStrategyNetwork.sensor[4].app[0],packetSent:count,source,packetSent,,,,,,,
PUB_T10-1-20260914-20:34:34-2122,attr,ApplicationStrategyNetwork.sensor[4].app[0],packetSent:count,title,"packets sent, count",,,,,,,
PUB_T10-1-20260914-20:34:34-2122,scalar,ApplicationStrategyNetwork.sensor[5].app[0],packetSent:count,,,60,,,,,,
PUB_T10-1-20260914-20:34:34-2122,attr,ApplicationStrategyNetwork.sensor[5].app[0],packetSent:count,interpolationmode,none,,,,,,,
PUB_T10-1-20260914-20:34:34-2122,attr,ApplicationStrategyNetwork.sensor[5].app[0],packetSent:count,recordingmode,count,,,,,,,
PUB_T10-1-20260914-20:34:34-2122,attr,ApplicationStrategyNetwork.sensor[5].app[0],packetSent:count,source,packetSent,,,,,,,
PUB_T10-1-20260914-20:34:34-2122,attr,ApplicationStrategyNetwork.sensor[5].app[0],packetSent:count,title,"packets sent, count",,,,,,,
PUB_T10-1-20260914-20:34:34-2122,scalar,ApplicationStrategyNetwork.sensor[6].app[0],packetSent:count,,,60,,,,,,
PUB_T10-1-20260914-20:34:34-2122,attr,ApplicationStrategyNetwork.sensor[6].app[0],packetSent:count,interpolationmode,none,,,,,,,
PUB_T10-1-20260914-20:34:34-2122,attr,ApplicationStrategyNetwork.sensor[6].app[0],packetSent:count,recordingmode,count,,,,,,,
PUB_T10-1-20260914-20:34:34-2122,attr,ApplicationStrategyNetwork.sensor[6].app[0],packetSent:count,source,packetSent,,,,,,,
PUB_T10-1-20260914-20:34:34-2122,attr,ApplicationStrategyNetwork.sensor[6].app[0],packetSent:count,title,"packets sent, count",,,,,,,
PUB_T10-1-20260914-20:34:34-2122,scalar,ApplicationStrategyNetwork.sensor[7].app[0],packetSent:count,,,60,,,,,,
PUB_T10-1-20260914-20:34:34-2122,attr,ApplicationStrategyNetwork.sensor[7].app[0],packetSent:count,interpolationmode,none,,,,,,,
PUB_T10-1-20260914-20:34:34-2122,attr,ApplicationStrategyNetwork.sensor[7].app[0],packetSent:count,recordingmode,count,,,,,,,
PUB_T10-1-20260914-20:34:34-2122,attr,ApplicationStrategyNetwork.sensor[7].app[0],packetSent:count,source,packetSent,,,,,,,
PUB_T10-1-20260914-20:34:34-2122,attr,ApplicationStrategyNetwork.sensor[7].app[0],packetSent:count,title,"packets sent, count",,,,,,,
PUB_T10-1-20260914-20:34:34-2122,scalar,ApplicationStrategyNetwork.sensor[8].app[0],packetSent:count,,,60,,,,,,
PUB_T10-1-20260914-20:34:34-2122,attr,ApplicationStrategyNetwork.sensor[8].app[0],packetSent:count,interpolationmode,none,,,,,,,
PUB_T10-1-20260914-20:34:34-2122,attr,ApplicationStrategyNetwork.sensor[8].app[0],packetSent:count,recordingmode,count,,,,,,,
PUB_T10-1-20260914-20:34:34-2122,attr,ApplicationStrategyNetwork.sensor[8].app[0],packetSent:count,source,packetSent,,,,,,,
PUB_T10-1-20260914-20:34:34-2122,attr,ApplicationStrategyNetwork.sensor[8].app[0],packetSent:count,title,"packets sent, count",,,,,,,
PUB_T10-1-20260914-20:34:34-2122,scalar,ApplicationStrategyNetwork.sensor[9].app[0],packetSent:count,,,60,,,,,,
PUB_T10-1-20260914-20:34:34-2122,attr,ApplicationStrategyNetwork.sensor[9].app[0],packetSent:count,interpolationmode,none,,,,,,,
PUB_T10-1-20260914-20:34:34-2122,attr,ApplicationStrategyNetwork.sensor[9].app[0],packetSent:count,recordingmode,count,,,,,,,
PUB_T10-1-20260914-20:34:34-2122,attr,ApplicationStrategyNetwork.sensor[9].app[0],packetSent:count,source,packetSent,,,,,,,
PUB_T10-1-20260914-20:34:34-2122,attr,ApplicationStrategyNetwork.sensor[9].app[0],packetSent:count,title,"packets sent, count",,,,,,,
PUB_T10-1-20260914-20:34:34-2122,scalar,ApplicationStrategyNetwork.sensor[10].app[0],packetSent:count,,,60,,,,,,
PUB_T10-1-20260914-20:34:34-2122,attr,ApplicationStrategyNetwork.sensor[10].app[0],packetSent:count,interpolationmode,none,,,,,,,
PUB_T10-1-20260914-20:34:34-2122,attr,ApplicationStrategyNetwork.sensor[10].app[0],packetSent:count,recordingmode,count,,,,,,,
PUB_T10-1-20260914-20:34:34-2122,attr,ApplicationStrategyNetwork.sensor[10].app[0],packetSent:count,source,packetSent,,,,,,,
PUB_T10-1-20260914-20:34:34-2122,attr,ApplicationStrategyNetwork.sensor[10].app[0],packetSent:count,title,"packets sent, count",,,,,,,
PUB_T10-1-20260914-20:34:34-2122,scalar,ApplicationStrategyNetwork.sensor[11].app[0],packetSent:count,,,60,,,,,,
PUB_T10-1-20260914-20:34:34-2122,attr,ApplicationStrategyNetwork.sensor[11].app[0],packetSent:count,interpolationmode,none,,,,,,,
PUB_T10-1-20260914-20:34:34-2122,attr,ApplicationStrategyNetwork.sensor[11].app[0],packetSent:count,recordingmode,count,,,,,,,
PUB_T10-1-20260914-20:34:34-2122,attr,ApplicationStrategyNetwork.sensor[11].app[0],packetSent:count,source,packetSent,,,,,,,
PUB_T10-1-20260914-20:34:34-2122,attr,ApplicationStrategyNetwork.sensor[11].app[0],packetSent:count,title,"packets sent, count",,,,,,,
PUB_T10-1-20260914-20:34:34-2122,scalar,ApplicationStrategyNetwork.monitoringServer.app[0],packetReceived:count,,,720,,,,,,
PUB_T10-1-20260914-20:34:34-2122,attr,ApplicationStrategyNetwork.monitoringServer.app[0],packetReceived:count,interpolationmode,none,,,,,,,
PUB_T10-1-20260914-20:34:34-2122,attr,ApplicationStrategyNetwork.monitoringServer.app[0],packetReceived:count,recordingmode,count,,,,,,,
PUB_T10-1-20260914-20:34:34-2122,attr,ApplicationStrategyNetwork.monitoringServer.app[0],packetReceived:count,source,packetReceived,,,,,,,
PUB_T10-1-20260914-20:34:34-2122,attr,ApplicationStrategyNetwork.monitoringServer.app[0],packetReceived:count,title,"packets received, count",,,,,,,
PUB_T10-2-20260914-20:34:36-2127,scalar,ApplicationStrategyNetwork.sensor[0].app[0],packetSent:count,,,60,,,,,,
PUB_T10-2-20260914-20:34:36-2127,attr,ApplicationStrategyNetwork.sensor[0].app[0],packetSent:count,interpolationmode,none,,,,,,,
PUB_T10-2-20260914-20:34:36-2127,attr,ApplicationStrategyNetwork.sensor[0].app[0],packetSent:count,recordingmode,count,,,,,,,
PUB_T10-2-20260914-20:34:36-2127,attr,ApplicationStrategyNetwork.sensor[0].app[0],packetSent:count,source,packetSent,,,,,,,
PUB_T10-2-20260914-20:34:36-2127,attr,ApplicationStrategyNetwork.sensor[0].app[0],packetSent:count,title,"packets sent, count",,,,,,,
PUB_T10-2-20260914-20:34:36-2127,scalar,ApplicationStrategyNetwork.sensor[1].app[0],packetSent:count,,,60,,,,,,
PUB_T10-2-20260914-20:34:36-2127,attr,ApplicationStrategyNetwork.sensor[1].app[0],packetSent:count,interpolationmode,none,,,,,,,
PUB_T10-2-20260914-20:34:36-2127,attr,ApplicationStrategyNetwork.sensor[1].app[0],packetSent:count,recordingmode,count,,,,,,,
PUB_T10-2-20260914-20:34:36-2127,attr,ApplicationStrategyNetwork.sensor[1].app[0],packetSent:count,source,packetSent,,,,,,,
PUB_T10-2-20260914-20:34:36-2127,attr,ApplicationStrategyNetwork.sensor[1].app[0],packetSent:count,title,"packets sent, count",,,,,,,
PUB_T10-2-20260914-20:34:36-2127,scalar,ApplicationStrategyNetwork.sensor[2].app[0],packetSent:count,,,60,,,,,,
PUB_T10-2-20260914-20:34:36-2127,attr,ApplicationStrategyNetwork.sensor[2].app[0],packetSent:count,interpolationmode,none,,,,,,,
PUB_T10-2-20260914-20:34:36-2127,attr,ApplicationStrategyNetwork.sensor[2].app[0],packetSent:count,recordingmode,count,,,,,,,
PUB_T10-2-20260914-20:34:36-2127,attr,ApplicationStrategyNetwork.sensor[2].app[0],packetSent:count,source,packetSent,,,,,,,
PUB_T10-2-20260914-20:34:36-2127,attr,ApplicationStrategyNetwork.sensor[2].app[0],packetSent:count,title,"packets sent, count",,,,,,,
PUB_T10-2-20260914-20:34:36-2127,scalar,ApplicationStrategyNetwork.sensor[3].app[0],packetSent:count,,,60,,,,,,
PUB_T10-2-20260914-20:34:36-2127,attr,ApplicationStrategyNetwork.sensor[3].app[0],packetSent:count,interpolationmode,none,,,,,,,
PUB_T10-2-20260914-20:34:36-2127,attr,ApplicationStrategyNetwork.sensor[3].app[0],packetSent:count,recordingmode,count,,,,,,,
PUB_T10-2-20260914-20:34:36-2127,attr,ApplicationStrategyNetwork.sensor[3].app[0],packetSent:count,source,packetSent,,,,,,,
PUB_T10-2-20260914-20:34:36-2127,attr,ApplicationStrategyNetwork.sensor[3].app[0],packetSent:count,title,"packets sent, count",,,,,,,
PUB_T10-2-20260914-20:34:36-2127,scalar,ApplicationStrategyNetwork.sensor[4].app[0],packetSent:count,,,60,,,,,,
PUB_T10-2-20260914-20:34:36-2127,attr,ApplicationStrategyNetwork.sensor[4].app[0],packetSent:count,interpolationmode,none,,,,,,,
PUB_T10-2-20260914-20:34:36-2127,attr,ApplicationStrategyNetwork.sensor[4].app[0],packetSent:count,recordingmode,count,,,,,,,
PUB_T10-2-20260914-20:34:36-2127,attr,ApplicationStrategyNetwork.sensor[4].app[0],packetSent:count,source,packetSent,,,,,,,
PUB_T10-2-20260914-20:34:36-2127,attr,ApplicationStrategyNetwork.sensor[4].app[0],packetSent:count,title,"packets sent, count",,,,,,,
PUB_T10-2-20260914-20:34:36-2127,scalar,ApplicationStrategyNetwork.sensor[5].app[0],packetSent:count,,,60,,,,,,
PUB_T10-2-20260914-20:34:36-2127,attr,ApplicationStrategyNetwork.sensor[5].app[0],packetSent:count,interpolationmode,none,,,,,,,
PUB_T10-2-20260914-20:34:36-2127,attr,ApplicationStrategyNetwork.sensor[5].app[0],packetSent:count,recordingmode,count,,,,,,,
PUB_T10-2-20260914-20:34:36-2127,attr,ApplicationStrategyNetwork.sensor[5].app[0],packetSent:count,source,packetSent,,,,,,,
PUB_T10-2-20260914-20:34:36-2127,attr,ApplicationStrategyNetwork.sensor[5].app[0],packetSent:count,title,"packets sent, count",,,,,,,
PUB_T10-2-20260914-20:34:36-2127,scalar,ApplicationStrategyNetwork.sensor[6].app[0],packetSent:count,,,60,,,,,,
PUB_T10-2-20260914-20:34:36-2127,attr,ApplicationStrategyNetwork.sensor[6].app[0],packetSent:count,interpolationmode,none,,,,,,,
PUB_T10-2-20260914-20:34:36-2127,attr,ApplicationStrategyNetwork.sensor[6].app[0],packetSent:count,recordingmode,count,,,,,,,
PUB_T10-2-20260914-20:34:36-2127,attr,ApplicationStrategyNetwork.sensor[6].app[0],packetSent:count,source,packetSent,,,,,,,
PUB_T10-2-20260914-20:34:36-2127,attr,ApplicationStrategyNetwork.sensor[6].app[0],packetSent:count,title,"packets sent, count",,,,,,,
PUB_T10-2-20260914-20:34:36-2127,scalar,ApplicationStrategyNetwork.sensor[7].app[0],packetSent:count,,,60,,,,,,
PUB_T10-2-20260914-20:34:36-2127,attr,ApplicationStrategyNetwork.sensor[7].app[0],packetSent:count,interpolationmode,none,,,,,,,
PUB_T10-2-20260914-20:34:36-2127,attr,ApplicationStrategyNetwork.sensor[7].app[0],packetSent:count,recordingmode,count,,,,,,,
PUB_T10-2-20260914-20:34:36-2127,attr,ApplicationStrategyNetwork.sensor[7].app[0],packetSent:count,source,packetSent,,,,,,,
PUB_T10-2-20260914-20:34:36-2127,attr,ApplicationStrategyNetwork.sensor[7].app[0],packetSent:count,title,"packets sent, count",,,,,,,
PUB_T10-2-20260914-20:34:36-2127,scalar,ApplicationStrategyNetwork.sensor[8].app[0],packetSent:count,,,60,,,,,,
PUB_T10-2-20260914-20:34:36-2127,attr,ApplicationStrategyNetwork.sensor[8].app[0],packetSent:count,interpolationmode,none,,,,,,,
PUB_T10-2-20260914-20:34:36-2127,attr,ApplicationStrategyNetwork.sensor[8].app[0],packetSent:count,recordingmode,count,,,,,,,
PUB_T10-2-20260914-20:34:36-2127,attr,ApplicationStrategyNetwork.sensor[8].app[0],packetSent:count,source,packetSent,,,,,,,
PUB_T10-2-20260914-20:34:36-2127,attr,ApplicationStrategyNetwork.sensor[8].app[0],packetSent:count,title,"packets sent, count",,,,,,,
PUB_T10-2-20260914-20:34:36-2127,scalar,ApplicationStrategyNetwork.sensor[9].app[0],packetSent:count,,,60,,,,,,
PUB_T10-2-20260914-20:34:36-2127,attr,ApplicationStrategyNetwork.sensor[9].app[0],packetSent:count,interpolationmode,none,,,,,,,
PUB_T10-2-20260914-20:34:36-2127,attr,ApplicationStrategyNetwork.sensor[9].app[0],packetSent:count,recordingmode,count,,,,,,,
PUB_T10-2-20260914-20:34:36-2127,attr,ApplicationStrategyNetwork.sensor[9].app[0],packetSent:count,source,packetSent,,,,,,,
PUB_T10-2-20260914-20:34:36-2127,attr,ApplicationStrategyNetwork.sensor[9].app[0],packetSent:count,title,"packets sent, count",,,,,,,
PUB_T10-2-20260914-20:34:36-2127,scalar,ApplicationStrategyNetwork.sensor[10].app[0],packetSent:count,,,60,,,,,,
PUB_T10-2-20260914-20:34:36-2127,attr,ApplicationStrategyNetwork.sensor[10].app[0],packetSent:count,interpolationmode,none,,,,,,,
PUB_T10-2-20260914-20:34:36-2127,attr,ApplicationStrategyNetwork.sensor[10].app[0],packetSent:count,recordingmode,count,,,,,,,
PUB_T10-2-20260914-20:34:36-2127,attr,ApplicationStrategyNetwork.sensor[10].app[0],packetSent:count,source,packetSent,,,,,,,
PUB_T10-2-20260914-20:34:36-2127,attr,ApplicationStrategyNetwork.sensor[10].app[0],packetSent:count,title,"packets sent, count",,,,,,,
PUB_T10-2-20260914-20:34:36-2127,scalar,ApplicationStrategyNetwork.sensor[11].app[0],packetSent:count,,,60,,,,,,
PUB_T10-2-20260914-20:34:36-2127,attr,ApplicationStrategyNetwork.sensor[11].app[0],packetSent:count,interpolationmode,none,,,,,,,
PUB_T10-2-20260914-20:34:36-2127,attr,ApplicationStrategyNetwork.sensor[11].app[0],packetSent:count,recordingmode,count,,,,,,,
PUB_T10-2-20260914-20:34:36-2127,attr,ApplicationStrategyNetwork.sensor[11].app[0],packetSent:count,source,packetSent,,,,,,,
PUB_T10-2-20260914-20:34:36-2127,attr,ApplicationStrategyNetwork.sensor[11].app[0],packetSent:count,title,"packets sent, count",,,,,,,
PUB_T10-2-20260914-20:34:36-2127,scalar,ApplicationStrategyNetwork.monitoringServer.app[0],packetReceived:count,,,720,,,,,,
PUB_T10-2-20260914-20:34:36-2127,attr,ApplicationStrategyNetwork.monitoringServer.app[0],packetReceived:count,interpolationmode,none,,,,,,,
PUB_T10-2-20260914-20:34:36-2127,attr,ApplicationStrategyNetwork.monitoringServer.app[0],packetReceived:count,recordingmode,count,,,,,,,
PUB_T10-2-20260914-20:34:36-2127,attr,ApplicationStrategyNetwork.monitoringServer.app[0],packetReceived:count,source,packetReceived,,,,,,,
PUB_T10-2-20260914-20:34:36-2127,attr,ApplicationStrategyNetwork.monitoringServer.app[0],packetReceived:count,title,"packets received, count",,,,,,,
PUB_T10-3-20260914-20:34:38-2132,scalar,ApplicationStrategyNetwork.sensor[0].app[0],packetSent:count,,,60,,,,,,
PUB_T10-3-20260914-20:34:38-2132,attr,ApplicationStrategyNetwork.sensor[0].app[0],packetSent:count,interpolationmode,none,,,,,,,
PUB_T10-3-20260914-20:34:38-2132,attr,ApplicationStrategyNetwork.sensor[0].app[0],packetSent:count,recordingmode,count,,,,,,,
PUB_T10-3-20260914-20:34:38-2132,attr,ApplicationStrategyNetwork.sensor[0].app[0],packetSent:count,source,packetSent,,,,,,,
PUB_T10-3-20260914-20:34:38-2132,attr,ApplicationStrategyNetwork.sensor[0].app[0],packetSent:count,title,"packets sent, count",,,,,,,
PUB_T10-3-20260914-20:34:38-2132,scalar,ApplicationStrategyNetwork.sensor[1].app[0],packetSent:count,,,60,,,,,,
PUB_T10-3-20260914-20:34:38-2132,attr,ApplicationStrategyNetwork.sensor[1].app[0],packetSent:count,interpolationmode,none,,,,,,,
PUB_T10-3-20260914-20:34:38-2132,attr,ApplicationStrategyNetwork.sensor[1].app[0],packetSent:count,recordingmode,count,,,,,,,
PUB_T10-3-20260914-20:34:38-2132,attr,ApplicationStrategyNetwork.sensor[1].app[0],packetSent:count,source,packetSent,,,,,,,
PUB_T10-3-20260914-20:34:38-2132,attr,ApplicationStrategyNetwork.sensor[1].app[0],packetSent:count,title,"packets sent, count",,,,,,,
PUB_T10-3-20260914-20:34:38-2132,scalar,ApplicationStrategyNetwork.sensor[2].app[0],packetSent:count,,,60,,,,,,
PUB_T10-3-20260914-20:34:38-2132,attr,ApplicationStrategyNetwork.sensor[2].app[0],packetSent:count,interpolationmode,none,,,,,,,
PUB_T10-3-20260914-20:34:38-2132,attr,ApplicationStrategyNetwork.sensor[2].app[0],packetSent:count,recordingmode,count,,,,,,,
PUB_T10-3-20260914-20:34:38-2132,attr,ApplicationStrategyNetwork.sensor[2].app[0],packetSent:count,source,packetSent,,,,,,,
PUB_T10-3-20260914-20:34:38-2132,attr,ApplicationStrategyNetwork.sensor[2].app[0],packetSent:count,title,"packets sent, count",,,,,,,
PUB_T10-3-20260914-20:34:38-2132,scalar,ApplicationStrategyNetwork.sensor[3].app[0],packetSent:count,,,60,,,,,,
PUB_T10-3-20260914-20:34:38-2132,attr,ApplicationStrategyNetwork.sensor[3].app[0],packetSent:count,interpolationmode,none,,,,,,,
PUB_T10-3-20260914-20:34:38-2132,attr,ApplicationStrategyNetwork.sensor[3].app[0],packetSent:count,recordingmode,count,,,,,,,
PUB_T10-3-20260914-20:34:38-2132,attr,ApplicationStrategyNetwork.sensor[3].app[0],packetSent:count,source,packetSent,,,,,,,
PUB_T10-3-20260914-20:34:38-2132,attr,ApplicationStrategyNetwork.sensor[3].app[0],packetSent:count,title,"packets sent, count",,,,,,,
PUB_T10-3-20260914-20:34:38-2132,scalar,ApplicationStrategyNetwork.sensor[4].app[0],packetSent:count,,,60,,,,,,
PUB_T10-3-20260914-20:34:38-2132,attr,ApplicationStrategyNetwork.sensor[4].app[0],packetSent:count,interpolationmode,none,,,,,,,
PUB_T10-3-20260914-20:34:38-2132,attr,ApplicationStrategyNetwork.sensor[4].app[0],packetSent:count,recordingmode,count,,,,,,,
PUB_T10-3-20260914-20:34:38-2132,attr,ApplicationStrategyNetwork.sensor[4].app[0],packetSent:count,source,packetSent,,,,,,,
PUB_T10-3-20260914-20:34:38-2132,attr,ApplicationStrategyNetwork.sensor[4].app[0],packetSent:count,title,"packets sent, count",,,,,,,
PUB_T10-3-20260914-20:34:38-2132,scalar,ApplicationStrategyNetwork.sensor[5].app[0],packetSent:count,,,60,,,,,,
PUB_T10-3-20260914-20:34:38-2132,attr,ApplicationStrategyNetwork.sensor[5].app[0],packetSent:count,interpolationmode,none,,,,,,,
PUB_T10-3-20260914-20:34:38-2132,attr,ApplicationStrategyNetwork.sensor[5].app[0],packetSent:count,recordingmode,count,,,,,,,
PUB_T10-3-20260914-20:34:38-2132,attr,ApplicationStrategyNetwork.sensor[5].app[0],packetSent:count,source,packetSent,,,,,,,
PUB_T10-3-20260914-20:34:38-2132,attr,ApplicationStrategyNetwork.sensor[5].app[0],packetSent:count,title,"packets sent, count",,,,,,,
PUB_T10-3-20260914-20:34:38-2132,scalar,ApplicationStrategyNetwork.sensor[6].app[0],packetSent:count,,,60,,,,,,
PUB_T10-3-20260914-20:34:38-2132,attr,ApplicationStrategyNetwork.sensor[6].app[0],packetSent:count,interpolationmode,none,,,,,,,
PUB_T10-3-20260914-20:34:38-2132,attr,ApplicationStrategyNetwork.sensor[6].app[0],packetSent:count,recordingmode,count,,,,,,,
PUB_T10-3-20260914-20:34:38-2132,attr,ApplicationStrategyNetwork.sensor[6].app[0],packetSent:count,source,packetSent,,,,,,,
PUB_T10-3-20260914-20:34:38-2132,attr,ApplicationStrategyNetwork.sensor[6].app[0],packetSent:count,title,"packets sent, count",,,,,,,
PUB_T10-3-20260914-20:34:38-2132,scalar,ApplicationStrategyNetwork.sensor[7].app[0],packetSent:count,,,60,,,,,,
PUB_T10-3-20260914-20:34:38-2132,attr,ApplicationStrategyNetwork.sensor[7].app[0],packetSent:count,interpolationmode,none,,,,,,,
PUB_T10-3-20260914-20:34:38-2132,attr,ApplicationStrategyNetwork.sensor[7].app[0],packetSent:count,recordingmode,count,,,,,,,
PUB_T10-3-20260914-20:34:38-2132,attr,ApplicationStrategyNetwork.sensor[7].app[0],packetSent:count,source,packetSent,,,,,,,
PUB_T10-3-20260914-20:34:38-2132,attr,ApplicationStrategyNetwork.sensor[7].app[0],packetSent:count,title,"packets sent, count",,,,,,,
PUB_T10-3-20260914-20:34:38-2132,scalar,ApplicationStrategyNetwork.sensor[8].app[0],packetSent:count,,,60,,,,,,
PUB_T10-3-20260914-20:34:38-2132,attr,ApplicationStrategyNetwork.sensor[8].app[0],packetSent:count,interpolationmode,none,,,,,,,
PUB_T10-3-20260914-20:34:38-2132,attr,ApplicationStrategyNetwork.sensor[8].app[0],packetSent:count,recordingmode,count,,,,,,,
PUB_T10-3-20260914-20:34:38-2132,attr,ApplicationStrategyNetwork.sensor[8].app[0],packetSent:count,source,packetSent,,,,,,,
PUB_T10-3-20260914-20:34:38-2132,attr,ApplicationStrategyNetwork.sensor[8].app[0],packetSent:count,title,"packets sent, count",,,,,,,
PUB_T10-3-20260914-20:34:38-2132,scalar,ApplicationStrategyNetwork.sensor[9].app[0],packetSent:count,,,60,,,,,,
PUB_T10-3-20260914-20:34:38-2132,attr,ApplicationStrategyNetwork.sensor[9].app[0],packetSent:count,interpolationmode,none,,,,,,,
PUB_T10-3-20260914-20:34:38-2132,attr,ApplicationStrategyNetwork.sensor[9].app[0],packetSent:count,recordingmode,count,,,,,,,
PUB_T10-3-20260914-20:34:38-2132,attr,ApplicationStrategyNetwork.sensor[9].app[0],packetSent:count,source,packetSent,,,,,,,
PUB_T10-3-20260914-20:34:38-2132,attr,ApplicationStrategyNetwork.sensor[9].app[0],packetSent:count,title,"packets sent, count",,,,,,,
PUB_T10-3-20260914-20:34:38-2132,scalar,ApplicationStrategyNetwork.sensor[10].app[0],packetSent:count,,,60,,,,,,
PUB_T10-3-20260914-20:34:38-2132,attr,ApplicationStrategyNetwork.sensor[10].app[0],packetSent:count,interpolationmode,none,,,,,,,
PUB_T10-3-20260914-20:34:38-2132,attr,ApplicationStrategyNetwork.sensor[10].app[0],packetSent:count,recordingmode,count,,,,,,,
PUB_T10-3-20260914-20:34:38-2132,attr,ApplicationStrategyNetwork.sensor[10].app[0],packetSent:count,source,packetSent,,,,,,,
PUB_T10-3-20260914-20:34:38-2132,attr,ApplicationStrategyNetwork.sensor[10].app[0],packetSent:count,title,"packets sent, count",,,,,,,
PUB_T10-3-20260914-20:34:38-2132,scalar,ApplicationStrategyNetwork.sensor[11].app[0],packetSent:count,,,60,,,,,,
PUB_T10-3-20260914-20:34:38-2132,attr,ApplicationStrategyNetwork.sensor[11].app[0],packetSent:count,interpolationmode,none,,,,,,,
PUB_T10-3-20260914-20:34:38-2132,attr,ApplicationStrategyNetwork.sensor[11].app[0],packetSent:count,recordingmode,count,,,,,,,
PUB_T10-3-20260914-20:34:38-2132,attr,ApplicationStrategyNetwork.sensor[11].app[0],packetSent:count,source,packetSent,,,,,,,
PUB_T10-3-20260914-20:34:38-2132,attr,ApplicationStrategyNetwork.sensor[11].app[0],packetSent:count,title,"packets sent, count",,,,,,,
PUB_T10-3-20260914-20:34:38-2132,scalar,ApplicationStrategyNetwork.monitoringServer.app[0],packetReceived:count,,,720,,,,,,
PUB_T10-3-20260914-20:34:38-2132,attr,ApplicationStrategyNetwork.monitoringServer.app[0],packetReceived:count,interpolationmode,none,,,,,,,
PUB_T10-3-20260914-20:34:38-2132,attr,ApplicationStrategyNetwork.monitoringServer.app[0],packetReceived:count,recordingmode,count,,,,,,,
PUB_T10-3-20260914-20:34:38-2132,attr,ApplicationStrategyNetwork.monitoringServer.app[0],packetReceived:count,source,packetReceived,,,,,,,
PUB_T10-3-20260914-20:34:38-2132,attr,ApplicationStrategyNetwork.monitoringServer.app[0],packetReceived:count,title,"packets received, count",,,,,,,
PUB_T10-4-20260914-20:34:40-2138,scalar,ApplicationStrategyNetwork.sensor[0].app[0],packetSent:count,,,60,,,,,,
PUB_T10-4-20260914-20:34:40-2138,attr,ApplicationStrategyNetwork.sensor[0].app[0],packetSent:count,interpolationmode,none,,,,,,,
PUB_T10-4-20260914-20:34:40-2138,attr,ApplicationStrategyNetwork.sensor[0].app[0],packetSent:count,recordingmode,count,,,,,,,
PUB_T10-4-20260914-20:34:40-2138,attr,ApplicationStrategyNetwork.sensor[0].app[0],packetSent:count,source,packetSent,,,,,,,
PUB_T10-4-20260914-20:34:40-2138,attr,ApplicationStrategyNetwork.sensor[0].app[0],packetSent:count,title,"packets sent, count",,,,,,,
PUB_T10-4-20260914-20:34:40-2138,scalar,ApplicationStrategyNetwork.sensor[1].app[0],packetSent:count,,,60,,,,,,
PUB_T10-4-20260914-20:34:40-2138,attr,ApplicationStrategyNetwork.sensor[1].app[0],packetSent:count,interpolationmode,none,,,,,,,
PUB_T10-4-20260914-20:34:40-2138,attr,ApplicationStrategyNetwork.sensor[1].app[0],packetSent:count,recordingmode,count,,,,,,,
PUB_T10-4-20260914-20:34:40-2138,attr,ApplicationStrategyNetwork.sensor[1].app[0],packetSent:count,source,packetSent,,,,,,,
PUB_T10-4-20260914-20:34:40-2138,attr,ApplicationStrategyNetwork.sensor[1].app[0],packetSent:count,title,"packets sent, count",,,,,,,
PUB_T10-4-20260914-20:34:40-2138,scalar,ApplicationStrategyNetwork.sensor[2].app[0],packetSent:count,,,60,,,,,,
PUB_T10-4-20260914-20:34:40-2138,attr,ApplicationStrategyNetwork.sensor[2].app[0],packetSent:count,interpolationmode,none,,,,,,,
PUB_T10-4-20260914-20:34:40-2138,attr,ApplicationStrategyNetwork.sensor[2].app[0],packetSent:count,recordingmode,count,,,,,,,
PUB_T10-4-20260914-20:34:40-2138,attr,ApplicationStrategyNetwork.sensor[2].app[0],packetSent:count,source,packetSent,,,,,,,
PUB_T10-4-20260914-20:34:40-2138,attr,ApplicationStrategyNetwork.sensor[2].app[0],packetSent:count,title,"packets sent, count",,,,,,,
PUB_T10-4-20260914-20:34:40-2138,scalar,ApplicationStrategyNetwork.sensor[3].app[0],packetSent:count,,,60,,,,,,
PUB_T10-4-20260914-20:34:40-2138,attr,ApplicationStrategyNetwork.sensor[3].app[0],packetSent:count,interpolationmode,none,,,,,,,
PUB_T10-4-20260914-20:34:40-2138,attr,ApplicationStrategyNetwork.sensor[3].app[0],packetSent:count,recordingmode,count,,,,,,,
PUB_T10-4-20260914-20:34:40-2138,attr,ApplicationStrategyNetwork.sensor[3].app[0],packetSent:count,source,packetSent,,,,,,,
PUB_T10-4-20260914-20:34:40-2138,attr,ApplicationStrategyNetwork.sensor[3].app[0],packetSent:count,title,"packets sent, count",,,,,,,
PUB_T10-4-20260914-20:34:40-2138,scalar,ApplicationStrategyNetwork.sensor[4].app[0],packetSent:count,,,60,,,,,,
PUB_T10-4-20260914-20:34:40-2138,attr,ApplicationStrategyNetwork.sensor[4].app[0],packetSent:count,interpolationmode,none,,,,,,,
PUB_T10-4-20260914-20:34:40-2138,attr,ApplicationStrategyNetwork.sensor[4].app[0],packetSent:count,recordingmode,count,,,,,,,
PUB_T10-4-20260914-20:34:40-2138,attr,ApplicationStrategyNetwork.sensor[4].app[0],packetSent:count,source,packetSent,,,,,,,
PUB_T10-4-20260914-20:34:40-2138,attr,ApplicationStrategyNetwork.sensor[4].app[0],packetSent:count,title,"packets sent, count",,,,,,,
PUB_T10-4-20260914-20:34:40-2138,scalar,ApplicationStrategyNetwork.sensor[5].app[0],packetSent:count,,,60,,,,,,
PUB_T10-4-20260914-20:34:40-2138,attr,ApplicationStrategyNetwork.sensor[5].app[0],packetSent:count,interpolationmode,none,,,,,,,
PUB_T10-4-20260914-20:34:40-2138,attr,ApplicationStrategyNetwork.sensor[5].app[0],packetSent:count,recordingmode,count,,,,,,,
PUB_T10-4-20260914-20:34:40-2138,attr,ApplicationStrategyNetwork.sensor[5].app[0],packetSent:count,source,packetSent,,,,,,,
PUB_T10-4-20260914-20:34:40-2138,attr,ApplicationStrategyNetwork.sensor[5].app[0],packetSent:count,title,"packets sent, count",,,,,,,
PUB_T10-4-20260914-20:34:40-2138,scalar,ApplicationStrategyNetwork.sensor[6].app[0],packetSent:count,,,60,,,,,,
PUB_T10-4-20260914-20:34:40-2138,attr,ApplicationStrategyNetwork.sensor[6].app[0],packetSent:count,interpolationmode,none,,,,,,,
PUB_T10-4-20260914-20:34:40-2138,attr,ApplicationStrategyNetwork.sensor[6].app[0],packetSent:count,recordingmode,count,,,,,,,
PUB_T10-4-20260914-20:34:40-2138,attr,ApplicationStrategyNetwork.sensor[6].app[0],packetSent:count,source,packetSent,,,,,,,
PUB_T10-4-20260914-20:34:40-2138,attr,ApplicationStrategyNetwork.sensor[6].app[0],packetSent:count,title,"packets sent, count",,,,,,,
PUB_T10-4-20260914-20:34:40-2138,scalar,ApplicationStrategyNetwork.sensor[7].app[0],packetSent:count,,,60,,,,,,
PUB_T10-4-20260914-20:34:40-2138,attr,ApplicationStrategyNetwork.sensor[7].app[0],packetSent:count,interpolationmode,none,,,,,,,
PUB_T10-4-20260914-20:34:40-2138,attr,ApplicationStrategyNetwork.sensor[7].app[0],packetSent:count,recordingmode,count,,,,,,,
PUB_T10-4-20260914-20:34:40-2138,attr,ApplicationStrategyNetwork.sensor[7].app[0],packetSent:count,source,packetSent,,,,,,,
PUB_T10-4-20260914-20:34:40-2138,attr,ApplicationStrategyNetwork.sensor[7].app[0],packetSent:count,title,"packets sent, count",,,,,,,
PUB_T10-4-20260914-20:34:40-2138,scalar,ApplicationStrategyNetwork.sensor[8].app[0],packetSent:count,,,60,,,,,,
PUB_T10-4-20260914-20:34:40-2138,attr,ApplicationStrategyNetwork.sensor[8].app[0],packetSent:count,interpolationmode,none,,,,,,,
PUB_T10-4-20260914-20:34:40-2138,attr,ApplicationStrategyNetwork.sensor[8].app[0],packetSent:count,recordingmode,count,,,,,,,
PUB_T10-4-20260914-20:34:40-2138,attr,ApplicationStrategyNetwork.sensor[8].app[0],packetSent:count,source,packetSent,,,,,,,
PUB_T10-4-20260914-20:34:40-2138,attr,ApplicationStrategyNetwork.sensor[8].app[0],packetSent:count,title,"packets sent, count",,,,,,,
PUB_T10-4-20260914-20:34:40-2138,scalar,ApplicationStrategyNetwork.sensor[9].app[0],packetSent:count,,,60,,,,,,
PUB_T10-4-20260914-20:34:40-2138,attr,ApplicationStrategyNetwork.sensor[9].app[0],packetSent:count,interpolationmode,none,,,,,,,
PUB_T10-4-20260914-20:34:40-2138,attr,ApplicationStrategyNetwork.sensor[9].app[0],packetSent:count,recordingmode,count,,,,,,,
PUB_T10-4-20260914-20:34:40-2138,attr,ApplicationStrategyNetwork.sensor[9].app[0],packetSent:count,source,packetSent,,,,,,,
PUB_T10-4-20260914-20:34:40-2138,attr,ApplicationStrategyNetwork.sensor[9].app[0],packetSent:count,title,"packets sent, count",,,,,,,
PUB_T10-4-20260914-20:34:40-2138,scalar,ApplicationStrategyNetwork.sensor[10].app[0],packetSent:count,,,60,,,,,,
PUB_T10-4-20260914-20:34:40-2138,attr,ApplicationStrategyNetwork.sensor[10].app[0],packetSent:count,interpolationmode,none,,,,,,,
PUB_T10-4-20260914-20:34:40-2138,attr,ApplicationStrategyNetwork.sensor[10].app[0],packetSent:count,recordingmode,count,,,,,,,
PUB_T10-4-20260914-20:34:40-2138,attr,ApplicationStrategyNetwork.sensor[10].app[0],packetSent:count,source,packetSent,,,,,,,
PUB_T10-4-20260914-20:34:40-2138,attr,ApplicationStrategyNetwork.sensor[10].app[0],packetSent:count,title,"packets sent, count",,,,,,,
PUB_T10-4-20260914-20:34:40-2138,scalar,ApplicationStrategyNetwork.sensor[11].app[0],packetSent:count,,,60,,,,,,
PUB_T10-4-20260914-20:34:40-2138,attr,ApplicationStrategyNetwork.sensor[11].app[0],packetSent:count,interpolationmode,none,,,,,,,
PUB_T10-4-20260914-20:34:40-2138,attr,ApplicationStrategyNetwork.sensor[11].app[0],packetSent:count,recordingmode,count,,,,,,,
PUB_T10-4-20260914-20:34:40-2138,attr,ApplicationStrategyNetwork.sensor[11].app[0],packetSent:count,source,packetSent,,,,,,,
PUB_T10-4-20260914-20:34:40-2138,attr,ApplicationStrategyNetwork.sensor[11].app[0],packetSent:count,title,"packets sent, count",,,,,,,
PUB_T10-4-20260914-20:34:40-2138,scalar,ApplicationStrategyNetwork.monitoringServer.app[0],packetReceived:count,,,720,,,,,,
PUB_T10-4-20260914-20:34:40-2138,attr,ApplicationStrategyNetwork.monitoringServer.app[0],packetReceived:count,interpolationmode,none,,,,,,,
PUB_T10-4-20260914-20:34:40-2138,attr,ApplicationStrategyNetwork.monitoringServer.app[0],packetReceived:count,recordingmode,count,,,,,,,
PUB_T10-4-20260914-20:34:40-2138,attr,ApplicationStrategyNetwork.monitoringServer.app[0],packetReceived:count,source,packetReceived,,,,,,,
PUB_T10-4-20260914-20:34:40-2138,attr,ApplicationStrategyNetwork.monitoringServer.app[0],packetReceived:count,title,"packets received, count",,,,,,,
PUB_T30-0-20260914-20:34:58-2230,scalar,ApplicationStrategyNetwork.sensor[0].app[0],packetSent:count,,,20,,,,,,
PUB_T30-0-20260914-20:34:58-2230,attr,ApplicationStrategyNetwork.sensor[0].app[0],packetSent:count,interpolationmode,none,,,,,,,
PUB_T30-0-20260914-20:34:58-2230,attr,ApplicationStrategyNetwork.sensor[0].app[0],packetSent:count,recordingmode,count,,,,,,,
PUB_T30-0-20260914-20:34:58-2230,attr,ApplicationStrategyNetwork.sensor[0].app[0],packetSent:count,source,packetSent,,,,,,,
PUB_T30-0-20260914-20:34:58-2230,attr,ApplicationStrategyNetwork.sensor[0].app[0],packetSent:count,title,"packets sent, count",,,,,,,
PUB_T30-0-20260914-20:34:58-2230,scalar,ApplicationStrategyNetwork.sensor[1].app[0],packetSent:count,,,20,,,,,,
PUB_T30-0-20260914-20:34:58-2230,attr,ApplicationStrategyNetwork.sensor[1].app[0],packetSent:count,interpolationmode,none,,,,,,,
PUB_T30-0-20260914-20:34:58-2230,attr,ApplicationStrategyNetwork.sensor[1].app[0],packetSent:count,recordingmode,count,,,,,,,
PUB_T30-0-20260914-20:34:58-2230,attr,ApplicationStrategyNetwork.sensor[1].app[0],packetSent:count,source,packetSent,,,,,,,
PUB_T30-0-20260914-20:34:58-2230,attr,ApplicationStrategyNetwork.sensor[1].app[0],packetSent:count,title,"packets sent, count",,,,,,,
PUB_T30-0-20260914-20:34:58-2230,scalar,ApplicationStrategyNetwork.sensor[2].app[0],packetSent:count,,,20,,,,,,
PUB_T30-0-20260914-20:34:58-2230,attr,ApplicationStrategyNetwork.sensor[2].app[0],packetSent:count,interpolationmode,none,,,,,,,
PUB_T30-0-20260914-20:34:58-2230,attr,ApplicationStrategyNetwork.sensor[2].app[0],packetSent:count,recordingmode,count,,,,,,,
PUB_T30-0-20260914-20:34:58-2230,attr,ApplicationStrategyNetwork.sensor[2].app[0],packetSent:count,source,packetSent,,,,,,,
PUB_T30-0-20260914-20:34:58-2230,attr,ApplicationStrategyNetwork.sensor[2].app[0],packetSent:count,title,"packets sent, count",,,,,,,
PUB_T30-0-20260914-20:34:58-2230,scalar,ApplicationStrategyNetwork.sensor[3].app[0],packetSent:count,,,20,,,,,,
PUB_T30-0-20260914-20:34:58-2230,attr,ApplicationStrategyNetwork.sensor[3].app[0],packetSent:count,interpolationmode,none,,,,,,,
PUB_T30-0-20260914-20:34:58-2230,attr,ApplicationStrategyNetwork.sensor[3].app[0],packetSent:count,recordingmode,count,,,,,,,
PUB_T30-0-20260914-20:34:58-2230,attr,ApplicationStrategyNetwork.sensor[3].app[0],packetSent:count,source,packetSent,,,,,,,
PUB_T30-0-20260914-20:34:58-2230,attr,ApplicationStrategyNetwork.sensor[3].app[0],packetSent:count,title,"packets sent, count",,,,,,,
PUB_T30-0-20260914-20:34:58-2230,scalar,ApplicationStrategyNetwork.sensor[4].app[0],packetSent:count,,,20,,,,,,
PUB_T30-0-20260914-20:34:58-2230,attr,ApplicationStrategyNetwork.sensor[4].app[0],packetSent:count,interpolationmode,none,,,,,,,
PUB_T30-0-20260914-20:34:58-2230,attr,ApplicationStrategyNetwork.sensor[4].app[0],packetSent:count,recordingmode,count,,,,,,,
PUB_T30-0-20260914-20:34:58-2230,attr,ApplicationStrategyNetwork.sensor[4].app[0],packetSent:count,source,packetSent,,,,,,,
PUB_T30-0-20260914-20:34:58-2230,attr,ApplicationStrategyNetwork.sensor[4].app[0],packetSent:count,title,"packets sent, count",,,,,,,
PUB_T30-0-20260914-20:34:58-2230,scalar,ApplicationStrategyNetwork.sensor[5].app[0],packetSent:count,,,20,,,,,,
PUB_T30-0-20260914-20:34:58-2230,attr,ApplicationStrategyNetwork.sensor[5].app[0],packetSent:count,interpolationmode,none,,,,,,,
PUB_T30-0-20260914-20:34:58-2230,attr,ApplicationStrategyNetwork.sensor[5].app[0],packetSent:count,recordingmode,count,,,,,,,
PUB_T30-0-20260914-20:34:58-2230,attr,ApplicationStrategyNetwork.sensor[5].app[0],packetSent:count,source,packetSent,,,,,,,
PUB_T30-0-20260914-20:34:58-2230,attr,ApplicationStrategyNetwork.sensor[5].app[0],packetSent:count,title,"packets sent, count",,,,,,,
PUB_T30-0-20260914-20:34:58-2230,scalar,ApplicationStrategyNetwork.sensor[6].app[0],packetSent:count,,,20,,,,,,
PUB_T30-0-20260914-20:34:58-2230,attr,ApplicationStrategyNetwork.sensor[6].app[0],packetSent:count,interpolationmode,none,,,,,,,
PUB_T30-0-20260914-20:34:58-2230,attr,ApplicationStrategyNetwork.sensor[6].app[0],packetSent:count,recordingmode,count,,,,,,,
PUB_T30-0-20260914-20:34:58-2230,attr,ApplicationStrategyNetwork.sensor[6].app[0],packetSent:count,source,packetSent,,,,,,,
PUB_T30-0-20260914-20:34:58-2230,attr,ApplicationStrategyNetwork.sensor[6].app[0],packetSent:count,title,"packets sent, count",,,,,,,
PUB_T30-0-20260914-20:34:58-2230,scalar,ApplicationStrategyNetwork.sensor[7].app[0],packetSent:count,,,20,,,,,,
PUB_T30-0-20260914-20:34:58-2230,attr,ApplicationStrategyNetwork.sensor[7].app[0],packetSent:count,interpolationmode,none,,,,,,,
PUB_T30-0-20260914-20:34:58-2230,attr,ApplicationStrategyNetwork.sensor[7].app[0],packetSent:count,recordingmode,count,,,,,,,
PUB_T30-0-20260914-20:34:58-2230,attr,ApplicationStrategyNetwork.sensor[7].app[0],packetSent:count,source,packetSent,,,,,,,
PUB_T30-0-20260914-20:34:58-2230,attr,ApplicationStrategyNetwork.sensor[7].app[0],packetSent:count,title,"packets sent, count",,,,,,,
PUB_T30-0-20260914-20:34:58-2230,scalar,ApplicationStrategyNetwork.sensor[8].app[0],packetSent:count,,,20,,,,,,
PUB_T30-0-20260914-20:34:58-2230,attr,ApplicationStrategyNetwork.sensor[8].app[0],packetSent:count,interpolationmode,none,,,,,,,
PUB_T30-0-20260914-20:34:58-2230,attr,ApplicationStrategyNetwork.sensor[8].app[0],packetSent:count,recordingmode,count,,,,,,,
PUB_T30-0-20260914-20:34:58-2230,attr,ApplicationStrategyNetwork.sensor[8].app[0],packetSent:count,source,packetSent,,,,,,,
PUB_T30-0-20260914-20:34:58-2230,attr,ApplicationStrategyNetwork.sensor[8].app[0],packetSent:count,title,"packets sent, count",,,,,,,
PUB_T30-0-20260914-20:34:58-2230,scalar,ApplicationStrategyNetwork.sensor[9].app[0],packetSent:count,,,20,,,,,,
PUB_T30-0-20260914-20:34:58-2230,attr,ApplicationStrategyNetwork.sensor[9].app[0],packetSent:count,interpolationmode,none,,,,,,,
PUB_T30-0-20260914-20:34:58-2230,attr,ApplicationStrategyNetwork.sensor[9].app[0],packetSent:count,recordingmode,count,,,,,,,
PUB_T30-0-20260914-20:34:58-2230,attr,ApplicationStrategyNetwork.sensor[9].app[0],packetSent:count,source,packetSent,,,,,,,
PUB_T30-0-20260914-20:34:58-2230,attr,ApplicationStrategyNetwork.sensor[9].app[0],packetSent:count,title,"packets sent, count",,,,,,,
PUB_T30-0-20260914-20:34:58-2230,scalar,ApplicationStrategyNetwork.sensor[10].app[0],packetSent:count,,,20,,,,,,
PUB_T30-0-20260914-20:34:58-2230,attr,ApplicationStrategyNetwork.sensor[10].app[0],packetSent:count,interpolationmode,none,,,,,,,
PUB_T30-0-20260914-20:34:58-2230,attr,ApplicationStrategyNetwork.sensor[10].app[0],packetSent:count,recordingmode,count,,,,,,,
PUB_T30-0-20260914-20:34:58-2230,attr,ApplicationStrategyNetwork.sensor[10].app[0],packetSent:count,source,packetSent,,,,,,,
PUB_T30-0-20260914-20:34:58-2230,attr,ApplicationStrategyNetwork.sensor[10].app[0],packetSent:count,title,"packets sent, count",,,,,,,
PUB_T30-0-20260914-20:34:58-2230,scalar,ApplicationStrategyNetwork.sensor[11].app[0],packetSent:count,,,20,,,,,,
PUB_T30-0-20260914-20:34:58-2230,attr,ApplicationStrategyNetwork.sensor[11].app[0],packetSent:count,interpolationmode,none,,,,,,,
PUB_T30-0-20260914-20:34:58-2230,attr,ApplicationStrategyNetwork.sensor[11].app[0],packetSent:count,recordingmode,count,,,,,,,
PUB_T30-0-20260914-20:34:58-2230,attr,ApplicationStrategyNetwork.sensor[11].app[0],packetSent:count,source,packetSent,,,,,,,
PUB_T30-0-20260914-20:34:58-2230,attr,ApplicationStrategyNetwork.sensor[11].app[0],packetSent:count,title,"packets sent, count",,,,,,,
PUB_T30-0-20260914-20:34:58-2230,scalar,ApplicationStrategyNetwork.monitoringServer.app[0],packetReceived:count,,,240,,,,,,
PUB_T30-0-20260914-20:34:58-2230,attr,ApplicationStrategyNetwork.monitoringServer.app[0],packetReceived:count,interpolationmode,none,,,,,,,
PUB_T30-0-20260914-20:34:58-2230,attr,ApplicationStrategyNetwork.monitoringServer.app[0],packetReceived:count,recordingmode,count,,,,,,,
PUB_T30-0-20260914-20:34:58-2230,attr,ApplicationStrategyNetwork.monitoringServer.app[0],packetReceived:count,source,packetReceived,,,,,,,
PUB_T30-0-20260914-20:34:58-2230,attr,ApplicationStrategyNetwork.monitoringServer.app[0],packetReceived:count,title,"packets received, count",,,,,,,
PUB_T30-1-20260914-20:35:00-2235,scalar,ApplicationStrategyNetwork.sensor[0].app[0],packetSent:count,,,20,,,,,,
PUB_T30-1-20260914-20:35:00-2235,attr,ApplicationStrategyNetwork.sensor[0].app[0],packetSent:count,interpolationmode,none,,,,,,,
PUB_T30-1-20260914-20:35:00-2235,attr,ApplicationStrategyNetwork.sensor[0].app[0],packetSent:count,recordingmode,count,,,,,,,
PUB_T30-1-20260914-20:35:00-2235,attr,ApplicationStrategyNetwork.sensor[0].app[0],packetSent:count,source,packetSent,,,,,,,
PUB_T30-1-20260914-20:35:00-2235,attr,ApplicationStrategyNetwork.sensor[0].app[0],packetSent:count,title,"packets sent, count",,,,,,,
PUB_T30-1-20260914-20:35:00-2235,scalar,ApplicationStrategyNetwork.sensor[1].app[0],packetSent:count,,,20,,,,,,
PUB_T30-1-20260914-20:35:00-2235,attr,ApplicationStrategyNetwork.sensor[1].app[0],packetSent:count,interpolationmode,none,,,,,,,
PUB_T30-1-20260914-20:35:00-2235,attr,ApplicationStrategyNetwork.sensor[1].app[0],packetSent:count,recordingmode,count,,,,,,,
PUB_T30-1-20260914-20:35:00-2235,attr,ApplicationStrategyNetwork.sensor[1].app[0],packetSent:count,source,packetSent,,,,,,,
PUB_T30-1-20260914-20:35:00-2235,attr,ApplicationStrategyNetwork.sensor[1].app[0],packetSent:count,title,"packets sent, count",,,,,,,
PUB_T30-1-20260914-20:35:00-2235,scalar,ApplicationStrategyNetwork.sensor[2].app[0],packetSent:count,,,20,,,,,,
PUB_T30-1-20260914-20:35:00-2235,attr,ApplicationStrategyNetwork.sensor[2].app[0],packetSent:count,interpolationmode,none,,,,,,,
PUB_T30-1-20260914-20:35:00-2235,attr,ApplicationStrategyNetwork.sensor[2].app[0],packetSent:count,recordingmode,count,,,,,,,
PUB_T30-1-20260914-20:35:00-2235,attr,ApplicationStrategyNetwork.sensor[2].app[0],packetSent:count,source,packetSent,,,,,,,
PUB_T30-1-20260914-20:35:00-2235,attr,ApplicationStrategyNetwork.sensor[2].app[0],packetSent:count,title,"packets sent, count",,,,,,,
PUB_T30-1-20260914-20:35:00-2235,scalar,ApplicationStrategyNetwork.sensor[3].app[0],packetSent:count,,,20,,,,,,
PUB_T30-1-20260914-20:35:00-2235,attr,ApplicationStrategyNetwork.sensor[3].app[0],packetSent:count,interpolationmode,none,,,,,,,
PUB_T30-1-20260914-20:35:00-2235,attr,ApplicationStrategyNetwork.sensor[3].app[0],packetSent:count,recordingmode,count,,,,,,,
PUB_T30-1-20260914-20:35:00-2235,attr,ApplicationStrategyNetwork.sensor[3].app[0],packetSent:count,source,packetSent,,,,,,,
PUB_T30-1-20260914-20:35:00-2235,attr,ApplicationStrategyNetwork.sensor[3].app[0],packetSent:count,title,"packets sent, count",,,,,,,
PUB_T30-1-20260914-20:35:00-2235,scalar,ApplicationStrategyNetwork.sensor[4].app[0],packetSent:count,,,20,,,,,,
PUB_T30-1-20260914-20:35:00-2235,attr,ApplicationStrategyNetwork.sensor[4].app[0],packetSent:count,interpolationmode,none,,,,,,,
PUB_T30-1-20260914-20:35:00-2235,attr,ApplicationStrategyNetwork.sensor[4].app[0],packetSent:count,recordingmode,count,,,,,,,
PUB_T30-1-20260914-20:35:00-2235,attr,ApplicationStrategyNetwork.sensor[4].app[0],packetSent:count,source,packetSent,,,,,,,
PUB_T30-1-20260914-20:35:00-2235,attr,ApplicationStrategyNetwork.sensor[4].app[0],packetSent:count,title,"packets sent, count",,,,,,,
PUB_T30-1-20260914-20:35:00-2235,scalar,ApplicationStrategyNetwork.sensor[5].app[0],packetSent:count,,,20,,,,,,
PUB_T30-1-20260914-20:35:00-2235,attr,ApplicationStrategyNetwork.sensor[5].app[0],packetSent:count,interpolationmode,none,,,,,,,
PUB_T30-1-20260914-20:35:00-2235,attr,ApplicationStrategyNetwork.sensor[5].app[0],packetSent:count,recordingmode,count,,,,,,,
PUB_T30-1-20260914-20:35:00-2235,attr,ApplicationStrategyNetwork.sensor[5].app[0],packetSent:count,source,packetSent,,,,,,,
PUB_T30-1-20260914-20:35:00-2235,attr,ApplicationStrategyNetwork.sensor[5].app[0],packetSent:count,title,"packets sent, count",,,,,,,
PUB_T30-1-20260914-20:35:00-2235,scalar,ApplicationStrategyNetwork.sensor[6].app[0],packetSent:count,,,20,,,,,,
PUB_T30-1-20260914-20:35:00-2235,attr,ApplicationStrategyNetwork.sensor[6].app[0],packetSent:count,interpolationmode,none,,,,,,,
PUB_T30-1-20260914-20:35:00-2235,attr,ApplicationStrategyNetwork.sensor[6].app[0],packetSent:count,recordingmode,count,,,,,,,
PUB_T30-1-20260914-20:35:00-2235,attr,ApplicationStrategyNetwork.sensor[6].app[0],packetSent:count,source,packetSent,,,,,,,
PUB_T30-1-20260914-20:35:00-2235,attr,ApplicationStrategyNetwork.sensor[6].app[0],packetSent:count,title,"packets sent, count",,,,,,,
PUB_T30-1-20260914-20:35:00-2235,scalar,ApplicationStrategyNetwork.sensor[7].app[0],packetSent:count,,,20,,,,,,
PUB_T30-1-20260914-20:35:00-2235,attr,ApplicationStrategyNetwork.sensor[7].app[0],packetSent:count,interpolationmode,none,,,,,,,
PUB_T30-1-20260914-20:35:00-2235,attr,ApplicationStrategyNetwork.sensor[7].app[0],packetSent:count,recordingmode,count,,,,,,,
PUB_T30-1-20260914-20:35:00-2235,attr,ApplicationStrategyNetwork.sensor[7].app[0],packetSent:count,source,packetSent,,,,,,,
PUB_T30-1-20260914-20:35:00-2235,attr,ApplicationStrategyNetwork.sensor[7].app[0],packetSent:count,title,"packets sent, count",,,,,,,
PUB_T30-1-20260914-20:35:00-2235,scalar,ApplicationStrategyNetwork.sensor[8].app[0],packetSent:count,,,20,,,,,,
PUB_T30-1-20260914-20:35:00-2235,attr,ApplicationStrategyNetwork.sensor[8].app[0],packetSent:count,interpolationmode,none,,,,,,,
PUB_T30-1-20260914-20:35:00-2235,attr,ApplicationStrategyNetwork.sensor[8].app[0],packetSent:count,recordingmode,count,,,,,,,
PUB_T30-1-20260914-20:35:00-2235,attr,ApplicationStrategyNetwork.sensor[8].app[0],packetSent:count,source,packetSent,,,,,,,
PUB_T30-1-20260914-20:35:00-2235,attr,ApplicationStrategyNetwork.sensor[8].app[0],packetSent:count,title,"packets sent, count",,,,,,,
PUB_T30-1-20260914-20:35:00-2235,scalar,ApplicationStrategyNetwork.sensor[9].app[0],packetSent:count,,,20,,,,,,
PUB_T30-1-20260914-20:35:00-2235,attr,ApplicationStrategyNetwork.sensor[9].app[0],packetSent:count,interpolationmode,none,,,,,,,
PUB_T30-1-20260914-20:35:00-2235,attr,ApplicationStrategyNetwork.sensor[9].app[0],packetSent:count,recordingmode,count,,,,,,,
PUB_T30-1-20260914-20:35:00-2235,attr,ApplicationStrategyNetwork.sensor[9].app[0],packetSent:count,source,packetSent,,,,,,,
PUB_T30-1-20260914-20:35:00-2235,attr,ApplicationStrategyNetwork.sensor[9].app[0],packetSent:count,title,"packets sent, count",,,,,,,
PUB_T30-1-20260914-20:35:00-2235,scalar,ApplicationStrategyNetwork.sensor[10].app[0],packetSent:count,,,20,,,,,,
PUB_T30-1-20260914-20:35:00-2235,attr,ApplicationStrategyNetwork.sensor[10].app[0],packetSent:count,interpolationmode,none,,,,,,,
PUB_T30-1-20260914-20:35:00-2235,attr,ApplicationStrategyNetwork.sensor[10].app[0],packetSent:count,recordingmode,count,,,,,,,
PUB_T30-1-20260914-20:35:00-2235,attr,ApplicationStrategyNetwork.sensor[10].app[0],packetSent:count,source,packetSent,,,,,,,
PUB_T30-1-20260914-20:35:00-2235,attr,ApplicationStrategyNetwork.sensor[10].app[0],packetSent:count,title,"packets sent, count",,,,,,,
PUB_T30-1-20260914-20:35:00-2235,scalar,ApplicationStrategyNetwork.sensor[11].app[0],packetSent:count,,,20,,,,,,
PUB_T30-1-20260914-20:35:00-2235,attr,ApplicationStrategyNetwork.sensor[11].app[0],packetSent:count,interpolationmode,none,,,,,,,
PUB_T30-1-20260914-20:35:00-2235,attr,ApplicationStrategyNetwork.sensor[11].app[0],packetSent:count,recordingmode,count,,,,,,,
PUB_T30-1-20260914-20:35:00-2235,attr,ApplicationStrategyNetwork.sensor[11].app[0],packetSent:count,source,packetSent,,,,,,,
PUB_T30-1-20260914-20:35:00-2235,attr,ApplicationStrategyNetwork.sensor[11].app[0],packetSent:count,title,"packets sent, count",,,,,,,
PUB_T30-1-20260914-20:35:00-2235,scalar,ApplicationStrategyNetwork.monitoringServer.app[0],packetReceived:count,,,240,,,,,,
PUB_T30-1-20260914-20:35:00-2235,attr,ApplicationStrategyNetwork.monitoringServer.app[0],packetReceived:count,interpolationmode,none,,,,,,,
PUB_T30-1-20260914-20:35:00-2235,attr,ApplicationStrategyNetwork.monitoringServer.app[0],packetReceived:count,recordingmode,count,,,,,,,
PUB_T30-1-20260914-20:35:00-2235,attr,ApplicationStrategyNetwork.monitoringServer.app[0],packetReceived:count,source,packetReceived,,,,,,,
PUB_T30-1-20260914-20:35:00-2235,attr,ApplicationStrategyNetwork.monitoringServer.app[0],packetReceived:count,title,"packets received, count",,,,,,,
PUB_T30-2-20260914-20:35:01-2240,scalar,ApplicationStrategyNetwork.sensor[0].app[0],packetSent:count,,,20,,,,,,
PUB_T30-2-20260914-20:35:01-2240,attr,ApplicationStrategyNetwork.sensor[0].app[0],packetSent:count,interpolationmode,none,,,,,,,
PUB_T30-2-20260914-20:35:01-2240,attr,ApplicationStrategyNetwork.sensor[0].app[0],packetSent:count,recordingmode,count,,,,,,,
PUB_T30-2-20260914-20:35:01-2240,attr,ApplicationStrategyNetwork.sensor[0].app[0],packetSent:count,source,packetSent,,,,,,,
PUB_T30-2-20260914-20:35:01-2240,attr,ApplicationStrategyNetwork.sensor[0].app[0],packetSent:count,title,"packets sent, count",,,,,,,
PUB_T30-2-20260914-20:35:01-2240,scalar,ApplicationStrategyNetwork.sensor[1].app[0],packetSent:count,,,20,,,,,,
PUB_T30-2-20260914-20:35:01-2240,attr,ApplicationStrategyNetwork.sensor[1].app[0],packetSent:count,interpolationmode,none,,,,,,,
PUB_T30-2-20260914-20:35:01-2240,attr,ApplicationStrategyNetwork.sensor[1].app[0],packetSent:count,recordingmode,count,,,,,,,
PUB_T30-2-20260914-20:35:01-2240,attr,ApplicationStrategyNetwork.sensor[1].app[0],packetSent:count,source,packetSent,,,,,,,
PUB_T30-2-20260914-20:35:01-2240,attr,ApplicationStrategyNetwork.sensor[1].app[0],packetSent:count,title,"packets sent, count",,,,,,,
PUB_T30-2-20260914-20:35:01-2240,scalar,ApplicationStrategyNetwork.sensor[2].app[0],packetSent:count,,,20,,,,,,
PUB_T30-2-20260914-20:35:01-2240,attr,ApplicationStrategyNetwork.sensor[2].app[0],packetSent:count,interpolationmode,none,,,,,,,
PUB_T30-2-20260914-20:35:01-2240,attr,ApplicationStrategyNetwork.sensor[2].app[0],packetSent:count,recordingmode,count,,,,,,,
PUB_T30-2-20260914-20:35:01-2240,attr,ApplicationStrategyNetwork.sensor[2].app[0],packetSent:count,source,packetSent,,,,,,,
PUB_T30-2-20260914-20:35:01-2240,attr,ApplicationStrategyNetwork.sensor[2].app[0],packetSent:count,title,"packets sent, count",,,,,,,
PUB_T30-2-20260914-20:35:01-2240,scalar,ApplicationStrategyNetwork.sensor[3].app[0],packetSent:count,,,20,,,,,,
PUB_T30-2-20260914-20:35:01-2240,attr,ApplicationStrategyNetwork.sensor[3].app[0],packetSent:count,interpolationmode,none,,,,,,,
PUB_T30-2-20260914-20:35:01-2240,attr,ApplicationStrategyNetwork.sensor[3].app[0],packetSent:count,recordingmode,count,,,,,,,
PUB_T30-2-20260914-20:35:01-2240,attr,ApplicationStrategyNetwork.sensor[3].app[0],packetSent:count,source,packetSent,,,,,,,
PUB_T30-2-20260914-20:35:01-2240,attr,ApplicationStrategyNetwork.sensor[3].app[0],packetSent:count,title,"packets sent, count",,,,,,,
PUB_T30-2-20260914-20:35:01-2240,scalar,ApplicationStrategyNetwork.sensor[4].app[0],packetSent:count,,,20,,,,,,
PUB_T30-2-20260914-20:35:01-2240,attr,ApplicationStrategyNetwork.sensor[4].app[0],packetSent:count,interpolationmode,none,,,,,,,
PUB_T30-2-20260914-20:35:01-2240,attr,ApplicationStrategyNetwork.sensor[4].app[0],packetSent:count,recordingmode,count,,,,,,,
PUB_T30-2-20260914-20:35:01-2240,attr,ApplicationStrategyNetwork.sensor[4].app[0],packetSent:count,source,packetSent,,,,,,,
PUB_T30-2-20260914-20:35:01-2240,attr,ApplicationStrategyNetwork.sensor[4].app[0],packetSent:count,title,"packets sent, count",,,,,,,
PUB_T30-2-20260914-20:35:01-2240,scalar,ApplicationStrategyNetwork.sensor[5].app[0],packetSent:count,,,20,,,,,,
PUB_T30-2-20260914-20:35:01-2240,attr,ApplicationStrategyNetwork.sensor[5].app[0],packetSent:count,interpolationmode,none,,,,,,,
PUB_T30-2-20260914-20:35:01-2240,attr,ApplicationStrategyNetwork.sensor[5].app[0],packetSent:count,recordingmode,count,,,,,,,
PUB_T30-2-20260914-20:35:01-2240,attr,ApplicationStrategyNetwork.sensor[5].app[0],packetSent:count,source,packetSent,,,,,,,
PUB_T30-2-20260914-20:35:01-2240,attr,ApplicationStrategyNetwork.sensor[5].app[0],packetSent:count,title,"packets sent, count",,,,,,,
PUB_T30-2-20260914-20:35:01-2240,scalar,ApplicationStrategyNetwork.sensor[6].app[0],packetSent:count,,,20,,,,,,
PUB_T30-2-20260914-20:35:01-2240,attr,ApplicationStrategyNetwork.sensor[6].app[0],packetSent:count,interpolationmode,none,,,,,,,
PUB_T30-2-20260914-20:35:01-2240,attr,ApplicationStrategyNetwork.sensor[6].app[0],packetSent:count,recordingmode,count,,,,,,,
PUB_T30-2-20260914-20:35:01-2240,attr,ApplicationStrategyNetwork.sensor[6].app[0],packetSent:count,source,packetSent,,,,,,,
PUB_T30-2-20260914-20:35:01-2240,attr,ApplicationStrategyNetwork.sensor[6].app[0],packetSent:count,title,"packets sent, count",,,,,,,
PUB_T30-2-20260914-20:35:01-2240,scalar,ApplicationStrategyNetwork.sensor[7].app[0],packetSent:count,,,20,,,,,,
PUB_T30-2-20260914-20:35:01-2240,attr,ApplicationStrategyNetwork.sensor[7].app[0],packetSent:count,interpolationmode,none,,,,,,,
PUB_T30-2-20260914-20:35:01-2240,attr,ApplicationStrategyNetwork.sensor[7].app[0],packetSent:count,recordingmode,count,,,,,,,
PUB_T30-2-20260914-20:35:01-2240,attr,ApplicationStrategyNetwork.sensor[7].app[0],packetSent:count,source,packetSent,,,,,,,
PUB_T30-2-20260914-20:35:01-2240,attr,ApplicationStrategyNetwork.sensor[7].app[0],packetSent:count,title,"packets sent, count",,,,,,,
PUB_T30-2-20260914-20:35:01-2240,scalar,ApplicationStrategyNetwork.sensor[8].app[0],packetSent:count,,,20,,,,,,
PUB_T30-2-20260914-20:35:01-2240,attr,ApplicationStrategyNetwork.sensor[8].app[0],packetSent:count,interpolationmode,none,,,,,,,
PUB_T30-2-20260914-20:35:01-2240,attr,ApplicationStrategyNetwork.sensor[8].app[0],packetSent:count,recordingmode,count,,,,,,,
PUB_T30-2-20260914-20:35:01-2240,attr,ApplicationStrategyNetwork.sensor[8].app[0],packetSent:count,source,packetSent,,,,,,,
PUB_T30-2-20260914-20:35:01-2240,attr,ApplicationStrategyNetwork.sensor[8].app[0],packetSent:count,title,"packets sent, count",,,,,,,
PUB_T30-2-20260914-20:35:01-2240,scalar,ApplicationStrategyNetwork.sensor[9].app[0],packetSent:count,,,20,,,,,,
PUB_T30-2-20260914-20:35:01-2240,attr,ApplicationStrategyNetwork.sensor[9].app[0],packetSent:count,interpolationmode,none,,,,,,,
PUB_T30-2-20260914-20:35:01-2240,attr,ApplicationStrategyNetwork.sensor[9].app[0],packetSent:count,recordingmode,count,,,,,,,
PUB_T30-2-20260914-20:35:01-2240,attr,ApplicationStrategyNetwork.sensor[9].app[0],packetSent:count,source,packetSent,,,,,,,
PUB_T30-2-20260914-20:35:01-2240,attr,ApplicationStrategyNetwork.sensor[9].app[0],packetSent:count,title,"packets sent, count",,,,,,,
PUB_T30-2-20260914-20:35:01-2240,scalar,ApplicationStrategyNetwork.sensor[10].app[0],packetSent:count,,,20,,,,,,
PUB_T30-2-20260914-20:35:01-2240,attr,ApplicationStrategyNetwork.sensor[10].app[0],packetSent:count,interpolationmode,none,,,,,,,
PUB_T30-2-20260914-20:35:01-2240,attr,ApplicationStrategyNetwork.sensor[10].app[0],packetSent:count,recordingmode,count,,,,,,,
PUB_T30-2-20260914-20:35:01-2240,attr,ApplicationStrategyNetwork.sensor[10].app[0],packetSent:count,source,packetSent,,,,,,,
PUB_T30-2-20260914-20:35:01-2240,attr,ApplicationStrategyNetwork.sensor[10].app[0],packetSent:count,title,"packets sent, count",,,,,,,
PUB_T30-2-20260914-20:35:01-2240,scalar,ApplicationStrategyNetwork.sensor[11].app[0],packetSent:count,,,20,,,,,,
PUB_T30-2-20260914-20:35:01-2240,attr,ApplicationStrategyNetwork.sensor[11].app[0],packetSent:count,interpolationmode,none,,,,,,,
PUB_T30-2-20260914-20:35:01-2240,attr,ApplicationStrategyNetwork.sensor[11].app[0],packetSent:count,recordingmode,count,,,,,,,
PUB_T30-2-20260914-20:35:01-2240,attr,ApplicationStrategyNetwork.sensor[11].app[0],packetSent:count,source,packetSent,,,,,,,
PUB_T30-2-20260914-20:35:01-2240,attr,ApplicationStrategyNetwork.sensor[11].app[0],packetSent:count,title,"packets sent, count",,,,,,,
PUB_T30-2-20260914-20:35:01-2240,scalar,ApplicationStrategyNetwork.monitoringServer.app[0],packetReceived:count,,,240,,,,,,
PUB_T30-2-20260914-20:35:01-2240,attr,ApplicationStrategyNetwork.monitoringServer.app[0],packetReceived:count,interpolationmode,none,,,,,,,
PUB_T30-2-20260914-20:35:01-2240,attr,ApplicationStrategyNetwork.monitoringServer.app[0],packetReceived:count,recordingmode,count,,,,,,,
PUB_T30-2-20260914-20:35:01-2240,attr,ApplicationStrategyNetwork.monitoringServer.app[0],packetReceived:count,source,packetReceived,,,,,,,
PUB_T30-2-20260914-20:35:01-2240,attr,ApplicationStrategyNetwork.monitoringServer.app[0],packetReceived:count,title,"packets received, count",,,,,,,
PUB_T30-3-20260914-20:35:03-2245,scalar,ApplicationStrategyNetwork.sensor[0].app[0],packetSent:count,,,20,,,,,,
PUB_T30-3-20260914-20:35:03-2245,attr,ApplicationStrategyNetwork.sensor[0].app[0],packetSent:count,interpolationmode,none,,,,,,,
PUB_T30-3-20260914-20:35:03-2245,attr,ApplicationStrategyNetwork.sensor[0].app[0],packetSent:count,recordingmode,count,,,,,,,
PUB_T30-3-20260914-20:35:03-2245,attr,ApplicationStrategyNetwork.sensor[0].app[0],packetSent:count,source,packetSent,,,,,,,
PUB_T30-3-20260914-20:35:03-2245,attr,ApplicationStrategyNetwork.sensor[0].app[0],packetSent:count,title,"packets sent, count",,,,,,,
PUB_T30-3-20260914-20:35:03-2245,scalar,ApplicationStrategyNetwork.sensor[1].app[0],packetSent:count,,,20,,,,,,
PUB_T30-3-20260914-20:35:03-2245,attr,ApplicationStrategyNetwork.sensor[1].app[0],packetSent:count,interpolationmode,none,,,,,,,
PUB_T30-3-20260914-20:35:03-2245,attr,ApplicationStrategyNetwork.sensor[1].app[0],packetSent:count,recordingmode,count,,,,,,,
PUB_T30-3-20260914-20:35:03-2245,attr,ApplicationStrategyNetwork.sensor[1].app[0],packetSent:count,source,packetSent,,,,,,,
PUB_T30-3-20260914-20:35:03-2245,attr,ApplicationStrategyNetwork.sensor[1].app[0],packetSent:count,title,"packets sent, count",,,,,,,
PUB_T30-3-20260914-20:35:03-2245,scalar,ApplicationStrategyNetwork.sensor[2].app[0],packetSent:count,,,20,,,,,,
PUB_T30-3-20260914-20:35:03-2245,attr,ApplicationStrategyNetwork.sensor[2].app[0],packetSent:count,interpolationmode,none,,,,,,,
PUB_T30-3-20260914-20:35:03-2245,attr,ApplicationStrategyNetwork.sensor[2].app[0],packetSent:count,recordingmode,count,,,,,,,
PUB_T30-3-20260914-20:35:03-2245,attr,ApplicationStrategyNetwork.sensor[2].app[0],packetSent:count,source,packetSent,,,,,,,
PUB_T30-3-20260914-20:35:03-2245,attr,ApplicationStrategyNetwork.sensor[2].app[0],packetSent:count,title,"packets sent, count",,,,,,,
PUB_T30-3-20260914-20:35:03-2245,scalar,ApplicationStrategyNetwork.sensor[3].app[0],packetSent:count,,,20,,,,,,
PUB_T30-3-20260914-20:35:03-2245,attr,ApplicationStrategyNetwork.sensor[3].app[0],packetSent:count,interpolationmode,none,,,,,,,
PUB_T30-3-20260914-20:35:03-2245,attr,ApplicationStrategyNetwork.sensor[3].app[0],packetSent:count,recordingmode,count,,,,,,,
PUB_T30-3-20260914-20:35:03-2245,attr,ApplicationStrategyNetwork.sensor[3].app[0],packetSent:count,source,packetSent,,,,,,,
PUB_T30-3-20260914-20:35:03-2245,attr,ApplicationStrategyNetwork.sensor[3].app[0],packetSent:count,title,"packets sent, count",,,,,,,
PUB_T30-3-20260914-20:35:03-2245,scalar,ApplicationStrategyNetwork.sensor[4].app[0],packetSent:count,,,20,,,,,,
PUB_T30-3-20260914-20:35:03-2245,attr,ApplicationStrategyNetwork.sensor[4].app[0],packetSent:count,interpolationmode,none,,,,,,,
PUB_T30-3-20260914-20:35:03-2245,attr,ApplicationStrategyNetwork.sensor[4].app[0],packetSent:count,recordingmode,count,,,,,,,
PUB_T30-3-20260914-20:35:03-2245,attr,ApplicationStrategyNetwork.sensor[4].app[0],packetSent:count,source,packetSent,,,,,,,
PUB_T30-3-20260914-20:35:03-2245,attr,ApplicationStrategyNetwork.sensor[4].app[0],packetSent:count,title,"packets sent, count",,,,,,,
PUB_T30-3-20260914-20:35:03-2245,scalar,ApplicationStrategyNetwork.sensor[5].app[0],packetSent:count,,,20,,,,,,
PUB_T30-3-20260914-20:35:03-2245,attr,ApplicationStrategyNetwork.sensor[5].app[0],packetSent:count,interpolationmode,none,,,,,,,
PUB_T30-3-20260914-20:35:03-2245,attr,ApplicationStrategyNetwork.sensor[5].app[0],packetSent:count,recordingmode,count,,,,,,,
PUB_T30-3-20260914-20:35:03-2245,attr,ApplicationStrategyNetwork.sensor[5].app[0],packetSent:count,source,packetSent,,,,,,,
PUB_T30-3-20260914-20:35:03-2245,attr,ApplicationStrategyNetwork.sensor[5].app[0],packetSent:count,title,"packets sent, count",,,,,,,
PUB_T30-3-20260914-20:35:03-2245,scalar,ApplicationStrategyNetwork.sensor[6].app[0],packetSent:count,,,20,,,,,,
PUB_T30-3-20260914-20:35:03-2245,attr,ApplicationStrategyNetwork.sensor[6].app[0],packetSent:count,interpolationmode,none,,,,,,,
PUB_T30-3-20260914-20:35:03-2245,attr,ApplicationStrategyNetwork.sensor[6].app[0],packetSent:count,recordingmode,count,,,,,,,
PUB_T30-3-20260914-20:35:03-2245,attr,ApplicationStrategyNetwork.sensor[6].app[0],packetSent:count,source,packetSent,,,,,,,
PUB_T30-3-20260914-20:35:03-2245,attr,ApplicationStrategyNetwork.sensor[6].app[0],packetSent:count,title,"packets sent, count",,,,,,,
PUB_T30-3-20260914-20:35:03-2245,scalar,ApplicationStrategyNetwork.sensor[7].app[0],packetSent:count,,,20,,,,,,
PUB_T30-3-20260914-20:35:03-2245,attr,ApplicationStrategyNetwork.sensor[7].app[0],packetSent:count,interpolationmode,none,,,,,,,
PUB_T30-3-20260914-20:35:03-2245,attr,ApplicationStrategyNetwork.sensor[7].app[0],packetSent:count,recordingmode,count,,,,,,,
PUB_T30-3-20260914-20:35:03-2245,attr,ApplicationStrategyNetwork.sensor[7].app[0],packetSent:count,source,packetSent,,,,,,,
PUB_T30-3-20260914-20:35:03-2245,attr,ApplicationStrategyNetwork.sensor[7].app[0],packetSent:count,title,"packets sent, count",,,,,,,
PUB_T30-3-20260914-20:35:03-2245,scalar,ApplicationStrategyNetwork.sensor[8].app[0],packetSent:count,,,20,,,,,,
PUB_T30-3-20260914-20:35:03-2245,attr,ApplicationStrategyNetwork.sensor[8].app[0],packetSent:count,interpolationmode,none,,,,,,,
PUB_T30-3-20260914-20:35:03-2245,attr,ApplicationStrategyNetwork.sensor[8].app[0],packetSent:count,recordingmode,count,,,,,,,
PUB_T30-3-20260914-20:35:03-2245,attr,ApplicationStrategyNetwork.sensor[8].app[0],packetSent:count,source,packetSent,,,,,,,
PUB_T30-3-20260914-20:35:03-2245,attr,ApplicationStrategyNetwork.sensor[8].app[0],packetSent:count,title,"packets sent, count",,,,,,,
PUB_T30-3-20260914-20:35:03-2245,scalar,ApplicationStrategyNetwork.sensor[9].app[0],packetSent:count,,,20,,,,,,
PUB_T30-3-20260914-20:35:03-2245,attr,ApplicationStrategyNetwork.sensor[9].app[0],packetSent:count,interpolationmode,none,,,,,,,
PUB_T30-3-20260914-20:35:03-2245,attr,ApplicationStrategyNetwork.sensor[9].app[0],packetSent:count,recordingmode,count,,,,,,,
PUB_T30-3-20260914-20:35:03-2245,attr,ApplicationStrategyNetwork.sensor[9].app[0],packetSent:count,source,packetSent,,,,,,,
PUB_T30-3-20260914-20:35:03-2245,attr,ApplicationStrategyNetwork.sensor[9].app[0],packetSent:count,title,"packets sent, count",,,,,,,
PUB_T30-3-20260914-20:35:03-2245,scalar,ApplicationStrategyNetwork.sensor[10].app[0],packetSent:count,,,20,,,,,,
PUB_T30-3-20260914-20:35:03-2245,attr,ApplicationStrategyNetwork.sensor[10].app[0],packetSent:count,interpolationmode,none,,,,,,,
PUB_T30-3-20260914-20:35:03-2245,attr,ApplicationStrategyNetwork.sensor[10].app[0],packetSent:count,recordingmode,count,,,,,,,
PUB_T30-3-20260914-20:35:03-2245,attr,ApplicationStrategyNetwork.sensor[10].app[0],packetSent:count,source,packetSent,,,,,,,
PUB_T30-3-20260914-20:35:03-2245,attr,ApplicationStrategyNetwork.sensor[10].app[0],packetSent:count,title,"packets sent, count",,,,,,,
PUB_T30-3-20260914-20:35:03-2245,scalar,ApplicationStrategyNetwork.sensor[11].app[0],packetSent:count,,,20,,,,,,
PUB_T30-3-20260914-20:35:03-2245,attr,ApplicationStrategyNetwork.sensor[11].app[0],packetSent:count,interpolationmode,none,,,,,,,
PUB_T30-3-20260914-20:35:03-2245,attr,ApplicationStrategyNetwork.sensor[11].app[0],packetSent:count,recordingmode,count,,,,,,,
PUB_T30-3-20260914-20:35:03-2245,attr,ApplicationStrategyNetwork.sensor[11].app[0],packetSent:count,source,packetSent,,,,,,,
PUB_T30-3-20260914-20:35:03-2245,attr,ApplicationStrategyNetwork.sensor[11].app[0],packetSent:count,title,"packets sent, count",,,,,,,
PUB_T30-3-20260914-20:35:03-2245,scalar,ApplicationStrategyNetwork.monitoringServer.app[0],packetReceived:count,,,240,,,,,,
PUB_T30-3-20260914-20:35:03-2245,attr,ApplicationStrategyNetwork.monitoringServer.app[0],packetReceived:count,interpolationmode,none,,,,,,,
PUB_T30-3-20260914-20:35:03-2245,attr,ApplicationStrategyNetwork.monitoringServer.app[0],packetReceived:count,recordingmode,count,,,,,,,
PUB_T30-3-20260914-20:35:03-2245,attr,ApplicationStrategyNetwork.monitoringServer.app[0],packetReceived:count,source,packetReceived,,,,,,,
PUB_T30-3-20260914-20:35:03-2245,attr,ApplicationStrategyNetwork.monitoringServer.app[0],packetReceived:count,title,"packets received, count",,,,,,,
PUB_T30-4-20260914-20:35:05-2250,scalar,ApplicationStrategyNetwork.sensor[0].app[0],packetSent:count,,,20,,,,,,
PUB_T30-4-20260914-20:35:05-2250,attr,ApplicationStrategyNetwork.sensor[0].app[0],packetSent:count,interpolationmode,none,,,,,,,
PUB_T30-4-20260914-20:35:05-2250,attr,ApplicationStrategyNetwork.sensor[0].app[0],packetSent:count,recordingmode,count,,,,,,,
PUB_T30-4-20260914-20:35:05-2250,attr,ApplicationStrategyNetwork.sensor[0].app[0],packetSent:count,source,packetSent,,,,,,,
PUB_T30-4-20260914-20:35:05-2250,attr,ApplicationStrategyNetwork.sensor[0].app[0],packetSent:count,title,"packets sent, count",,,,,,,
PUB_T30-4-20260914-20:35:05-2250,scalar,ApplicationStrategyNetwork.sensor[1].app[0],packetSent:count,,,20,,,,,,
PUB_T30-4-20260914-20:35:05-2250,attr,ApplicationStrategyNetwork.sensor[1].app[0],packetSent:count,interpolationmode,none,,,,,,,
PUB_T30-4-20260914-20:35:05-2250,attr,ApplicationStrategyNetwork.sensor[1].app[0],packetSent:count,recordingmode,count,,,,,,,
PUB_T30-4-20260914-20:35:05-2250,attr,ApplicationStrategyNetwork.sensor[1].app[0],packetSent:count,source,packetSent,,,,,,,
PUB_T30-4-20260914-20:35:05-2250,attr,ApplicationStrategyNetwork.sensor[1].app[0],packetSent:count,title,"packets sent, count",,,,,,,
PUB_T30-4-20260914-20:35:05-2250,scalar,ApplicationStrategyNetwork.sensor[2].app[0],packetSent:count,,,20,,,,,,
PUB_T30-4-20260914-20:35:05-2250,attr,ApplicationStrategyNetwork.sensor[2].app[0],packetSent:count,interpolationmode,none,,,,,,,
PUB_T30-4-20260914-20:35:05-2250,attr,ApplicationStrategyNetwork.sensor[2].app[0],packetSent:count,recordingmode,count,,,,,,,
PUB_T30-4-20260914-20:35:05-2250,attr,ApplicationStrategyNetwork.sensor[2].app[0],packetSent:count,source,packetSent,,,,,,,
PUB_T30-4-20260914-20:35:05-2250,attr,ApplicationStrategyNetwork.sensor[2].app[0],packetSent:count,title,"packets sent, count",,,,,,,
PUB_T30-4-20260914-20:35:05-2250,scalar,ApplicationStrategyNetwork.sensor[3].app[0],packetSent:count,,,20,,,,,,
PUB_T30-4-20260914-20:35:05-2250,attr,ApplicationStrategyNetwork.sensor[3].app[0],packetSent:count,interpolationmode,none,,,,,,,
PUB_T30-4-20260914-20:35:05-2250,attr,ApplicationStrategyNetwork.sensor[3].app[0],packetSent:count,recordingmode,count,,,,,,,
PUB_T30-4-20260914-20:35:05-2250,attr,ApplicationStrategyNetwork.sensor[3].app[0],packetSent:count,source,packetSent,,,,,,,
PUB_T30-4-20260914-20:35:05-2250,attr,ApplicationStrategyNetwork.sensor[3].app[0],packetSent:count,title,"packets sent, count",,,,,,,
PUB_T30-4-20260914-20:35:05-2250,scalar,ApplicationStrategyNetwork.sensor[4].app[0],packetSent:count,,,20,,,,,,
PUB_T30-4-20260914-20:35:05-2250,attr,ApplicationStrategyNetwork.sensor[4].app[0],packetSent:count,interpolationmode,none,,,,,,,
PUB_T30-4-20260914-20:35:05-2250,attr,ApplicationStrategyNetwork.sensor[4].app[0],packetSent:count,recordingmode,count,,,,,,,
PUB_T30-4-20260914-20:35:05-2250,attr,ApplicationStrategyNetwork.sensor[4].app[0],packetSent:count,source,packetSent,,,,,,,
PUB_T30-4-20260914-20:35:05-2250,attr,ApplicationStrategyNetwork.sensor[4].app[0],packetSent:count,title,"packets sent, count",,,,,,,
PUB_T30-4-20260914-20:35:05-2250,scalar,ApplicationStrategyNetwork.sensor[5].app[0],packetSent:count,,,20,,,,,,
PUB_T30-4-20260914-20:35:05-2250,attr,ApplicationStrategyNetwork.sensor[5].app[0],packetSent:count,interpolationmode,none,,,,,,,
PUB_T30-4-20260914-20:35:05-2250,attr,ApplicationStrategyNetwork.sensor[5].app[0],packetSent:count,recordingmode,count,,,,,,,
PUB_T30-4-20260914-20:35:05-2250,attr,ApplicationStrategyNetwork.sensor[5].app[0],packetSent:count,source,packetSent,,,,,,,
PUB_T30-4-20260914-20:35:05-2250,attr,ApplicationStrategyNetwork.sensor[5].app[0],packetSent:count,title,"packets sent, count",,,,,,,
PUB_T30-4-20260914-20:35:05-2250,scalar,ApplicationStrategyNetwork.sensor[6].app[0],packetSent:count,,,20,,,,,,
PUB_T30-4-20260914-20:35:05-2250,attr,ApplicationStrategyNetwork.sensor[6].app[0],packetSent:count,interpolationmode,none,,,,,,,
PUB_T30-4-20260914-20:35:05-2250,attr,ApplicationStrategyNetwork.sensor[6].app[0],packetSent:count,recordingmode,count,,,,,,,
PUB_T30-4-20260914-20:35:05-2250,attr,ApplicationStrategyNetwork.sensor[6].app[0],packetSent:count,source,packetSent,,,,,,,
PUB_T30-4-20260914-20:35:05-2250,attr,ApplicationStrategyNetwork.sensor[6].app[0],packetSent:count,title,"packets sent, count",,,,,,,
PUB_T30-4-20260914-20:35:05-2250,scalar,ApplicationStrategyNetwork.sensor[7].app[0],packetSent:count,,,20,,,,,,
PUB_T30-4-20260914-20:35:05-2250,attr,ApplicationStrategyNetwork.sensor[7].app[0],packetSent:count,interpolationmode,none,,,,,,,
PUB_T30-4-20260914-20:35:05-2250,attr,ApplicationStrategyNetwork.sensor[7].app[0],packetSent:count,recordingmode,count,,,,,,,
PUB_T30-4-20260914-20:35:05-2250,attr,ApplicationStrategyNetwork.sensor[7].app[0],packetSent:count,source,packetSent,,,,,,,
PUB_T30-4-20260914-20:35:05-2250,attr,ApplicationStrategyNetwork.sensor[7].app[0],packetSent:count,title,"packets sent, count",,,,,,,
PUB_T30-4-20260914-20:35:05-2250,scalar,ApplicationStrategyNetwork.sensor[8].app[0],packetSent:count,,,20,,,,,,
PUB_T30-4-20260914-20:35:05-2250,attr,ApplicationStrategyNetwork.sensor[8].app[0],packetSent:count,interpolationmode,none,,,,,,,
PUB_T30-4-20260914-20:35:05-2250,attr,ApplicationStrategyNetwork.sensor[8].app[0],packetSent:count,recordingmode,count,,,,,,,
PUB_T30-4-20260914-20:35:05-2250,attr,ApplicationStrategyNetwork.sensor[8].app[0],packetSent:count,source,packetSent,,,,,,,
PUB_T30-4-20260914-20:35:05-2250,attr,ApplicationStrategyNetwork.sensor[8].app[0],packetSent:count,title,"packets sent, count",,,,,,,
PUB_T30-4-20260914-20:35:05-2250,scalar,ApplicationStrategyNetwork.sensor[9].app[0],packetSent:count,,,20,,,,,,
PUB_T30-4-20260914-20:35:05-2250,attr,ApplicationStrategyNetwork.sensor[9].app[0],packetSent:count,interpolationmode,none,,,,,,,
PUB_T30-4-20260914-20:35:05-2250,attr,ApplicationStrategyNetwork.sensor[9].app[0],packetSent:count,recordingmode,count,,,,,,,
PUB_T30-4-20260914-20:35:05-2250,attr,ApplicationStrategyNetwork.sensor[9].app[0],packetSent:count,source,packetSent,,,,,,,
PUB_T30-4-20260914-20:35:05-2250,attr,ApplicationStrategyNetwork.sensor[9].app[0],packetSent:count,title,"packets sent, count",,,,,,,
PUB_T30-4-20260914-20:35:05-2250,scalar,ApplicationStrategyNetwork.sensor[10].app[0],packetSent:count,,,20,,,,,,
PUB_T30-4-20260914-20:35:05-2250,attr,ApplicationStrategyNetwork.sensor[10].app[0],packetSent:count,interpolationmode,none,,,,,,,
PUB_T30-4-20260914-20:35:05-2250,attr,ApplicationStrategyNetwork.sensor[10].app[0],packetSent:count,recordingmode,count,,,,,,,
PUB_T30-4-20260914-20:35:05-2250,attr,ApplicationStrategyNetwork.sensor[10].app[0],packetSent:count,source,packetSent,,,,,,,
PUB_T30-4-20260914-20:35:05-2250,attr,ApplicationStrategyNetwork.sensor[10].app[0],packetSent:count,title,"packets sent, count",,,,,,,
PUB_T30-4-20260914-20:35:05-2250,scalar,ApplicationStrategyNetwork.sensor[11].app[0],packetSent:count,,,20,,,,,,
PUB_T30-4-20260914-20:35:05-2250,attr,ApplicationStrategyNetwork.sensor[11].app[0],packetSent:count,interpolationmode,none,,,,,,,
PUB_T30-4-20260914-20:35:05-2250,attr,ApplicationStrategyNetwork.sensor[11].app[0],packetSent:count,recordingmode,count,,,,,,,
PUB_T30-4-20260914-20:35:05-2250,attr,ApplicationStrategyNetwork.sensor[11].app[0],packetSent:count,source,packetSent,,,,,,,
PUB_T30-4-20260914-20:35:05-2250,attr,ApplicationStrategyNetwork.sensor[11].app[0],packetSent:count,title,"packets sent, count",,,,,,,
PUB_T30-4-20260914-20:35:05-2250,scalar,ApplicationStrategyNetwork.monitoringServer.app[0],packetReceived:count,,,240,,,,,,
PUB_T30-4-20260914-20:35:05-2250,attr,ApplicationStrategyNetwork.monitoringServer.app[0],packetReceived:count,interpolationmode,none,,,,,,,
PUB_T30-4-20260914-20:35:05-2250,attr,ApplicationStrategyNetwork.monitoringServer.app[0],packetReceived:count,recordingmode,count,,,,,,,
PUB_T30-4-20260914-20:35:05-2250,attr,ApplicationStrategyNetwork.monitoringServer.app[0],packetReceived:count,source,packetReceived,,,,,,,
PUB_T30-4-20260914-20:35:05-2250,attr,ApplicationStrategyNetwork.monitoringServer.app[0],packetReceived:count,title,"packets received, count",,,,,,,
PUB_T5-0-20260914-20:33:50-2005,scalar,ApplicationStrategyNetwork.sensor[0].app[0],packetSent:count,,,120,,,,,,
PUB_T5-0-20260914-20:33:50-2005,attr,ApplicationStrategyNetwork.sensor[0].app[0],packetSent:count,interpolationmode,none,,,,,,,
PUB_T5-0-20260914-20:33:50-2005,attr,ApplicationStrategyNetwork.sensor[0].app[0],packetSent:count,recordingmode,count,,,,,,,
PUB_T5-0-20260914-20:33:50-2005,attr,ApplicationStrategyNetwork.sensor[0].app[0],packetSent:count,source,packetSent,,,,,,,
PUB_T5-0-20260914-20:33:50-2005,attr,ApplicationStrategyNetwork.sensor[0].app[0],packetSent:count,title,"packets sent, count",,,,,,,
PUB_T5-0-20260914-20:33:50-2005,scalar,ApplicationStrategyNetwork.sensor[1].app[0],packetSent:count,,,120,,,,,,
PUB_T5-0-20260914-20:33:50-2005,attr,ApplicationStrategyNetwork.sensor[1].app[0],packetSent:count,interpolationmode,none,,,,,,,
PUB_T5-0-20260914-20:33:50-2005,attr,ApplicationStrategyNetwork.sensor[1].app[0],packetSent:count,recordingmode,count,,,,,,,
PUB_T5-0-20260914-20:33:50-2005,attr,ApplicationStrategyNetwork.sensor[1].app[0],packetSent:count,source,packetSent,,,,,,,
PUB_T5-0-20260914-20:33:50-2005,attr,ApplicationStrategyNetwork.sensor[1].app[0],packetSent:count,title,"packets sent, count",,,,,,,
PUB_T5-0-20260914-20:33:50-2005,scalar,ApplicationStrategyNetwork.sensor[2].app[0],packetSent:count,,,120,,,,,,
PUB_T5-0-20260914-20:33:50-2005,attr,ApplicationStrategyNetwork.sensor[2].app[0],packetSent:count,interpolationmode,none,,,,,,,
PUB_T5-0-20260914-20:33:50-2005,attr,ApplicationStrategyNetwork.sensor[2].app[0],packetSent:count,recordingmode,count,,,,,,,
PUB_T5-0-20260914-20:33:50-2005,attr,ApplicationStrategyNetwork.sensor[2].app[0],packetSent:count,source,packetSent,,,,,,,
PUB_T5-0-20260914-20:33:50-2005,attr,ApplicationStrategyNetwork.sensor[2].app[0],packetSent:count,title,"packets sent, count",,,,,,,
PUB_T5-0-20260914-20:33:50-2005,scalar,ApplicationStrategyNetwork.sensor[3].app[0],packetSent:count,,,120,,,,,,
PUB_T5-0-20260914-20:33:50-2005,attr,ApplicationStrategyNetwork.sensor[3].app[0],packetSent:count,interpolationmode,none,,,,,,,
PUB_T5-0-20260914-20:33:50-2005,attr,ApplicationStrategyNetwork.sensor[3].app[0],packetSent:count,recordingmode,count,,,,,,,
PUB_T5-0-20260914-20:33:50-2005,attr,ApplicationStrategyNetwork.sensor[3].app[0],packetSent:count,source,packetSent,,,,,,,
PUB_T5-0-20260914-20:33:50-2005,attr,ApplicationStrategyNetwork.sensor[3].app[0],packetSent:count,title,"packets sent, count",,,,,,,
PUB_T5-0-20260914-20:33:50-2005,scalar,ApplicationStrategyNetwork.sensor[4].app[0],packetSent:count,,,120,,,,,,
PUB_T5-0-20260914-20:33:50-2005,attr,ApplicationStrategyNetwork.sensor[4].app[0],packetSent:count,interpolationmode,none,,,,,,,
PUB_T5-0-20260914-20:33:50-2005,attr,ApplicationStrategyNetwork.sensor[4].app[0],packetSent:count,recordingmode,count,,,,,,,
PUB_T5-0-20260914-20:33:50-2005,attr,ApplicationStrategyNetwork.sensor[4].app[0],packetSent:count,source,packetSent,,,,,,,
PUB_T5-0-20260914-20:33:50-2005,attr,ApplicationStrategyNetwork.sensor[4].app[0],packetSent:count,title,"packets sent, count",,,,,,,
PUB_T5-0-20260914-20:33:50-2005,scalar,ApplicationStrategyNetwork.sensor[5].app[0],packetSent:count,,,120,,,,,,
PUB_T5-0-20260914-20:33:50-2005,attr,ApplicationStrategyNetwork.sensor[5].app[0],packetSent:count,interpolationmode,none,,,,,,,
PUB_T5-0-20260914-20:33:50-2005,attr,ApplicationStrategyNetwork.sensor[5].app[0],packetSent:count,recordingmode,count,,,,,,,
PUB_T5-0-20260914-20:33:50-2005,attr,ApplicationStrategyNetwork.sensor[5].app[0],packetSent:count,source,packetSent,,,,,,,
PUB_T5-0-20260914-20:33:50-2005,attr,ApplicationStrategyNetwork.sensor[5].app[0],packetSent:count,title,"packets sent, count",,,,,,,
PUB_T5-0-20260914-20:33:50-2005,scalar,ApplicationStrategyNetwork.sensor[6].app[0],packetSent:count,,,120,,,,,,
PUB_T5-0-20260914-20:33:50-2005,attr,ApplicationStrategyNetwork.sensor[6].app[0],packetSent:count,interpolationmode,none,,,,,,,
PUB_T5-0-20260914-20:33:50-2005,attr,ApplicationStrategyNetwork.sensor[6].app[0],packetSent:count,recordingmode,count,,,,,,,
PUB_T5-0-20260914-20:33:50-2005,attr,ApplicationStrategyNetwork.sensor[6].app[0],packetSent:count,source,packetSent,,,,,,,
PUB_T5-0-20260914-20:33:50-2005,attr,ApplicationStrategyNetwork.sensor[6].app[0],packetSent:count,title,"packets sent, count",,,,,,,
PUB_T5-0-20260914-20:33:50-2005,scalar,ApplicationStrategyNetwork.sensor[7].app[0],packetSent:count,,,120,,,,,,
PUB_T5-0-20260914-20:33:50-2005,attr,ApplicationStrategyNetwork.sensor[7].app[0],packetSent:count,interpolationmode,none,,,,,,,
PUB_T5-0-20260914-20:33:50-2005,attr,ApplicationStrategyNetwork.sensor[7].app[0],packetSent:count,recordingmode,count,,,,,,,
PUB_T5-0-20260914-20:33:50-2005,attr,ApplicationStrategyNetwork.sensor[7].app[0],packetSent:count,source,packetSent,,,,,,,
PUB_T5-0-20260914-20:33:50-2005,attr,ApplicationStrategyNetwork.sensor[7].app[0],packetSent:count,title,"packets sent, count",,,,,,,
PUB_T5-0-20260914-20:33:50-2005,scalar,ApplicationStrategyNetwork.sensor[8].app[0],packetSent:count,,,120,,,,,,
PUB_T5-0-20260914-20:33:50-2005,attr,ApplicationStrategyNetwork.sensor[8].app[0],packetSent:count,interpolationmode,none,,,,,,,
PUB_T5-0-20260914-20:33:50-2005,attr,ApplicationStrategyNetwork.sensor[8].app[0],packetSent:count,recordingmode,count,,,,,,,
PUB_T5-0-20260914-20:33:50-2005,attr,ApplicationStrategyNetwork.sensor[8].app[0],packetSent:count,source,packetSent,,,,,,,
PUB_T5-0-20260914-20:33:50-2005,attr,ApplicationStrategyNetwork.sensor[8].app[0],packetSent:count,title,"packets sent, count",,,,,,,
PUB_T5-0-20260914-20:33:50-2005,scalar,ApplicationStrategyNetwork.sensor[9].app[0],packetSent:count,,,120,,,,,,
PUB_T5-0-20260914-20:33:50-2005,attr,ApplicationStrategyNetwork.sensor[9].app[0],packetSent:count,interpolationmode,none,,,,,,,
PUB_T5-0-20260914-20:33:50-2005,attr,ApplicationStrategyNetwork.sensor[9].app[0],packetSent:count,recordingmode,count,,,,,,,
PUB_T5-0-20260914-20:33:50-2005,attr,ApplicationStrategyNetwork.sensor[9].app[0],packetSent:count,source,packetSent,,,,,,,
PUB_T5-0-20260914-20:33:50-2005,attr,ApplicationStrategyNetwork.sensor[9].app[0],packetSent:count,title,"packets sent, count",,,,,,,
PUB_T5-0-20260914-20:33:50-2005,scalar,ApplicationStrategyNetwork.sensor[10].app[0],packetSent:count,,,120,,,,,,
PUB_T5-0-20260914-20:33:50-2005,attr,ApplicationStrategyNetwork.sensor[10].app[0],packetSent:count,interpolationmode,none,,,,,,,
PUB_T5-0-20260914-20:33:50-2005,attr,ApplicationStrategyNetwork.sensor[10].app[0],packetSent:count,recordingmode,count,,,,,,,
PUB_T5-0-20260914-20:33:50-2005,attr,ApplicationStrategyNetwork.sensor[10].app[0],packetSent:count,source,packetSent,,,,,,,
PUB_T5-0-20260914-20:33:50-2005,attr,ApplicationStrategyNetwork.sensor[10].app[0],packetSent:count,title,"packets sent, count",,,,,,,
PUB_T5-0-20260914-20:33:50-2005,scalar,ApplicationStrategyNetwork.sensor[11].app[0],packetSent:count,,,120,,,,,,
PUB_T5-0-20260914-20:33:50-2005,attr,ApplicationStrategyNetwork.sensor[11].app[0],packetSent:count,interpolationmode,none,,,,,,,
PUB_T5-0-20260914-20:33:50-2005,attr,ApplicationStrategyNetwork.sensor[11].app[0],packetSent:count,recordingmode,count,,,,,,,
PUB_T5-0-20260914-20:33:50-2005,attr,ApplicationStrategyNetwork.sensor[11].app[0],packetSent:count,source,packetSent,,,,,,,
PUB_T5-0-20260914-20:33:50-2005,attr,ApplicationStrategyNetwork.sensor[11].app[0],packetSent:count,title,"packets sent, count",,,,,,,
PUB_T5-0-20260914-20:33:50-2005,scalar,ApplicationStrategyNetwork.monitoringServer.app[0],packetReceived:count,,,1440,,,,,,
PUB_T5-0-20260914-20:33:50-2005,attr,ApplicationStrategyNetwork.monitoringServer.app[0],packetReceived:count,interpolationmode,none,,,,,,,
PUB_T5-0-20260914-20:33:50-2005,attr,ApplicationStrategyNetwork.monitoringServer.app[0],packetReceived:count,recordingmode,count,,,,,,,
PUB_T5-0-20260914-20:33:50-2005,attr,ApplicationStrategyNetwork.monitoringServer.app[0],packetReceived:count,source,packetReceived,,,,,,,
PUB_T5-0-20260914-20:33:50-2005,attr,ApplicationStrategyNetwork.monitoringServer.app[0],packetReceived:count,title,"packets received, count",,,,,,,
PUB_T5-1-20260914-20:33:55-2010,scalar,ApplicationStrategyNetwork.sensor[0].app[0],packetSent:count,,,120,,,,,,
PUB_T5-1-20260914-20:33:55-2010,attr,ApplicationStrategyNetwork.sensor[0].app[0],packetSent:count,interpolationmode,none,,,,,,,
PUB_T5-1-20260914-20:33:55-2010,attr,ApplicationStrategyNetwork.sensor[0].app[0],packetSent:count,recordingmode,count,,,,,,,
PUB_T5-1-20260914-20:33:55-2010,attr,ApplicationStrategyNetwork.sensor[0].app[0],packetSent:count,source,packetSent,,,,,,,
PUB_T5-1-20260914-20:33:55-2010,attr,ApplicationStrategyNetwork.sensor[0].app[0],packetSent:count,title,"packets sent, count",,,,,,,
PUB_T5-1-20260914-20:33:55-2010,scalar,ApplicationStrategyNetwork.sensor[1].app[0],packetSent:count,,,120,,,,,,
PUB_T5-1-20260914-20:33:55-2010,attr,ApplicationStrategyNetwork.sensor[1].app[0],packetSent:count,interpolationmode,none,,,,,,,
PUB_T5-1-20260914-20:33:55-2010,attr,ApplicationStrategyNetwork.sensor[1].app[0],packetSent:count,recordingmode,count,,,,,,,
PUB_T5-1-20260914-20:33:55-2010,attr,ApplicationStrategyNetwork.sensor[1].app[0],packetSent:count,source,packetSent,,,,,,,
PUB_T5-1-20260914-20:33:55-2010,attr,ApplicationStrategyNetwork.sensor[1].app[0],packetSent:count,title,"packets sent, count",,,,,,,
PUB_T5-1-20260914-20:33:55-2010,scalar,ApplicationStrategyNetwork.sensor[2].app[0],packetSent:count,,,120,,,,,,
PUB_T5-1-20260914-20:33:55-2010,attr,ApplicationStrategyNetwork.sensor[2].app[0],packetSent:count,interpolationmode,none,,,,,,,
PUB_T5-1-20260914-20:33:55-2010,attr,ApplicationStrategyNetwork.sensor[2].app[0],packetSent:count,recordingmode,count,,,,,,,
PUB_T5-1-20260914-20:33:55-2010,attr,ApplicationStrategyNetwork.sensor[2].app[0],packetSent:count,source,packetSent,,,,,,,
PUB_T5-1-20260914-20:33:55-2010,attr,ApplicationStrategyNetwork.sensor[2].app[0],packetSent:count,title,"packets sent, count",,,,,,,
PUB_T5-1-20260914-20:33:55-2010,scalar,ApplicationStrategyNetwork.sensor[3].app[0],packetSent:count,,,120,,,,,,
PUB_T5-1-20260914-20:33:55-2010,attr,ApplicationStrategyNetwork.sensor[3].app[0],packetSent:count,interpolationmode,none,,,,,,,
PUB_T5-1-20260914-20:33:55-2010,attr,ApplicationStrategyNetwork.sensor[3].app[0],packetSent:count,recordingmode,count,,,,,,,
PUB_T5-1-20260914-20:33:55-2010,attr,ApplicationStrategyNetwork.sensor[3].app[0],packetSent:count,source,packetSent,,,,,,,
PUB_T5-1-20260914-20:33:55-2010,attr,ApplicationStrategyNetwork.sensor[3].app[0],packetSent:count,title,"packets sent, count",,,,,,,
PUB_T5-1-20260914-20:33:55-2010,scalar,ApplicationStrategyNetwork.sensor[4].app[0],packetSent:count,,,120,,,,,,
PUB_T5-1-20260914-20:33:55-2010,attr,ApplicationStrategyNetwork.sensor[4].app[0],packetSent:count,interpolationmode,none,,,,,,,
PUB_T5-1-20260914-20:33:55-2010,attr,ApplicationStrategyNetwork.sensor[4].app[0],packetSent:count,recordingmode,count,,,,,,,
PUB_T5-1-20260914-20:33:55-2010,attr,ApplicationStrategyNetwork.sensor[4].app[0],packetSent:count,source,packetSent,,,,,,,
PUB_T5-1-20260914-20:33:55-2010,attr,ApplicationStrategyNetwork.sensor[4].app[0],packetSent:count,title,"packets sent, count",,,,,,,
PUB_T5-1-20260914-20:33:55-2010,scalar,ApplicationStrategyNetwork.sensor[5].app[0],packetSent:count,,,120,,,,,,
PUB_T5-1-20260914-20:33:55-2010,attr,ApplicationStrategyNetwork.sensor[5].app[0],packetSent:count,interpolationmode,none,,,,,,,
PUB_T5-1-20260914-20:33:55-2010,attr,ApplicationStrategyNetwork.sensor[5].app[0],packetSent:count,recordingmode,count,,,,,,,
PUB_T5-1-20260914-20:33:55-2010,attr,ApplicationStrategyNetwork.sensor[5].app[0],packetSent:count,source,packetSent,,,,,,,
PUB_T5-1-20260914-20:33:55-2010,attr,ApplicationStrategyNetwork.sensor[5].app[0],packetSent:count,title,"packets sent, count",,,,,,,
PUB_T5-1-20260914-20:33:55-2010,scalar,ApplicationStrategyNetwork.sensor[6].app[0],packetSent:count,,,120,,,,,,
PUB_T5-1-20260914-20:33:55-2010,attr,ApplicationStrategyNetwork.sensor[6].app[0],packetSent:count,interpolationmode,none,,,,,,,
PUB_T5-1-20260914-20:33:55-2010,attr,ApplicationStrategyNetwork.sensor[6].app[0],packetSent:count,recordingmode,count,,,,,,,
PUB_T5-1-20260914-20:33:55-2010,attr,ApplicationStrategyNetwork.sensor[6].app[0],packetSent:count,source,packetSent,,,,,,,
PUB_T5-1-20260914-20:33:55-2010,attr,ApplicationStrategyNetwork.sensor[6].app[0],packetSent:count,title,"packets sent, count",,,,,,,
PUB_T5-1-20260914-20:33:55-2010,scalar,ApplicationStrategyNetwork.sensor[7].app[0],packetSent:count,,,120,,,,,,
PUB_T5-1-20260914-20:33:55-2010,attr,ApplicationStrategyNetwork.sensor[7].app[0],packetSent:count,interpolationmode,none,,,,,,,
PUB_T5-1-20260914-20:33:55-2010,attr,ApplicationStrategyNetwork.sensor[7].app[0],packetSent:count,recordingmode,count,,,,,,,
PUB_T5-1-20260914-20:33:55-2010,attr,ApplicationStrategyNetwork.sensor[7].app[0],packetSent:count,source,packetSent,,,,,,,
PUB_T5-1-20260914-20:33:55-2010,attr,ApplicationStrategyNetwork.sensor[7].app[0],packetSent:count,title,"packets sent, count",,,,,,,
PUB_T5-1-20260914-20:33:55-2010,scalar,ApplicationStrategyNetwork.sensor[8].app[0],packetSent:count,,,120,,,,,,
PUB_T5-1-20260914-20:33:55-2010,attr,ApplicationStrategyNetwork.sensor[8].app[0],packetSent:count,interpolationmode,none,,,,,,,
PUB_T5-1-20260914-20:33:55-2010,attr,ApplicationStrategyNetwork.sensor[8].app[0],packetSent:count,recordingmode,count,,,,,,,
PUB_T5-1-20260914-20:33:55-2010,attr,ApplicationStrategyNetwork.sensor[8].app[0],packetSent:count,source,packetSent,,,,,,,
PUB_T5-1-20260914-20:33:55-2010,attr,ApplicationStrategyNetwork.sensor[8].app[0],packetSent:count,title,"packets sent, count",,,,,,,
PUB_T5-1-20260914-20:33:55-2010,scalar,ApplicationStrategyNetwork.sensor[9].app[0],packetSent:count,,,120,,,,,,
PUB_T5-1-20260914-20:33:55-2010,attr,ApplicationStrategyNetwork.sensor[9].app[0],packetSent:count,interpolationmode,none,,,,,,,
PUB_T5-1-20260914-20:33:55-2010,attr,ApplicationStrategyNetwork.sensor[9].app[0],packetSent:count,recordingmode,count,,,,,,,
PUB_T5-1-20260914-20:33:55-2010,attr,ApplicationStrategyNetwork.sensor[9].app[0],packetSent:count,source,packetSent,,,,,,,
PUB_T5-1-20260914-20:33:55-2010,attr,ApplicationStrategyNetwork.sensor[9].app[0],packetSent:count,title,"packets sent, count",,,,,,,
PUB_T5-1-20260914-20:33:55-2010,scalar,ApplicationStrategyNetwork.sensor[10].app[0],packetSent:count,,,120,,,,,,
PUB_T5-1-20260914-20:33:55-2010,attr,ApplicationStrategyNetwork.sensor[10].app[0],packetSent:count,interpolationmode,none,,,,,,,
PUB_T5-1-20260914-20:33:55-2010,attr,ApplicationStrategyNetwork.sensor[10].app[0],packetSent:count,recordingmode,count,,,,,,,
PUB_T5-1-20260914-20:33:55-2010,attr,ApplicationStrategyNetwork.sensor[10].app[0],packetSent:count,source,packetSent,,,,,,,
PUB_T5-1-20260914-20:33:55-2010,attr,ApplicationStrategyNetwork.sensor[10].app[0],packetSent:count,title,"packets sent, count",,,,,,,
PUB_T5-1-20260914-20:33:55-2010,scalar,ApplicationStrategyNetwork.sensor[11].app[0],packetSent:count,,,120,,,,,,
PUB_T5-1-20260914-20:33:55-2010,attr,ApplicationStrategyNetwork.sensor[11].app[0],packetSent:count,interpolationmode,none,,,,,,,
PUB_T5-1-20260914-20:33:55-2010,attr,ApplicationStrategyNetwork.sensor[11].app[0],packetSent:count,recordingmode,count,,,,,,,
PUB_T5-1-20260914-20:33:55-2010,attr,ApplicationStrategyNetwork.sensor[11].app[0],packetSent:count,source,packetSent,,,,,,,
PUB_T5-1-20260914-20:33:55-2010,attr,ApplicationStrategyNetwork.sensor[11].app[0],packetSent:count,title,"packets sent, count",,,,,,,
PUB_T5-1-20260914-20:33:55-2010,scalar,ApplicationStrategyNetwork.monitoringServer.app[0],packetReceived:count,,,1440,,,,,,
PUB_T5-1-20260914-20:33:55-2010,attr,ApplicationStrategyNetwork.monitoringServer.app[0],packetReceived:count,interpolationmode,none,,,,,,,
PUB_T5-1-20260914-20:33:55-2010,attr,ApplicationStrategyNetwork.monitoringServer.app[0],packetReceived:count,recordingmode,count,,,,,,,
PUB_T5-1-20260914-20:33:55-2010,attr,ApplicationStrategyNetwork.monitoringServer.app[0],packetReceived:count,source,packetReceived,,,,,,,
PUB_T5-1-20260914-20:33:55-2010,attr,ApplicationStrategyNetwork.monitoringServer.app[0],packetReceived:count,title,"packets received, count",,,,,,,
PUB_T5-2-20260914-20:33:59-2015,scalar,ApplicationStrategyNetwork.sensor[0].app[0],packetSent:count,,,120,,,,,,
PUB_T5-2-20260914-20:33:59-2015,attr,ApplicationStrategyNetwork.sensor[0].app[0],packetSent:count,interpolationmode,none,,,,,,,
PUB_T5-2-20260914-20:33:59-2015,attr,ApplicationStrategyNetwork.sensor[0].app[0],packetSent:count,recordingmode,count,,,,,,,
PUB_T5-2-20260914-20:33:59-2015,attr,ApplicationStrategyNetwork.sensor[0].app[0],packetSent:count,source,packetSent,,,,,,,
PUB_T5-2-20260914-20:33:59-2015,attr,ApplicationStrategyNetwork.sensor[0].app[0],packetSent:count,title,"packets sent, count",,,,,,,
PUB_T5-2-20260914-20:33:59-2015,scalar,ApplicationStrategyNetwork.sensor[1].app[0],packetSent:count,,,120,,,,,,
PUB_T5-2-20260914-20:33:59-2015,attr,ApplicationStrategyNetwork.sensor[1].app[0],packetSent:count,interpolationmode,none,,,,,,,
PUB_T5-2-20260914-20:33:59-2015,attr,ApplicationStrategyNetwork.sensor[1].app[0],packetSent:count,recordingmode,count,,,,,,,
PUB_T5-2-20260914-20:33:59-2015,attr,ApplicationStrategyNetwork.sensor[1].app[0],packetSent:count,source,packetSent,,,,,,,
PUB_T5-2-20260914-20:33:59-2015,attr,ApplicationStrategyNetwork.sensor[1].app[0],packetSent:count,title,"packets sent, count",,,,,,,
PUB_T5-2-20260914-20:33:59-2015,scalar,ApplicationStrategyNetwork.sensor[2].app[0],packetSent:count,,,120,,,,,,
PUB_T5-2-20260914-20:33:59-2015,attr,ApplicationStrategyNetwork.sensor[2].app[0],packetSent:count,interpolationmode,none,,,,,,,
PUB_T5-2-20260914-20:33:59-2015,attr,ApplicationStrategyNetwork.sensor[2].app[0],packetSent:count,recordingmode,count,,,,,,,
PUB_T5-2-20260914-20:33:59-2015,attr,ApplicationStrategyNetwork.sensor[2].app[0],packetSent:count,source,packetSent,,,,,,,
PUB_T5-2-20260914-20:33:59-2015,attr,ApplicationStrategyNetwork.sensor[2].app[0],packetSent:count,title,"packets sent, count",,,,,,,
PUB_T5-2-20260914-20:33:59-2015,scalar,ApplicationStrategyNetwork.sensor[3].app[0],packetSent:count,,,120,,,,,,
PUB_T5-2-20260914-20:33:59-2015,attr,ApplicationStrategyNetwork.sensor[3].app[0],packetSent:count,interpolationmode,none,,,,,,,
PUB_T5-2-20260914-20:33:59-2015,attr,ApplicationStrategyNetwork.sensor[3].app[0],packetSent:count,recordingmode,count,,,,,,,
PUB_T5-2-20260914-20:33:59-2015,attr,ApplicationStrategyNetwork.sensor[3].app[0],packetSent:count,source,packetSent,,,,,,,
PUB_T5-2-20260914-20:33:59-2015,attr,ApplicationStrategyNetwork.sensor[3].app[0],packetSent:count,title,"packets sent, count",,,,,,,
PUB_T5-2-20260914-20:33:59-2015,scalar,ApplicationStrategyNetwork.sensor[4].app[0],packetSent:count,,,120,,,,,,
PUB_T5-2-20260914-20:33:59-2015,attr,ApplicationStrategyNetwork.sensor[4].app[0],packetSent:count,interpolationmode,none,,,,,,,
PUB_T5-2-20260914-20:33:59-2015,attr,ApplicationStrategyNetwork.sensor[4].app[0],packetSent:count,recordingmode,count,,,,,,,
PUB_T5-2-20260914-20:33:59-2015,attr,ApplicationStrategyNetwork.sensor[4].app[0],packetSent:count,source,packetSent,,,,,,,
PUB_T5-2-20260914-20:33:59-2015,attr,ApplicationStrategyNetwork.sensor[4].app[0],packetSent:count,title,"packets sent, count",,,,,,,
PUB_T5-2-20260914-20:33:59-2015,scalar,ApplicationStrategyNetwork.sensor[5].app[0],packetSent:count,,,120,,,,,,
PUB_T5-2-20260914-20:33:59-2015,attr,ApplicationStrategyNetwork.sensor[5].app[0],packetSent:count,interpolationmode,none,,,,,,,
PUB_T5-2-20260914-20:33:59-2015,attr,ApplicationStrategyNetwork.sensor[5].app[0],packetSent:count,recordingmode,count,,,,,,,
PUB_T5-2-20260914-20:33:59-2015,attr,ApplicationStrategyNetwork.sensor[5].app[0],packetSent:count,source,packetSent,,,,,,,
PUB_T5-2-20260914-20:33:59-2015,attr,ApplicationStrategyNetwork.sensor[5].app[0],packetSent:count,title,"packets sent, count",,,,,,,
PUB_T5-2-20260914-20:33:59-2015,scalar,ApplicationStrategyNetwork.sensor[6].app[0],packetSent:count,,,120,,,,,,
PUB_T5-2-20260914-20:33:59-2015,attr,ApplicationStrategyNetwork.sensor[6].app[0],packetSent:count,interpolationmode,none,,,,,,,
PUB_T5-2-20260914-20:33:59-2015,attr,ApplicationStrategyNetwork.sensor[6].app[0],packetSent:count,recordingmode,count,,,,,,,
PUB_T5-2-20260914-20:33:59-2015,attr,ApplicationStrategyNetwork.sensor[6].app[0],packetSent:count,source,packetSent,,,,,,,
PUB_T5-2-20260914-20:33:59-2015,attr,ApplicationStrategyNetwork.sensor[6].app[0],packetSent:count,title,"packets sent, count",,,,,,,
PUB_T5-2-20260914-20:33:59-2015,scalar,ApplicationStrategyNetwork.sensor[7].app[0],packetSent:count,,,120,,,,,,
PUB_T5-2-20260914-20:33:59-2015,attr,ApplicationStrategyNetwork.sensor[7].app[0],packetSent:count,interpolationmode,none,,,,,,,
PUB_T5-2-20260914-20:33:59-2015,attr,ApplicationStrategyNetwork.sensor[7].app[0],packetSent:count,recordingmode,count,,,,,,,
PUB_T5-2-20260914-20:33:59-2015,attr,ApplicationStrategyNetwork.sensor[7].app[0],packetSent:count,source,packetSent,,,,,,,
PUB_T5-2-20260914-20:33:59-2015,attr,ApplicationStrategyNetwork.sensor[7].app[0],packetSent:count,title,"packets sent, count",,,,,,,
PUB_T5-2-20260914-20:33:59-2015,scalar,ApplicationStrategyNetwork.sensor[8].app[0],packetSent:count,,,120,,,,,,
PUB_T5-2-20260914-20:33:59-2015,attr,ApplicationStrategyNetwork.sensor[8].app[0],packetSent:count,interpolationmode,none,,,,,,,
PUB_T5-2-20260914-20:33:59-2015,attr,ApplicationStrategyNetwork.sensor[8].app[0],packetSent:count,recordingmode,count,,,,,,,
PUB_T5-2-20260914-20:33:59-2015,attr,ApplicationStrategyNetwork.sensor[8].app[0],packetSent:count,source,packetSent,,,,,,,
PUB_T5-2-20260914-20:33:59-2015,attr,ApplicationStrategyNetwork.sensor[8].app[0],packetSent:count,title,"packets sent, count",,,,,,,
PUB_T5-2-20260914-20:33:59-2015,scalar,ApplicationStrategyNetwork.sensor[9].app[0],packetSent:count,,,120,,,,,,
PUB_T5-2-20260914-20:33:59-2015,attr,ApplicationStrategyNetwork.sensor[9].app[0],packetSent:count,interpolationmode,none,,,,,,,
PUB_T5-2-20260914-20:33:59-2015,attr,ApplicationStrategyNetwork.sensor[9].app[0],packetSent:count,recordingmode,count,,,,,,,
PUB_T5-2-20260914-20:33:59-2015,attr,ApplicationStrategyNetwork.sensor[9].app[0],packetSent:count,source,packetSent,,,,,,,
PUB_T5-2-20260914-20:33:59-2015,attr,ApplicationStrategyNetwork.sensor[9].app[0],packetSent:count,title,"packets sent, count",,,,,,,
PUB_T5-2-20260914-20:33:59-2015,scalar,ApplicationStrategyNetwork.sensor[10].app[0],packetSent:count,,,120,,,,,,
PUB_T5-2-20260914-20:33:59-2015,attr,ApplicationStrategyNetwork.sensor[10].app[0],packetSent:count,interpolationmode,none,,,,,,,
PUB_T5-2-20260914-20:33:59-2015,attr,ApplicationStrategyNetwork.sensor[10].app[0],packetSent:count,recordingmode,count,,,,,,,
PUB_T5-2-20260914-20:33:59-2015,attr,ApplicationStrategyNetwork.sensor[10].app[0],packetSent:count,source,packetSent,,,,,,,
PUB_T5-2-20260914-20:33:59-2015,attr,ApplicationStrategyNetwork.sensor[10].app[0],packetSent:count,title,"packets sent, count",,,,,,,
PUB_T5-2-20260914-20:33:59-2015,scalar,ApplicationStrategyNetwork.sensor[11].app[0],packetSent:count,,,120,,,,,,
PUB_T5-2-20260914-20:33:59-2015,attr,ApplicationStrategyNetwork.sensor[11].app[0],packetSent:count,interpolationmode,none,,,,,,,
PUB_T5-2-20260914-20:33:59-2015,attr,ApplicationStrategyNetwork.sensor[11].app[0],packetSent:count,recordingmode,count,,,,,,,
PUB_T5-2-20260914-20:33:59-2015,attr,ApplicationStrategyNetwork.sensor[11].app[0],packetSent:count,source,packetSent,,,,,,,
PUB_T5-2-20260914-20:33:59-2015,attr,ApplicationStrategyNetwork.sensor[11].app[0],packetSent:count,title,"packets sent, count",,,,,,,
PUB_T5-2-20260914-20:33:59-2015,scalar,ApplicationStrategyNetwork.monitoringServer.app[0],packetReceived:count,,,1440,,,,,,
PUB_T5-2-20260914-20:33:59-2015,attr,ApplicationStrategyNetwork.monitoringServer.app[0],packetReceived:count,interpolationmode,none,,,,,,,
PUB_T5-2-20260914-20:33:59-2015,attr,ApplicationStrategyNetwork.monitoringServer.app[0],packetReceived:count,recordingmode,count,,,,,,,
PUB_T5-2-20260914-20:33:59-2015,attr,ApplicationStrategyNetwork.monitoringServer.app[0],packetReceived:count,source,packetReceived,,,,,,,
PUB_T5-2-20260914-20:33:59-2015,attr,ApplicationStrategyNetwork.monitoringServer.app[0],packetReceived:count,title,"packets received, count",,,,,,,
PUB_T5-3-20260914-20:34:02-2020,scalar,ApplicationStrategyNetwork.sensor[0].app[0],packetSent:count,,,120,,,,,,
PUB_T5-3-20260914-20:34:02-2020,attr,ApplicationStrategyNetwork.sensor[0].app[0],packetSent:count,interpolationmode,none,,,,,,,
PUB_T5-3-20260914-20:34:02-2020,attr,ApplicationStrategyNetwork.sensor[0].app[0],packetSent:count,recordingmode,count,,,,,,,
PUB_T5-3-20260914-20:34:02-2020,attr,ApplicationStrategyNetwork.sensor[0].app[0],packetSent:count,source,packetSent,,,,,,,
PUB_T5-3-20260914-20:34:02-2020,attr,ApplicationStrategyNetwork.sensor[0].app[0],packetSent:count,title,"packets sent, count",,,,,,,
PUB_T5-3-20260914-20:34:02-2020,scalar,ApplicationStrategyNetwork.sensor[1].app[0],packetSent:count,,,120,,,,,,
PUB_T5-3-20260914-20:34:02-2020,attr,ApplicationStrategyNetwork.sensor[1].app[0],packetSent:count,interpolationmode,none,,,,,,,
PUB_T5-3-20260914-20:34:02-2020,attr,ApplicationStrategyNetwork.sensor[1].app[0],packetSent:count,recordingmode,count,,,,,,,
PUB_T5-3-20260914-20:34:02-2020,attr,ApplicationStrategyNetwork.sensor[1].app[0],packetSent:count,source,packetSent,,,,,,,
PUB_T5-3-20260914-20:34:02-2020,attr,ApplicationStrategyNetwork.sensor[1].app[0],packetSent:count,title,"packets sent, count",,,,,,,
PUB_T5-3-20260914-20:34:02-2020,scalar,ApplicationStrategyNetwork.sensor[2].app[0],packetSent:count,,,120,,,,,,
PUB_T5-3-20260914-20:34:02-2020,attr,ApplicationStrategyNetwork.sensor[2].app[0],packetSent:count,interpolationmode,none,,,,,,,
PUB_T5-3-20260914-20:34:02-2020,attr,ApplicationStrategyNetwork.sensor[2].app[0],packetSent:count,recordingmode,count,,,,,,,
PUB_T5-3-20260914-20:34:02-2020,attr,ApplicationStrategyNetwork.sensor[2].app[0],packetSent:count,source,packetSent,,,,,,,
PUB_T5-3-20260914-20:34:02-2020,attr,ApplicationStrategyNetwork.sensor[2].app[0],packetSent:count,title,"packets sent, count",,,,,,,
PUB_T5-3-20260914-20:34:02-2020,scalar,ApplicationStrategyNetwork.sensor[3].app[0],packetSent:count,,,120,,,,,,
PUB_T5-3-20260914-20:34:02-2020,attr,ApplicationStrategyNetwork.sensor[3].app[0],packetSent:count,interpolationmode,none,,,,,,,
PUB_T5-3-20260914-20:34:02-2020,attr,ApplicationStrategyNetwork.sensor[3].app[0],packetSent:count,recordingmode,count,,,,,,,
PUB_T5-3-20260914-20:34:02-2020,attr,ApplicationStrategyNetwork.sensor[3].app[0],packetSent:count,source,packetSent,,,,,,,
PUB_T5-3-20260914-20:34:02-2020,attr,ApplicationStrategyNetwork.sensor[3].app[0],packetSent:count,title,"packets sent, count",,,,,,,
PUB_T5-3-20260914-20:34:02-2020,scalar,ApplicationStrategyNetwork.sensor[4].app[0],packetSent:count,,,120,,,,,,
PUB_T5-3-20260914-20:34:02-2020,attr,ApplicationStrategyNetwork.sensor[4].app[0],packetSent:count,interpolationmode,none,,,,,,,
PUB_T5-3-20260914-20:34:02-2020,attr,ApplicationStrategyNetwork.sensor[4].app[0],packetSent:count,recordingmode,count,,,,,,,
PUB_T5-3-20260914-20:34:02-2020,attr,ApplicationStrategyNetwork.sensor[4].app[0],packetSent:count,source,packetSent,,,,,,,
PUB_T5-3-20260914-20:34:02-2020,attr,ApplicationStrategyNetwork.sensor[4].app[0],packetSent:count,title,"packets sent, count",,,,,,,
PUB_T5-3-20260914-20:34:02-2020,scalar,ApplicationStrategyNetwork.sensor[5].app[0],packetSent:count,,,120,,,,,,
PUB_T5-3-20260914-20:34:02-2020,attr,ApplicationStrategyNetwork.sensor[5].app[0],packetSent:count,interpolationmode,none,,,,,,,
PUB_T5-3-20260914-20:34:02-2020,attr,ApplicationStrategyNetwork.sensor[5].app[0],packetSent:count,recordingmode,count,,,,,,,
PUB_T5-3-20260914-20:34:02-2020,attr,ApplicationStrategyNetwork.sensor[5].app[0],packetSent:count,source,packetSent,,,,,,,
PUB_T5-3-20260914-20:34:02-2020,attr,ApplicationStrategyNetwork.sensor[5].app[0],packetSent:count,title,"packets sent, count",,,,,,,
PUB_T5-3-20260914-20:34:02-2020,scalar,ApplicationStrategyNetwork.sensor[6].app[0],packetSent:count,,,120,,,,,,
PUB_T5-3-20260914-20:34:02-2020,attr,ApplicationStrategyNetwork.sensor[6].app[0],packetSent:count,interpolationmode,none,,,,,,,
PUB_T5-3-20260914-20:34:02-2020,attr,ApplicationStrategyNetwork.sensor[6].app[0],packetSent:count,recordingmode,count,,,,,,,
PUB_T5-3-20260914-20:34:02-2020,attr,ApplicationStrategyNetwork.sensor[6].app[0],packetSent:count,source,packetSent,,,,,,,
PUB_T5-3-20260914-20:34:02-2020,attr,ApplicationStrategyNetwork.sensor[6].app[0],packetSent:count,title,"packets sent, count",,,,,,,
PUB_T5-3-20260914-20:34:02-2020,scalar,ApplicationStrategyNetwork.sensor[7].app[0],packetSent:count,,,120,,,,,,
PUB_T5-3-20260914-20:34:02-2020,attr,ApplicationStrategyNetwork.sensor[7].app[0],packetSent:count,interpolationmode,none,,,,,,,
PUB_T5-3-20260914-20:34:02-2020,attr,ApplicationStrategyNetwork.sensor[7].app[0],packetSent:count,recordingmode,count,,,,,,,
PUB_T5-3-20260914-20:34:02-2020,attr,ApplicationStrategyNetwork.sensor[7].app[0],packetSent:count,source,packetSent,,,,,,,
PUB_T5-3-20260914-20:34:02-2020,attr,ApplicationStrategyNetwork.sensor[7].app[0],packetSent:count,title,"packets sent, count",,,,,,,
PUB_T5-3-20260914-20:34:02-2020,scalar,ApplicationStrategyNetwork.sensor[8].app[0],packetSent:count,,,120,,,,,,
PUB_T5-3-20260914-20:34:02-2020,attr,ApplicationStrategyNetwork.sensor[8].app[0],packetSent:count,interpolationmode,none,,,,,,,
PUB_T5-3-20260914-20:34:02-2020,attr,ApplicationStrategyNetwork.sensor[8].app[0],packetSent:count,recordingmode,count,,,,,,,
PUB_T5-3-20260914-20:34:02-2020,attr,ApplicationStrategyNetwork.sensor[8].app[0],packetSent:count,source,packetSent,,,,,,,
PUB_T5-3-20260914-20:34:02-2020,attr,ApplicationStrategyNetwork.sensor[8].app[0],packetSent:count,title,"packets sent, count",,,,,,,
PUB_T5-3-20260914-20:34:02-2020,scalar,ApplicationStrategyNetwork.sensor[9].app[0],packetSent:count,,,120,,,,,,
PUB_T5-3-20260914-20:34:02-2020,attr,ApplicationStrategyNetwork.sensor[9].app[0],packetSent:count,interpolationmode,none,,,,,,,
PUB_T5-3-20260914-20:34:02-2020,attr,ApplicationStrategyNetwork.sensor[9].app[0],packetSent:count,recordingmode,count,,,,,,,
PUB_T5-3-20260914-20:34:02-2020,attr,ApplicationStrategyNetwork.sensor[9].app[0],packetSent:count,source,packetSent,,,,,,,
PUB_T5-3-20260914-20:34:02-2020,attr,ApplicationStrategyNetwork.sensor[9].app[0],packetSent:count,title,"packets sent, count",,,,,,,
PUB_T5-3-20260914-20:34:02-2020,scalar,ApplicationStrategyNetwork.sensor[10].app[0],packetSent:count,,,120,,,,,,
PUB_T5-3-20260914-20:34:02-2020,attr,ApplicationStrategyNetwork.sensor[10].app[0],packetSent:count,interpolationmode,none,,,,,,,
PUB_T5-3-20260914-20:34:02-2020,attr,ApplicationStrategyNetwork.sensor[10].app[0],packetSent:count,recordingmode,count,,,,,,,
PUB_T5-3-20260914-20:34:02-2020,attr,ApplicationStrategyNetwork.sensor[10].app[0],packetSent:count,source,packetSent,,,,,,,
PUB_T5-3-20260914-20:34:02-2020,attr,ApplicationStrategyNetwork.sensor[10].app[0],packetSent:count,title,"packets sent, count",,,,,,,
PUB_T5-3-20260914-20:34:02-2020,scalar,ApplicationStrategyNetwork.sensor[11].app[0],packetSent:count,,,120,,,,,,
PUB_T5-3-20260914-20:34:02-2020,attr,ApplicationStrategyNetwork.sensor[11].app[0],packetSent:count,interpolationmode,none,,,,,,,
PUB_T5-3-20260914-20:34:02-2020,attr,ApplicationStrategyNetwork.sensor[11].app[0],packetSent:count,recordingmode,count,,,,,,,
PUB_T5-3-20260914-20:34:02-2020,attr,ApplicationStrategyNetwork.sensor[11].app[0],packetSent:count,source,packetSent,,,,,,,
PUB_T5-3-20260914-20:34:02-2020,attr,ApplicationStrategyNetwork.sensor[11].app[0],packetSent:count,title,"packets sent, count",,,,,,,
PUB_T5-3-20260914-20:34:02-2020,scalar,ApplicationStrategyNetwork.monitoringServer.app[0],packetReceived:count,,,1440,,,,,,
PUB_T5-3-20260914-20:34:02-2020,attr,ApplicationStrategyNetwork.monitoringServer.app[0],packetReceived:count,interpolationmode,none,,,,,,,
PUB_T5-3-20260914-20:34:02-2020,attr,ApplicationStrategyNetwork.monitoringServer.app[0],packetReceived:count,recordingmode,count,,,,,,,
PUB_T5-3-20260914-20:34:02-2020,attr,ApplicationStrategyNetwork.monitoringServer.app[0],packetReceived:count,source,packetReceived,,,,,,,
PUB_T5-3-20260914-20:34:02-2020,attr,ApplicationStrategyNetwork.monitoringServer.app[0],packetReceived:count,title,"packets received, count",,,,,,,
PUB_T5-4-20260914-20:34:05-2025,scalar,ApplicationStrategyNetwork.sensor[0].app[0],packetSent:count,,,120,,,,,,
PUB_T5-4-20260914-20:34:05-2025,attr,ApplicationStrategyNetwork.sensor[0].app[0],packetSent:count,interpolationmode,none,,,,,,,
PUB_T5-4-20260914-20:34:05-2025,attr,ApplicationStrategyNetwork.sensor[0].app[0],packetSent:count,recordingmode,count,,,,,,,
PUB_T5-4-20260914-20:34:05-2025,attr,ApplicationStrategyNetwork.sensor[0].app[0],packetSent:count,source,packetSent,,,,,,,
PUB_T5-4-20260914-20:34:05-2025,attr,ApplicationStrategyNetwork.sensor[0].app[0],packetSent:count,title,"packets sent, count",,,,,,,
PUB_T5-4-20260914-20:34:05-2025,scalar,ApplicationStrategyNetwork.sensor[1].app[0],packetSent:count,,,120,,,,,,
PUB_T5-4-20260914-20:34:05-2025,attr,ApplicationStrategyNetwork.sensor[1].app[0],packetSent:count,interpolationmode,none,,,,,,,
PUB_T5-4-20260914-20:34:05-2025,attr,ApplicationStrategyNetwork.sensor[1].app[0],packetSent:count,recordingmode,count,,,,,,,
PUB_T5-4-20260914-20:34:05-2025,attr,ApplicationStrategyNetwork.sensor[1].app[0],packetSent:count,source,packetSent,,,,,,,
PUB_T5-4-20260914-20:34:05-2025,attr,ApplicationStrategyNetwork.sensor[1].app[0],packetSent:count,title,"packets sent, count",,,,,,,
PUB_T5-4-20260914-20:34:05-2025,scalar,ApplicationStrategyNetwork.sensor[2].app[0],packetSent:count,,,120,,,,,,
PUB_T5-4-20260914-20:34:05-2025,attr,ApplicationStrategyNetwork.sensor[2].app[0],packetSent:count,interpolationmode,none,,,,,,,
PUB_T5-4-20260914-20:34:05-2025,attr,ApplicationStrategyNetwork.sensor[2].app[0],packetSent:count,recordingmode,count,,,,,,,
PUB_T5-4-20260914-20:34:05-2025,attr,ApplicationStrategyNetwork.sensor[2].app[0],packetSent:count,source,packetSent,,,,,,,
PUB_T5-4-20260914-20:34:05-2025,attr,ApplicationStrategyNetwork.sensor[2].app[0],packetSent:count,title,"packets sent, count",,,,,,,
PUB_T5-4-20260914-20:34:05-2025,scalar,ApplicationStrategyNetwork.sensor[3].app[0],packetSent:count,,,120,,,,,,
PUB_T5-4-20260914-20:34:05-2025,attr,ApplicationStrategyNetwork.sensor[3].app[0],packetSent:count,interpolationmode,none,,,,,,,
PUB_T5-4-20260914-20:34:05-2025,attr,ApplicationStrategyNetwork.sensor[3].app[0],packetSent:count,recordingmode,count,,,,,,,
PUB_T5-4-20260914-20:34:05-2025,attr,ApplicationStrategyNetwork.sensor[3].app[0],packetSent:count,source,packetSent,,,,,,,
PUB_T5-4-20260914-20:34:05-2025,attr,ApplicationStrategyNetwork.sensor[3].app[0],packetSent:count,title,"packets sent, count",,,,,,,
PUB_T5-4-20260914-20:34:05-2025,scalar,ApplicationStrategyNetwork.sensor[4].app[0],packetSent:count,,,120,,,,,,
PUB_T5-4-20260914-20:34:05-2025,attr,ApplicationStrategyNetwork.sensor[4].app[0],packetSent:count,interpolationmode,none,,,,,,,
PUB_T5-4-20260914-20:34:05-2025,attr,ApplicationStrategyNetwork.sensor[4].app[0],packetSent:count,recordingmode,count,,,,,,,
PUB_T5-4-20260914-20:34:05-2025,attr,ApplicationStrategyNetwork.sensor[4].app[0],packetSent:count,source,packetSent,,,,,,,
PUB_T5-4-20260914-20:34:05-2025,attr,ApplicationStrategyNetwork.sensor[4].app[0],packetSent:count,title,"packets sent, count",,,,,,,
PUB_T5-4-20260914-20:34:05-2025,scalar,ApplicationStrategyNetwork.sensor[5].app[0],packetSent:count,,,120,,,,,,
PUB_T5-4-20260914-20:34:05-2025,attr,ApplicationStrategyNetwork.sensor[5].app[0],packetSent:count,interpolationmode,none,,,,,,,
PUB_T5-4-20260914-20:34:05-2025,attr,ApplicationStrategyNetwork.sensor[5].app[0],packetSent:count,recordingmode,count,,,,,,,
PUB_T5-4-20260914-20:34:05-2025,attr,ApplicationStrategyNetwork.sensor[5].app[0],packetSent:count,source,packetSent,,,,,,,
PUB_T5-4-20260914-20:34:05-2025,attr,ApplicationStrategyNetwork.sensor[5].app[0],packetSent:count,title,"packets sent, count",,,,,,,
PUB_T5-4-20260914-20:34:05-2025,scalar,ApplicationStrategyNetwork.sensor[6].app[0],packetSent:count,,,120,,,,,,
PUB_T5-4-20260914-20:34:05-2025,attr,ApplicationStrategyNetwork.sensor[6].app[0],packetSent:count,interpolationmode,none,,,,,,,
PUB_T5-4-20260914-20:34:05-2025,attr,ApplicationStrategyNetwork.sensor[6].app[0],packetSent:count,recordingmode,count,,,,,,,
PUB_T5-4-20260914-20:34:05-2025,attr,ApplicationStrategyNetwork.sensor[6].app[0],packetSent:count,source,packetSent,,,,,,,
PUB_T5-4-20260914-20:34:05-2025,attr,ApplicationStrategyNetwork.sensor[6].app[0],packetSent:count,title,"packets sent, count",,,,,,,
PUB_T5-4-20260914-20:34:05-2025,scalar,ApplicationStrategyNetwork.sensor[7].app[0],packetSent:count,,,120,,,,,,
PUB_T5-4-20260914-20:34:05-2025,attr,ApplicationStrategyNetwork.sensor[7].app[0],packetSent:count,interpolationmode,none,,,,,,,
PUB_T5-4-20260914-20:34:05-2025,attr,ApplicationStrategyNetwork.sensor[7].app[0],packetSent:count,recordingmode,count,,,,,,,
PUB_T5-4-20260914-20:34:05-2025,attr,ApplicationStrategyNetwork.sensor[7].app[0],packetSent:count,source,packetSent,,,,,,,
PUB_T5-4-20260914-20:34:05-2025,attr,ApplicationStrategyNetwork.sensor[7].app[0],packetSent:count,title,"packets sent, count",,,,,,,
PUB_T5-4-20260914-20:34:05-2025,scalar,ApplicationStrategyNetwork.sensor[8].app[0],packetSent:count,,,120,,,,,,
PUB_T5-4-20260914-20:34:05-2025,attr,ApplicationStrategyNetwork.sensor[8].app[0],packetSent:count,interpolationmode,none,,,,,,,
PUB_T5-4-20260914-20:34:05-2025,attr,ApplicationStrategyNetwork.sensor[8].app[0],packetSent:count,recordingmode,count,,,,,,,
PUB_T5-4-20260914-20:34:05-2025,attr,ApplicationStrategyNetwork.sensor[8].app[0],packetSent:count,source,packetSent,,,,,,,
PUB_T5-4-20260914-20:34:05-2025,attr,ApplicationStrategyNetwork.sensor[8].app[0],packetSent:count,title,"packets sent, count",,,,,,,
PUB_T5-4-20260914-20:34:05-2025,scalar,ApplicationStrategyNetwork.sensor[9].app[0],packetSent:count,,,120,,,,,,
PUB_T5-4-20260914-20:34:05-2025,attr,ApplicationStrategyNetwork.sensor[9].app[0],packetSent:count,interpolationmode,none,,,,,,,
PUB_T5-4-20260914-20:34:05-2025,attr,ApplicationStrategyNetwork.sensor[9].app[0],packetSent:count,recordingmode,count,,,,,,,
PUB_T5-4-20260914-20:34:05-2025,attr,ApplicationStrategyNetwork.sensor[9].app[0],packetSent:count,source,packetSent,,,,,,,
PUB_T5-4-20260914-20:34:05-2025,attr,ApplicationStrategyNetwork.sensor[9].app[0],packetSent:count,title,"packets sent, count",,,,,,,
PUB_T5-4-20260914-20:34:05-2025,scalar,ApplicationStrategyNetwork.sensor[10].app[0],packetSent:count,,,120,,,,,,
PUB_T5-4-20260914-20:34:05-2025,attr,ApplicationStrategyNetwork.sensor[10].app[0],packetSent:count,interpolationmode,none,,,,,,,
PUB_T5-4-20260914-20:34:05-2025,attr,ApplicationStrategyNetwork.sensor[10].app[0],packetSent:count,recordingmode,count,,,,,,,
PUB_T5-4-20260914-20:34:05-2025,attr,ApplicationStrategyNetwork.sensor[10].app[0],packetSent:count,source,packetSent,,,,,,,
PUB_T5-4-20260914-20:34:05-2025,attr,ApplicationStrategyNetwork.sensor[10].app[0],packetSent:count,title,"packets sent, count",,,,,,,
PUB_T5-4-20260914-20:34:05-2025,scalar,ApplicationStrategyNetwork.sensor[11].app[0],packetSent:count,,,120,,,,,,
PUB_T5-4-20260914-20:34:05-2025,attr,ApplicationStrategyNetwork.sensor[11].app[0],packetSent:count,interpolationmode,none,,,,,,,
PUB_T5-4-20260914-20:34:05-2025,attr,ApplicationStrategyNetwork.sensor[11].app[0],packetSent:count,recordingmode,count,,,,,,,
PUB_T5-4-20260914-20:34:05-2025,attr,ApplicationStrategyNetwork.sensor[11].app[0],packetSent:count,source,packetSent,,,,,,,
PUB_T5-4-20260914-20:34:05-2025,attr,ApplicationStrategyNetwork.sensor[11].app[0],packetSent:count,title,"packets sent, count",,,,,,,
PUB_T5-4-20260914-20:34:05-2025,scalar,ApplicationStrategyNetwork.monitoringServer.app[0],packetReceived:count,,,1440,,,,,,
PUB_T5-4-20260914-20:34:05-2025,attr,ApplicationStrategyNetwork.monitoringServer.app[0],packetReceived:count,interpolationmode,none,,,,,,,
PUB_T5-4-20260914-20:34:05-2025,attr,ApplicationStrategyNetwork.monitoringServer.app[0],packetReceived:count,recordingmode,count,,,,,,,
PUB_T5-4-20260914-20:34:05-2025,attr,ApplicationStrategyNetwork.monitoringServer.app[0],packetReceived:count,source,packetReceived,,,,,,,
PUB_T5-4-20260914-20:34:05-2025,attr,ApplicationStrategyNetwork.monitoringServer.app[0],packetReceived:count,title,"packets received, count",,,,,,,
PUB_T60-0-20260914-20:35:20-2342,scalar,ApplicationStrategyNetwork.sensor[0].app[0],packetSent:count,,,10,,,,,,
PUB_T60-0-20260914-20:35:20-2342,attr,ApplicationStrategyNetwork.sensor[0].app[0],packetSent:count,interpolationmode,none,,,,,,,
PUB_T60-0-20260914-20:35:20-2342,attr,ApplicationStrategyNetwork.sensor[0].app[0],packetSent:count,recordingmode,count,,,,,,,
PUB_T60-0-20260914-20:35:20-2342,attr,ApplicationStrategyNetwork.sensor[0].app[0],packetSent:count,source,packetSent,,,,,,,
PUB_T60-0-20260914-20:35:20-2342,attr,ApplicationStrategyNetwork.sensor[0].app[0],packetSent:count,title,"packets sent, count",,,,,,,
PUB_T60-0-20260914-20:35:20-2342,scalar,ApplicationStrategyNetwork.sensor[1].app[0],packetSent:count,,,10,,,,,,
PUB_T60-0-20260914-20:35:20-2342,attr,ApplicationStrategyNetwork.sensor[1].app[0],packetSent:count,interpolationmode,none,,,,,,,
PUB_T60-0-20260914-20:35:20-2342,attr,ApplicationStrategyNetwork.sensor[1].app[0],packetSent:count,recordingmode,count,,,,,,,
PUB_T60-0-20260914-20:35:20-2342,attr,ApplicationStrategyNetwork.sensor[1].app[0],packetSent:count,source,packetSent,,,,,,,
PUB_T60-0-20260914-20:35:20-2342,attr,ApplicationStrategyNetwork.sensor[1].app[0],packetSent:count,title,"packets sent, count",,,,,,,
PUB_T60-0-20260914-20:35:20-2342,scalar,ApplicationStrategyNetwork.sensor[2].app[0],packetSent:count,,,10,,,,,,
PUB_T60-0-20260914-20:35:20-2342,attr,ApplicationStrategyNetwork.sensor[2].app[0],packetSent:count,interpolationmode,none,,,,,,,
PUB_T60-0-20260914-20:35:20-2342,attr,ApplicationStrategyNetwork.sensor[2].app[0],packetSent:count,recordingmode,count,,,,,,,
PUB_T60-0-20260914-20:35:20-2342,attr,ApplicationStrategyNetwork.sensor[2].app[0],packetSent:count,source,packetSent,,,,,,,
PUB_T60-0-20260914-20:35:20-2342,attr,ApplicationStrategyNetwork.sensor[2].app[0],packetSent:count,title,"packets sent, count",,,,,,,
PUB_T60-0-20260914-20:35:20-2342,scalar,ApplicationStrategyNetwork.sensor[3].app[0],packetSent:count,,,10,,,,,,
PUB_T60-0-20260914-20:35:20-2342,attr,ApplicationStrategyNetwork.sensor[3].app[0],packetSent:count,interpolationmode,none,,,,,,,
PUB_T60-0-20260914-20:35:20-2342,attr,ApplicationStrategyNetwork.sensor[3].app[0],packetSent:count,recordingmode,count,,,,,,,
PUB_T60-0-20260914-20:35:20-2342,attr,ApplicationStrategyNetwork.sensor[3].app[0],packetSent:count,source,packetSent,,,,,,,
PUB_T60-0-20260914-20:35:20-2342,attr,ApplicationStrategyNetwork.sensor[3].app[0],packetSent:count,title,"packets sent, count",,,,,,,
PUB_T60-0-20260914-20:35:20-2342,scalar,ApplicationStrategyNetwork.sensor[4].app[0],packetSent:count,,,10,,,,,,
PUB_T60-0-20260914-20:35:20-2342,attr,ApplicationStrategyNetwork.sensor[4].app[0],packetSent:count,interpolationmode,none,,,,,,,
PUB_T60-0-20260914-20:35:20-2342,attr,ApplicationStrategyNetwork.sensor[4].app[0],packetSent:count,recordingmode,count,,,,,,,
PUB_T60-0-20260914-20:35:20-2342,attr,ApplicationStrategyNetwork.sensor[4].app[0],packetSent:count,source,packetSent,,,,,,,
PUB_T60-0-20260914-20:35:20-2342,attr,ApplicationStrategyNetwork.sensor[4].app[0],packetSent:count,title,"packets sent, count",,,,,,,
PUB_T60-0-20260914-20:35:20-2342,scalar,ApplicationStrategyNetwork.sensor[5].app[0],packetSent:count,,,10,,,,,,
PUB_T60-0-20260914-20:35:20-2342,attr,ApplicationStrategyNetwork.sensor[5].app[0],packetSent:count,interpolationmode,none,,,,,,,
PUB_T60-0-20260914-20:35:20-2342,attr,ApplicationStrategyNetwork.sensor[5].app[0],packetSent:count,recordingmode,count,,,,,,,
PUB_T60-0-20260914-20:35:20-2342,attr,ApplicationStrategyNetwork.sensor[5].app[0],packetSent:count,source,packetSent,,,,,,,
PUB_T60-0-20260914-20:35:20-2342,attr,ApplicationStrategyNetwork.sensor[5].app[0],packetSent:count,title,"packets sent, count",,,,,,,
PUB_T60-0-20260914-20:35:20-2342,scalar,ApplicationStrategyNetwork.sensor[6].app[0],packetSent:count,,,10,,,,,,
PUB_T60-0-20260914-20:35:20-2342,attr,ApplicationStrategyNetwork.sensor[6].app[0],packetSent:count,interpolationmode,none,,,,,,,
PUB_T60-0-20260914-20:35:20-2342,attr,ApplicationStrategyNetwork.sensor[6].app[0],packetSent:count,recordingmode,count,,,,,,,
PUB_T60-0-20260914-20:35:20-2342,attr,ApplicationStrategyNetwork.sensor[6].app[0],packetSent:count,source,packetSent,,,,,,,
PUB_T60-0-20260914-20:35:20-2342,attr,ApplicationStrategyNetwork.sensor[6].app[0],packetSent:count,title,"packets sent, count",,,,,,,
PUB_T60-0-20260914-20:35:20-2342,scalar,ApplicationStrategyNetwork.sensor[7].app[0],packetSent:count,,,10,,,,,,
PUB_T60-0-20260914-20:35:20-2342,attr,ApplicationStrategyNetwork.sensor[7].app[0],packetSent:count,interpolationmode,none,,,,,,,
PUB_T60-0-20260914-20:35:20-2342,attr,ApplicationStrategyNetwork.sensor[7].app[0],packetSent:count,recordingmode,count,,,,,,,
PUB_T60-0-20260914-20:35:20-2342,attr,ApplicationStrategyNetwork.sensor[7].app[0],packetSent:count,source,packetSent,,,,,,,
PUB_T60-0-20260914-20:35:20-2342,attr,ApplicationStrategyNetwork.sensor[7].app[0],packetSent:count,title,"packets sent, count",,,,,,,
PUB_T60-0-20260914-20:35:20-2342,scalar,ApplicationStrategyNetwork.sensor[8].app[0],packetSent:count,,,10,,,,,,
PUB_T60-0-20260914-20:35:20-2342,attr,ApplicationStrategyNetwork.sensor[8].app[0],packetSent:count,interpolationmode,none,,,,,,,
PUB_T60-0-20260914-20:35:20-2342,attr,ApplicationStrategyNetwork.sensor[8].app[0],packetSent:count,recordingmode,count,,,,,,,
PUB_T60-0-20260914-20:35:20-2342,attr,ApplicationStrategyNetwork.sensor[8].app[0],packetSent:count,source,packetSent,,,,,,,
PUB_T60-0-20260914-20:35:20-2342,attr,ApplicationStrategyNetwork.sensor[8].app[0],packetSent:count,title,"packets sent, count",,,,,,,
PUB_T60-0-20260914-20:35:20-2342,scalar,ApplicationStrategyNetwork.sensor[9].app[0],packetSent:count,,,10,,,,,,
PUB_T60-0-20260914-20:35:20-2342,attr,ApplicationStrategyNetwork.sensor[9].app[0],packetSent:count,interpolationmode,none,,,,,,,
PUB_T60-0-20260914-20:35:20-2342,attr,ApplicationStrategyNetwork.sensor[9].app[0],packetSent:count,recordingmode,count,,,,,,,
PUB_T60-0-20260914-20:35:20-2342,attr,ApplicationStrategyNetwork.sensor[9].app[0],packetSent:count,source,packetSent,,,,,,,
PUB_T60-0-20260914-20:35:20-2342,attr,ApplicationStrategyNetwork.sensor[9].app[0],packetSent:count,title,"packets sent, count",,,,,,,
PUB_T60-0-20260914-20:35:20-2342,scalar,ApplicationStrategyNetwork.sensor[10].app[0],packetSent:count,,,10,,,,,,
PUB_T60-0-20260914-20:35:20-2342,attr,ApplicationStrategyNetwork.sensor[10].app[0],packetSent:count,interpolationmode,none,,,,,,,
PUB_T60-0-20260914-20:35:20-2342,attr,ApplicationStrategyNetwork.sensor[10].app[0],packetSent:count,recordingmode,count,,,,,,,
PUB_T60-0-20260914-20:35:20-2342,attr,ApplicationStrategyNetwork.sensor[10].app[0],packetSent:count,source,packetSent,,,,,,,
PUB_T60-0-20260914-20:35:20-2342,attr,ApplicationStrategyNetwork.sensor[10].app[0],packetSent:count,title,"packets sent, count",,,,,,,
PUB_T60-0-20260914-20:35:20-2342,scalar,ApplicationStrategyNetwork.sensor[11].app[0],packetSent:count,,,10,,,,,,
PUB_T60-0-20260914-20:35:20-2342,attr,ApplicationStrategyNetwork.sensor[11].app[0],packetSent:count,interpolationmode,none,,,,,,,
PUB_T60-0-20260914-20:35:20-2342,attr,ApplicationStrategyNetwork.sensor[11].app[0],packetSent:count,recordingmode,count,,,,,,,
PUB_T60-0-20260914-20:35:20-2342,attr,ApplicationStrategyNetwork.sensor[11].app[0],packetSent:count,source,packetSent,,,,,,,
PUB_T60-0-20260914-20:35:20-2342,attr,ApplicationStrategyNetwork.sensor[11].app[0],packetSent:count,title,"packets sent, count",,,,,,,
PUB_T60-0-20260914-20:35:20-2342,scalar,ApplicationStrategyNetwork.monitoringServer.app[0],packetReceived:count,,,120,,,,,,
PUB_T60-0-20260914-20:35:20-2342,attr,ApplicationStrategyNetwork.monitoringServer.app[0],packetReceived:count,interpolationmode,none,,,,,,,
PUB_T60-0-20260914-20:35:20-2342,attr,ApplicationStrategyNetwork.monitoringServer.app[0],packetReceived:count,recordingmode,count,,,,,,,
PUB_T60-0-20260914-20:35:20-2342,attr,ApplicationStrategyNetwork.monitoringServer.app[0],packetReceived:count,source,packetReceived,,,,,,,
PUB_T60-0-20260914-20:35:20-2342,attr,ApplicationStrategyNetwork.monitoringServer.app[0],packetReceived:count,title,"packets received, count",,,,,,,
PUB_T60-1-20260914-20:35:22-2347,scalar,ApplicationStrategyNetwork.sensor[0].app[0],packetSent:count,,,10,,,,,,
PUB_T60-1-20260914-20:35:22-2347,attr,ApplicationStrategyNetwork.sensor[0].app[0],packetSent:count,interpolationmode,none,,,,,,,
PUB_T60-1-20260914-20:35:22-2347,attr,ApplicationStrategyNetwork.sensor[0].app[0],packetSent:count,recordingmode,count,,,,,,,
PUB_T60-1-20260914-20:35:22-2347,attr,ApplicationStrategyNetwork.sensor[0].app[0],packetSent:count,source,packetSent,,,,,,,
PUB_T60-1-20260914-20:35:22-2347,attr,ApplicationStrategyNetwork.sensor[0].app[0],packetSent:count,title,"packets sent, count",,,,,,,
PUB_T60-1-20260914-20:35:22-2347,scalar,ApplicationStrategyNetwork.sensor[1].app[0],packetSent:count,,,10,,,,,,
PUB_T60-1-20260914-20:35:22-2347,attr,ApplicationStrategyNetwork.sensor[1].app[0],packetSent:count,interpolationmode,none,,,,,,,
PUB_T60-1-20260914-20:35:22-2347,attr,ApplicationStrategyNetwork.sensor[1].app[0],packetSent:count,recordingmode,count,,,,,,,
PUB_T60-1-20260914-20:35:22-2347,attr,ApplicationStrategyNetwork.sensor[1].app[0],packetSent:count,source,packetSent,,,,,,,
PUB_T60-1-20260914-20:35:22-2347,attr,ApplicationStrategyNetwork.sensor[1].app[0],packetSent:count,title,"packets sent, count",,,,,,,
PUB_T60-1-20260914-20:35:22-2347,scalar,ApplicationStrategyNetwork.sensor[2].app[0],packetSent:count,,,10,,,,,,
PUB_T60-1-20260914-20:35:22-2347,attr,ApplicationStrategyNetwork.sensor[2].app[0],packetSent:count,interpolationmode,none,,,,,,,
PUB_T60-1-20260914-20:35:22-2347,attr,ApplicationStrategyNetwork.sensor[2].app[0],packetSent:count,recordingmode,count,,,,,,,
PUB_T60-1-20260914-20:35:22-2347,attr,ApplicationStrategyNetwork.sensor[2].app[0],packetSent:count,source,packetSent,,,,,,,
PUB_T60-1-20260914-20:35:22-2347,attr,ApplicationStrategyNetwork.sensor[2].app[0],packetSent:count,title,"packets sent, count",,,,,,,
PUB_T60-1-20260914-20:35:22-2347,scalar,ApplicationStrategyNetwork.sensor[3].app[0],packetSent:count,,,10,,,,,,
PUB_T60-1-20260914-20:35:22-2347,attr,ApplicationStrategyNetwork.sensor[3].app[0],packetSent:count,interpolationmode,none,,,,,,,
PUB_T60-1-20260914-20:35:22-2347,attr,ApplicationStrategyNetwork.sensor[3].app[0],packetSent:count,recordingmode,count,,,,,,,
PUB_T60-1-20260914-20:35:22-2347,attr,ApplicationStrategyNetwork.sensor[3].app[0],packetSent:count,source,packetSent,,,,,,,
PUB_T60-1-20260914-20:35:22-2347,attr,ApplicationStrategyNetwork.sensor[3].app[0],packetSent:count,title,"packets sent, count",,,,,,,
PUB_T60-1-20260914-20:35:22-2347,scalar,ApplicationStrategyNetwork.sensor[4].app[0],packetSent:count,,,10,,,,,,
PUB_T60-1-20260914-20:35:22-2347,attr,ApplicationStrategyNetwork.sensor[4].app[0],packetSent:count,interpolationmode,none,,,,,,,
PUB_T60-1-20260914-20:35:22-2347,attr,ApplicationStrategyNetwork.sensor[4].app[0],packetSent:count,recordingmode,count,,,,,,,
PUB_T60-1-20260914-20:35:22-2347,attr,ApplicationStrategyNetwork.sensor[4].app[0],packetSent:count,source,packetSent,,,,,,,
PUB_T60-1-20260914-20:35:22-2347,attr,ApplicationStrategyNetwork.sensor[4].app[0],packetSent:count,title,"packets sent, count",,,,,,,
PUB_T60-1-20260914-20:35:22-2347,scalar,ApplicationStrategyNetwork.sensor[5].app[0],packetSent:count,,,10,,,,,,
PUB_T60-1-20260914-20:35:22-2347,attr,ApplicationStrategyNetwork.sensor[5].app[0],packetSent:count,interpolationmode,none,,,,,,,
PUB_T60-1-20260914-20:35:22-2347,attr,ApplicationStrategyNetwork.sensor[5].app[0],packetSent:count,recordingmode,count,,,,,,,
PUB_T60-1-20260914-20:35:22-2347,attr,ApplicationStrategyNetwork.sensor[5].app[0],packetSent:count,source,packetSent,,,,,,,
PUB_T60-1-20260914-20:35:22-2347,attr,ApplicationStrategyNetwork.sensor[5].app[0],packetSent:count,title,"packets sent, count",,,,,,,
PUB_T60-1-20260914-20:35:22-2347,scalar,ApplicationStrategyNetwork.sensor[6].app[0],packetSent:count,,,10,,,,,,
PUB_T60-1-20260914-20:35:22-2347,attr,ApplicationStrategyNetwork.sensor[6].app[0],packetSent:count,interpolationmode,none,,,,,,,
PUB_T60-1-20260914-20:35:22-2347,attr,ApplicationStrategyNetwork.sensor[6].app[0],packetSent:count,recordingmode,count,,,,,,,
PUB_T60-1-20260914-20:35:22-2347,attr,ApplicationStrategyNetwork.sensor[6].app[0],packetSent:count,source,packetSent,,,,,,,
PUB_T60-1-20260914-20:35:22-2347,attr,ApplicationStrategyNetwork.sensor[6].app[0],packetSent:count,title,"packets sent, count",,,,,,,
PUB_T60-1-20260914-20:35:22-2347,scalar,ApplicationStrategyNetwork.sensor[7].app[0],packetSent:count,,,10,,,,,,
PUB_T60-1-20260914-20:35:22-2347,attr,ApplicationStrategyNetwork.sensor[7].app[0],packetSent:count,interpolationmode,none,,,,,,,
PUB_T60-1-20260914-20:35:22-2347,attr,ApplicationStrategyNetwork.sensor[7].app[0],packetSent:count,recordingmode,count,,,,,,,
PUB_T60-1-20260914-20:35:22-2347,attr,ApplicationStrategyNetwork.sensor[7].app[0],packetSent:count,source,packetSent,,,,,,,
PUB_T60-1-20260914-20:35:22-2347,attr,ApplicationStrategyNetwork.sensor[7].app[0],packetSent:count,title,"packets sent, count",,,,,,,
PUB_T60-1-20260914-20:35:22-2347,scalar,ApplicationStrategyNetwork.sensor[8].app[0],packetSent:count,,,10,,,,,,
PUB_T60-1-20260914-20:35:22-2347,attr,ApplicationStrategyNetwork.sensor[8].app[0],packetSent:count,interpolationmode,none,,,,,,,
PUB_T60-1-20260914-20:35:22-2347,attr,ApplicationStrategyNetwork.sensor[8].app[0],packetSent:count,recordingmode,count,,,,,,,
PUB_T60-1-20260914-20:35:22-2347,attr,ApplicationStrategyNetwork.sensor[8].app[0],packetSent:count,source,packetSent,,,,,,,
PUB_T60-1-20260914-20:35:22-2347,attr,ApplicationStrategyNetwork.sensor[8].app[0],packetSent:count,title,"packets sent, count",,,,,,,
PUB_T60-1-20260914-20:35:22-2347,scalar,ApplicationStrategyNetwork.sensor[9].app[0],packetSent:count,,,10,,,,,,
PUB_T60-1-20260914-20:35:22-2347,attr,ApplicationStrategyNetwork.sensor[9].app[0],packetSent:count,interpolationmode,none,,,,,,,
PUB_T60-1-20260914-20:35:22-2347,attr,ApplicationStrategyNetwork.sensor[9].app[0],packetSent:count,recordingmode,count,,,,,,,
PUB_T60-1-20260914-20:35:22-2347,attr,ApplicationStrategyNetwork.sensor[9].app[0],packetSent:count,source,packetSent,,,,,,,
PUB_T60-1-20260914-20:35:22-2347,attr,ApplicationStrategyNetwork.sensor[9].app[0],packetSent:count,title,"packets sent, count",,,,,,,
PUB_T60-1-20260914-20:35:22-2347,scalar,ApplicationStrategyNetwork.sensor[10].app[0],packetSent:count,,,10,,,,,,
PUB_T60-1-20260914-20:35:22-2347,attr,ApplicationStrategyNetwork.sensor[10].app[0],packetSent:count,interpolationmode,none,,,,,,,
PUB_T60-1-20260914-20:35:22-2347,attr,ApplicationStrategyNetwork.sensor[10].app[0],packetSent:count,recordingmode,count,,,,,,,
PUB_T60-1-20260914-20:35:22-2347,attr,ApplicationStrategyNetwork.sensor[10].app[0],packetSent:count,source,packetSent,,,,,,,
PUB_T60-1-20260914-20:35:22-2347,attr,ApplicationStrategyNetwork.sensor[10].app[0],packetSent:count,title,"packets sent, count",,,,,,,
PUB_T60-1-20260914-20:35:22-2347,scalar,ApplicationStrategyNetwork.sensor[11].app[0],packetSent:count,,,10,,,,,,
PUB_T60-1-20260914-20:35:22-2347,attr,ApplicationStrategyNetwork.sensor[11].app[0],packetSent:count,interpolationmode,none,,,,,,,
PUB_T60-1-20260914-20:35:22-2347,attr,ApplicationStrategyNetwork.sensor[11].app[0],packetSent:count,recordingmode,count,,,,,,,
PUB_T60-1-20260914-20:35:22-2347,attr,ApplicationStrategyNetwork.sensor[11].app[0],packetSent:count,source,packetSent,,,,,,,
PUB_T60-1-20260914-20:35:22-2347,attr,ApplicationStrategyNetwork.sensor[11].app[0],packetSent:count,title,"packets sent, count",,,,,,,
PUB_T60-1-20260914-20:35:22-2347,scalar,ApplicationStrategyNetwork.monitoringServer.app[0],packetReceived:count,,,120,,,,,,
PUB_T60-1-20260914-20:35:22-2347,attr,ApplicationStrategyNetwork.monitoringServer.app[0],packetReceived:count,interpolationmode,none,,,,,,,
PUB_T60-1-20260914-20:35:22-2347,attr,ApplicationStrategyNetwork.monitoringServer.app[0],packetReceived:count,recordingmode,count,,,,,,,
PUB_T60-1-20260914-20:35:22-2347,attr,ApplicationStrategyNetwork.monitoringServer.app[0],packetReceived:count,source,packetReceived,,,,,,,
PUB_T60-1-20260914-20:35:22-2347,attr,ApplicationStrategyNetwork.monitoringServer.app[0],packetReceived:count,title,"packets received, count",,,,,,,
PUB_T60-2-20260914-20:35:24-2352,scalar,ApplicationStrategyNetwork.sensor[0].app[0],packetSent:count,,,10,,,,,,
PUB_T60-2-20260914-20:35:24-2352,attr,ApplicationStrategyNetwork.sensor[0].app[0],packetSent:count,interpolationmode,none,,,,,,,
PUB_T60-2-20260914-20:35:24-2352,attr,ApplicationStrategyNetwork.sensor[0].app[0],packetSent:count,recordingmode,count,,,,,,,
PUB_T60-2-20260914-20:35:24-2352,attr,ApplicationStrategyNetwork.sensor[0].app[0],packetSent:count,source,packetSent,,,,,,,
PUB_T60-2-20260914-20:35:24-2352,attr,ApplicationStrategyNetwork.sensor[0].app[0],packetSent:count,title,"packets sent, count",,,,,,,
PUB_T60-2-20260914-20:35:24-2352,scalar,ApplicationStrategyNetwork.sensor[1].app[0],packetSent:count,,,10,,,,,,
PUB_T60-2-20260914-20:35:24-2352,attr,ApplicationStrategyNetwork.sensor[1].app[0],packetSent:count,interpolationmode,none,,,,,,,
PUB_T60-2-20260914-20:35:24-2352,attr,ApplicationStrategyNetwork.sensor[1].app[0],packetSent:count,recordingmode,count,,,,,,,
PUB_T60-2-20260914-20:35:24-2352,attr,ApplicationStrategyNetwork.sensor[1].app[0],packetSent:count,source,packetSent,,,,,,,
PUB_T60-2-20260914-20:35:24-2352,attr,ApplicationStrategyNetwork.sensor[1].app[0],packetSent:count,title,"packets sent, count",,,,,,,
PUB_T60-2-20260914-20:35:24-2352,scalar,ApplicationStrategyNetwork.sensor[2].app[0],packetSent:count,,,10,,,,,,
PUB_T60-2-20260914-20:35:24-2352,attr,ApplicationStrategyNetwork.sensor[2].app[0],packetSent:count,interpolationmode,none,,,,,,,
PUB_T60-2-20260914-20:35:24-2352,attr,ApplicationStrategyNetwork.sensor[2].app[0],packetSent:count,recordingmode,count,,,,,,,
PUB_T60-2-20260914-20:35:24-2352,attr,ApplicationStrategyNetwork.sensor[2].app[0],packetSent:count,source,packetSent,,,,,,,
PUB_T60-2-20260914-20:35:24-2352,attr,ApplicationStrategyNetwork.sensor[2].app[0],packetSent:count,title,"packets sent, count",,,,,,,
PUB_T60-2-20260914-20:35:24-2352,scalar,ApplicationStrategyNetwork.sensor[3].app[0],packetSent:count,,,10,,,,,,
PUB_T60-2-20260914-20:35:24-2352,attr,ApplicationStrategyNetwork.sensor[3].app[0],packetSent:count,interpolationmode,none,,,,,,,
PUB_T60-2-20260914-20:35:24-2352,attr,ApplicationStrategyNetwork.sensor[3].app[0],packetSent:count,recordingmode,count,,,,,,,
PUB_T60-2-20260914-20:35:24-2352,attr,ApplicationStrategyNetwork.sensor[3].app[0],packetSent:count,source,packetSent,,,,,,,
PUB_T60-2-20260914-20:35:24-2352,attr,ApplicationStrategyNetwork.sensor[3].app[0],packetSent:count,title,"packets sent, count",,,,,,,
PUB_T60-2-20260914-20:35:24-2352,scalar,ApplicationStrategyNetwork.sensor[4].app[0],packetSent:count,,,10,,,,,,
PUB_T60-2-20260914-20:35:24-2352,attr,ApplicationStrategyNetwork.sensor[4].app[0],packetSent:count,interpolationmode,none,,,,,,,
PUB_T60-2-20260914-20:35:24-2352,attr,ApplicationStrategyNetwork.sensor[4].app[0],packetSent:count,recordingmode,count,,,,,,,
PUB_T60-2-20260914-20:35:24-2352,attr,ApplicationStrategyNetwork.sensor[4].app[0],packetSent:count,source,packetSent,,,,,,,
PUB_T60-2-20260914-20:35:24-2352,attr,ApplicationStrategyNetwork.sensor[4].app[0],packetSent:count,title,"packets sent, count",,,,,,,
PUB_T60-2-20260914-20:35:24-2352,scalar,ApplicationStrategyNetwork.sensor[5].app[0],packetSent:count,,,10,,,,,,
PUB_T60-2-20260914-20:35:24-2352,attr,ApplicationStrategyNetwork.sensor[5].app[0],packetSent:count,interpolationmode,none,,,,,,,
PUB_T60-2-20260914-20:35:24-2352,attr,ApplicationStrategyNetwork.sensor[5].app[0],packetSent:count,recordingmode,count,,,,,,,
PUB_T60-2-20260914-20:35:24-2352,attr,ApplicationStrategyNetwork.sensor[5].app[0],packetSent:count,source,packetSent,,,,,,,
PUB_T60-2-20260914-20:35:24-2352,attr,ApplicationStrategyNetwork.sensor[5].app[0],packetSent:count,title,"packets sent, count",,,,,,,
PUB_T60-2-20260914-20:35:24-2352,scalar,ApplicationStrategyNetwork.sensor[6].app[0],packetSent:count,,,10,,,,,,
PUB_T60-2-20260914-20:35:24-2352,attr,ApplicationStrategyNetwork.sensor[6].app[0],packetSent:count,interpolationmode,none,,,,,,,
PUB_T60-2-20260914-20:35:24-2352,attr,ApplicationStrategyNetwork.sensor[6].app[0],packetSent:count,recordingmode,count,,,,,,,
PUB_T60-2-20260914-20:35:24-2352,attr,ApplicationStrategyNetwork.sensor[6].app[0],packetSent:count,source,packetSent,,,,,,,
PUB_T60-2-20260914-20:35:24-2352,attr,ApplicationStrategyNetwork.sensor[6].app[0],packetSent:count,title,"packets sent, count",,,,,,,
PUB_T60-2-20260914-20:35:24-2352,scalar,ApplicationStrategyNetwork.sensor[7].app[0],packetSent:count,,,10,,,,,,
PUB_T60-2-20260914-20:35:24-2352,attr,ApplicationStrategyNetwork.sensor[7].app[0],packetSent:count,interpolationmode,none,,,,,,,
PUB_T60-2-20260914-20:35:24-2352,attr,ApplicationStrategyNetwork.sensor[7].app[0],packetSent:count,recordingmode,count,,,,,,,
PUB_T60-2-20260914-20:35:24-2352,attr,ApplicationStrategyNetwork.sensor[7].app[0],packetSent:count,source,packetSent,,,,,,,
PUB_T60-2-20260914-20:35:24-2352,attr,ApplicationStrategyNetwork.sensor[7].app[0],packetSent:count,title,"packets sent, count",,,,,,,
PUB_T60-2-20260914-20:35:24-2352,scalar,ApplicationStrategyNetwork.sensor[8].app[0],packetSent:count,,,10,,,,,,
PUB_T60-2-20260914-20:35:24-2352,attr,ApplicationStrategyNetwork.sensor[8].app[0],packetSent:count,interpolationmode,none,,,,,,,
PUB_T60-2-20260914-20:35:24-2352,attr,ApplicationStrategyNetwork.sensor[8].app[0],packetSent:count,recordingmode,count,,,,,,,
PUB_T60-2-20260914-20:35:24-2352,attr,ApplicationStrategyNetwork.sensor[8].app[0],packetSent:count,source,packetSent,,,,,,,
PUB_T60-2-20260914-20:35:24-2352,attr,ApplicationStrategyNetwork.sensor[8].app[0],packetSent:count,title,"packets sent, count",,,,,,,
PUB_T60-2-20260914-20:35:24-2352,scalar,ApplicationStrategyNetwork.sensor[9].app[0],packetSent:count,,,10,,,,,,
PUB_T60-2-20260914-20:35:24-2352,attr,ApplicationStrategyNetwork.sensor[9].app[0],packetSent:count,interpolationmode,none,,,,,,,
PUB_T60-2-20260914-20:35:24-2352,attr,ApplicationStrategyNetwork.sensor[9].app[0],packetSent:count,recordingmode,count,,,,,,,
PUB_T60-2-20260914-20:35:24-2352,attr,ApplicationStrategyNetwork.sensor[9].app[0],packetSent:count,source,packetSent,,,,,,,
PUB_T60-2-20260914-20:35:24-2352,attr,ApplicationStrategyNetwork.sensor[9].app[0],packetSent:count,title,"packets sent, count",,,,,,,
PUB_T60-2-20260914-20:35:24-2352,scalar,ApplicationStrategyNetwork.sensor[10].app[0],packetSent:count,,,10,,,,,,
PUB_T60-2-20260914-20:35:24-2352,attr,ApplicationStrategyNetwork.sensor[10].app[0],packetSent:count,interpolationmode,none,,,,,,,
PUB_T60-2-20260914-20:35:24-2352,attr,ApplicationStrategyNetwork.sensor[10].app[0],packetSent:count,recordingmode,count,,,,,,,
PUB_T60-2-20260914-20:35:24-2352,attr,ApplicationStrategyNetwork.sensor[10].app[0],packetSent:count,source,packetSent,,,,,,,
PUB_T60-2-20260914-20:35:24-2352,attr,ApplicationStrategyNetwork.sensor[10].app[0],packetSent:count,title,"packets sent, count",,,,,,,
PUB_T60-2-20260914-20:35:24-2352,scalar,ApplicationStrategyNetwork.sensor[11].app[0],packetSent:count,,,10,,,,,,
PUB_T60-2-20260914-20:35:24-2352,attr,ApplicationStrategyNetwork.sensor[11].app[0],packetSent:count,interpolationmode,none,,,,,,,
PUB_T60-2-20260914-20:35:24-2352,attr,ApplicationStrategyNetwork.sensor[11].app[0],packetSent:count,recordingmode,count,,,,,,,
PUB_T60-2-20260914-20:35:24-2352,attr,ApplicationStrategyNetwork.sensor[11].app[0],packetSent:count,source,packetSent,,,,,,,
PUB_T60-2-20260914-20:35:24-2352,attr,ApplicationStrategyNetwork.sensor[11].app[0],packetSent:count,title,"packets sent, count",,,,,,,
PUB_T60-2-20260914-20:35:24-2352,scalar,ApplicationStrategyNetwork.monitoringServer.app[0],packetReceived:count,,,120,,,,,,
PUB_T60-2-20260914-20:35:24-2352,attr,ApplicationStrategyNetwork.monitoringServer.app[0],packetReceived:count,interpolationmode,none,,,,,,,
PUB_T60-2-20260914-20:35:24-2352,attr,ApplicationStrategyNetwork.monitoringServer.app[0],packetReceived:count,recordingmode,count,,,,,,,
PUB_T60-2-20260914-20:35:24-2352,attr,ApplicationStrategyNetwork.monitoringServer.app[0],packetReceived:count,source,packetReceived,,,,,,,
PUB_T60-2-20260914-20:35:24-2352,attr,ApplicationStrategyNetwork.monitoringServer.app[0],packetReceived:count,title,"packets received, count",,,,,,,
PUB_T60-3-20260914-20:35:26-2357,scalar,ApplicationStrategyNetwork.sensor[0].app[0],packetSent:count,,,10,,,,,,
PUB_T60-3-20260914-20:35:26-2357,attr,ApplicationStrategyNetwork.sensor[0].app[0],packetSent:count,interpolationmode,none,,,,,,,
PUB_T60-3-20260914-20:35:26-2357,attr,ApplicationStrategyNetwork.sensor[0].app[0],packetSent:count,recordingmode,count,,,,,,,
PUB_T60-3-20260914-20:35:26-2357,attr,ApplicationStrategyNetwork.sensor[0].app[0],packetSent:count,source,packetSent,,,,,,,
PUB_T60-3-20260914-20:35:26-2357,attr,ApplicationStrategyNetwork.sensor[0].app[0],packetSent:count,title,"packets sent, count",,,,,,,
PUB_T60-3-20260914-20:35:26-2357,scalar,ApplicationStrategyNetwork.sensor[1].app[0],packetSent:count,,,10,,,,,,
PUB_T60-3-20260914-20:35:26-2357,attr,ApplicationStrategyNetwork.sensor[1].app[0],packetSent:count,interpolationmode,none,,,,,,,
PUB_T60-3-20260914-20:35:26-2357,attr,ApplicationStrategyNetwork.sensor[1].app[0],packetSent:count,recordingmode,count,,,,,,,
PUB_T60-3-20260914-20:35:26-2357,attr,ApplicationStrategyNetwork.sensor[1].app[0],packetSent:count,source,packetSent,,,,,,,
PUB_T60-3-20260914-20:35:26-2357,attr,ApplicationStrategyNetwork.sensor[1].app[0],packetSent:count,title,"packets sent, count",,,,,,,
PUB_T60-3-20260914-20:35:26-2357,scalar,ApplicationStrategyNetwork.sensor[2].app[0],packetSent:count,,,10,,,,,,
PUB_T60-3-20260914-20:35:26-2357,attr,ApplicationStrategyNetwork.sensor[2].app[0],packetSent:count,interpolationmode,none,,,,,,,
PUB_T60-3-20260914-20:35:26-2357,attr,ApplicationStrategyNetwork.sensor[2].app[0],packetSent:count,recordingmode,count,,,,,,,
PUB_T60-3-20260914-20:35:26-2357,attr,ApplicationStrategyNetwork.sensor[2].app[0],packetSent:count,source,packetSent,,,,,,,
PUB_T60-3-20260914-20:35:26-2357,attr,ApplicationStrategyNetwork.sensor[2].app[0],packetSent:count,title,"packets sent, count",,,,,,,
PUB_T60-3-20260914-20:35:26-2357,scalar,ApplicationStrategyNetwork.sensor[3].app[0],packetSent:count,,,10,,,,,,
PUB_T60-3-20260914-20:35:26-2357,attr,ApplicationStrategyNetwork.sensor[3].app[0],packetSent:count,interpolationmode,none,,,,,,,
PUB_T60-3-20260914-20:35:26-2357,attr,ApplicationStrategyNetwork.sensor[3].app[0],packetSent:count,recordingmode,count,,,,,,,
PUB_T60-3-20260914-20:35:26-2357,attr,ApplicationStrategyNetwork.sensor[3].app[0],packetSent:count,source,packetSent,,,,,,,
PUB_T60-3-20260914-20:35:26-2357,attr,ApplicationStrategyNetwork.sensor[3].app[0],packetSent:count,title,"packets sent, count",,,,,,,
PUB_T60-3-20260914-20:35:26-2357,scalar,ApplicationStrategyNetwork.sensor[4].app[0],packetSent:count,,,10,,,,,,
PUB_T60-3-20260914-20:35:26-2357,attr,ApplicationStrategyNetwork.sensor[4].app[0],packetSent:count,interpolationmode,none,,,,,,,
PUB_T60-3-20260914-20:35:26-2357,attr,ApplicationStrategyNetwork.sensor[4].app[0],packetSent:count,recordingmode,count,,,,,,,
PUB_T60-3-20260914-20:35:26-2357,attr,ApplicationStrategyNetwork.sensor[4].app[0],packetSent:count,source,packetSent,,,,,,,
PUB_T60-3-20260914-20:35:26-2357,attr,ApplicationStrategyNetwork.sensor[4].app[0],packetSent:count,title,"packets sent, count",,,,,,,
PUB_T60-3-20260914-20:35:26-2357,scalar,ApplicationStrategyNetwork.sensor[5].app[0],packetSent:count,,,10,,,,,,
PUB_T60-3-20260914-20:35:26-2357,attr,ApplicationStrategyNetwork.sensor[5].app[0],packetSent:count,interpolationmode,none,,,,,,,
PUB_T60-3-20260914-20:35:26-2357,attr,ApplicationStrategyNetwork.sensor[5].app[0],packetSent:count,recordingmode,count,,,,,,,
PUB_T60-3-20260914-20:35:26-2357,attr,ApplicationStrategyNetwork.sensor[5].app[0],packetSent:count,source,packetSent,,,,,,,
PUB_T60-3-20260914-20:35:26-2357,attr,ApplicationStrategyNetwork.sensor[5].app[0],packetSent:count,title,"packets sent, count",,,,,,,
PUB_T60-3-20260914-20:35:26-2357,scalar,ApplicationStrategyNetwork.sensor[6].app[0],packetSent:count,,,10,,,,,,
PUB_T60-3-20260914-20:35:26-2357,attr,ApplicationStrategyNetwork.sensor[6].app[0],packetSent:count,interpolationmode,none,,,,,,,
PUB_T60-3-20260914-20:35:26-2357,attr,ApplicationStrategyNetwork.sensor[6].app[0],packetSent:count,recordingmode,count,,,,,,,
PUB_T60-3-20260914-20:35:26-2357,attr,ApplicationStrategyNetwork.sensor[6].app[0],packetSent:count,source,packetSent,,,,,,,
PUB_T60-3-20260914-20:35:26-2357,attr,ApplicationStrategyNetwork.sensor[6].app[0],packetSent:count,title,"packets sent, count",,,,,,,
PUB_T60-3-20260914-20:35:26-2357,scalar,ApplicationStrategyNetwork.sensor[7].app[0],packetSent:count,,,10,,,,,,
PUB_T60-3-20260914-20:35:26-2357,attr,ApplicationStrategyNetwork.sensor[7].app[0],packetSent:count,interpolationmode,none,,,,,,,
PUB_T60-3-20260914-20:35:26-2357,attr,ApplicationStrategyNetwork.sensor[7].app[0],packetSent:count,recordingmode,count,,,,,,,
PUB_T60-3-20260914-20:35:26-2357,attr,ApplicationStrategyNetwork.sensor[7].app[0],packetSent:count,source,packetSent,,,,,,,
PUB_T60-3-20260914-20:35:26-2357,attr,ApplicationStrategyNetwork.sensor[7].app[0],packetSent:count,title,"packets sent, count",,,,,,,
PUB_T60-3-20260914-20:35:26-2357,scalar,ApplicationStrategyNetwork.sensor[8].app[0],packetSent:count,,,10,,,,,,
PUB_T60-3-20260914-20:35:26-2357,attr,ApplicationStrategyNetwork.sensor[8].app[0],packetSent:count,interpolationmode,none,,,,,,,
PUB_T60-3-20260914-20:35:26-2357,attr,ApplicationStrategyNetwork.sensor[8].app[0],packetSent:count,recordingmode,count,,,,,,,
PUB_T60-3-20260914-20:35:26-2357,attr,ApplicationStrategyNetwork.sensor[8].app[0],packetSent:count,source,packetSent,,,,,,,
PUB_T60-3-20260914-20:35:26-2357,attr,ApplicationStrategyNetwork.sensor[8].app[0],packetSent:count,title,"packets sent, count",,,,,,,
PUB_T60-3-20260914-20:35:26-2357,scalar,ApplicationStrategyNetwork.sensor[9].app[0],packetSent:count,,,10,,,,,,
PUB_T60-3-20260914-20:35:26-2357,attr,ApplicationStrategyNetwork.sensor[9].app[0],packetSent:count,interpolationmode,none,,,,,,,
PUB_T60-3-20260914-20:35:26-2357,attr,ApplicationStrategyNetwork.sensor[9].app[0],packetSent:count,recordingmode,count,,,,,,,
PUB_T60-3-20260914-20:35:26-2357,attr,ApplicationStrategyNetwork.sensor[9].app[0],packetSent:count,source,packetSent,,,,,,,
PUB_T60-3-20260914-20:35:26-2357,attr,ApplicationStrategyNetwork.sensor[9].app[0],packetSent:count,title,"packets sent, count",,,,,,,
PUB_T60-3-20260914-20:35:26-2357,scalar,ApplicationStrategyNetwork.sensor[10].app[0],packetSent:count,,,10,,,,,,
PUB_T60-3-20260914-20:35:26-2357,attr,ApplicationStrategyNetwork.sensor[10].app[0],packetSent:count,interpolationmode,none,,,,,,,
PUB_T60-3-20260914-20:35:26-2357,attr,ApplicationStrategyNetwork.sensor[10].app[0],packetSent:count,recordingmode,count,,,,,,,
PUB_T60-3-20260914-20:35:26-2357,attr,ApplicationStrategyNetwork.sensor[10].app[0],packetSent:count,source,packetSent,,,,,,,
PUB_T60-3-20260914-20:35:26-2357,attr,ApplicationStrategyNetwork.sensor[10].app[0],packetSent:count,title,"packets sent, count",,,,,,,
PUB_T60-3-20260914-20:35:26-2357,scalar,ApplicationStrategyNetwork.sensor[11].app[0],packetSent:count,,,10,,,,,,
PUB_T60-3-20260914-20:35:26-2357,attr,ApplicationStrategyNetwork.sensor[11].app[0],packetSent:count,interpolationmode,none,,,,,,,
PUB_T60-3-20260914-20:35:26-2357,attr,ApplicationStrategyNetwork.sensor[11].app[0],packetSent:count,recordingmode,count,,,,,,,
PUB_T60-3-20260914-20:35:26-2357,attr,ApplicationStrategyNetwork.sensor[11].app[0],packetSent:count,source,packetSent,,,,,,,
PUB_T60-3-20260914-20:35:26-2357,attr,ApplicationStrategyNetwork.sensor[11].app[0],packetSent:count,title,"packets sent, count",,,,,,,
PUB_T60-3-20260914-20:35:26-2357,scalar,ApplicationStrategyNetwork.monitoringServer.app[0],packetReceived:count,,,120,,,,,,
PUB_T60-3-20260914-20:35:26-2357,attr,ApplicationStrategyNetwork.monitoringServer.app[0],packetReceived:count,interpolationmode,none,,,,,,,
PUB_T60-3-20260914-20:35:26-2357,attr,ApplicationStrategyNetwork.monitoringServer.app[0],packetReceived:count,recordingmode,count,,,,,,,
PUB_T60-3-20260914-20:35:26-2357,attr,ApplicationStrategyNetwork.monitoringServer.app[0],packetReceived:count,source,packetReceived,,,,,,,
PUB_T60-3-20260914-20:35:26-2357,attr,ApplicationStrategyNetwork.monitoringServer.app[0],packetReceived:count,title,"packets received, count",,,,,,,
PUB_T60-4-20260914-20:35:27-2362,scalar,ApplicationStrategyNetwork.sensor[0].app[0],packetSent:count,,,10,,,,,,
PUB_T60-4-20260914-20:35:27-2362,attr,ApplicationStrategyNetwork.sensor[0].app[0],packetSent:count,interpolationmode,none,,,,,,,
PUB_T60-4-20260914-20:35:27-2362,attr,ApplicationStrategyNetwork.sensor[0].app[0],packetSent:count,recordingmode,count,,,,,,,
PUB_T60-4-20260914-20:35:27-2362,attr,ApplicationStrategyNetwork.sensor[0].app[0],packetSent:count,source,packetSent,,,,,,,
PUB_T60-4-20260914-20:35:27-2362,attr,ApplicationStrategyNetwork.sensor[0].app[0],packetSent:count,title,"packets sent, count",,,,,,,
PUB_T60-4-20260914-20:35:27-2362,scalar,ApplicationStrategyNetwork.sensor[1].app[0],packetSent:count,,,10,,,,,,
PUB_T60-4-20260914-20:35:27-2362,attr,ApplicationStrategyNetwork.sensor[1].app[0],packetSent:count,interpolationmode,none,,,,,,,
PUB_T60-4-20260914-20:35:27-2362,attr,ApplicationStrategyNetwork.sensor[1].app[0],packetSent:count,recordingmode,count,,,,,,,
PUB_T60-4-20260914-20:35:27-2362,attr,ApplicationStrategyNetwork.sensor[1].app[0],packetSent:count,source,packetSent,,,,,,,
PUB_T60-4-20260914-20:35:27-2362,attr,ApplicationStrategyNetwork.sensor[1].app[0],packetSent:count,title,"packets sent, count",,,,,,,
PUB_T60-4-20260914-20:35:27-2362,scalar,ApplicationStrategyNetwork.sensor[2].app[0],packetSent:count,,,10,,,,,,
PUB_T60-4-20260914-20:35:27-2362,attr,ApplicationStrategyNetwork.sensor[2].app[0],packetSent:count,interpolationmode,none,,,,,,,
PUB_T60-4-20260914-20:35:27-2362,attr,ApplicationStrategyNetwork.sensor[2].app[0],packetSent:count,recordingmode,count,,,,,,,
PUB_T60-4-20260914-20:35:27-2362,attr,ApplicationStrategyNetwork.sensor[2].app[0],packetSent:count,source,packetSent,,,,,,,
PUB_T60-4-20260914-20:35:27-2362,attr,ApplicationStrategyNetwork.sensor[2].app[0],packetSent:count,title,"packets sent, count",,,,,,,
PUB_T60-4-20260914-20:35:27-2362,scalar,ApplicationStrategyNetwork.sensor[3].app[0],packetSent:count,,,10,,,,,,
PUB_T60-4-20260914-20:35:27-2362,attr,ApplicationStrategyNetwork.sensor[3].app[0],packetSent:count,interpolationmode,none,,,,,,,
PUB_T60-4-20260914-20:35:27-2362,attr,ApplicationStrategyNetwork.sensor[3].app[0],packetSent:count,recordingmode,count,,,,,,,
PUB_T60-4-20260914-20:35:27-2362,attr,ApplicationStrategyNetwork.sensor[3].app[0],packetSent:count,source,packetSent,,,,,,,
PUB_T60-4-20260914-20:35:27-2362,attr,ApplicationStrategyNetwork.sensor[3].app[0],packetSent:count,title,"packets sent, count",,,,,,,
PUB_T60-4-20260914-20:35:27-2362,scalar,ApplicationStrategyNetwork.sensor[4].app[0],packetSent:count,,,10,,,,,,
PUB_T60-4-20260914-20:35:27-2362,attr,ApplicationStrategyNetwork.sensor[4].app[0],packetSent:count,interpolationmode,none,,,,,,,
PUB_T60-4-20260914-20:35:27-2362,attr,ApplicationStrategyNetwork.sensor[4].app[0],packetSent:count,recordingmode,count,,,,,,,
PUB_T60-4-20260914-20:35:27-2362,attr,ApplicationStrategyNetwork.sensor[4].app[0],packetSent:count,source,packetSent,,,,,,,
PUB_T60-4-20260914-20:35:27-2362,attr,ApplicationStrategyNetwork.sensor[4].app[0],packetSent:count,title,"packets sent, count",,,,,,,
PUB_T60-4-20260914-20:35:27-2362,scalar,ApplicationStrategyNetwork.sensor[5].app[0],packetSent:count,,,10,,,,,,
PUB_T60-4-20260914-20:35:27-2362,attr,ApplicationStrategyNetwork.sensor[5].app[0],packetSent:count,interpolationmode,none,,,,,,,
PUB_T60-4-20260914-20:35:27-2362,attr,ApplicationStrategyNetwork.sensor[5].app[0],packetSent:count,recordingmode,count,,,,,,,
PUB_T60-4-20260914-20:35:27-2362,attr,ApplicationStrategyNetwork.sensor[5].app[0],packetSent:count,source,packetSent,,,,,,,
PUB_T60-4-20260914-20:35:27-2362,attr,ApplicationStrategyNetwork.sensor[5].app[0],packetSent:count,title,"packets sent, count",,,,,,,
PUB_T60-4-20260914-20:35:27-2362,scalar,ApplicationStrategyNetwork.sensor[6].app[0],packetSent:count,,,10,,,,,,
PUB_T60-4-20260914-20:35:27-2362,attr,ApplicationStrategyNetwork.sensor[6].app[0],packetSent:count,interpolationmode,none,,,,,,,
PUB_T60-4-20260914-20:35:27-2362,attr,ApplicationStrategyNetwork.sensor[6].app[0],packetSent:count,recordingmode,count,,,,,,,
PUB_T60-4-20260914-20:35:27-2362,attr,ApplicationStrategyNetwork.sensor[6].app[0],packetSent:count,source,packetSent,,,,,,,
PUB_T60-4-20260914-20:35:27-2362,attr,ApplicationStrategyNetwork.sensor[6].app[0],packetSent:count,title,"packets sent, count",,,,,,,
PUB_T60-4-20260914-20:35:27-2362,scalar,ApplicationStrategyNetwork.sensor[7].app[0],packetSent:count,,,10,,,,,,
PUB_T60-4-20260914-20:35:27-2362,attr,ApplicationStrategyNetwork.sensor[7].app[0],packetSent:count,interpolationmode,none,,,,,,,
PUB_T60-4-20260914-20:35:27-2362,attr,ApplicationStrategyNetwork.sensor[7].app[0],packetSent:count,recordingmode,count,,,,,,,
PUB_T60-4-20260914-20:35:27-2362,attr,ApplicationStrategyNetwork.sensor[7].app[0],packetSent:count,source,packetSent,,,,,,,
PUB_T60-4-20260914-20:35:27-2362,attr,ApplicationStrategyNetwork.sensor[7].app[0],packetSent:count,title,"packets sent, count",,,,,,,
PUB_T60-4-20260914-20:35:27-2362,scalar,ApplicationStrategyNetwork.sensor[8].app[0],packetSent:count,,,10,,,,,,
PUB_T60-4-20260914-20:35:27-2362,attr,ApplicationStrategyNetwork.sensor[8].app[0],packetSent:count,interpolationmode,none,,,,,,,
PUB_T60-4-20260914-20:35:27-2362,attr,ApplicationStrategyNetwork.sensor[8].app[0],packetSent:count,recordingmode,count,,,,,,,
PUB_T60-4-20260914-20:35:27-2362,attr,ApplicationStrategyNetwork.sensor[8].app[0],packetSent:count,source,packetSent,,,,,,,
PUB_T60-4-20260914-20:35:27-2362,attr,ApplicationStrategyNetwork.sensor[8].app[0],packetSent:count,title,"packets sent, count",,,,,,,
PUB_T60-4-20260914-20:35:27-2362,scalar,ApplicationStrategyNetwork.sensor[9].app[0],packetSent:count,,,10,,,,,,
PUB_T60-4-20260914-20:35:27-2362,attr,ApplicationStrategyNetwork.sensor[9].app[0],packetSent:count,interpolationmode,none,,,,,,,
PUB_T60-4-20260914-20:35:27-2362,attr,ApplicationStrategyNetwork.sensor[9].app[0],packetSent:count,recordingmode,count,,,,,,,
PUB_T60-4-20260914-20:35:27-2362,attr,ApplicationStrategyNetwork.sensor[9].app[0],packetSent:count,source,packetSent,,,,,,,
PUB_T60-4-20260914-20:35:27-2362,attr,ApplicationStrategyNetwork.sensor[9].app[0],packetSent:count,title,"packets sent, count",,,,,,,
PUB_T60-4-20260914-20:35:27-2362,scalar,ApplicationStrategyNetwork.sensor[10].app[0],packetSent:count,,,10,,,,,,
PUB_T60-4-20260914-20:35:27-2362,attr,ApplicationStrategyNetwork.sensor[10].app[0],packetSent:count,interpolationmode,none,,,,,,,
PUB_T60-4-20260914-20:35:27-2362,attr,ApplicationStrategyNetwork.sensor[10].app[0],packetSent:count,recordingmode,count,,,,,,,
PUB_T60-4-20260914-20:35:27-2362,attr,ApplicationStrategyNetwork.sensor[10].app[0],packetSent:count,source,packetSent,,,,,,,
PUB_T60-4-20260914-20:35:27-2362,attr,ApplicationStrategyNetwork.sensor[10].app[0],packetSent:count,title,"packets sent, count",,,,,,,
PUB_T60-4-20260914-20:35:27-2362,scalar,ApplicationStrategyNetwork.sensor[11].app[0],packetSent:count,,,10,,,,,,
PUB_T60-4-20260914-20:35:27-2362,attr,ApplicationStrategyNetwork.sensor[11].app[0],packetSent:count,interpolationmode,none,,,,,,,
PUB_T60-4-20260914-20:35:27-2362,attr,ApplicationStrategyNetwork.sensor[11].app[0],packetSent:count,recordingmode,count,,,,,,,
PUB_T60-4-20260914-20:35:27-2362,attr,ApplicationStrategyNetwork.sensor[11].app[0],packetSent:count,source,packetSent,,,,,,,
PUB_T60-4-20260914-20:35:27-2362,attr,ApplicationStrategyNetwork.sensor[11].app[0],packetSent:count,title,"packets sent, count",,,,,,,
PUB_T60-4-20260914-20:35:27-2362,scalar,ApplicationStrategyNetwork.monitoringServer.app[0],packetReceived:count,,,120,,,,,,
PUB_T60-4-20260914-20:35:27-2362,attr,ApplicationStrategyNetwork.monitoringServer.app[0],packetReceived:count,interpolationmode,none,,,,,,,
PUB_T60-4-20260914-20:35:27-2362,attr,ApplicationStrategyNetwork.monitoringServer.app[0],packetReceived:count,recordingmode,count,,,,,,,
PUB_T60-4-20260914-20:35:27-2362,attr,ApplicationStrategyNetwork.monitoringServer.app[0],packetReceived:count,source,packetReceived,,,,,,,
PUB_T60-4-20260914-20:35:27-2362,attr,ApplicationStrategyNetwork.monitoringServer.app[0],packetReceived:count,title,"packets received, count",,,,,,,
PUB_T1-0-20260914-20:25:42-1884,statistic,ApplicationStrategyNetwork.monitoringServer.app[0],endToEndDelay:stats,,,,7188,7188,0.0054157883526187,0.00072608249157162,0.004302805561,0.006542842032
PUB_T1-0-20260914-20:25:42-1884,attr,ApplicationStrategyNetwork.monitoringServer.app[0],endToEndDelay:stats,interpolationmode,none,,,,,,,
PUB_T1-0-20260914-20:25:42-1884,attr,ApplicationStrategyNetwork.monitoringServer.app[0],endToEndDelay:stats,recordingmode,stats,,,,,,,
PUB_T1-0-20260914-20:25:42-1884,attr,ApplicationStrategyNetwork.monitoringServer.app[0],endToEndDelay:stats,source,dataAge(packetReceived),,,,,,,
PUB_T1-0-20260914-20:25:42-1884,attr,ApplicationStrategyNetwork.monitoringServer.app[0],endToEndDelay:stats,title,end-to-end delay,,,,,,,
PUB_T1-0-20260914-20:25:42-1884,attr,ApplicationStrategyNetwork.monitoringServer.app[0],endToEndDelay:stats,unit,s,,,,,,,
PUB_T1-1-20260914-20:24:11-1777,statistic,ApplicationStrategyNetwork.monitoringServer.app[0],endToEndDelay:stats,,,,7188,7188,0.0059016903233898,0.001899913655237,0.004302807905,0.033838823705
PUB_T1-1-20260914-20:24:11-1777,attr,ApplicationStrategyNetwork.monitoringServer.app[0],endToEndDelay:stats,interpolationmode,none,,,,,,,
PUB_T1-1-20260914-20:24:11-1777,attr,ApplicationStrategyNetwork.monitoringServer.app[0],endToEndDelay:stats,recordingmode,stats,,,,,,,
PUB_T1-1-20260914-20:24:11-1777,attr,ApplicationStrategyNetwork.monitoringServer.app[0],endToEndDelay:stats,source,dataAge(packetReceived),,,,,,,
PUB_T1-1-20260914-20:24:11-1777,attr,ApplicationStrategyNetwork.monitoringServer.app[0],endToEndDelay:stats,title,end-to-end delay,,,,,,,
PUB_T1-1-20260914-20:24:11-1777,attr,ApplicationStrategyNetwork.monitoringServer.app[0],endToEndDelay:stats,unit,s,,,,,,,
PUB_T1-2-20260914-20:24:26-1782,statistic,ApplicationStrategyNetwork.monitoringServer.app[0],endToEndDelay:stats,,,,7188,7188,0.0058035694299541,0.0016639216665999,0.004302806717,0.023918806717
PUB_T1-2-20260914-20:24:26-1782,attr,ApplicationStrategyNetwork.monitoringServer.app[0],endToEndDelay:stats,interpolationmode,none,,,,,,,
PUB_T1-2-20260914-20:24:26-1782,attr,ApplicationStrategyNetwork.monitoringServer.app[0],endToEndDelay:stats,recordingmode,stats,,,,,,,
PUB_T1-2-20260914-20:24:26-1782,attr,ApplicationStrategyNetwork.monitoringServer.app[0],endToEndDelay:stats,source,dataAge(packetReceived),,,,,,,
PUB_T1-2-20260914-20:24:26-1782,attr,ApplicationStrategyNetwork.monitoringServer.app[0],endToEndDelay:stats,title,end-to-end delay,,,,,,,
PUB_T1-2-20260914-20:24:26-1782,attr,ApplicationStrategyNetwork.monitoringServer.app[0],endToEndDelay:stats,unit,s,,,,,,,
PUB_T1-3-20260914-20:24:39-1787,statistic,ApplicationStrategyNetwork.monitoringServer.app[0],endToEndDelay:stats,,,,7188,7188,0.0054985205619832,0.0011072909098424,0.004302809376,0.023902828797
PUB_T1-3-20260914-20:24:39-1787,attr,ApplicationStrategyNetwork.monitoringServer.app[0],endToEndDelay:stats,interpolationmode,none,,,,,,,
PUB_T1-3-20260914-20:24:39-1787,attr,ApplicationStrategyNetwork.monitoringServer.app[0],endToEndDelay:stats,recordingmode,stats,,,,,,,
PUB_T1-3-20260914-20:24:39-1787,attr,ApplicationStrategyNetwork.monitoringServer.app[0],endToEndDelay:stats,source,dataAge(packetReceived),,,,,,,
PUB_T1-3-20260914-20:24:39-1787,attr,ApplicationStrategyNetwork.monitoringServer.app[0],endToEndDelay:stats,title,end-to-end delay,,,,,,,
PUB_T1-3-20260914-20:24:39-1787,attr,ApplicationStrategyNetwork.monitoringServer.app[0],endToEndDelay:stats,unit,s,,,,,,,
PUB_T1-4-20260914-20:24:57-1792,statistic,ApplicationStrategyNetwork.monitoringServer.app[0],endToEndDelay:stats,,,,7188,7188,0.005708753921441,0.0013698932823567,0.004302810005,0.017038824454
PUB_T1-4-20260914-20:24:57-1792,attr,ApplicationStrategyNetwork.monitoringServer.app[0],endToEndDelay:stats,interpolationmode,none,,,,,,,
PUB_T1-4-20260914-20:24:57-1792,attr,ApplicationStrategyNetwork.monitoringServer.app[0],endToEndDelay:stats,recordingmode,stats,,,,,,,
PUB_T1-4-20260914-20:24:57-1792,attr,ApplicationStrategyNetwork.monitoringServer.app[0],endToEndDelay:stats,source,dataAge(packetReceived),,,,,,,
PUB_T1-4-20260914-20:24:57-1792,attr,ApplicationStrategyNetwork.monitoringServer.app[0],endToEndDelay:stats,title,end-to-end delay,,,,,,,
PUB_T1-4-20260914-20:24:57-1792,attr,ApplicationStrategyNetwork.monitoringServer.app[0],endToEndDelay:stats,unit,s,,,,,,,
PUB_T10-0-20260914-20:34:32-2117,statistic,ApplicationStrategyNetwork.monitoringServer.app[0],endToEndDelay:stats,,,,720,720,0.0053663778536389,0.00071699305070056,0.004302805561,0.006542842032
PUB_T10-0-20260914-20:34:32-2117,attr,ApplicationStrategyNetwork.monitoringServer.app[0],endToEndDelay:stats,interpolationmode,none,,,,,,,
PUB_T10-0-20260914-20:34:32-2117,attr,ApplicationStrategyNetwork.monitoringServer.app[0],endToEndDelay:stats,recordingmode,stats,,,,,,,
PUB_T10-0-20260914-20:34:32-2117,attr,ApplicationStrategyNetwork.monitoringServer.app[0],endToEndDelay:stats,source,dataAge(packetReceived),,,,,,,
PUB_T10-0-20260914-20:34:32-2117,attr,ApplicationStrategyNetwork.monitoringServer.app[0],endToEndDelay:stats,title,end-to-end delay,,,,,,,
PUB_T10-0-20260914-20:34:32-2117,attr,ApplicationStrategyNetwork.monitoringServer.app[0],endToEndDelay:stats,unit,s,,,,,,,
PUB_T10-1-20260914-20:34:34-2122,statistic,ApplicationStrategyNetwork.monitoringServer.app[0],endToEndDelay:stats,,,,720,720,0.0059290899895,0.0019153516808482,0.004302807905,0.020366809292
PUB_T10-1-20260914-20:34:34-2122,attr,ApplicationStrategyNetwork.monitoringServer.app[0],endToEndDelay:stats,interpolationmode,none,,,,,,,
PUB_T10-1-20260914-20:34:34-2122,attr,ApplicationStrategyNetwork.monitoringServer.app[0],endToEndDelay:stats,recordingmode,stats,,,,,,,
PUB_T10-1-20260914-20:34:34-2122,attr,ApplicationStrategyNetwork.monitoringServer.app[0],endToEndDelay:stats,source,dataAge(packetReceived),,,,,,,
PUB_T10-1-20260914-20:34:34-2122,attr,ApplicationStrategyNetwork.monitoringServer.app[0],endToEndDelay:stats,title,end-to-end delay,,,,,,,
PUB_T10-1-20260914-20:34:34-2122,attr,ApplicationStrategyNetwork.monitoringServer.app[0],endToEndDelay:stats,unit,s,,,,,,,
PUB_T10-2-20260914-20:34:36-2127,statistic,ApplicationStrategyNetwork.monitoringServer.app[0],endToEndDelay:stats,,,,720,720,0.0057936192908333,0.0017482682165159,0.004302808209,0.021342806717
PUB_T10-2-20260914-20:34:36-2127,attr,ApplicationStrategyNetwork.monitoringServer.app[0],endToEndDelay:stats,interpolationmode,none,,,,,,,
PUB_T10-2-20260914-20:34:36-2127,attr,ApplicationStrategyNetwork.monitoringServer.app[0],endToEndDelay:stats,recordingmode,stats,,,,,,,
PUB_T10-2-20260914-20:34:36-2127,attr,ApplicationStrategyNetwork.monitoringServer.app[0],endToEndDelay:stats,source,dataAge(packetReceived),,,,,,,
PUB_T10-2-20260914-20:34:36-2127,attr,ApplicationStrategyNetwork.monitoringServer.app[0],endToEndDelay:stats,title,end-to-end delay,,,,,,,
PUB_T10-2-20260914-20:34:36-2127,attr,ApplicationStrategyNetwork.monitoringServer.app[0],endToEndDelay:stats,unit,s,,,,,,,
PUB_T10-3-20260914-20:34:38-2132,statistic,ApplicationStrategyNetwork.monitoringServer.app[0],endToEndDelay:stats,,,,720,720,0.0055010455109722,0.0010633890746381,0.004302809376,0.017710828797
PUB_T10-3-20260914-20:34:38-2132,attr,ApplicationStrategyNetwork.monitoringServer.app[0],endToEndDelay:stats,interpolationmode,none,,,,,,,
PUB_T10-3-20260914-20:34:38-2132,attr,ApplicationStrategyNetwork.monitoringServer.app[0],endToEndDelay:stats,recordingmode,stats,,,,,,,
PUB_T10-3-20260914-20:34:38-2132,attr,ApplicationStrategyNetwork.monitoringServer.app[0],endToEndDelay:stats,source,dataAge(packetReceived),,,,,,,
PUB_T10-3-20260914-20:34:38-2132,attr,ApplicationStrategyNetwork.monitoringServer.app[0],endToEndDelay:stats,title,end-to-end delay,,,,,,,
PUB_T10-3-20260914-20:34:38-2132,attr,ApplicationStrategyNetwork.monitoringServer.app[0],endToEndDelay:stats,unit,s,,,,,,,
PUB_T10-4-20260914-20:34:40-2138,statistic,ApplicationStrategyNetwork.monitoringServer.app[0],endToEndDelay:stats,,,,720,720,0.0056940062679444,0.0013736781189557,0.004302810005,0.015118824454
PUB_T10-4-20260914-20:34:40-2138,attr,ApplicationStrategyNetwork.monitoringServer.app[0],endToEndDelay:stats,interpolationmode,none,,,,,,,
PUB_T10-4-20260914-20:34:40-2138,attr,ApplicationStrategyNetwork.monitoringServer.app[0],endToEndDelay:stats,recordingmode,stats,,,,,,,
PUB_T10-4-20260914-20:34:40-2138,attr,ApplicationStrategyNetwork.monitoringServer.app[0],endToEndDelay:stats,source,dataAge(packetReceived),,,,,,,
PUB_T10-4-20260914-20:34:40-2138,attr,ApplicationStrategyNetwork.monitoringServer.app[0],endToEndDelay:stats,title,end-to-end delay,,,,,,,
PUB_T10-4-20260914-20:34:40-2138,attr,ApplicationStrategyNetwork.monitoringServer.app[0],endToEndDelay:stats,unit,s,,,,,,,
PUB_T30-0-20260914-20:34:58-2230,statistic,ApplicationStrategyNetwork.monitoringServer.app[0],endToEndDelay:stats,,,,240,240,0.00535348896475,0.0007172567082267,0.004302805561,0.006542842032
PUB_T30-0-20260914-20:34:58-2230,attr,ApplicationStrategyNetwork.monitoringServer.app[0],endToEndDelay:stats,interpolationmode,none,,,,,,,
PUB_T30-0-20260914-20:34:58-2230,attr,ApplicationStrategyNetwork.monitoringServer.app[0],endToEndDelay:stats,recordingmode,stats,,,,,,,
PUB_T30-0-20260914-20:34:58-2230,attr,ApplicationStrategyNetwork.monitoringServer.app[0],endToEndDelay:stats,source,dataAge(packetReceived),,,,,,,
PUB_T30-0-20260914-20:34:58-2230,attr,ApplicationStrategyNetwork.monitoringServer.app[0],endToEndDelay:stats,title,end-to-end delay,,,,,,,
PUB_T30-0-20260914-20:34:58-2230,attr,ApplicationStrategyNetwork.monitoringServer.app[0],endToEndDelay:stats,unit,s,,,,,,,
PUB_T30-1-20260914-20:35:00-2235,statistic,ApplicationStrategyNetwork.monitoringServer.app[0],endToEndDelay:stats,,,,240,240,0.0059378233228333,0.0021271195517079,0.004302807905,0.020366809292
PUB_T30-1-20260914-20:35:00-2235,attr,ApplicationStrategyNetwork.monitoringServer.app[0],endToEndDelay:stats,interpolationmode,none,,,,,,,
PUB_T30-1-20260914-20:35:00-2235,attr,ApplicationStrategyNetwork.monitoringServer.app[0],endToEndDelay:stats,recordingmode,stats,,,,,,,
PUB_T30-1-20260914-20:35:00-2235,attr,ApplicationStrategyNetwork.monitoringServer.app[0],endToEndDelay:stats,source,dataAge(packetReceived),,,,,,,
PUB_T30-1-20260914-20:35:00-2235,attr,ApplicationStrategyNetwork.monitoringServer.app[0],endToEndDelay:stats,title,end-to-end delay,,,,,,,
PUB_T30-1-20260914-20:35:00-2235,attr,ApplicationStrategyNetwork.monitoringServer.app[0],endToEndDelay:stats,unit,s,,,,,,,
PUB_T30-2-20260914-20:35:01-2240,statistic,ApplicationStrategyNetwork.monitoringServer.app[0],endToEndDelay:stats,,,,240,240,0.0057772859575,0.0017317483912905,0.004302808209,0.021342806717
PUB_T30-2-20260914-20:35:01-2240,attr,ApplicationStrategyNetwork.monitoringServer.app[0],endToEndDelay:stats,interpolationmode,none,,,,,,,
PUB_T30-2-20260914-20:35:01-2240,attr,ApplicationStrategyNetwork.monitoringServer.app[0],endToEndDelay:stats,recordingmode,stats,,,,,,,
PUB_T30-2-20260914-20:35:01-2240,attr,ApplicationStrategyNetwork.monitoringServer.app[0],endToEndDelay:stats,source,dataAge(packetReceived),,,,,,,
PUB_T30-2-20260914-20:35:01-2240,attr,ApplicationStrategyNetwork.monitoringServer.app[0],endToEndDelay:stats,title,end-to-end delay,,,,,,,
PUB_T30-2-20260914-20:35:01-2240,attr,ApplicationStrategyNetwork.monitoringServer.app[0],endToEndDelay:stats,unit,s,,,,,,,
PUB_T30-3-20260914-20:35:03-2245,statistic,ApplicationStrategyNetwork.monitoringServer.app[0],endToEndDelay:stats,,,,240,240,0.0054372899554167,0.0010884843921436,0.004302809376,0.017678812905
PUB_T30-3-20260914-20:35:03-2245,attr,ApplicationStrategyNetwork.monitoringServer.app[0],endToEndDelay:stats,interpolationmode,none,,,,,,,
PUB_T30-3-20260914-20:35:03-2245,attr,ApplicationStrategyNetwork.monitoringServer.app[0],endToEndDelay:stats,recordingmode,stats,,,,,,,
PUB_T30-3-20260914-20:35:03-2245,attr,ApplicationStrategyNetwork.monitoringServer.app[0],endToEndDelay:stats,source,dataAge(packetReceived),,,,,,,
PUB_T30-3-20260914-20:35:03-2245,attr,ApplicationStrategyNetwork.monitoringServer.app[0],endToEndDelay:stats,title,end-to-end delay,,,,,,,
PUB_T30-3-20260914-20:35:03-2245,attr,ApplicationStrategyNetwork.monitoringServer.app[0],endToEndDelay:stats,unit,s,,,,,,,
PUB_T30-4-20260914-20:35:05-2250,statistic,ApplicationStrategyNetwork.monitoringServer.app[0],endToEndDelay:stats,,,,240,240,0.0056484284901667,0.0014021191741013,0.004302810005,0.015118824454
PUB_T30-4-20260914-20:35:05-2250,attr,ApplicationStrategyNetwork.monitoringServer.app[0],endToEndDelay:stats,interpolationmode,none,,,,,,,
PUB_T30-4-20260914-20:35:05-2250,attr,ApplicationStrategyNetwork.monitoringServer.app[0],endToEndDelay:stats,recordingmode,stats,,,,,,,
PUB_T30-4-20260914-20:35:05-2250,attr,ApplicationStrategyNetwork.monitoringServer.app[0],endToEndDelay:stats,source,dataAge(packetReceived),,,,,,,
PUB_T30-4-20260914-20:35:05-2250,attr,ApplicationStrategyNetwork.monitoringServer.app[0],endToEndDelay:stats,title,end-to-end delay,,,,,,,
PUB_T30-4-20260914-20:35:05-2250,attr,ApplicationStrategyNetwork.monitoringServer.app[0],endToEndDelay:stats,unit,s,,,,,,,
PUB_T5-0-20260914-20:33:50-2005,statistic,ApplicationStrategyNetwork.monitoringServer.app[0],endToEndDelay:stats,,,,1440,1440,0.0053848222980833,0.00071228715347547,0.004302805561,0.006542842032
PUB_T5-0-20260914-20:33:50-2005,attr,ApplicationStrategyNetwork.monitoringServer.app[0],endToEndDelay:stats,interpolationmode,none,,,,,,,
PUB_T5-0-20260914-20:33:50-2005,attr,ApplicationStrategyNetwork.monitoringServer.app[0],endToEndDelay:stats,recordingmode,stats,,,,,,,
PUB_T5-0-20260914-20:33:50-2005,attr,ApplicationStrategyNetwork.monitoringServer.app[0],endToEndDelay:stats,source,dataAge(packetReceived),,,,,,,
PUB_T5-0-20260914-20:33:50-2005,attr,ApplicationStrategyNetwork.monitoringServer.app[0],endToEndDelay:stats,title,end-to-end delay,,,,,,,
PUB_T5-0-20260914-20:33:50-2005,attr,ApplicationStrategyNetwork.monitoringServer.app[0],endToEndDelay:stats,unit,s,,,,,,,
PUB_T5-1-20260914-20:33:55-2010,statistic,ApplicationStrategyNetwork.monitoringServer.app[0],endToEndDelay:stats,,,,1440,1440,0.0059158788783889,0.0018817993543255,0.004302807905,0.020366809292
PUB_T5-1-20260914-20:33:55-2010,attr,ApplicationStrategyNetwork.monitoringServer.app[0],endToEndDelay:stats,interpolationmode,none,,,,,,,
PUB_T5-1-20260914-20:33:55-2010,attr,ApplicationStrategyNetwork.monitoringServer.app[0],endToEndDelay:stats,recordingmode,stats,,,,,,,
PUB_T5-1-20260914-20:33:55-2010,attr,ApplicationStrategyNetwork.monitoringServer.app[0],endToEndDelay:stats,source,dataAge(packetReceived),,,,,,,
PUB_T5-1-20260914-20:33:55-2010,attr,ApplicationStrategyNetwork.monitoringServer.app[0],endToEndDelay:stats,title,end-to-end delay,,,,,,,
PUB_T5-1-20260914-20:33:55-2010,attr,ApplicationStrategyNetwork.monitoringServer.app[0],endToEndDelay:stats,unit,s,,,,,,,
PUB_T5-2-20260914-20:33:59-2015,statistic,ApplicationStrategyNetwork.monitoringServer.app[0],endToEndDelay:stats,,,,1440,1440,0.0058074192908333,0.0016788192696924,0.004302806717,0.021342806717
PUB_T5-2-20260914-20:33:59-2015,attr,ApplicationStrategyNetwork.monitoringServer.app[0],endToEndDelay:stats,interpolationmode,none,,,,,,,
PUB_T5-2-20260914-20:33:59-2015,attr,ApplicationStrategyNetwork.monitoringServer.app[0],endToEndDelay:stats,recordingmode,stats,,,,,,,
PUB_T5-2-20260914-20:33:59-2015,attr,ApplicationStrategyNetwork.monitoringServer.app[0],endToEndDelay:stats,source,dataAge(packetReceived),,,,,,,
PUB_T5-2-20260914-20:33:59-2015,attr,ApplicationStrategyNetwork.monitoringServer.app[0],endToEndDelay:stats,title,end-to-end delay,,,,,,,
PUB_T5-2-20260914-20:33:59-2015,attr,ApplicationStrategyNetwork.monitoringServer.app[0],endToEndDelay:stats,unit,s,,,,,,,
PUB_T5-3-20260914-20:34:02-2020,statistic,ApplicationStrategyNetwork.monitoringServer.app[0],endToEndDelay:stats,,,,1440,1440,0.0054760455109722,0.0009416884633701,0.004302809376,0.017710828797
PUB_T5-3-20260914-20:34:02-2020,attr,ApplicationStrategyNetwork.monitoringServer.app[0],endToEndDelay:stats,interpolationmode,none,,,,,,,
PUB_T5-3-20260914-20:34:02-2020,attr,ApplicationStrategyNetwork.monitoringServer.app[0],endToEndDelay:stats,recordingmode,stats,,,,,,,
PUB_T5-3-20260914-20:34:02-2020,attr,ApplicationStrategyNetwork.monitoringServer.app[0],endToEndDelay:stats,source,dataAge(packetReceived),,,,,,,
PUB_T5-3-20260914-20:34:02-2020,attr,ApplicationStrategyNetwork.monitoringServer.app[0],endToEndDelay:stats,title,end-to-end delay,,,,,,,
PUB_T5-3-20260914-20:34:02-2020,attr,ApplicationStrategyNetwork.monitoringServer.app[0],endToEndDelay:stats,unit,s,,,,,,,
PUB_T5-4-20260914-20:34:05-2025,statistic,ApplicationStrategyNetwork.monitoringServer.app[0],endToEndDelay:stats,,,,1440,1440,0.0056855284901667,0.0013436151129145,0.004302810005,0.015758824454
PUB_T5-4-20260914-20:34:05-2025,attr,ApplicationStrategyNetwork.monitoringServer.app[0],endToEndDelay:stats,interpolationmode,none,,,,,,,
PUB_T5-4-20260914-20:34:05-2025,attr,ApplicationStrategyNetwork.monitoringServer.app[0],endToEndDelay:stats,recordingmode,stats,,,,,,,
PUB_T5-4-20260914-20:34:05-2025,attr,ApplicationStrategyNetwork.monitoringServer.app[0],endToEndDelay:stats,source,dataAge(packetReceived),,,,,,,
PUB_T5-4-20260914-20:34:05-2025,attr,ApplicationStrategyNetwork.monitoringServer.app[0],endToEndDelay:stats,title,end-to-end delay,,,,,,,
PUB_T5-4-20260914-20:34:05-2025,attr,ApplicationStrategyNetwork.monitoringServer.app[0],endToEndDelay:stats,unit,s,,,,,,,
PUB_T60-0-20260914-20:35:20-2342,statistic,ApplicationStrategyNetwork.monitoringServer.app[0],endToEndDelay:stats,,,,120,120,0.0053508222980833,0.0007291972931233,0.004302805561,0.006542842032
PUB_T60-0-20260914-20:35:20-2342,attr,ApplicationStrategyNetwork.monitoringServer.app[0],endToEndDelay:stats,interpolationmode,none,,,,,,,
PUB_T60-0-20260914-20:35:20-2342,attr,ApplicationStrategyNetwork.monitoringServer.app[0],endToEndDelay:stats,recordingmode,stats,,,,,,,
PUB_T60-0-20260914-20:35:20-2342,attr,ApplicationStrategyNetwork.monitoringServer.app[0],endToEndDelay:stats,source,dataAge(packetReceived),,,,,,,
PUB_T60-0-20260914-20:35:20-2342,attr,ApplicationStrategyNetwork.monitoringServer.app[0],endToEndDelay:stats,title,end-to-end delay,,,,,,,
PUB_T60-0-20260914-20:35:20-2342,attr,ApplicationStrategyNetwork.monitoringServer.app[0],endToEndDelay:stats,unit,s,,,,,,,
PUB_T60-1-20260914-20:35:22-2347,statistic,ApplicationStrategyNetwork.monitoringServer.app[0],endToEndDelay:stats,,,,120,120,0.0059866899895,0.0022364594521955,0.004302807905,0.020366809292
PUB_T60-1-20260914-20:35:22-2347,attr,ApplicationStrategyNetwork.monitoringServer.app[0],endToEndDelay:stats,interpolationmode,none,,,,,,,
PUB_T60-1-20260914-20:35:22-2347,attr,ApplicationStrategyNetwork.monitoringServer.app[0],endToEndDelay:stats,recordingmode,stats,,,,,,,
PUB_T60-1-20260914-20:35:22-2347,attr,ApplicationStrategyNetwork.monitoringServer.app[0],endToEndDelay:stats,source,dataAge(packetReceived),,,,,,,
PUB_T60-1-20260914-20:35:22-2347,attr,ApplicationStrategyNetwork.monitoringServer.app[0],endToEndDelay:stats,title,end-to-end delay,,,,,,,
PUB_T60-1-20260914-20:35:22-2347,attr,ApplicationStrategyNetwork.monitoringServer.app[0],endToEndDelay:stats,unit,s,,,,,,,
PUB_T60-2-20260914-20:35:24-2352,statistic,ApplicationStrategyNetwork.monitoringServer.app[0],endToEndDelay:stats,,,,120,120,0.0059344192908333,0.0021669646923287,0.004302810414,0.021342806717
PUB_T60-2-20260914-20:35:24-2352,attr,ApplicationStrategyNetwork.monitoringServer.app[0],endToEndDelay:stats,interpolationmode,none,,,,,,,
PUB_T60-2-20260914-20:35:24-2352,attr,ApplicationStrategyNetwork.monitoringServer.app[0],endToEndDelay:stats,recordingmode,stats,,,,,,,
PUB_T60-2-20260914-20:35:24-2352,attr,ApplicationStrategyNetwork.monitoringServer.app[0],endToEndDelay:stats,source,dataAge(packetReceived),,,,,,,
PUB_T60-2-20260914-20:35:24-2352,attr,ApplicationStrategyNetwork.monitoringServer.app[0],endToEndDelay:stats,title,end-to-end delay,,,,,,,
PUB_T60-2-20260914-20:35:24-2352,attr,ApplicationStrategyNetwork.monitoringServer.app[0],endToEndDelay:stats,unit,s,,,,,,,
PUB_T60-3-20260914-20:35:26-2357,statistic,ApplicationStrategyNetwork.monitoringServer.app[0],endToEndDelay:stats,,,,120,120,0.0053214899554167,0.0007232967208503,0.004302810519,0.006542835097
PUB_T60-3-20260914-20:35:26-2357,attr,ApplicationStrategyNetwork.monitoringServer.app[0],endToEndDelay:stats,interpolationmode,none,,,,,,,
PUB_T60-3-20260914-20:35:26-2357,attr,ApplicationStrategyNetwork.monitoringServer.app[0],endToEndDelay:stats,recordingmode,stats,,,,,,,
PUB_T60-3-20260914-20:35:26-2357,attr,ApplicationStrategyNetwork.monitoringServer.app[0],endToEndDelay:stats,source,dataAge(packetReceived),,,,,,,
PUB_T60-3-20260914-20:35:26-2357,attr,ApplicationStrategyNetwork.monitoringServer.app[0],endToEndDelay:stats,title,end-to-end delay,,,,,,,
PUB_T60-3-20260914-20:35:26-2357,attr,ApplicationStrategyNetwork.monitoringServer.app[0],endToEndDelay:stats,unit,s,,,,,,,
PUB_T60-4-20260914-20:35:27-2362,statistic,ApplicationStrategyNetwork.monitoringServer.app[0],endToEndDelay:stats,,,,120,120,0.0056857618235,0.0012480935160432,0.004302810005,0.013198824454
PUB_T60-4-20260914-20:35:27-2362,attr,ApplicationStrategyNetwork.monitoringServer.app[0],endToEndDelay:stats,interpolationmode,none,,,,,,,
PUB_T60-4-20260914-20:35:27-2362,attr,ApplicationStrategyNetwork.monitoringServer.app[0],endToEndDelay:stats,recordingmode,stats,,,,,,,
PUB_T60-4-20260914-20:35:27-2362,attr,ApplicationStrategyNetwork.monitoringServer.app[0],endToEndDelay:stats,source,dataAge(packetReceived),,,,,,,
PUB_T60-4-20260914-20:35:27-2362,attr,ApplicationStrategyNetwork.monitoringServer.app[0],endToEndDelay:stats,title,end-to-end delay,,,,,,,
PUB_T60-4-20260914-20:35:27-2362,attr,ApplicationStrategyNetwork.monitoringServer.app[0],endToEndDelay:stats,unit,s,,,,,,,
