run,type,module,name,attrname,attrvalue,value,count,sumweights,mean,stddev,min,max
RR_T1-3-20260914-20:16:05-852,runattr,,,configname,RR_T1,,,,,,,
RR_T1-3-20260914-20:16:05-852,runattr,,,datetime,20260914-20:16:05,,,,,,,
RR_T1-3-20260914-20:16:05-852,runattr,,,datetimef,20260914-201605,,,,,,,
RR_T1-3-20260914-20:16:05-852,runattr,,,experiment,RR_T1,,,,,,,
RR_T1-3-20260914-20:16:05-852,runattr,,,inifile,omnetpp.ini,,,,,,,
RR_T1-3-20260914-20:16:05-852,runattr,,,iterationvars,,,,,,,,
RR_T1-3-20260914-20:16:05-852,runattr,,,iterationvarsd,,,,,,,,
RR_T1-3-20260914-20:16:05-852,runattr,,,iterationvarsf,,,,,,,,
RR_T1-3-20260914-20:16:05-852,runattr,,,measurement,,,,,,,,
RR_T1-3-20260914-20:16:05-852,runattr,,,network,simulations.experiment4_application_strategy.ApplicationStrategyNetwork,,,,,,,
RR_T1-3-20260914-20:16:05-852,runattr,,,processid,852,,,,,,,
RR_T1-3-20260914-20:16:05-852,runattr,,,repetition,3,,,,,,,
RR_T1-3-20260914-20:16:05-852,runattr,,,replication,#3,,,,,,,
RR_T1-3-20260914-20:16:05-852,runattr,,,resultdir,results,,,,,,,
RR_T1-3-20260914-20:16:05-852,runattr,,,runnumber,3,,,,,,,
RR_T1-3-20260914-20:16:05-852,runattr,,,seedset,3,,,,,,,
RR_T1-3-20260914-20:16:05-852,config,,,image-path,../../../inet-4.6.0/images,,,,,,,
RR_T1-3-20260914-20:16:05-852,config,,,extends,RequestResponseBase,,,,,,,
RR_T1-3-20260914-20:16:05-852,config,,,*.monitoringServer.app[*].sendInterval,1s,,,,,,,
RR_T1-3-20260914-20:16:05-852,config,,,repeat,5,,,,,,,
RR_T1-3-20260914-20:16:05-852,config,,,seed-set,3,,,,,,,
RR_T1-3-20260914-20:16:05-852,config,,,extends,Common,,,,,,,
RR_T1-3-20260914-20:16:05-852,config,,,*.sensor[*].numApps,1,,,,,,,
RR_T1-3-20260914-20:16:05-852,config,,,*.sensor[*].app[0].typename,UdpEchoApp,,,,,,,
RR_T1-3-20260914-20:16:05-852,config,,,*.sensor[*].app[0].localPort,2000,,,,,,,
RR_T1-3-20260914-20:16:05-852,config,,,*.monitoringServer.numApps,12,,,,,,,
RR_T1-3-20260914-20:16:05-852,config,,,*.monitoringServer.app[*].typename,UdpBasicApp,,,,,,,
RR_T1-3-20260914-20:16:05-852,config,,,*.monitoringServer.app[*].destPort,2000,,,,,,,
RR_T1-3-20260914-20:16:05-852,config,,,*.monitoringServer.app[*].messageLength,50B,,,,,,,
RR_T1-3-20260914-20:16:05-852,config,,,*.monitoringServer.app[*].sendInterval,10s,,,,,,,
RR_T1-3-20260914-20:16:05-852,config,,,*.monitoringServer.app[*].startTime,"uniform(1s,2s)",,,,,,,
RR_T1-3-20260914-20:16:05-852,config,,,*.monitoringServer.app[*].packetName,"""PollingRequest""",,,,,,,
RR_T1-3-20260914-20:16:05-852,config,,,*.monitoringServer.app[0].destAddresses,"""sensor[0]""",,,,,,,
RR_T1-3-20260914-20:16:05-852,config,,,*.monitoringServer.app[1].destAddresses,"""sensor[1]""",,,,,,,
RR_T1-3-20260914-20:16:05-852,config,,,*.monitoringServer.app[2].destAddresses,"""sensor[2]""",,,,,,,
RR_T1-3-20260914-20:16:05-852,config,,,*.monitoringServer.app[3].destAddresses,"""sensor[3]""",,,,,,,
RR_T1-3-20260914-20:16:05-852,config,,,*.monitoringServer.app[4].destAddresses,"""sensor[4]""",,,,,,,
RR_T1-3-20260914-20:16:05-852,config,,,*.monitoringServer.app[5].destAddresses,"""sensor[5]""",,,,,,,
RR_T1-3-20260914-20:16:05-852,config,,,*.monitoringServer.app[6].destAddresses,"""sensor[6]""",,,,,,,
RR_T1-3-20260914-20:16:05-852,config,,,*.monitoringServer.app[7].destAddresses,"""sensor[7]""",,,,,,,
RR_T1-3-20260914-20:16:05-852,config,,,*.monitoringServer.app[8].destAddresses,"""sensor[8]""",,,,,,,
RR_T1-3-20260914-20:16:05-852,config,,,*.monitoringServer.app[9].destAddresses,"""sensor[9]""",,,,,,,
RR_T1-3-20260914-20:16:05-852,config,,,*.monitoringServer.app[10].destAddresses,"""sensor[10]""",,,,,,,
RR_T1-3-20260914-20:16:05-852,config,,,*.monitoringServer.app[11].destAddresses,"""sensor[11]""",,,,,,,
RR_T1-3-20260914-20:16:05-852,config,,,*.monitoringServer.app[*].packetSent.result-recording-modes,count,,,,,,,
RR_T1-3-20260914-20:16:05-852,config,,,*.monitoringServer.app[*].packetReceived.result-recording-modes,count,,,,,,,
RR_T1-3-20260914-20:16:05-852,config,,,*.monitoringServer.app[*].rcvdPkLifetime.result-recording-modes,stats,,,,,,,
RR_T1-3-20260914-20:16:05-852,config,,,*.sensor[*].app[0].echoedPk.result-recording-modes,count,,,,,,,
RR_T1-3-20260914-20:16:05-852,config,,,network,simulations.experiment4_application_strategy.ApplicationStrategyNetwork,,,,,,,
RR_T1-3-20260914-20:16:05-852,config,,,sim-time-limit,600s,,,,,,,
RR_T1-3-20260914-20:16:05-852,config,,,*.numSensors,12,,,,,,,
RR_T1-3-20260914-20:16:05-852,config,,,**.arp.typename,GlobalArp,,,,,,,
RR_T1-3-20260914-20:16:05-852,config,,,**.netmaskRoutes,"""""",,,,,,,
RR_T1-3-20260914-20:16:05-852,config,,,*.radioMedium.backgroundNoise.power,-110dBm,,,,,,,
RR_T1-3-20260914-20:16:05-852,config,,,*.configurator.config,"xmldoc(""startopology.xml"")",,,,,,,
RR_T1-3-20260914-20:16:05-852,config,,,*.configurator.addStaticRoutes,false,,,,,,,
RR_T1-3-20260914-20:16:05-852,config,,,*.sensor[*].mobility.initFromDisplayString,false,,,,,,,
RR_T1-3-20260914-20:16:05-852,config,,,*.sensor[*].mobility.initialX,"uniform(1m, 19m)",,,,,,,
RR_T1-3-20260914-20:16:05-852,config,,,*.sensor[*].mobility.initialY,"uniform(1m, 19m)",,,,,,,
RR_T1-3-20260914-20:16:05-852,config,,,*.sensor[*].mobility.initialZ,0m,,,,,,,
RR_T1-3-20260914-20:16:05-852,config,,,*.controller.numApps,0,,,,,,,
RR_T1-3-20260914-20:16:05-852,config,,,*.lamp*.numApps,0,,,,,,,
RR_T1-3-20260914-20:16:05-852,config,,,**.vector-recording,false,,,,,,,
RR_T1-0-20260914-20:14:46-833,runattr,,,configname,RR_T1,,,,,,,
RR_T1-0-20260914-20:14:46-833,runattr,,,datetime,20260914-20:14:46,,,,,,,
RR_T1-0-20260914-20:14:46-833,runattr,,,datetimef,20260914-201446,,,,,,,
RR_T1-0-20260914-20:14:46-833,runattr,,,experiment,RR_T1,,,,,,,
RR_T1-0-20260914-20:14:46-833,runattr,,,inifile,omnetpp.ini,,,,,,,
RR_T1-0-20260914-20:14:46-833,runattr,,,iterationvars,,,,,,,,
RR_T1-0-20260914-20:14:46-833,runattr,,,iterationvarsd,,,,,,,,
RR_T1-0-20260914-20:14:46-833,runattr,,,iterationvarsf,,,,,,,,
RR_T1-0-20260914-20:14:46-833,runattr,,,measurement,,,,,,,,
RR_T1-0-20260914-20:14:46-833,runattr,,,network,simulations.experiment4_application_strategy.ApplicationStrategyNetwork,,,,,,,
RR_T1-0-20260914-20:14:46-833,runattr,,,processid,833,,,,,,,
RR_T1-0-20260914-20:14:46-833,runattr,,,repetition,0,,,,,,,
RR_T1-0-20260914-20:14:46-833,runattr,,,replication,#0,,,,,,,
RR_T1-0-20260914-20:14:46-833,runattr,,,resultdir,results,,,,,,,
RR_T1-0-20260914-20:14:46-833,runattr,,,runnumber,0,,,,,,,
RR_T1-0-20260914-20:14:46-833,runattr,,,seedset,0,,,,,,,
RR_T1-0-20260914-20:14:46-833,config,,,image-path,../../../inet-4.6.0/images,,,,,,,
RR_T1-0-20260914-20:14:46-833,config,,,extends,RequestResponseBase,,,,,,,
RR_T1-0-20260914-20:14:46-833,config,,,*.monitoringServer.app[*].sendInterval,1s,,,,,,,
RR_T1-0-20260914-20:14:46-833,config,,,repeat,5,,,,,,,
RR_T1-0-20260914-20:14:46-833,config,,,seed-set,0,,,,,,,
RR_T1-0-20260914-20:14:46-833,config,,,extends,Common,,,,,,,
RR_T1-0-20260914-20:14:46-833,config,,,*.sensor[*].numApps,1,,,,,,,
RR_T1-0-20260914-20:14:46-833,config,,,*.sensor[*].app[0].typename,UdpEchoApp,,,,,,,
RR_T1-0-20260914-20:14:46-833,config,,,*.sensor[*].app[0].localPort,2000,,,,,,,
RR_T1-0-20260914-20:14:46-833,config,,,*.monitoringServer.numApps,12,,,,,,,
RR_T1-0-20260914-20:14:46-833,config,,,*.monitoringServer.app[*].typename,UdpBasicApp,,,,,,,
RR_T1-0-20260914-20:14:46-833,config,,,*.monitoringServer.app[*].destPort,2000,,,,,,,
RR_T1-0-20260914-20:14:46-833,config,,,*.monitoringServer.app[*].messageLength,50B,,,,,,,
RR_T1-0-20260914-20:14:46-833,config,,,*.monitoringServer.app[*].sendInterval,10s,,,,,,,
RR_T1-0-20260914-20:14:46-833,config,,,*.monitoringServer.app[*].startTime,"uniform(1s,2s)",,,,,,,
RR_T1-0-20260914-20:14:46-833,config,,,*.monitoringServer.app[*].packetName,"""PollingRequest""",,,,,,,
RR_T1-0-20260914-20:14:46-833,config,,,*.monitoringServer.app[0].destAddresses,"""sensor[0]""",,,,,,,
RR_T1-0-20260914-20:14:46-833,config,,,*.monitoringServer.app[1].destAddresses,"""sensor[1]""",,,,,,,
RR_T1-0-20260914-20:14:46-833,config,,,*.monitoringServer.app[2].destAddresses,"""sensor[2]""",,,,,,,
RR_T1-0-20260914-20:14:46-833,config,,,*.monitoringServer.app[3].destAddresses,"""sensor[3]""",,,,,,,
RR_T1-0-20260914-20:14:46-833,config,,,*.monitoringServer.app[4].destAddresses,"""sensor[4]""",,,,,,,
RR_T1-0-20260914-20:14:46-833,config,,,*.monitoringServer.app[5].destAddresses,"""sensor[5]""",,,,,,,
RR_T1-0-20260914-20:14:46-833,config,,,*.monitoringServer.app[6].destAddresses,"""sensor[6]""",,,,,,,
RR_T1-0-20260914-20:14:46-833,config,,,*.monitoringServer.app[7].destAddresses,"""sensor[7]""",,,,,,,
RR_T1-0-20260914-20:14:46-833,config,,,*.monitoringServer.app[8].destAddresses,"""sensor[8]""",,,,,,,
RR_T1-0-20260914-20:14:46-833,config,,,*.monitoringServer.app[9].destAddresses,"""sensor[9]""",,,,,,,
RR_T1-0-20260914-20:14:46-833,config,,,*.monitoringServer.app[10].destAddresses,"""sensor[10]""",,,,,,,
RR_T1-0-20260914-20:14:46-833,config,,,*.monitoringServer.app[11].destAddresses,"""sensor[11]""",,,,,,,
RR_T1-0-20260914-20:14:46-833,config,,,*.monitoringServer.app[*].packetSent.result-recording-modes,count,,,,,,,
RR_T1-0-20260914-20:14:46-833,config,,,*.monitoringServer.app[*].packetReceived.result-recording-modes,count,,,,,,,
RR_T1-0-20260914-20:14:46-833,config,,,*.monitoringServer.app[*].rcvdPkLifetime.result-recording-modes,stats,,,,,,,
RR_T1-0-20260914-20:14:46-833,config,,,*.sensor[*].app[0].echoedPk.result-recording-modes,count,,,,,,,
RR_T1-0-20260914-20:14:46-833,config,,,network,simulations.experiment4_application_strategy.ApplicationStrategyNetwork,,,,,,,
RR_T1-0-20260914-20:14:46-833,config,,,sim-time-limit,600s,,,,,,,
RR_T1-0-20260914-20:14:46-833,config,,,*.numSensors,12,,,,,,,
RR_T1-0-20260914-20:14:46-833,config,,,**.arp.typename,GlobalArp,,,,,,,
RR_T1-0-20260914-20:14:46-833,config,,,**.netmaskRoutes,"""""",,,,,,,
RR_T1-0-20260914-20:14:46-833,config,,,*.radioMedium.backgroundNoise.power,-110dBm,,,,,,,
RR_T1-0-20260914-20:14:46-833,config,,,*.configurator.config,"xmldoc(""startopology.xml"")",,,,,,,
RR_T1-0-20260914-20:14:46-833,config,,,*.configurator.addStaticRoutes,false,,,,,,,
RR_T1-0-20260914-20:14:46-833,config,,,*.sensor[*].mobility.initFromDisplayString,false,,,,,,,
RR_T1-0-20260914-20:14:46-833,config,,,*.sensor[*].mobility.initialX,"uniform(1m, 19m)",,,,,,,
RR_T1-0-20260914-20:14:46-833,config,,,*.sensor[*].mobility.initialY,"uniform(1m, 19m)",,,,,,,
RR_T1-0-20260914-20:14:46-833,config,,,*.sensor[*].mobility.initialZ,0m,,,,,,,
RR_T1-0-20260914-20:14:46-833,config,,,*.controller.numApps,0,,,,,,,
RR_T1-0-20260914-20:14:46-833,config,,,*.lamp*.numApps,0,,,,,,,
RR_T1-0-20260914-20:14:46-833,config,,,**.vector-recording,false,,,,,,,
RR_T1-1-20260914-20:15:19-840,runattr,,,configname,RR_T1,,,,,,,
RR_T1-1-20260914-20:15:19-840,runattr,,,datetime,20260914-20:15:19,,,,,,,
RR_T1-1-20260914-20:15:19-840,runattr,,,datetimef,20260914-201519,,,,,,,
RR_T1-1-20260914-20:15:19-840,runattr,,,experiment,RR_T1,,,,,,,
RR_T1-1-20260914-20:15:19-840,runattr,,,inifile,omnetpp.ini,,,,,,,
RR_T1-1-20260914-20:15:19-840,runattr,,,iterationvars,,,,,,,,
RR_T1-1-20260914-20:15:19-840,runattr,,,iterationvarsd,,,,,,,,
RR_T1-1-20260914-20:15:19-840,runattr,,,iterationvarsf,,,,,,,,
RR_T1-1-20260914-20:15:19-840,runattr,,,measurement,,,,,,,,
RR_T1-1-20260914-20:15:19-840,runattr,,,network,simulations.experiment4_application_strategy.ApplicationStrategyNetwork,,,,,,,
RR_T1-1-20260914-20:15:19-840,runattr,,,processid,840,,,,,,,
RR_T1-1-20260914-20:15:19-840,runattr,,,repetition,1,,,,,,,
RR_T1-1-20260914-20:15:19-840,runattr,,,replication,#1,,,,,,,
RR_T1-1-20260914-20:15:19-840,runattr,,,resultdir,results,,,,,,,
RR_T1-1-20260914-20:15:19-840,runattr,,,runnumber,1,,,,,,,
RR_T1-1-20260914-20:15:19-840,runattr,,,seedset,1,,,,,,,
RR_T1-1-20260914-20:15:19-840,config,,,image-path,../../../inet-4.6.0/images,,,,,,,
RR_T1-1-20260914-20:15:19-840,config,,,extends,RequestResponseBase,,,,,,,
RR_T1-1-20260914-20:15:19-840,config,,,*.monitoringServer.app[*].sendInterval,1s,,,,,,,
RR_T1-1-20260914-20:15:19-840,config,,,repeat,5,,,,,,,
RR_T1-1-20260914-20:15:19-840,config,,,seed-set,1,,,,,,,
RR_T1-1-20260914-20:15:19-840,config,,,extends,Common,,,,,,,
RR_T1-1-20260914-20:15:19-840,config,,,*.sensor[*].numApps,1,,,,,,,
RR_T1-1-20260914-20:15:19-840,config,,,*.sensor[*].app[0].typename,UdpEchoApp,,,,,,,
RR_T1-1-20260914-20:15:19-840,config,,,*.sensor[*].app[0].localPort,2000,,,,,,,
RR_T1-1-20260914-20:15:19-840,config,,,*.monitoringServer.numApps,12,,,,,,,
RR_T1-1-20260914-20:15:19-840,config,,,*.monitoringServer.app[*].typename,UdpBasicApp,,,,,,,
RR_T1-1-20260914-20:15:19-840,config,,,*.monitoringServer.app[*].destPort,2000,,,,,,,
RR_T1-1-20260914-20:15:19-840,config,,,*.monitoringServer.app[*].messageLength,50B,,,,,,,
RR_T1-1-20260914-20:15:19-840,config,,,*.monitoringServer.app[*].sendInterval,10s,,,,,,,
RR_T1-1-20260914-20:15:19-840,config,,,*.monitoringServer.app[*].startTime,"uniform(1s,2s)",,,,,,,
RR_T1-1-20260914-20:15:19-840,config,,,*.monitoringServer.app[*].packetName,"""PollingRequest""",,,,,,,
RR_T1-1-20260914-20:15:19-840,config,,,*.monitoringServer.app[0].destAddresses,"""sensor[0]""",,,,,,,
RR_T1-1-20260914-20:15:19-840,config,,,*.monitoringServer.app[1].destAddresses,"""sensor[1]""",,,,,,,
RR_T1-1-20260914-20:15:19-840,config,,,*.monitoringServer.app[2].destAddresses,"""sensor[2]""",,,,,,,
RR_T1-1-20260914-20:15:19-840,config,,,*.monitoringServer.app[3].destAddresses,"""sensor[3]""",,,,,,,
RR_T1-1-20260914-20:15:19-840,config,,,*.monitoringServer.app[4].destAddresses,"""sensor[4]""",,,,,,,
RR_T1-1-20260914-20:15:19-840,config,,,*.monitoringServer.app[5].destAddresses,"""sensor[5]""",,,,,,,
RR_T1-1-20260914-20:15:19-840,config,,,*.monitoringServer.app[6].destAddresses,"""sensor[6]""",,,,,,,
RR_T1-1-20260914-20:15:19-840,config,,,*.monitoringServer.app[7].destAddresses,"""sensor[7]""",,,,,,,
RR_T1-1-20260914-20:15:19-840,config,,,*.monitoringServer.app[8].destAddresses,"""sensor[8]""",,,,,,,
RR_T1-1-20260914-20:15:19-840,config,,,*.monitoringServer.app[9].destAddresses,"""sensor[9]""",,,,,,,
RR_T1-1-20260914-20:15:19-840,config,,,*.monitoringServer.app[10].destAddresses,"""sensor[10]""",,,,,,,
RR_T1-1-20260914-20:15:19-840,config,,,*.monitoringServer.app[11].destAddresses,"""sensor[11]""",,,,,,,
RR_T1-1-20260914-20:15:19-840,config,,,*.monitoringServer.app[*].packetSent.result-recording-modes,count,,,,,,,
RR_T1-1-20260914-20:15:19-840,config,,,*.monitoringServer.app[*].packetReceived.result-recording-modes,count,,,,,,,
RR_T1-1-20260914-20:15:19-840,config,,,*.monitoringServer.app[*].rcvdPkLifetime.result-recording-modes,stats,,,,,,,
RR_T1-1-20260914-20:15:19-840,config,,,*.sensor[*].app[0].echoedPk.result-recording-modes,count,,,,,,,
RR_T1-1-20260914-20:15:19-840,config,,,network,simulations.experiment4_application_strategy.ApplicationStrategyNetwork,,,,,,,
RR_T1-1-20260914-20:15:19-840,config,,,sim-time-limit,600s,,,,,,,
RR_T1-1-20260914-20:15:19-840,config,,,*.numSensors,12,,,,,,,
RR_T1-1-20260914-20:15:19-840,config,,,**.arp.typename,GlobalArp,,,,,,,
RR_T1-1-20260914-20:15:19-840,config,,,**.netmaskRoutes,"""""",,,,,,,
RR_T1-1-20260914-20:15:19-840,config,,,*.radioMedium.backgroundNoise.power,-110dBm,,,,,,,
RR_T1-1-20260914-20:15:19-840,config,,,*.configurator.config,"xmldoc(""startopology.xml"")",,,,,,,
RR_T1-1-20260914-20:15:19-840,config,,,*.configurator.addStaticRoutes,false,,,,,,,
RR_T1-1-20260914-20:15:19-840,config,,,*.sensor[*].mobility.initFromDisplayString,false,,,,,,,
RR_T1-1-20260914-20:15:19-840,config,,,*.sensor[*].mobility.initialX,"uniform(1m, 19m)",,,,,,,
RR_T1-1-20260914-20:15:19-840,config,,,*.sensor[*].mobility.initialY,"uniform(1m, 19m)",,,,,,,
RR_T1-1-20260914-20:15:19-840,config,,,*.sensor[*].mobility.initialZ,0m,,,,,,,
RR_T1-1-20260914-20:15:19-840,config,,,*.controller.numApps,0,,,,,,,
RR_T1-1-20260914-20:15:19-840,config,,,*.lamp*.numApps,0,,,,,,,
RR_T1-1-20260914-20:15:19-840,config,,,**.vector-recording,false,,,,,,,
RR_T1-2-20260914-20:15:41-846,runattr,,,configname,RR_T1,,,,,,,
RR_T1-2-20260914-20:15:41-846,runattr,,,datetime,20260914-20:15:41,,,,,,,
RR_T1-2-20260914-20:15:41-846,runattr,,,datetimef,20260914-201541,,,,,,,
RR_T1-2-20260914-20:15:41-846,runattr,,,experiment,RR_T1,,,,,,,
RR_T1-2-20260914-20:15:41-846,runattr,,,inifile,omnetpp.ini,,,,,,,
RR_T1-2-20260914-20:15:41-846,runattr,,,iterationvars,,,,,,,,
RR_T1-2-20260914-20:15:41-846,runattr,,,iterationvarsd,,,,,,,,
RR_T1-2-20260914-20:15:41-846,runattr,,,iterationvarsf,,,,,,,,
RR_T1-2-20260914-20:15:41-846,runattr,,,measurement,,,,,,,,
RR_T1-2-20260914-20:15:41-846,runattr,,,network,simulations.experiment4_application_strategy.ApplicationStrategyNetwork,,,,,,,
RR_T1-2-20260914-20:15:41-846,runattr,,,processid,846,,,,,,,
RR_T1-2-20260914-20:15:41-846,runattr,,,repetition,2,,,,,,,
RR_T1-2-20260914-20:15:41-846,runattr,,,replication,#2,,,,,,,
RR_T1-2-20260914-20:15:41-846,runattr,,,resultdir,results,,,,,,,
RR_T1-2-20260914-20:15:41-846,runattr,,,runnumber,2,,,,,,,
RR_T1-2-20260914-20:15:41-846,runattr,,,seedset,2,,,,,,,
RR_T1-2-20260914-20:15:41-846,config,,,image-path,../../../inet-4.6.0/images,,,,,,,
RR_T1-2-20260914-20:15:41-846,config,,,extends,RequestResponseBase,,,,,,,
RR_T1-2-20260914-20:15:41-846,config,,,*.monitoringServer.app[*].sendInterval,1s,,,,,,,
RR_T1-2-20260914-20:15:41-846,config,,,repeat,5,,,,,,,
RR_T1-2-20260914-20:15:41-846,config,,,seed-set,2,,,,,,,
RR_T1-2-20260914-20:15:41-846,config,,,extends,Common,,,,,,,
RR_T1-2-20260914-20:15:41-846,config,,,*.sensor[*].numApps,1,,,,,,,
RR_T1-2-20260914-20:15:41-846,config,,,*.sensor[*].app[0].typename,UdpEchoApp,,,,,,,
RR_T1-2-20260914-20:15:41-846,config,,,*.sensor[*].app[0].localPort,2000,,,,,,,
RR_T1-2-20260914-20:15:41-846,config,,,*.monitoringServer.numApps,12,,,,,,,
RR_T1-2-20260914-20:15:41-846,config,,,*.monitoringServer.app[*].typename,UdpBasicApp,,,,,,,
RR_T1-2-20260914-20:15:41-846,config,,,*.monitoringServer.app[*].destPort,2000,,,,,,,
RR_T1-2-20260914-20:15:41-846,config,,,*.monitoringServer.app[*].messageLength,50B,,,,,,,
RR_T1-2-20260914-20:15:41-846,config,,,*.monitoringServer.app[*].sendInterval,10s,,,,,,,
RR_T1-2-20260914-20:15:41-846,config,,,*.monitoringServer.app[*].startTime,"uniform(1s,2s)",,,,,,,
RR_T1-2-20260914-20:15:41-846,config,,,*.monitoringServer.app[*].packetName,"""PollingRequest""",,,,,,,
RR_T1-2-20260914-20:15:41-846,config,,,*.monitoringServer.app[0].destAddresses,"""sensor[0]""",,,,,,,
RR_T1-2-20260914-20:15:41-846,config,,,*.monitoringServer.app[1].destAddresses,"""sensor[1]""",,,,,,,
RR_T1-2-20260914-20:15:41-846,config,,,*.monitoringServer.app[2].destAddresses,"""sensor[2]""",,,,,,,
RR_T1-2-20260914-20:15:41-846,config,,,*.monitoringServer.app[3].destAddresses,"""sensor[3]""",,,,,,,
RR_T1-2-20260914-20:15:41-846,config,,,*.monitoringServer.app[4].destAddresses,"""sensor[4]""",,,,,,,
RR_T1-2-20260914-20:15:41-846,config,,,*.monitoringServer.app[5].destAddresses,"""sensor[5]""",,,,,,,
RR_T1-2-20260914-20:15:41-846,config,,,*.monitoringServer.app[6].destAddresses,"""sensor[6]""",,,,,,,
RR_T1-2-20260914-20:15:41-846,config,,,*.monitoringServer.app[7].destAddresses,"""sensor[7]""",,,,,,,
RR_T1-2-20260914-20:15:41-846,config,,,*.monitoringServer.app[8].destAddresses,"""sensor[8]""",,,,,,,
RR_T1-2-20260914-20:15:41-846,config,,,*.monitoringServer.app[9].destAddresses,"""sensor[9]""",,,,,,,
RR_T1-2-20260914-20:15:41-846,config,,,*.monitoringServer.app[10].destAddresses,"""sensor[10]""",,,,,,,
RR_T1-2-20260914-20:15:41-846,config,,,*.monitoringServer.app[11].destAddresses,"""sensor[11]""",,,,,,,
RR_T1-2-20260914-20:15:41-846,config,,,*.monitoringServer.app[*].packetSent.result-recording-modes,count,,,,,,,
RR_T1-2-20260914-20:15:41-846,config,,,*.monitoringServer.app[*].packetReceived.result-recording-modes,count,,,,,,,
RR_T1-2-20260914-20:15:41-846,config,,,*.monitoringServer.app[*].rcvdPkLifetime.result-recording-modes,stats,,,,,,,
RR_T1-2-20260914-20:15:41-846,config,,,*.sensor[*].app[0].echoedPk.result-recording-modes,count,,,,,,,
RR_T1-2-20260914-20:15:41-846,config,,,network,simulations.experiment4_application_strategy.ApplicationStrategyNetwork,,,,,,,
RR_T1-2-20260914-20:15:41-846,config,,,sim-time-limit,600s,,,,,,,
RR_T1-2-20260914-20:15:41-846,config,,,*.numSensors,12,,,,,,,
RR_T1-2-20260914-20:15:41-846,config,,,**.arp.typename,GlobalArp,,,,,,,
RR_T1-2-20260914-20:15:41-846,config,,,**.netmaskRoutes,"""""",,,,,,,
RR_T1-2-20260914-20:15:41-846,config,,,*.radioMedium.backgroundNoise.power,-110dBm,,,,,,,
RR_T1-2-20260914-20:15:41-846,config,,,*.configurator.config,"xmldoc(""startopology.xml"")",,,,,,,
RR_T1-2-20260914-20:15:41-846,config,,,*.configurator.addStaticRoutes,false,,,,,,,
RR_T1-2-20260914-20:15:41-846,config,,,*.sensor[*].mobility.initFromDisplayString,false,,,,,,,
RR_T1-2-20260914-20:15:41-846,config,,,*.sensor[*].mobility.initialX,"uniform(1m, 19m)",,,,,,,
RR_T1-2-20260914-20:15:41-846,config,,,*.sensor[*].mobility.initialY,"uniform(1m, 19m)",,,,,,,
RR_T1-2-20260914-20:15:41-846,config,,,*.sensor[*].mobility.initialZ,0m,,,,,,,
RR_T1-2-20260914-20:15:41-846,config,,,*.controller.numApps,0,,,,,,,
RR_T1-2-20260914-20:15:41-846,config,,,*.lamp*.numApps,0,,,,,,,
RR_T1-2-20260914-20:15:41-846,config,,,**.vector-recording,false,,,,,,,
RR_T1-4-20260914-20:16:31-861,runattr,,,configname,RR_T1,,,,,,,
RR_T1-4-20260914-20:16:31-861,runattr,,,datetime,20260914-20:16:31,,,,,,,
RR_T1-4-20260914-20:16:31-861,runattr,,,datetimef,20260914-201631,,,,,,,
RR_T1-4-20260914-20:16:31-861,runattr,,,experiment,RR_T1,,,,,,,
RR_T1-4-20260914-20:16:31-861,runattr,,,inifile,omnetpp.ini,,,,,,,
RR_T1-4-20260914-20:16:31-861,runattr,,,iterationvars,,,,,,,,
RR_T1-4-20260914-20:16:31-861,runattr,,,iterationvarsd,,,,,,,,
RR_T1-4-20260914-20:16:31-861,runattr,,,iterationvarsf,,,,,,,,
RR_T1-4-20260914-20:16:31-861,runattr,,,measurement,,,,,,,,
RR_T1-4-20260914-20:16:31-861,runattr,,,network,simulations.experiment4_application_strategy.ApplicationStrategyNetwork,,,,,,,
RR_T1-4-20260914-20:16:31-861,runattr,,,processid,861,,,,,,,
RR_T1-4-20260914-20:16:31-861,runattr,,,repetition,4,,,,,,,
RR_T1-4-20260914-20:16:31-861,runattr,,,replication,#4,,,,,,,
RR_T1-4-20260914-20:16:31-861,runattr,,,resultdir,results,,,,,,,
RR_T1-4-20260914-20:16:31-861,runattr,,,runnumber,4,,,,,,,
RR_T1-4-20260914-20:16:31-861,runattr,,,seedset,4,,,,,,,
RR_T1-4-20260914-20:16:31-861,config,,,image-path,../../../inet-4.6.0/images,,,,,,,
RR_T1-4-20260914-20:16:31-861,config,,,extends,RequestResponseBase,,,,,,,
RR_T1-4-20260914-20:16:31-861,config,,,*.monitoringServer.app[*].sendInterval,1s,,,,,,,
RR_T1-4-20260914-20:16:31-861,config,,,repeat,5,,,,,,,
RR_T1-4-20260914-20:16:31-861,config,,,seed-set,4,,,,,,,
RR_T1-4-20260914-20:16:31-861,config,,,extends,Common,,,,,,,
RR_T1-4-20260914-20:16:31-861,config,,,*.sensor[*].numApps,1,,,,,,,
RR_T1-4-20260914-20:16:31-861,config,,,*.sensor[*].app[0].typename,UdpEchoApp,,,,,,,
RR_T1-4-20260914-20:16:31-861,config,,,*.sensor[*].app[0].localPort,2000,,,,,,,
RR_T1-4-20260914-20:16:31-861,config,,,*.monitoringServer.numApps,12,,,,,,,
RR_T1-4-20260914-20:16:31-861,config,,,*.monitoringServer.app[*].typename,UdpBasicApp,,,,,,,
RR_T1-4-20260914-20:16:31-861,config,,,*.monitoringServer.app[*].destPort,2000,,,,,,,
RR_T1-4-20260914-20:16:31-861,config,,,*.monitoringServer.app[*].messageLength,50B,,,,,,,
RR_T1-4-20260914-20:16:31-861,config,,,*.monitoringServer.app[*].sendInterval,10s,,,,,,,
RR_T1-4-20260914-20:16:31-861,config,,,*.monitoringServer.app[*].startTime,"uniform(1s,2s)",,,,,,,
RR_T1-4-20260914-20:16:31-861,config,,,*.monitoringServer.app[*].packetName,"""PollingRequest""",,,,,,,
RR_T1-4-20260914-20:16:31-861,config,,,*.monitoringServer.app[0].destAddresses,"""sensor[0]""",,,,,,,
RR_T1-4-20260914-20:16:31-861,config,,,*.monitoringServer.app[1].destAddresses,"""sensor[1]""",,,,,,,
RR_T1-4-20260914-20:16:31-861,config,,,*.monitoringServer.app[2].destAddresses,"""sensor[2]""",,,,,,,
RR_T1-4-20260914-20:16:31-861,config,,,*.monitoringServer.app[3].destAddresses,"""sensor[3]""",,,,,,,
RR_T1-4-20260914-20:16:31-861,config,,,*.monitoringServer.app[4].destAddresses,"""sensor[4]""",,,,,,,
RR_T1-4-20260914-20:16:31-861,config,,,*.monitoringServer.app[5].destAddresses,"""sensor[5]""",,,,,,,
RR_T1-4-20260914-20:16:31-861,config,,,*.monitoringServer.app[6].destAddresses,"""sensor[6]""",,,,,,,
RR_T1-4-20260914-20:16:31-861,config,,,*.monitoringServer.app[7].destAddresses,"""sensor[7]""",,,,,,,
RR_T1-4-20260914-20:16:31-861,config,,,*.monitoringServer.app[8].destAddresses,"""sensor[8]""",,,,,,,
RR_T1-4-20260914-20:16:31-861,config,,,*.monitoringServer.app[9].destAddresses,"""sensor[9]""",,,,,,,
RR_T1-4-20260914-20:16:31-861,config,,,*.monitoringServer.app[10].destAddresses,"""sensor[10]""",,,,,,,
RR_T1-4-20260914-20:16:31-861,config,,,*.monitoringServer.app[11].destAddresses,"""sensor[11]""",,,,,,,
RR_T1-4-20260914-20:16:31-861,config,,,*.monitoringServer.app[*].packetSent.result-recording-modes,count,,,,,,,
RR_T1-4-20260914-20:16:31-861,config,,,*.monitoringServer.app[*].packetReceived.result-recording-modes,count,,,,,,,
RR_T1-4-20260914-20:16:31-861,config,,,*.monitoringServer.app[*].rcvdPkLifetime.result-recording-modes,stats,,,,,,,
RR_T1-4-20260914-20:16:31-861,config,,,*.sensor[*].app[0].echoedPk.result-recording-modes,count,,,,,,,
RR_T1-4-20260914-20:16:31-861,config,,,network,simulations.experiment4_application_strategy.ApplicationStrategyNetwork,,,,,,,
RR_T1-4-20260914-20:16:31-861,config,,,sim-time-limit,600s,,,,,,,
RR_T1-4-20260914-20:16:31-861,config,,,*.numSensors,12,,,,,,,
RR_T1-4-20260914-20:16:31-861,config,,,**.arp.typename,GlobalArp,,,,,,,
RR_T1-4-20260914-20:16:31-861,config,,,**.netmaskRoutes,"""""",,,,,,,
RR_T1-4-20260914-20:16:31-861,config,,,*.radioMedium.backgroundNoise.power,-110dBm,,,,,,,
RR_T1-4-20260914-20:16:31-861,config,,,*.configurator.config,"xmldoc(""startopology.xml"")",,,,,,,
RR_T1-4-20260914-20:16:31-861,config,,,*.configurator.addStaticRoutes,false,,,,,,,
RR_T1-4-20260914-20:16:31-861,config,,,*.sensor[*].mobility.initFromDisplayString,false,,,,,,,
RR_T1-4-20260914-20:16:31-861,config,,,*.sensor[*].mobility.initialX,"uniform(1m, 19m)",,,,,,,
RR_T1-4-20260914-20:16:31-861,config,,,*.sensor[*].mobility.initialY,"uniform(1m, 19m)",,,,,,,
RR_T1-4-20260914-20:16:31-861,config,,,*.sensor[*].mobility.initialZ,0m,,,,,,,
RR_T1-4-20260914-20:16:31-861,config,,,*.controller.numApps,0,,,,,,,
RR_T1-4-20260914-20:16:31-861,config,,,*.lamp*.numApps,0,,,,,,,
RR_T1-4-20260914-20:16:31-861,config,,,**.vector-recording,false,,,,,,,
RR_T10-0-20260914-20:19:11-1074,runattr,,,configname,RR_T10,,,,,,,
RR_T10-0-20260914-20:19:11-1074,runattr,,,datetime,20260914-20:19:11,,,,,,,
RR_T10-0-20260914-20:19:11-1074,runattr,,,datetimef,20260914-201911,,,,,,,
RR_T10-0-20260914-20:19:11-1074,runattr,,,experiment,RR_T10,,,,,,,
RR_T10-0-20260914-20:19:11-1074,runattr,,,inifile,omnetpp.ini,,,,,,,
RR_T10-0-20260914-20:19:11-1074,runattr,,,iterationvars,,,,,,,,
RR_T10-0-20260914-20:19:11-1074,runattr,,,iterationvarsd,,,,,,,,
RR_T10-0-20260914-20:19:11-1074,runattr,,,iterationvarsf,,,,,,,,
RR_T10-0-20260914-20:19:11-1074,runattr,,,measurement,,,,,,,,
RR_T10-0-20260914-20:19:11-1074,runattr,,,network,simulations.experiment4_application_strategy.ApplicationStrategyNetwork,,,,,,,
RR_T10-0-20260914-20:19:11-1074,runattr,,,processid,1074,,,,,,,
RR_T10-0-20260914-20:19:11-1074,runattr,,,repetition,0,,,,,,,
RR_T10-0-20260914-20:19:11-1074,runattr,,,replication,#0,,,,,,,
RR_T10-0-20260914-20:19:11-1074,runattr,,,resultdir,results,,,,,,,
RR_T10-0-20260914-20:19:11-1074,runattr,,,runnumber,0,,,,,,,
RR_T10-0-20260914-20:19:11-1074,runattr,,,seedset,0,,,,,,,
RR_T10-0-20260914-20:19:11-1074,config,,,image-path,../../../inet-4.6.0/images,,,,,,,
RR_T10-0-20260914-20:19:11-1074,config,,,extends,RequestResponseBase,,,,,,,
RR_T10-0-20260914-20:19:11-1074,config,,,*.monitoringServer.app[*].sendInterval,10s,,,,,,,
RR_T10-0-20260914-20:19:11-1074,config,,,repeat,5,,,,,,,
RR_T10-0-20260914-20:19:11-1074,config,,,seed-set,0,,,,,,,
RR_T10-0-20260914-20:19:11-1074,config,,,extends,Common,,,,,,,
RR_T10-0-20260914-20:19:11-1074,config,,,*.sensor[*].numApps,1,,,,,,,
RR_T10-0-20260914-20:19:11-1074,config,,,*.sensor[*].app[0].typename,UdpEchoApp,,,,,,,
RR_T10-0-20260914-20:19:11-1074,config,,,*.sensor[*].app[0].localPort,2000,,,,,,,
RR_T10-0-20260914-20:19:11-1074,config,,,*.monitoringServer.numApps,12,,,,,,,
RR_T10-0-20260914-20:19:11-1074,config,,,*.monitoringServer.app[*].typename,UdpBasicApp,,,,,,,
RR_T10-0-20260914-20:19:11-1074,config,,,*.monitoringServer.app[*].destPort,2000,,,,,,,
RR_T10-0-20260914-20:19:11-1074,config,,,*.monitoringServer.app[*].messageLength,50B,,,,,,,
RR_T10-0-20260914-20:19:11-1074,config,,,*.monitoringServer.app[*].sendInterval,10s,,,,,,,
RR_T10-0-20260914-20:19:11-1074,config,,,*.monitoringServer.app[*].startTime,"uniform(1s,2s)",,,,,,,
RR_T10-0-20260914-20:19:11-1074,config,,,*.monitoringServer.app[*].packetName,"""PollingRequest""",,,,,,,
RR_T10-0-20260914-20:19:11-1074,config,,,*.monitoringServer.app[0].destAddresses,"""sensor[0]""",,,,,,,
RR_T10-0-20260914-20:19:11-1074,config,,,*.monitoringServer.app[1].destAddresses,"""sensor[1]""",,,,,,,
RR_T10-0-20260914-20:19:11-1074,config,,,*.monitoringServer.app[2].destAddresses,"""sensor[2]""",,,,,,,
RR_T10-0-20260914-20:19:11-1074,config,,,*.monitoringServer.app[3].destAddresses,"""sensor[3]""",,,,,,,
RR_T10-0-20260914-20:19:11-1074,config,,,*.monitoringServer.app[4].destAddresses,"""sensor[4]""",,,,,,,
RR_T10-0-20260914-20:19:11-1074,config,,,*.monitoringServer.app[5].destAddresses,"""sensor[5]""",,,,,,,
RR_T10-0-20260914-20:19:11-1074,config,,,*.monitoringServer.app[6].destAddresses,"""sensor[6]""",,,,,,,
RR_T10-0-20260914-20:19:11-1074,config,,,*.monitoringServer.app[7].destAddresses,"""sensor[7]""",,,,,,,
RR_T10-0-20260914-20:19:11-1074,config,,,*.monitoringServer.app[8].destAddresses,"""sensor[8]""",,,,,,,
RR_T10-0-20260914-20:19:11-1074,config,,,*.monitoringServer.app[9].destAddresses,"""sensor[9]""",,,,,,,
RR_T10-0-20260914-20:19:11-1074,config,,,*.monitoringServer.app[10].destAddresses,"""sensor[10]""",,,,,,,
RR_T10-0-20260914-20:19:11-1074,config,,,*.monitoringServer.app[11].destAddresses,"""sensor[11]""",,,,,,,
RR_T10-0-20260914-20:19:11-1074,config,,,*.monitoringServer.app[*].packetSent.result-recording-modes,count,,,,,,,
RR_T10-0-20260914-20:19:11-1074,config,,,*.monitoringServer.app[*].packetReceived.result-recording-modes,count,,,,,,,
RR_T10-0-20260914-20:19:11-1074,config,,,*.monitoringServer.app[*].rcvdPkLifetime.result-recording-modes,stats,,,,,,,
RR_T10-0-20260914-20:19:11-1074,config,,,*.sensor[*].app[0].echoedPk.result-recording-modes,count,,,,,,,
RR_T10-0-20260914-20:19:11-1074,config,,,network,simulations.experiment4_application_strategy.ApplicationStrategyNetwork,,,,,,,
RR_T10-0-20260914-20:19:11-1074,config,,,sim-time-limit,600s,,,,,,,
RR_T10-0-20260914-20:19:11-1074,config,,,*.numSensors,12,,,,,,,
RR_T10-0-20260914-20:19:11-1074,config,,,**.arp.typename,GlobalArp,,,,,,,
RR_T10-0-20260914-20:19:11-1074,config,,,**.netmaskRoutes,"""""",,,,,,,
RR_T10-0-20260914-20:19:11-1074,config,,,*.radioMedium.backgroundNoise.power,-110dBm,,,,,,,
RR_T10-0-20260914-20:19:11-1074,config,,,*.configurator.config,"xmldoc(""startopology.xml"")",,,,,,,
RR_T10-0-20260914-20:19:11-1074,config,,,*.configurator.addStaticRoutes,false,,,,,,,
RR_T10-0-20260914-20:19:11-1074,config,,,*.sensor[*].mobility.initFromDisplayString,false,,,,,,,
RR_T10-0-20260914-20:19:11-1074,config,,,*.sensor[*].mobility.initialX,"uniform(1m, 19m)",,,,,,,
RR_T10-0-20260914-20:19:11-1074,config,,,*.sensor[*].mobility.initialY,"uniform(1m, 19m)",,,,,,,
RR_T10-0-20260914-20:19:11-1074,config,,,*.sensor[*].mobility.initialZ,0m,,,,,,,
RR_T10-0-20260914-20:19:11-1074,config,,,*.controller.numApps,0,,,,,,,
RR_T10-0-20260914-20:19:11-1074,config,,,*.lamp*.numApps,0,,,,,,,
RR_T10-0-20260914-20:19:11-1074,config,,,**.vector-recording,false,,,,,,,
RR_T10-1-20260914-20:19:14-1079,runattr,,,configname,RR_T10,,,,,,,
RR_T10-1-20260914-20:19:14-1079,runattr,,,datetime,20260914-20:19:14,,,,,,,
RR_T10-1-20260914-20:19:14-1079,runattr,,,datetimef,20260914-201914,,,,,,,
RR_T10-1-20260914-20:19:14-1079,runattr,,,experiment,RR_T10,,,,,,,
RR_T10-1-20260914-20:19:14-1079,runattr,,,inifile,omnetpp.ini,,,,,,,
RR_T10-1-20260914-20:19:14-1079,runattr,,,iterationvars,,,,,,,,
RR_T10-1-20260914-20:19:14-1079,runattr,,,iterationvarsd,,,,,,,,
RR_T10-1-20260914-20:19:14-1079,runattr,,,iterationvarsf,,,,,,,,
RR_T10-1-20260914-20:19:14-1079,runattr,,,measurement,,,,,,,,
RR_T10-1-20260914-20:19:14-1079,runattr,,,network,simulations.experiment4_application_strategy.ApplicationStrategyNetwork,,,,,,,
RR_T10-1-20260914-20:19:14-1079,runattr,,,processid,1079,,,,,,,
RR_T10-1-20260914-20:19:14-1079,runattr,,,repetition,1,,,,,,,
RR_T10-1-20260914-20:19:14-1079,runattr,,,replication,#1,,,,,,,
RR_T10-1-20260914-20:19:14-1079,runattr,,,resultdir,results,,,,,,,
RR_T10-1-20260914-20:19:14-1079,runattr,,,runnumber,1,,,,,,,
RR_T10-1-20260914-20:19:14-1079,runattr,,,seedset,1,,,,,,,
RR_T10-1-20260914-20:19:14-1079,config,,,image-path,../../../inet-4.6.0/images,,,,,,,
RR_T10-1-20260914-20:19:14-1079,config,,,extends,RequestResponseBase,,,,,,,
RR_T10-1-20260914-20:19:14-1079,config,,,*.monitoringServer.app[*].sendInterval,10s,,,,,,,
RR_T10-1-20260914-20:19:14-1079,config,,,repeat,5,,,,,,,
RR_T10-1-20260914-20:19:14-1079,config,,,seed-set,1,,,,,,,
RR_T10-1-20260914-20:19:14-1079,config,,,extends,Common,,,,,,,
RR_T10-1-20260914-20:19:14-1079,config,,,*.sensor[*].numApps,1,,,,,,,
RR_T10-1-20260914-20:19:14-1079,config,,,*.sensor[*].app[0].typename,UdpEchoApp,,,,,,,
RR_T10-1-20260914-20:19:14-1079,config,,,*.sensor[*].app[0].localPort,2000,,,,,,,
RR_T10-1-20260914-20:19:14-1079,config,,,*.monitoringServer.numApps,12,,,,,,,
RR_T10-1-20260914-20:19:14-1079,config,,,*.monitoringServer.app[*].typename,UdpBasicApp,,,,,,,
RR_T10-1-20260914-20:19:14-1079,config,,,*.monitoringServer.app[*].destPort,2000,,,,,,,
RR_T10-1-20260914-20:19:14-1079,config,,,*.monitoringServer.app[*].messageLength,50B,,,,,,,
RR_T10-1-20260914-20:19:14-1079,config,,,*.monitoringServer.app[*].sendInterval,10s,,,,,,,
RR_T10-1-20260914-20:19:14-1079,config,,,*.monitoringServer.app[*].startTime,"uniform(1s,2s)",,,,,,,
RR_T10-1-20260914-20:19:14-1079,config,,,*.monitoringServer.app[*].packetName,"""PollingRequest""",,,,,,,
RR_T10-1-20260914-20:19:14-1079,config,,,*.monitoringServer.app[0].destAddresses,"""sensor[0]""",,,,,,,
RR_T10-1-20260914-20:19:14-1079,config,,,*.monitoringServer.app[1].destAddresses,"""sensor[1]""",,,,,,,
RR_T10-1-20260914-20:19:14-1079,config,,,*.monitoringServer.app[2].destAddresses,"""sensor[2]""",,,,,,,
RR_T10-1-20260914-20:19:14-1079,config,,,*.monitoringServer.app[3].destAddresses,"""sensor[3]""",,,,,,,
RR_T10-1-20260914-20:19:14-1079,config,,,*.monitoringServer.app[4].destAddresses,"""sensor[4]""",,,,,,,
RR_T10-1-20260914-20:19:14-1079,config,,,*.monitoringServer.app[5].destAddresses,"""sensor[5]""",,,,,,,
RR_T10-1-20260914-20:19:14-1079,config,,,*.monitoringServer.app[6].destAddresses,"""sensor[6]""",,,,,,,
RR_T10-1-20260914-20:19:14-1079,config,,,*.monitoringServer.app[7].destAddresses,"""sensor[7]""",,,,,,,
RR_T10-1-20260914-20:19:14-1079,config,,,*.monitoringServer.app[8].destAddresses,"""sensor[8]""",,,,,,,
RR_T10-1-20260914-20:19:14-1079,config,,,*.monitoringServer.app[9].destAddresses,"""sensor[9]""",,,,,,,
RR_T10-1-20260914-20:19:14-1079,config,,,*.monitoringServer.app[10].destAddresses,"""sensor[10]""",,,,,,,
RR_T10-1-20260914-20:19:14-1079,config,,,*.monitoringServer.app[11].destAddresses,"""sensor[11]""",,,,,,,
RR_T10-1-20260914-20:19:14-1079,config,,,*.monitoringServer.app[*].packetSent.result-recording-modes,count,,,,,,,
RR_T10-1-20260914-20:19:14-1079,config,,,*.monitoringServer.app[*].packetReceived.result-recording-modes,count,,,,,,,
RR_T10-1-20260914-20:19:14-1079,config,,,*.monitoringServer.app[*].rcvdPkLifetime.result-recording-modes,stats,,,,,,,
RR_T10-1-20260914-20:19:14-1079,config,,,*.sensor[*].app[0].echoedPk.result-recording-modes,count,,,,,,,
RR_T10-1-20260914-20:19:14-1079,config,,,network,simulations.experiment4_application_strategy.ApplicationStrategyNetwork,,,,,,,
RR_T10-1-20260914-20:19:14-1079,config,,,sim-time-limit,600s,,,,,,,
RR_T10-1-20260914-20:19:14-1079,config,,,*.numSensors,12,,,,,,,
RR_T10-1-20260914-20:19:14-1079,config,,,**.arp.typename,GlobalArp,,,,,,,
RR_T10-1-20260914-20:19:14-1079,config,,,**.netmaskRoutes,"""""",,,,,,,
RR_T10-1-20260914-20:19:14-1079,config,,,*.radioMedium.backgroundNoise.power,-110dBm,,,,,,,
RR_T10-1-20260914-20:19:14-1079,config,,,*.configurator.config,"xmldoc(""startopology.xml"")",,,,,,,
RR_T10-1-20260914-20:19:14-1079,config,,,*.configurator.addStaticRoutes,false,,,,,,,
RR_T10-1-20260914-20:19:14-1079,config,,,*.sensor[*].mobility.initFromDisplayString,false,,,,,,,
RR_T10-1-20260914-20:19:14-1079,config,,,*.sensor[*].mobility.initialX,"uniform(1m, 19m)",,,,,,,
RR_T10-1-20260914-20:19:14-1079,config,,,*.sensor[*].mobility.initialY,"uniform(1m, 19m)",,,,,,,
RR_T10-1-20260914-20:19:14-1079,config,,,*.sensor[*].mobility.initialZ,0m,,,,,,,
RR_T10-1-20260914-20:19:14-1079,config,,,*.controller.numApps,0,,,,,,,
RR_T10-1-20260914-20:19:14-1079,config,,,*.lamp*.numApps,0,,,,,,,
RR_T10-1-20260914-20:19:14-1079,config,,,**.vector-recording,false,,,,,,,
RR_T10-2-20260914-20:19:18-1084,runattr,,,configname,RR_T10,,,,,,,
RR_T10-2-20260914-20:19:18-1084,runattr,,,datetime,20260914-20:19:18,,,,,,,
RR_T10-2-20260914-20:19:18-1084,runattr,,,datetimef,20260914-201918,,,,,,,
RR_T10-2-20260914-20:19:18-1084,runattr,,,experiment,RR_T10,,,,,,,
RR_T10-2-20260914-20:19:18-1084,runattr,,,inifile,omnetpp.ini,,,,,,,
RR_T10-2-20260914-20:19:18-1084,runattr,,,iterationvars,,,,,,,,
RR_T10-2-20260914-20:19:18-1084,runattr,,,iterationvarsd,,,,,,,,
RR_T10-2-20260914-20:19:18-1084,runattr,,,iterationvarsf,,,,,,,,
RR_T10-2-20260914-20:19:18-1084,runattr,,,measurement,,,,,,,,
RR_T10-2-20260914-20:19:18-1084,runattr,,,network,simulations.experiment4_application_strategy.ApplicationStrategyNetwork,,,,,,,
RR_T10-2-20260914-20:19:18-1084,runattr,,,processid,1084,,,,,,,
RR_T10-2-20260914-20:19:18-1084,runattr,,,repetition,2,,,,,,,
RR_T10-2-20260914-20:19:18-1084,runattr,,,replication,#2,,,,,,,
RR_T10-2-20260914-20:19:18-1084,runattr,,,resultdir,results,,,,,,,
RR_T10-2-20260914-20:19:18-1084,runattr,,,runnumber,2,,,,,,,
RR_T10-2-20260914-20:19:18-1084,runattr,,,seedset,2,,,,,,,
RR_T10-2-20260914-20:19:18-1084,config,,,image-path,../../../inet-4.6.0/images,,,,,,,
RR_T10-2-20260914-20:19:18-1084,config,,,extends,RequestResponseBase,,,,,,,
RR_T10-2-20260914-20:19:18-1084,config,,,*.monitoringServer.app[*].sendInterval,10s,,,,,,,
RR_T10-2-20260914-20:19:18-1084,config,,,repeat,5,,,,,,,
RR_T10-2-20260914-20:19:18-1084,config,,,seed-set,2,,,,,,,
RR_T10-2-20260914-20:19:18-1084,config,,,extends,Common,,,,,,,
RR_T10-2-20260914-20:19:18-1084,config,,,*.sensor[*].numApps,1,,,,,,,
RR_T10-2-20260914-20:19:18-1084,config,,,*.sensor[*].app[0].typename,UdpEchoApp,,,,,,,
RR_T10-2-20260914-20:19:18-1084,config,,,*.sensor[*].app[0].localPort,2000,,,,,,,
RR_T10-2-20260914-20:19:18-1084,config,,,*.monitoringServer.numApps,12,,,,,,,
RR_T10-2-20260914-20:19:18-1084,config,,,*.monitoringServer.app[*].typename,UdpBasicApp,,,,,,,
RR_T10-2-20260914-20:19:18-1084,config,,,*.monitoringServer.app[*].destPort,2000,,,,,,,
RR_T10-2-20260914-20:19:18-1084,config,,,*.monitoringServer.app[*].messageLength,50B,,,,,,,
RR_T10-2-20260914-20:19:18-1084,config,,,*.monitoringServer.app[*].sendInterval,10s,,,,,,,
RR_T10-2-20260914-20:19:18-1084,config,,,*.monitoringServer.app[*].startTime,"uniform(1s,2s)",,,,,,,
RR_T10-2-20260914-20:19:18-1084,config,,,*.monitoringServer.app[*].packetName,"""PollingRequest""",,,,,,,
RR_T10-2-20260914-20:19:18-1084,config,,,*.monitoringServer.app[0].destAddresses,"""sensor[0]""",,,,,,,
RR_T10-2-20260914-20:19:18-1084,config,,,*.monitoringServer.app[1].destAddresses,"""sensor[1]""",,,,,,,
RR_T10-2-20260914-20:19:18-1084,config,,,*.monitoringServer.app[2].destAddresses,"""sensor[2]""",,,,,,,
RR_T10-2-20260914-20:19:18-1084,config,,,*.monitoringServer.app[3].destAddresses,"""sensor[3]""",,,,,,,
RR_T10-2-20260914-20:19:18-1084,config,,,*.monitoringServer.app[4].destAddresses,"""sensor[4]""",,,,,,,
RR_T10-2-20260914-20:19:18-1084,config,,,*.monitoringServer.app[5].destAddresses,"""sensor[5]""",,,,,,,
RR_T10-2-20260914-20:19:18-1084,config,,,*.monitoringServer.app[6].destAddresses,"""sensor[6]""",,,,,,,
RR_T10-2-20260914-20:19:18-1084,config,,,*.monitoringServer.app[7].destAddresses,"""sensor[7]""",,,,,,,
RR_T10-2-20260914-20:19:18-1084,config,,,*.monitoringServer.app[8].destAddresses,"""sensor[8]""",,,,,,,
RR_T10-2-20260914-20:19:18-1084,config,,,*.monitoringServer.app[9].destAddresses,"""sensor[9]""",,,,,,,
RR_T10-2-20260914-20:19:18-1084,config,,,*.monitoringServer.app[10].destAddresses,"""sensor[10]""",,,,,,,
RR_T10-2-20260914-20:19:18-1084,config,,,*.monitoringServer.app[11].destAddresses,"""sensor[11]""",,,,,,,
RR_T10-2-20260914-20:19:18-1084,config,,,*.monitoringServer.app[*].packetSent.result-recording-modes,count,,,,,,,
RR_T10-2-20260914-20:19:18-1084,config,,,*.monitoringServer.app[*].packetReceived.result-recording-modes,count,,,,,,,
RR_T10-2-20260914-20:19:18-1084,config,,,*.monitoringServer.app[*].rcvdPkLifetime.result-recording-modes,stats,,,,,,,
RR_T10-2-20260914-20:19:18-1084,config,,,*.sensor[*].app[0].echoedPk.result-recording-modes,count,,,,,,,
RR_T10-2-20260914-20:19:18-1084,config,,,network,simulations.experiment4_application_strategy.ApplicationStrategyNetwork,,,,,,,
RR_T10-2-20260914-20:19:18-1084,config,,,sim-time-limit,600s,,,,,,,
RR_T10-2-20260914-20:19:18-1084,config,,,*.numSensors,12,,,,,,,
RR_T10-2-20260914-20:19:18-1084,config,,,**.arp.typename,GlobalArp,,,,,,,
RR_T10-2-20260914-20:19:18-1084,config,,,**.netmaskRoutes,"""""",,,,,,,
RR_T10-2-20260914-20:19:18-1084,config,,,*.radioMedium.backgroundNoise.power,-110dBm,,,,,,,
RR_T10-2-20260914-20:19:18-1084,config,,,*.configurator.config,"xmldoc(""startopology.xml"")",,,,,,,
RR_T10-2-20260914-20:19:18-1084,config,,,*.configurator.addStaticRoutes,false,,,,,,,
RR_T10-2-20260914-20:19:18-1084,config,,,*.sensor[*].mobility.initFromDisplayString,false,,,,,,,
RR_T10-2-20260914-20:19:18-1084,config,,,*.sensor[*].mobility.initialX,"uniform(1m, 19m)",,,,,,,
RR_T10-2-20260914-20:19:18-1084,config,,,*.sensor[*].mobility.initialY,"uniform(1m, 19m)",,,,,,,
RR_T10-2-20260914-20:19:18-1084,config,,,*.sensor[*].mobility.initialZ,0m,,,,,,,
RR_T10-2-20260914-20:19:18-1084,config,,,*.controller.numApps,0,,,,,,,
RR_T10-2-20260914-20:19:18-1084,config,,,*.lamp*.numApps,0,,,,,,,
RR_T10-2-20260914-20:19:18-1084,config,,,**.vector-recording,false,,,,,,,
RR_T30-3-20260914-20:19:49-1204,runattr,,,configname,RR_T30,,,,,,,
RR_T30-3-20260914-20:19:49-1204,runattr,,,datetime,20260914-20:19:49,,,,,,,
RR_T30-3-20260914-20:19:49-1204,runattr,,,datetimef,20260914-201949,,,,,,,
RR_T30-3-20260914-20:19:49-1204,runattr,,,experiment,RR_T30,,,,,,,
RR_T30-3-20260914-20:19:49-1204,runattr,,,inifile,omnetpp.ini,,,,,,,
RR_T30-3-20260914-20:19:49-1204,runattr,,,iterationvars,,,,,,,,
RR_T30-3-20260914-20:19:49-1204,runattr,,,iterationvarsd,,,,,,,,
RR_T30-3-20260914-20:19:49-1204,runattr,,,iterationvarsf,,,,,,,,
RR_T30-3-20260914-20:19:49-1204,runattr,,,measurement,,,,,,,,
RR_T30-3-20260914-20:19:49-1204,runattr,,,network,simulations.experiment4_application_strategy.ApplicationStrategyNetwork,,,,,,,
RR_T30-3-20260914-20:19:49-1204,runattr,,,processid,1204,,,,,,,
RR_T30-3-20260914-20:19:49-1204,runattr,,,repetition,3,,,,,,,
RR_T30-3-20260914-20:19:49-1204,runattr,,,replication,#3,,,,,,,
RR_T30-3-20260914-20:19:49-1204,runattr,,,resultdir,results,,,,,,,
RR_T30-3-20260914-20:19:49-1204,runattr,,,runnumber,3,,,,,,,
RR_T30-3-20260914-20:19:49-1204,runattr,,,seedset,3,,,,,,,
RR_T30-3-20260914-20:19:49-1204,config,,,image-path,../../../inet-4.6.0/images,,,,,,,
RR_T30-3-20260914-20:19:49-1204,config,,,extends,RequestResponseBase,,,,,,,
RR_T30-3-20260914-20:19:49-1204,config,,,*.monitoringServer.app[*].sendInterval,30s,,,,,,,
RR_T30-3-20260914-20:19:49-1204,config,,,repeat,5,,,,,,,
RR_T30-3-20260914-20:19:49-1204,config,,,seed-set,3,,,,,,,
RR_T30-3-20260914-20:19:49-1204,config,,,extends,Common,,,,,,,
RR_T30-3-20260914-20:19:49-1204,config,,,*.sensor[*].numApps,1,,,,,,,
RR_T30-3-20260914-20:19:49-1204,config,,,*.sensor[*].app[0].typename,UdpEchoApp,,,,,,,
RR_T30-3-20260914-20:19:49-1204,config,,,*.sensor[*].app[0].localPort,2000,,,,,,,
RR_T30-3-20260914-20:19:49-1204,config,,,*.monitoringServer.numApps,12,,,,,,,
RR_T30-3-20260914-20:19:49-1204,config,,,*.monitoringServer.app[*].typename,UdpBasicApp,,,,,,,
RR_T30-3-20260914-20:19:49-1204,config,,,*.monitoringServer.app[*].destPort,2000,,,,,,,
RR_T30-3-20260914-20:19:49-1204,config,,,*.monitoringServer.app[*].messageLength,50B,,,,,,,
RR_T30-3-20260914-20:19:49-1204,config,,,*.monitoringServer.app[*].sendInterval,10s,,,,,,,
RR_T30-3-20260914-20:19:49-1204,config,,,*.monitoringServer.app[*].startTime,"uniform(1s,2s)",,,,,,,
RR_T30-3-20260914-20:19:49-1204,config,,,*.monitoringServer.app[*].packetName,"""PollingRequest""",,,,,,,
RR_T30-3-20260914-20:19:49-1204,config,,,*.monitoringServer.app[0].destAddresses,"""sensor[0]""",,,,,,,
RR_T30-3-20260914-20:19:49-1204,config,,,*.monitoringServer.app[1].destAddresses,"""sensor[1]""",,,,,,,
RR_T30-3-20260914-20:19:49-1204,config,,,*.monitoringServer.app[2].destAddresses,"""sensor[2]""",,,,,,,
RR_T30-3-20260914-20:19:49-1204,config,,,*.monitoringServer.app[3].destAddresses,"""sensor[3]""",,,,,,,
RR_T30-3-20260914-20:19:49-1204,config,,,*.monitoringServer.app[4].destAddresses,"""sensor[4]""",,,,,,,
RR_T30-3-20260914-20:19:49-1204,config,,,*.monitoringServer.app[5].destAddresses,"""sensor[5]""",,,,,,,
RR_T30-3-20260914-20:19:49-1204,config,,,*.monitoringServer.app[6].destAddresses,"""sensor[6]""",,,,,,,
RR_T30-3-20260914-20:19:49-1204,config,,,*.monitoringServer.app[7].destAddresses,"""sensor[7]""",,,,,,,
RR_T30-3-20260914-20:19:49-1204,config,,,*.monitoringServer.app[8].destAddresses,"""sensor[8]""",,,,,,,
RR_T30-3-20260914-20:19:49-1204,config,,,*.monitoringServer.app[9].destAddresses,"""sensor[9]""",,,,,,,
RR_T30-3-20260914-20:19:49-1204,config,,,*.monitoringServer.app[10].destAddresses,"""sensor[10]""",,,,,,,
RR_T30-3-20260914-20:19:49-1204,config,,,*.monitoringServer.app[11].destAddresses,"""sensor[11]""",,,,,,,
RR_T30-3-20260914-20:19:49-1204,config,,,*.monitoringServer.app[*].packetSent.result-recording-modes,count,,,,,,,
RR_T30-3-20260914-20:19:49-1204,config,,,*.monitoringServer.app[*].packetReceived.result-recording-modes,count,,,,,,,
RR_T30-3-20260914-20:19:49-1204,config,,,*.monitoringServer.app[*].rcvdPkLifetime.result-recording-modes,stats,,,,,,,
RR_T30-3-20260914-20:19:49-1204,config,,,*.sensor[*].app[0].echoedPk.result-recording-modes,count,,,,,,,
RR_T30-3-20260914-20:19:49-1204,config,,,network,simulations.experiment4_application_strategy.ApplicationStrategyNetwork,,,,,,,
RR_T30-3-20260914-20:19:49-1204,config,,,sim-time-limit,600s,,,,,,,
RR_T30-3-20260914-20:19:49-1204,config,,,*.numSensors,12,,,,,,,
RR_T30-3-20260914-20:19:49-1204,config,,,**.arp.typename,GlobalArp,,,,,,,
RR_T30-3-20260914-20:19:49-1204,config,,,**.netmaskRoutes,"""""",,,,,,,
RR_T30-3-20260914-20:19:49-1204,config,,,*.radioMedium.backgroundNoise.power,-110dBm,,,,,,,
RR_T30-3-20260914-20:19:49-1204,config,,,*.configurator.config,"xmldoc(""startopology.xml"")",,,,,,,
RR_T30-3-20260914-20:19:49-1204,config,,,*.configurator.addStaticRoutes,false,,,,,,,
RR_T30-3-20260914-20:19:49-1204,config,,,*.sensor[*].mobility.initFromDisplayString,false,,,,,,,
RR_T30-3-20260914-20:19:49-1204,config,,,*.sensor[*].mobility.initialX,"uniform(1m, 19m)",,,,,,,
RR_T30-3-20260914-20:19:49-1204,config,,,*.sensor[*].mobility.initialY,"uniform(1m, 19m)",,,,,,,
RR_T30-3-20260914-20:19:49-1204,config,,,*.sensor[*].mobility.initialZ,0m,,,,,,,
RR_T30-3-20260914-20:19:49-1204,config,,,*.controller.numApps,0,,,,,,,
RR_T30-3-20260914-20:19:49-1204,config,,,*.lamp*.numApps,0,,,,,,,
RR_T30-3-20260914-20:19:49-1204,config,,,**.vector-recording,false,,,,,,,
RR_T10-3-20260914-20:19:21-1089,runattr,,,configname,RR_T10,,,,,,,
RR_T10-3-20260914-20:19:21-1089,runattr,,,datetime,20260914-20:19:21,,,,,,,
RR_T10-3-20260914-20:19:21-1089,runattr,,,datetimef,20260914-201921,,,,,,,
RR_T10-3-20260914-20:19:21-1089,runattr,,,experiment,RR_T10,,,,,,,
RR_T10-3-20260914-20:19:21-1089,runattr,,,inifile,omnetpp.ini,,,,,,,
RR_T10-3-20260914-20:19:21-1089,runattr,,,iterationvars,,,,,,,,
RR_T10-3-20260914-20:19:21-1089,runattr,,,iterationvarsd,,,,,,,,
RR_T10-3-20260914-20:19:21-1089,runattr,,,iterationvarsf,,,,,,,,
RR_T10-3-20260914-20:19:21-1089,runattr,,,measurement,,,,,,,,
RR_T10-3-20260914-20:19:21-1089,runattr,,,network,simulations.experiment4_application_strategy.ApplicationStrategyNetwork,,,,,,,
RR_T10-3-20260914-20:19:21-1089,runattr,,,processid,1089,,,,,,,
RR_T10-3-20260914-20:19:21-1089,runattr,,,repetition,3,,,,,,,
RR_T10-3-20260914-20:19:21-1089,runattr,,,replication,#3,,,,,,,
RR_T10-3-20260914-20:19:21-1089,runattr,,,resultdir,results,,,,,,,
RR_T10-3-20260914-20:19:21-1089,runattr,,,runnumber,3,,,,,,,
RR_T10-3-20260914-20:19:21-1089,runattr,,,seedset,3,,,,,,,
RR_T10-3-20260914-20:19:21-1089,config,,,image-path,../../../inet-4.6.0/images,,,,,,,
RR_T10-3-20260914-20:19:21-1089,config,,,extends,RequestResponseBase,,,,,,,
RR_T10-3-20260914-20:19:21-1089,config,,,*.monitoringServer.app[*].sendInterval,10s,,,,,,,
RR_T10-3-20260914-20:19:21-1089,config,,,repeat,5,,,,,,,
RR_T10-3-20260914-20:19:21-1089,config,,,seed-set,3,,,,,,,
RR_T10-3-20260914-20:19:21-1089,config,,,extends,Common,,,,,,,
RR_T10-3-20260914-20:19:21-1089,config,,,*.sensor[*].numApps,1,,,,,,,
RR_T10-3-20260914-20:19:21-1089,config,,,*.sensor[*].app[0].typename,UdpEchoApp,,,,,,,
RR_T10-3-20260914-20:19:21-1089,config,,,*.sensor[*].app[0].localPort,2000,,,,,,,
RR_T10-3-20260914-20:19:21-1089,config,,,*.monitoringServer.numApps,12,,,,,,,
RR_T10-3-20260914-20:19:21-1089,config,,,*.monitoringServer.app[*].typename,UdpBasicApp,,,,,,,
RR_T10-3-20260914-20:19:21-1089,config,,,*.monitoringServer.app[*].destPort,2000,,,,,,,
RR_T10-3-20260914-20:19:21-1089,config,,,*.monitoringServer.app[*].messageLength,50B,,,,,,,
RR_T10-3-20260914-20:19:21-1089,config,,,*.monitoringServer.app[*].sendInterval,10s,,,,,,,
RR_T10-3-20260914-20:19:21-1089,config,,,*.monitoringServer.app[*].startTime,"uniform(1s,2s)",,,,,,,
RR_T10-3-20260914-20:19:21-1089,config,,,*.monitoringServer.app[*].packetName,"""PollingRequest""",,,,,,,
RR_T10-3-20260914-20:19:21-1089,config,,,*.monitoringServer.app[0].destAddresses,"""sensor[0]""",,,,,,,
RR_T10-3-20260914-20:19:21-1089,config,,,*.monitoringServer.app[1].destAddresses,"""sensor[1]""",,,,,,,
RR_T10-3-20260914-20:19:21-1089,config,,,*.monitoringServer.app[2].destAddresses,"""sensor[2]""",,,,,,,
RR_T10-3-20260914-20:19:21-1089,config,,,*.monitoringServer.app[3].destAddresses,"""sensor[3]""",,,,,,,
RR_T10-3-20260914-20:19:21-1089,config,,,*.monitoringServer.app[4].destAddresses,"""sensor[4]""",,,,,,,
RR_T10-3-20260914-20:19:21-1089,config,,,*.monitoringServer.app[5].destAddresses,"""sensor[5]""",,,,,,,
RR_T10-3-20260914-20:19:21-1089,config,,,*.monitoringServer.app[6].destAddresses,"""sensor[6]""",,,,,,,
RR_T10-3-20260914-20:19:21-1089,config,,,*.monitoringServer.app[7].destAddresses,"""sensor[7]""",,,,,,,
RR_T10-3-20260914-20:19:21-1089,config,,,*.monitoringServer.app[8].destAddresses,"""sensor[8]""",,,,,,,
RR_T10-3-20260914-20:19:21-1089,config,,,*.monitoringServer.app[9].destAddresses,"""sensor[9]""",,,,,,,
RR_T10-3-20260914-20:19:21-1089,config,,,*.monitoringServer.app[10].destAddresses,"""sensor[10]""",,,,,,,
RR_T10-3-20260914-20:19:21-1089,config,,,*.monitoringServer.app[11].destAddresses,"""sensor[11]""",,,,,,,
RR_T10-3-20260914-20:19:21-1089,config,,,*.monitoringServer.app[*].packetSent.result-recording-modes,count,,,,,,,
RR_T10-3-20260914-20:19:21-1089,config,,,*.monitoringServer.app[*].packetReceived.result-recording-modes,count,,,,,,,
RR_T10-3-20260914-20:19:21-1089,config,,,*.monitoringServer.app[*].rcvdPkLifetime.result-recording-modes,stats,,,,,,,
RR_T10-3-20260914-20:19:21-1089,config,,,*.sensor[*].app[0].echoedPk.result-recording-modes,count,,,,,,,
RR_T10-3-20260914-20:19:21-1089,config,,,network,simulations.experiment4_application_strategy.ApplicationStrategyNetwork,,,,,,,
RR_T10-3-20260914-20:19:21-1089,config,,,sim-time-limit,600s,,,,,,,
RR_T10-3-20260914-20:19:21-1089,config,,,*.numSensors,12,,,,,,,
RR_T10-3-20260914-20:19:21-1089,config,,,**.arp.typename,GlobalArp,,,,,,,
RR_T10-3-20260914-20:19:21-1089,config,,,**.netmaskRoutes,"""""",,,,,,,
RR_T10-3-20260914-20:19:21-1089,config,,,*.radioMedium.backgroundNoise.power,-110dBm,,,,,,,
RR_T10-3-20260914-20:19:21-1089,config,,,*.configurator.config,"xmldoc(""startopology.xml"")",,,,,,,
RR_T10-3-20260914-20:19:21-1089,config,,,*.configurator.addStaticRoutes,false,,,,,,,
RR_T10-3-20260914-20:19:21-1089,config,,,*.sensor[*].mobility.initFromDisplayString,false,,,,,,,
RR_T10-3-20260914-20:19:21-1089,config,,,*.sensor[*].mobility.initialX,"uniform(1m, 19m)",,,,,,,
RR_T10-3-20260914-20:19:21-1089,config,,,*.sensor[*].mobility.initialY,"uniform(1m, 19m)",,,,,,,
RR_T10-3-20260914-20:19:21-1089,config,,,*.sensor[*].mobility.initialZ,0m,,,,,,,
RR_T10-3-20260914-20:19:21-1089,config,,,*.controller.numApps,0,,,,,,,
RR_T10-3-20260914-20:19:21-1089,config,,,*.lamp*.numApps,0,,,,,,,
RR_T10-3-20260914-20:19:21-1089,config,,,**.vector-recording,false,,,,,,,
RR_T10-4-20260914-20:19:24-1095,runattr,,,configname,RR_T10,,,,,,,
RR_T10-4-20260914-20:19:24-1095,runattr,,,datetime,20260914-20:19:24,,,,,,,
RR_T10-4-20260914-20:19:24-1095,runattr,,,datetimef,20260914-201924,,,,,,,
RR_T10-4-20260914-20:19:24-1095,runattr,,,experiment,RR_T10,,,,,,,
RR_T10-4-20260914-20:19:24-1095,runattr,,,inifile,omnetpp.ini,,,,,,,
RR_T10-4-20260914-20:19:24-1095,runattr,,,iterationvars,,,,,,,,
RR_T10-4-20260914-20:19:24-1095,runattr,,,iterationvarsd,,,,,,,,
RR_T10-4-20260914-20:19:24-1095,runattr,,,iterationvarsf,,,,,,,,
RR_T10-4-20260914-20:19:24-1095,runattr,,,measurement,,,,,,,,
RR_T10-4-20260914-20:19:24-1095,runattr,,,network,simulations.experiment4_application_strategy.ApplicationStrategyNetwork,,,,,,,
RR_T10-4-20260914-20:19:24-1095,runattr,,,processid,1095,,,,,,,
RR_T10-4-20260914-20:19:24-1095,runattr,,,repetition,4,,,,,,,
RR_T10-4-20260914-20:19:24-1095,runattr,,,replication,#4,,,,,,,
RR_T10-4-20260914-20:19:24-1095,runattr,,,resultdir,results,,,,,,,
RR_T10-4-20260914-20:19:24-1095,runattr,,,runnumber,4,,,,,,,
RR_T10-4-20260914-20:19:24-1095,runattr,,,seedset,4,,,,,,,
RR_T10-4-20260914-20:19:24-1095,config,,,image-path,../../../inet-4.6.0/images,,,,,,,
RR_T10-4-20260914-20:19:24-1095,config,,,extends,RequestResponseBase,,,,,,,
RR_T10-4-20260914-20:19:24-1095,config,,,*.monitoringServer.app[*].sendInterval,10s,,,,,,,
RR_T10-4-20260914-20:19:24-1095,config,,,repeat,5,,,,,,,
RR_T10-4-20260914-20:19:24-1095,config,,,seed-set,4,,,,,,,
RR_T10-4-20260914-20:19:24-1095,config,,,extends,Common,,,,,,,
RR_T10-4-20260914-20:19:24-1095,config,,,*.sensor[*].numApps,1,,,,,,,
RR_T10-4-20260914-20:19:24-1095,config,,,*.sensor[*].app[0].typename,UdpEchoApp,,,,,,,
RR_T10-4-20260914-20:19:24-1095,config,,,*.sensor[*].app[0].localPort,2000,,,,,,,
RR_T10-4-20260914-20:19:24-1095,config,,,*.monitoringServer.numApps,12,,,,,,,
RR_T10-4-20260914-20:19:24-1095,config,,,*.monitoringServer.app[*].typename,UdpBasicApp,,,,,,,
RR_T10-4-20260914-20:19:24-1095,config,,,*.monitoringServer.app[*].destPort,2000,,,,,,,
RR_T10-4-20260914-20:19:24-1095,config,,,*.monitoringServer.app[*].messageLength,50B,,,,,,,
RR_T10-4-20260914-20:19:24-1095,config,,,*.monitoringServer.app[*].sendInterval,10s,,,,,,,
RR_T10-4-20260914-20:19:24-1095,config,,,*.monitoringServer.app[*].startTime,"uniform(1s,2s)",,,,,,,
RR_T10-4-20260914-20:19:24-1095,config,,,*.monitoringServer.app[*].packetName,"""PollingRequest""",,,,,,,
RR_T10-4-20260914-20:19:24-1095,config,,,*.monitoringServer.app[0].destAddresses,"""sensor[0]""",,,,,,,
RR_T10-4-20260914-20:19:24-1095,config,,,*.monitoringServer.app[1].destAddresses,"""sensor[1]""",,,,,,,
RR_T10-4-20260914-20:19:24-1095,config,,,*.monitoringServer.app[2].destAddresses,"""sensor[2]""",,,,,,,
RR_T10-4-20260914-20:19:24-1095,config,,,*.monitoringServer.app[3].destAddresses,"""sensor[3]""",,,,,,,
RR_T10-4-20260914-20:19:24-1095,config,,,*.monitoringServer.app[4].destAddresses,"""sensor[4]""",,,,,,,
RR_T10-4-20260914-20:19:24-1095,config,,,*.monitoringServer.app[5].destAddresses,"""sensor[5]""",,,,,,,
RR_T10-4-20260914-20:19:24-1095,config,,,*.monitoringServer.app[6].destAddresses,"""sensor[6]""",,,,,,,
RR_T10-4-20260914-20:19:24-1095,config,,,*.monitoringServer.app[7].destAddresses,"""sensor[7]""",,,,,,,
RR_T10-4-20260914-20:19:24-1095,config,,,*.monitoringServer.app[8].destAddresses,"""sensor[8]""",,,,,,,
RR_T10-4-20260914-20:19:24-1095,config,,,*.monitoringServer.app[9].destAddresses,"""sensor[9]""",,,,,,,
RR_T10-4-20260914-20:19:24-1095,config,,,*.monitoringServer.app[10].destAddresses,"""sensor[10]""",,,,,,,
RR_T10-4-20260914-20:19:24-1095,config,,,*.monitoringServer.app[11].destAddresses,"""sensor[11]""",,,,,,,
RR_T10-4-20260914-20:19:24-1095,config,,,*.monitoringServer.app[*].packetSent.result-recording-modes,count,,,,,,,
RR_T10-4-20260914-20:19:24-1095,config,,,*.monitoringServer.app[*].packetReceived.result-recording-modes,count,,,,,,,
RR_T10-4-20260914-20:19:24-1095,config,,,*.monitoringServer.app[*].rcvdPkLifetime.result-recording-modes,stats,,,,,,,
RR_T10-4-20260914-20:19:24-1095,config,,,*.sensor[*].app[0].echoedPk.result-recording-modes,count,,,,,,,
RR_T10-4-20260914-20:19:24-1095,config,,,network,simulations.experiment4_application_strategy.ApplicationStrategyNetwork,,,,,,,
RR_T10-4-20260914-20:19:24-1095,config,,,sim-time-limit,600s,,,,,,,
RR_T10-4-20260914-20:19:24-1095,config,,,*.numSensors,12,,,,,,,
RR_T10-4-20260914-20:19:24-1095,config,,,**.arp.typename,GlobalArp,,,,,,,
RR_T10-4-20260914-20:19:24-1095,config,,,**.netmaskRoutes,"""""",,,,,,,
RR_T10-4-20260914-20:19:24-1095,config,,,*.radioMedium.backgroundNoise.power,-110dBm,,,,,,,
RR_T10-4-20260914-20:19:24-1095,config,,,*.configurator.config,"xmldoc(""startopology.xml"")",,,,,,,
RR_T10-4-20260914-20:19:24-1095,config,,,*.configurator.addStaticRoutes,false,,,,,,,
RR_T10-4-20260914-20:19:24-1095,config,,,*.sensor[*].mobility.initFromDisplayString,false,,,,,,,
RR_T10-4-20260914-20:19:24-1095,config,,,*.sensor[*].mobility.initialX,"uniform(1m, 19m)",,,,,,,
RR_T10-4-20260914-20:19:24-1095,config,,,*.sensor[*].mobility.initialY,"uniform(1m, 19m)",,,,,,,
RR_T10-4-20260914-20:19:24-1095,config,,,*.sensor[*].mobility.initialZ,0m,,,,,,,
RR_T10-4-20260914-20:19:24-1095,config,,,*.controller.numApps,0,,,,,,,
RR_T10-4-20260914-20:19:24-1095,config,,,*.lamp*.numApps,0,,,,,,,
RR_T10-4-20260914-20:19:24-1095,config,,,**.vector-recording,false,,,,,,,
RR_T30-0-20260914-20:19:43-1189,runattr,,,configname,RR_T30,,,,,,,
RR_T30-0-20260914-20:19:43-1189,runattr,,,datetime,20260914-20:19:43,,,,,,,
RR_T30-0-20260914-20:19:43-1189,runattr,,,datetimef,20260914-201943,,,,,,,
RR_T30-0-20260914-20:19:43-1189,runattr,,,experiment,RR_T30,,,,,,,
RR_T30-0-20260914-20:19:43-1189,runattr,,,inifile,omnetpp.ini,,,,,,,
RR_T30-0-20260914-20:19:43-1189,runattr,,,iterationvars,,,,,,,,
RR_T30-0-20260914-20:19:43-1189,runattr,,,iterationvarsd,,,,,,,,
RR_T30-0-20260914-20:19:43-1189,runattr,,,iterationvarsf,,,,,,,,
RR_T30-0-20260914-20:19:43-1189,runattr,,,measurement,,,,,,,,
RR_T30-0-20260914-20:19:43-1189,runattr,,,network,simulations.experiment4_application_strategy.ApplicationStrategyNetwork,,,,,,,
RR_T30-0-20260914-20:19:43-1189,runattr,,,processid,1189,,,,,,,
RR_T30-0-20260914-20:19:43-1189,runattr,,,repetition,0,,,,,,,
RR_T30-0-20260914-20:19:43-1189,runattr,,,replication,#0,,,,,,,
RR_T30-0-20260914-20:19:43-1189,runattr,,,resultdir,results,,,,,,,
RR_T30-0-20260914-20:19:43-1189,runattr,,,runnumber,0,,,,,,,
RR_T30-0-20260914-20:19:43-1189,runattr,,,seedset,0,,,,,,,
RR_T30-0-20260914-20:19:43-1189,config,,,image-path,../../../inet-4.6.0/images,,,,,,,
RR_T30-0-20260914-20:19:43-1189,config,,,extends,RequestResponseBase,,,,,,,
RR_T30-0-20260914-20:19:43-1189,config,,,*.monitoringServer.app[*].sendInterval,30s,,,,,,,
RR_T30-0-20260914-20:19:43-1189,config,,,repeat,5,,,,,,,
RR_T30-0-20260914-20:19:43-1189,config,,,seed-set,0,,,,,,,
RR_T30-0-20260914-20:19:43-1189,config,,,extends,Common,,,,,,,
RR_T30-0-20260914-20:19:43-1189,config,,,*.sensor[*].numApps,1,,,,,,,
RR_T30-0-20260914-20:19:43-1189,config,,,*.sensor[*].app[0].typename,UdpEchoApp,,,,,,,
RR_T30-0-20260914-20:19:43-1189,config,,,*.sensor[*].app[0].localPort,2000,,,,,,,
RR_T30-0-20260914-20:19:43-1189,config,,,*.monitoringServer.numApps,12,,,,,,,
RR_T30-0-20260914-20:19:43-1189,config,,,*.monitoringServer.app[*].typename,UdpBasicApp,,,,,,,
RR_T30-0-20260914-20:19:43-1189,config,,,*.monitoringServer.app[*].destPort,2000,,,,,,,
RR_T30-0-20260914-20:19:43-1189,config,,,*.monitoringServer.app[*].messageLength,50B,,,,,,,
RR_T30-0-20260914-20:19:43-1189,config,,,*.monitoringServer.app[*].sendInterval,10s,,,,,,,
RR_T30-0-20260914-20:19:43-1189,config,,,*.monitoringServer.app[*].startTime,"uniform(1s,2s)",,,,,,,
RR_T30-0-20260914-20:19:43-1189,config,,,*.monitoringServer.app[*].packetName,"""PollingRequest""",,,,,,,
RR_T30-0-20260914-20:19:43-1189,config,,,*.monitoringServer.app[0].destAddresses,"""sensor[0]""",,,,,,,
RR_T30-0-20260914-20:19:43-1189,config,,,*.monitoringServer.app[1].destAddresses,"""sensor[1]""",,,,,,,
RR_T30-0-20260914-20:19:43-1189,config,,,*.monitoringServer.app[2].destAddresses,"""sensor[2]""",,,,,,,
RR_T30-0-20260914-20:19:43-1189,config,,,*.monitoringServer.app[3].destAddresses,"""sensor[3]""",,,,,,,
RR_T30-0-20260914-20:19:43-1189,config,,,*.monitoringServer.app[4].destAddresses,"""sensor[4]""",,,,,,,
RR_T30-0-20260914-20:19:43-1189,config,,,*.monitoringServer.app[5].destAddresses,"""sensor[5]""",,,,,,,
RR_T30-0-20260914-20:19:43-1189,config,,,*.monitoringServer.app[6].destAddresses,"""sensor[6]""",,,,,,,
RR_T30-0-20260914-20:19:43-1189,config,,,*.monitoringServer.app[7].destAddresses,"""sensor[7]""",,,,,,,
RR_T30-0-20260914-20:19:43-1189,config,,,*.monitoringServer.app[8].destAddresses,"""sensor[8]""",,,,,,,
RR_T30-0-20260914-20:19:43-1189,config,,,*.monitoringServer.app[9].destAddresses,"""sensor[9]""",,,,,,,
RR_T30-0-20260914-20:19:43-1189,config,,,*.monitoringServer.app[10].destAddresses,"""sensor[10]""",,,,,,,
RR_T30-0-20260914-20:19:43-1189,config,,,*.monitoringServer.app[11].destAddresses,"""sensor[11]""",,,,,,,
RR_T30-0-20260914-20:19:43-1189,config,,,*.monitoringServer.app[*].packetSent.result-recording-modes,count,,,,,,,
RR_T30-0-20260914-20:19:43-1189,config,,,*.monitoringServer.app[*].packetReceived.result-recording-modes,count,,,,,,,
RR_T30-0-20260914-20:19:43-1189,config,,,*.monitoringServer.app[*].rcvdPkLifetime.result-recording-modes,stats,,,,,,,
RR_T30-0-20260914-20:19:43-1189,config,,,*.sensor[*].app[0].echoedPk.result-recording-modes,count,,,,,,,
RR_T30-0-20260914-20:19:43-1189,config,,,network,simulations.experiment4_application_strategy.ApplicationStrategyNetwork,,,,,,,
RR_T30-0-20260914-20:19:43-1189,config,,,sim-time-limit,600s,,,,,,,
RR_T30-0-20260914-20:19:43-1189,config,,,*.numSensors,12,,,,,,,
RR_T30-0-20260914-20:19:43-1189,config,,,**.arp.typename,GlobalArp,,,,,,,
RR_T30-0-20260914-20:19:43-1189,config,,,**.netmaskRoutes,"""""",,,,,,,
RR_T30-0-20260914-20:19:43-1189,config,,,*.radioMedium.backgroundNoise.power,-110dBm,,,,,,,
RR_T30-0-20260914-20:19:43-1189,config,,,*.configurator.config,"xmldoc(""startopology.xml"")",,,,,,,
RR_T30-0-20260914-20:19:43-1189,config,,,*.configurator.addStaticRoutes,false,,,,,,,
RR_T30-0-20260914-20:19:43-1189,config,,,*.sensor[*].mobility.initFromDisplayString,false,,,,,,,
RR_T30-0-20260914-20:19:43-1189,config,,,*.sensor[*].mobility.initialX,"uniform(1m, 19m)",,,,,,,
RR_T30-0-20260914-20:19:43-1189,config,,,*.sensor[*].mobility.initialY,"uniform(1m, 19m)",,,,,,,
RR_T30-0-20260914-20:19:43-1189,config,,,*.sensor[*].mobility.initialZ,0m,,,,,,,
RR_T30-0-20260914-20:19:43-1189,config,,,*.controller.numApps,0,,,,,,,
RR_T30-0-20260914-20:19:43-1189,config,,,*.lamp*.numApps,0,,,,,,,
RR_T30-0-20260914-20:19:43-1189,config,,,**.vector-recording,false,,,,,,,
RR_T30-1-20260914-20:19:45-1194,runattr,,,configname,RR_T30,,,,,,,
RR_T30-1-20260914-20:19:45-1194,runattr,,,datetime,20260914-20:19:45,,,,,,,
RR_T30-1-20260914-20:19:45-1194,runattr,,,datetimef,20260914-201945,,,,,,,
RR_T30-1-20260914-20:19:45-1194,runattr,,,experiment,RR_T30,,,,,,,
RR_T30-1-20260914-20:19:45-1194,runattr,,,inifile,omnetpp.ini,,,,,,,
RR_T30-1-20260914-20:19:45-1194,runattr,,,iterationvars,,,,,,,,
RR_T30-1-20260914-20:19:45-1194,runattr,,,iterationvarsd,,,,,,,,
RR_T30-1-20260914-20:19:45-1194,runattr,,,iterationvarsf,,,,,,,,
RR_T30-1-20260914-20:19:45-1194,runattr,,,measurement,,,,,,,,
RR_T30-1-20260914-20:19:45-1194,runattr,,,network,simulations.experiment4_application_strategy.ApplicationStrategyNetwork,,,,,,,
RR_T30-1-20260914-20:19:45-1194,runattr,,,processid,1194,,,,,,,
RR_T30-1-20260914-20:19:45-1194,runattr,,,repetition,1,,,,,,,
RR_T30-1-20260914-20:19:45-1194,runattr,,,replication,#1,,,,,,,
RR_T30-1-20260914-20:19:45-1194,runattr,,,resultdir,results,,,,,,,
RR_T30-1-20260914-20:19:45-1194,runattr,,,runnumber,1,,,,,,,
RR_T30-1-20260914-20:19:45-1194,runattr,,,seedset,1,,,,,,,
RR_T30-1-20260914-20:19:45-1194,config,,,image-path,../../../inet-4.6.0/images,,,,,,,
RR_T30-1-20260914-20:19:45-1194,config,,,extends,RequestResponseBase,,,,,,,
RR_T30-1-20260914-20:19:45-1194,config,,,*.monitoringServer.app[*].sendInterval,30s,,,,,,,
RR_T30-1-20260914-20:19:45-1194,config,,,repeat,5,,,,,,,
RR_T30-1-20260914-20:19:45-1194,config,,,seed-set,1,,,,,,,
RR_T30-1-20260914-20:19:45-1194,config,,,extends,Common,,,,,,,
RR_T30-1-20260914-20:19:45-1194,config,,,*.sensor[*].numApps,1,,,,,,,
RR_T30-1-20260914-20:19:45-1194,config,,,*.sensor[*].app[0].typename,UdpEchoApp,,,,,,,
RR_T30-1-20260914-20:19:45-1194,config,,,*.sensor[*].app[0].localPort,2000,,,,,,,
RR_T30-1-20260914-20:19:45-1194,config,,,*.monitoringServer.numApps,12,,,,,,,
RR_T30-1-20260914-20:19:45-1194,config,,,*.monitoringServer.app[*].typename,UdpBasicApp,,,,,,,
RR_T30-1-20260914-20:19:45-1194,config,,,*.monitoringServer.app[*].destPort,2000,,,,,,,
RR_T30-1-20260914-20:19:45-1194,config,,,*.monitoringServer.app[*].messageLength,50B,,,,,,,
RR_T30-1-20260914-20:19:45-1194,config,,,*.monitoringServer.app[*].sendInterval,10s,,,,,,,
RR_T30-1-20260914-20:19:45-1194,config,,,*.monitoringServer.app[*].startTime,"uniform(1s,2s)",,,,,,,
RR_T30-1-20260914-20:19:45-1194,config,,,*.monitoringServer.app[*].packetName,"""PollingRequest""",,,,,,,
RR_T30-1-20260914-20:19:45-1194,config,,,*.monitoringServer.app[0].destAddresses,"""sensor[0]""",,,,,,,
RR_T30-1-20260914-20:19:45-1194,config,,,*.monitoringServer.app[1].destAddresses,"""sensor[1]""",,,,,,,
RR_T30-1-20260914-20:19:45-1194,config,,,*.monitoringServer.app[2].destAddresses,"""sensor[2]""",,,,,,,
RR_T30-1-20260914-20:19:45-1194,config,,,*.monitoringServer.app[3].destAddresses,"""sensor[3]""",,,,,,,
RR_T30-1-20260914-20:19:45-1194,config,,,*.monitoringServer.app[4].destAddresses,"""sensor[4]""",,,,,,,
RR_T30-1-20260914-20:19:45-1194,config,,,*.monitoringServer.app[5].destAddresses,"""sensor[5]""",,,,,,,
RR_T30-1-20260914-20:19:45-1194,config,,,*.monitoringServer.app[6].destAddresses,"""sensor[6]""",,,,,,,
RR_T30-1-20260914-20:19:45-1194,config,,,*.monitoringServer.app[7].destAddresses,"""sensor[7]""",,,,,,,
RR_T30-1-20260914-20:19:45-1194,config,,,*.monitoringServer.app[8].destAddresses,"""sensor[8]""",,,,,,,
RR_T30-1-20260914-20:19:45-1194,config,,,*.monitoringServer.app[9].destAddresses,"""sensor[9]""",,,,,,,
RR_T30-1-20260914-20:19:45-1194,config,,,*.monitoringServer.app[10].destAddresses,"""sensor[10]""",,,,,,,
RR_T30-1-20260914-20:19:45-1194,config,,,*.monitoringServer.app[11].destAddresses,"""sensor[11]""",,,,,,,
RR_T30-1-20260914-20:19:45-1194,config,,,*.monitoringServer.app[*].packetSent.result-recording-modes,count,,,,,,,
RR_T30-1-20260914-20:19:45-1194,config,,,*.monitoringServer.app[*].packetReceived.result-recording-modes,count,,,,,,,
RR_T30-1-20260914-20:19:45-1194,config,,,*.monitoringServer.app[*].rcvdPkLifetime.result-recording-modes,stats,,,,,,,
RR_T30-1-20260914-20:19:45-1194,config,,,*.sensor[*].app[0].echoedPk.result-recording-modes,count,,,,,,,
RR_T30-1-20260914-20:19:45-1194,config,,,network,simulations.experiment4_application_strategy.ApplicationStrategyNetwork,,,,,,,
RR_T30-1-20260914-20:19:45-1194,config,,,sim-time-limit,600s,,,,,,,
RR_T30-1-20260914-20:19:45-1194,config,,,*.numSensors,12,,,,,,,
RR_T30-1-20260914-20:19:45-1194,config,,,**.arp.typename,GlobalArp,,,,,,,
RR_T30-1-20260914-20:19:45-1194,config,,,**.netmaskRoutes,"""""",,,,,,,
RR_T30-1-20260914-20:19:45-1194,config,,,*.radioMedium.backgroundNoise.power,-110dBm,,,,,,,
RR_T30-1-20260914-20:19:45-1194,config,,,*.configurator.config,"xmldoc(""startopology.xml"")",,,,,,,
RR_T30-1-20260914-20:19:45-1194,config,,,*.configurator.addStaticRoutes,false,,,,,,,
RR_T30-1-20260914-20:19:45-1194,config,,,*.sensor[*].mobility.initFromDisplayString,false,,,,,,,
RR_T30-1-20260914-20:19:45-1194,config,,,*.sensor[*].mobility.initialX,"uniform(1m, 19m)",,,,,,,
RR_T30-1-20260914-20:19:45-1194,config,,,*.sensor[*].mobility.initialY,"uniform(1m, 19m)",,,,,,,
RR_T30-1-20260914-20:19:45-1194,config,,,*.sensor[*].mobility.initialZ,0m,,,,,,,
RR_T30-1-20260914-20:19:45-1194,config,,,*.controller.numApps,0,,,,,,,
RR_T30-1-20260914-20:19:45-1194,config,,,*.lamp*.numApps,0,,,,,,,
RR_T30-1-20260914-20:19:45-1194,config,,,**.vector-recording,false,,,,,,,
RR_T30-2-20260914-20:19:47-1199,runattr,,,configname,RR_T30,,,,,,,
RR_T30-2-20260914-20:19:47-1199,runattr,,,datetime,20260914-20:19:47,,,,,,,
RR_T30-2-20260914-20:19:47-1199,runattr,,,datetimef,20260914-201947,,,,,,,
RR_T30-2-20260914-20:19:47-1199,runattr,,,experiment,RR_T30,,,,,,,
RR_T30-2-20260914-20:19:47-1199,runattr,,,inifile,omnetpp.ini,,,,,,,
RR_T30-2-20260914-20:19:47-1199,runattr,,,iterationvars,,,,,,,,
RR_T30-2-20260914-20:19:47-1199,runattr,,,iterationvarsd,,,,,,,,
RR_T30-2-20260914-20:19:47-1199,runattr,,,iterationvarsf,,,,,,,,
RR_T30-2-20260914-20:19:47-1199,runattr,,,measurement,,,,,,,,
RR_T30-2-20260914-20:19:47-1199,runattr,,,network,simulations.experiment4_application_strategy.ApplicationStrategyNetwork,,,,,,,
RR_T30-2-20260914-20:19:47-1199,runattr,,,processid,1199,,,,,,,
RR_T30-2-20260914-20:19:47-1199,runattr,,,repetition,2,,,,,,,
RR_T30-2-20260914-20:19:47-1199,runattr,,,replication,#2,,,,,,,
RR_T30-2-20260914-20:19:47-1199,runattr,,,resultdir,results,,,,,,,
RR_T30-2-20260914-20:19:47-1199,runattr,,,runnumber,2,,,,,,,
RR_T30-2-20260914-20:19:47-1199,runattr,,,seedset,2,,,,,,,
RR_T30-2-20260914-20:19:47-1199,config,,,image-path,../../../inet-4.6.0/images,,,,,,,
RR_T30-2-20260914-20:19:47-1199,config,,,extends,RequestResponseBase,,,,,,,
RR_T30-2-20260914-20:19:47-1199,config,,,*.monitoringServer.app[*].sendInterval,30s,,,,,,,
RR_T30-2-20260914-20:19:47-1199,config,,,repeat,5,,,,,,,
RR_T30-2-20260914-20:19:47-1199,config,,,seed-set,2,,,,,,,
RR_T30-2-20260914-20:19:47-1199,config,,,extends,Common,,,,,,,
RR_T30-2-20260914-20:19:47-1199,config,,,*.sensor[*].numApps,1,,,,,,,
RR_T30-2-20260914-20:19:47-1199,config,,,*.sensor[*].app[0].typename,UdpEchoApp,,,,,,,
RR_T30-2-20260914-20:19:47-1199,config,,,*.sensor[*].app[0].localPort,2000,,,,,,,
RR_T30-2-20260914-20:19:47-1199,config,,,*.monitoringServer.numApps,12,,,,,,,
RR_T30-2-20260914-20:19:47-1199,config,,,*.monitoringServer.app[*].typename,UdpBasicApp,,,,,,,
RR_T30-2-20260914-20:19:47-1199,config,,,*.monitoringServer.app[*].destPort,2000,,,,,,,
RR_T30-2-20260914-20:19:47-1199,config,,,*.monitoringServer.app[*].messageLength,50B,,,,,,,
RR_T30-2-20260914-20:19:47-1199,config,,,*.monitoringServer.app[*].sendInterval,10s,,,,,,,
RR_T30-2-20260914-20:19:47-1199,config,,,*.monitoringServer.app[*].startTime,"uniform(1s,2s)",,,,,,,
RR_T30-2-20260914-20:19:47-1199,config,,,*.monitoringServer.app[*].packetName,"""PollingRequest""",,,,,,,
RR_T30-2-20260914-20:19:47-1199,config,,,*.monitoringServer.app[0].destAddresses,"""sensor[0]""",,,,,,,
RR_T30-2-20260914-20:19:47-1199,config,,,*.monitoringServer.app[1].destAddresses,"""sensor[1]""",,,,,,,
RR_T30-2-20260914-20:19:47-1199,config,,,*.monitoringServer.app[2].destAddresses,"""sensor[2]""",,,,,,,
RR_T30-2-20260914-20:19:47-1199,config,,,*.monitoringServer.app[3].destAddresses,"""sensor[3]""",,,,,,,
RR_T30-2-20260914-20:19:47-1199,config,,,*.monitoringServer.app[4].destAddresses,"""sensor[4]""",,,,,,,
RR_T30-2-20260914-20:19:47-1199,config,,,*.monitoringServer.app[5].destAddresses,"""sensor[5]""",,,,,,,
RR_T30-2-20260914-20:19:47-1199,config,,,*.monitoringServer.app[6].destAddresses,"""sensor[6]""",,,,,,,
RR_T30-2-20260914-20:19:47-1199,config,,,*.monitoringServer.app[7].destAddresses,"""sensor[7]""",,,,,,,
RR_T30-2-20260914-20:19:47-1199,config,,,*.monitoringServer.app[8].destAddresses,"""sensor[8]""",,,,,,,
RR_T30-2-20260914-20:19:47-1199,config,,,*.monitoringServer.app[9].destAddresses,"""sensor[9]""",,,,,,,
RR_T30-2-20260914-20:19:47-1199,config,,,*.monitoringServer.app[10].destAddresses,"""sensor[10]""",,,,,,,
RR_T30-2-20260914-20:19:47-1199,config,,,*.monitoringServer.app[11].destAddresses,"""sensor[11]""",,,,,,,
RR_T30-2-20260914-20:19:47-1199,config,,,*.monitoringServer.app[*].packetSent.result-recording-modes,count,,,,,,,
RR_T30-2-20260914-20:19:47-1199,config,,,*.monitoringServer.app[*].packetReceived.result-recording-modes,count,,,,,,,
RR_T30-2-20260914-20:19:47-1199,config,,,*.monitoringServer.app[*].rcvdPkLifetime.result-recording-modes,stats,,,,,,,
RR_T30-2-20260914-20:19:47-1199,config,,,*.sensor[*].app[0].echoedPk.result-recording-modes,count,,,,,,,
RR_T30-2-20260914-20:19:47-1199,config,,,network,simulations.experiment4_application_strategy.ApplicationStrategyNetwork,,,,,,,
RR_T30-2-20260914-20:19:47-1199,config,,,sim-time-limit,600s,,,,,,,
RR_T30-2-20260914-20:19:47-1199,config,,,*.numSensors,12,,,,,,,
RR_T30-2-20260914-20:19:47-1199,config,,,**.arp.typename,GlobalArp,,,,,,,
RR_T30-2-20260914-20:19:47-1199,config,,,**.netmaskRoutes,"""""",,,,,,,
RR_T30-2-20260914-20:19:47-1199,config,,,*.radioMedium.backgroundNoise.power,-110dBm,,,,,,,
RR_T30-2-20260914-20:19:47-1199,config,,,*.configurator.config,"xmldoc(""startopology.xml"")",,,,,,,
RR_T30-2-20260914-20:19:47-1199,config,,,*.configurator.addStaticRoutes,false,,,,,,,
RR_T30-2-20260914-20:19:47-1199,config,,,*.sensor[*].mobility.initFromDisplayString,false,,,,,,,
RR_T30-2-20260914-20:19:47-1199,config,,,*.sensor[*].mobility.initialX,"uniform(1m, 19m)",,,,,,,
RR_T30-2-20260914-20:19:47-1199,config,,,*.sensor[*].mobility.initialY,"uniform(1m, 19m)",,,,,,,
RR_T30-2-20260914-20:19:47-1199,config,,,*.sensor[*].mobility.initialZ,0m,,,,,,,
RR_T30-2-20260914-20:19:47-1199,config,,,*.controller.numApps,0,,,,,,,
RR_T30-2-20260914-20:19:47-1199,config,,,*.lamp*.numApps,0,,,,,,,
RR_T30-2-20260914-20:19:47-1199,config,,,**.vector-recording,false,,,,,,,
RR_T30-4-20260914-20:19:51-1209,runattr,,,configname,RR_T30,,,,,,,
RR_T30-4-20260914-20:19:51-1209,runattr,,,datetime,20260914-20:19:51,,,,,,,
RR_T30-4-20260914-20:19:51-1209,runattr,,,datetimef,20260914-201951,,,,,,,
RR_T30-4-20260914-20:19:51-1209,runattr,,,experiment,RR_T30,,,,,,,
RR_T30-4-20260914-20:19:51-1209,runattr,,,inifile,omnetpp.ini,,,,,,,
RR_T30-4-20260914-20:19:51-1209,runattr,,,iterationvars,,,,,,,,
RR_T30-4-20260914-20:19:51-1209,runattr,,,iterationvarsd,,,,,,,,
RR_T30-4-20260914-20:19:51-1209,runattr,,,iterationvarsf,,,,,,,,
RR_T30-4-20260914-20:19:51-1209,runattr,,,measurement,,,,,,,,
RR_T30-4-20260914-20:19:51-1209,runattr,,,network,simulations.experiment4_application_strategy.ApplicationStrategyNetwork,,,,,,,
RR_T30-4-20260914-20:19:51-1209,runattr,,,processid,1209,,,,,,,
RR_T30-4-20260914-20:19:51-1209,runattr,,,repetition,4,,,,,,,
RR_T30-4-20260914-20:19:51-1209,runattr,,,replication,#4,,,,,,,
RR_T30-4-20260914-20:19:51-1209,runattr,,,resultdir,results,,,,,,,
RR_T30-4-20260914-20:19:51-1209,runattr,,,runnumber,4,,,,,,,
RR_T30-4-20260914-20:19:51-1209,runattr,,,seedset,4,,,,,,,
RR_T30-4-20260914-20:19:51-1209,config,,,image-path,../../../inet-4.6.0/images,,,,,,,
RR_T30-4-20260914-20:19:51-1209,config,,,extends,RequestResponseBase,,,,,,,
RR_T30-4-20260914-20:19:51-1209,config,,,*.monitoringServer.app[*].sendInterval,30s,,,,,,,
RR_T30-4-20260914-20:19:51-1209,config,,,repeat,5,,,,,,,
RR_T30-4-20260914-20:19:51-1209,config,,,seed-set,4,,,,,,,
RR_T30-4-20260914-20:19:51-1209,config,,,extends,Common,,,,,,,
RR_T30-4-20260914-20:19:51-1209,config,,,*.sensor[*].numApps,1,,,,,,,
RR_T30-4-20260914-20:19:51-1209,config,,,*.sensor[*].app[0].typename,UdpEchoApp,,,,,,,
RR_T30-4-20260914-20:19:51-1209,config,,,*.sensor[*].app[0].localPort,2000,,,,,,,
RR_T30-4-20260914-20:19:51-1209,config,,,*.monitoringServer.numApps,12,,,,,,,
RR_T30-4-20260914-20:19:51-1209,config,,,*.monitoringServer.app[*].typename,UdpBasicApp,,,,,,,
RR_T30-4-20260914-20:19:51-1209,config,,,*.monitoringServer.app[*].destPort,2000,,,,,,,
RR_T30-4-20260914-20:19:51-1209,config,,,*.monitoringServer.app[*].messageLength,50B,,,,,,,
RR_T30-4-20260914-20:19:51-1209,config,,,*.monitoringServer.app[*].sendInterval,10s,,,,,,,
RR_T30-4-20260914-20:19:51-1209,config,,,*.monitoringServer.app[*].startTime,"uniform(1s,2s)",,,,,,,
RR_T30-4-20260914-20:19:51-1209,config,,,*.monitoringServer.app[*].packetName,"""PollingRequest""",,,,,,,
RR_T30-4-20260914-20:19:51-1209,config,,,*.monitoringServer.app[0].destAddresses,"""sensor[0]""",,,,,,,
RR_T30-4-20260914-20:19:51-1209,config,,,*.monitoringServer.app[1].destAddresses,"""sensor[1]""",,,,,,,
RR_T30-4-20260914-20:19:51-1209,config,,,*.monitoringServer.app[2].destAddresses,"""sensor[2]""",,,,,,,
RR_T30-4-20260914-20:19:51-1209,config,,,*.monitoringServer.app[3].destAddresses,"""sensor[3]""",,,,,,,
RR_T30-4-20260914-20:19:51-1209,config,,,*.monitoringServer.app[4].destAddresses,"""sensor[4]""",,,,,,,
RR_T30-4-20260914-20:19:51-1209,config,,,*.monitoringServer.app[5].destAddresses,"""sensor[5]""",,,,,,,
RR_T30-4-20260914-20:19:51-1209,config,,,*.monitoringServer.app[6].destAddresses,"""sensor[6]""",,,,,,,
RR_T30-4-20260914-20:19:51-1209,config,,,*.monitoringServer.app[7].destAddresses,"""sensor[7]""",,,,,,,
RR_T30-4-20260914-20:19:51-1209,config,,,*.monitoringServer.app[8].destAddresses,"""sensor[8]""",,,,,,,
RR_T30-4-20260914-20:19:51-1209,config,,,*.monitoringServer.app[9].destAddresses,"""sensor[9]""",,,,,,,
RR_T30-4-20260914-20:19:51-1209,config,,,*.monitoringServer.app[10].destAddresses,"""sensor[10]""",,,,,,,
RR_T30-4-20260914-20:19:51-1209,config,,,*.monitoringServer.app[11].destAddresses,"""sensor[11]""",,,,,,,
RR_T30-4-20260914-20:19:51-1209,config,,,*.monitoringServer.app[*].packetSent.result-recording-modes,count,,,,,,,
RR_T30-4-20260914-20:19:51-1209,config,,,*.monitoringServer.app[*].packetReceived.result-recording-modes,count,,,,,,,
RR_T30-4-20260914-20:19:51-1209,config,,,*.monitoringServer.app[*].rcvdPkLifetime.result-recording-modes,stats,,,,,,,
RR_T30-4-20260914-20:19:51-1209,config,,,*.sensor[*].app[0].echoedPk.result-recording-modes,count,,,,,,,
RR_T30-4-20260914-20:19:51-1209,config,,,network,simulations.experiment4_application_strategy.ApplicationStrategyNetwork,,,,,,,
RR_T30-4-20260914-20:19:51-1209,config,,,sim-time-limit,600s,,,,,,,
RR_T30-4-20260914-20:19:51-1209,config,,,*.numSensors,12,,,,,,,
RR_T30-4-20260914-20:19:51-1209,config,,,**.arp.typename,GlobalArp,,,,,,,
RR_T30-4-20260914-20:19:51-1209,config,,,**.netmaskRoutes,"""""",,,,,,,
RR_T30-4-20260914-20:19:51-1209,config,,,*.radioMedium.backgroundNoise.power,-110dBm,,,,,,,
RR_T30-4-20260914-20:19:51-1209,config,,,*.configurator.config,"xmldoc(""startopology.xml"")",,,,,,,
RR_T30-4-20260914-20:19:51-1209,config,,,*.configurator.addStaticRoutes,false,,,,,,,
RR_T30-4-20260914-20:19:51-1209,config,,,*.sensor[*].mobility.initFromDisplayString,false,,,,,,,
RR_T30-4-20260914-20:19:51-1209,config,,,*.sensor[*].mobility.initialX,"uniform(1m, 19m)",,,,,,,
RR_T30-4-20260914-20:19:51-1209,config,,,*.sensor[*].mobility.initialY,"uniform(1m, 19m)",,,,,,,
RR_T30-4-20260914-20:19:51-1209,config,,,*.sensor[*].mobility.initialZ,0m,,,,,,,
RR_T30-4-20260914-20:19:51-1209,config,,,*.controller.numApps,0,,,,,,,
RR_T30-4-20260914-20:19:51-1209,config,,,*.lamp*.numApps,0,,,,,,,
RR_T30-4-20260914-20:19:51-1209,config,,,**.vector-recording,false,,,,,,,
RR_T5-0-20260914-20:18:21-957,runattr,,,configname,RR_T5,,,,,,,
RR_T5-0-20260914-20:18:21-957,runattr,,,datetime,20260914-20:18:21,,,,,,,
RR_T5-0-20260914-20:18:21-957,runattr,,,datetimef,20260914-201821,,,,,,,
RR_T5-0-20260914-20:18:21-957,runattr,,,experiment,RR_T5,,,,,,,
RR_T5-0-20260914-20:18:21-957,runattr,,,inifile,omnetpp.ini,,,,,,,
RR_T5-0-20260914-20:18:21-957,runattr,,,iterationvars,,,,,,,,
RR_T5-0-20260914-20:18:21-957,runattr,,,iterationvarsd,,,,,,,,
RR_T5-0-20260914-20:18:21-957,runattr,,,iterationvarsf,,,,,,,,
RR_T5-0-20260914-20:18:21-957,runattr,,,measurement,,,,,,,,
RR_T5-0-20260914-20:18:21-957,runattr,,,network,simulations.experiment4_application_strategy.ApplicationStrategyNetwork,,,,,,,
RR_T5-0-20260914-20:18:21-957,runattr,,,processid,957,,,,,,,
RR_T5-0-20260914-20:18:21-957,runattr,,,repetition,0,,,,,,,
RR_T5-0-20260914-20:18:21-957,runattr,,,replication,#0,,,,,,,
RR_T5-0-20260914-20:18:21-957,runattr,,,resultdir,results,,,,,,,
RR_T5-0-20260914-20:18:21-957,runattr,,,runnumber,0,,,,,,,
RR_T5-0-20260914-20:18:21-957,runattr,,,seedset,0,,,,,,,
RR_T5-0-20260914-20:18:21-957,config,,,image-path,../../../inet-4.6.0/images,,,,,,,
RR_T5-0-20260914-20:18:21-957,config,,,extends,RequestResponseBase,,,,,,,
RR_T5-0-20260914-20:18:21-957,config,,,*.monitoringServer.app[*].sendInterval,5s,,,,,,,
RR_T5-0-20260914-20:18:21-957,config,,,repeat,5,,,,,,,
RR_T5-0-20260914-20:18:21-957,config,,,seed-set,0,,,,,,,
RR_T5-0-20260914-20:18:21-957,config,,,extends,Common,,,,,,,
RR_T5-0-20260914-20:18:21-957,config,,,*.sensor[*].numApps,1,,,,,,,
RR_T5-0-20260914-20:18:21-957,config,,,*.sensor[*].app[0].typename,UdpEchoApp,,,,,,,
RR_T5-0-20260914-20:18:21-957,config,,,*.sensor[*].app[0].localPort,2000,,,,,,,
RR_T5-0-20260914-20:18:21-957,config,,,*.monitoringServer.numApps,12,,,,,,,
RR_T5-0-20260914-20:18:21-957,config,,,*.monitoringServer.app[*].typename,UdpBasicApp,,,,,,,
RR_T5-0-20260914-20:18:21-957,config,,,*.monitoringServer.app[*].destPort,2000,,,,,,,
RR_T5-0-20260914-20:18:21-957,config,,,*.monitoringServer.app[*].messageLength,50B,,,,,,,
RR_T5-0-20260914-20:18:21-957,config,,,*.monitoringServer.app[*].sendInterval,10s,,,,,,,
RR_T5-0-20260914-20:18:21-957,config,,,*.monitoringServer.app[*].startTime,"uniform(1s,2s)",,,,,,,
RR_T5-0-20260914-20:18:21-957,config,,,*.monitoringServer.app[*].packetName,"""PollingRequest""",,,,,,,
RR_T5-0-20260914-20:18:21-957,config,,,*.monitoringServer.app[0].destAddresses,"""sensor[0]""",,,,,,,
RR_T5-0-20260914-20:18:21-957,config,,,*.monitoringServer.app[1].destAddresses,"""sensor[1]""",,,,,,,
RR_T5-0-20260914-20:18:21-957,config,,,*.monitoringServer.app[2].destAddresses,"""sensor[2]""",,,,,,,
RR_T5-0-20260914-20:18:21-957,config,,,*.monitoringServer.app[3].destAddresses,"""sensor[3]""",,,,,,,
RR_T5-0-20260914-20:18:21-957,config,,,*.monitoringServer.app[4].destAddresses,"""sensor[4]""",,,,,,,
RR_T5-0-20260914-20:18:21-957,config,,,*.monitoringServer.app[5].destAddresses,"""sensor[5]""",,,,,,,
RR_T5-0-20260914-20:18:21-957,config,,,*.monitoringServer.app[6].destAddresses,"""sensor[6]""",,,,,,,
RR_T5-0-20260914-20:18:21-957,config,,,*.monitoringServer.app[7].destAddresses,"""sensor[7]""",,,,,,,
RR_T5-0-20260914-20:18:21-957,config,,,*.monitoringServer.app[8].destAddresses,"""sensor[8]""",,,,,,,
RR_T5-0-20260914-20:18:21-957,config,,,*.monitoringServer.app[9].destAddresses,"""sensor[9]""",,,,,,,
RR_T5-0-20260914-20:18:21-957,config,,,*.monitoringServer.app[10].destAddresses,"""sensor[10]""",,,,,,,
RR_T5-0-20260914-20:18:21-957,config,,,*.monitoringServer.app[11].destAddresses,"""sensor[11]""",,,,,,,
RR_T5-0-20260914-20:18:21-957,config,,,*.monitoringServer.app[*].packetSent.result-recording-modes,count,,,,,,,
RR_T5-0-20260914-20:18:21-957,config,,,*.monitoringServer.app[*].packetReceived.result-recording-modes,count,,,,,,,
RR_T5-0-20260914-20:18:21-957,config,,,*.monitoringServer.app[*].rcvdPkLifetime.result-recording-modes,stats,,,,,,,
RR_T5-0-20260914-20:18:21-957,config,,,*.sensor[*].app[0].echoedPk.result-recording-modes,count,,,,,,,
RR_T5-0-20260914-20:18:21-957,config,,,network,simulations.experiment4_application_strategy.ApplicationStrategyNetwork,,,,,,,
RR_T5-0-20260914-20:18:21-957,config,,,sim-time-limit,600s,,,,,,,
RR_T5-0-20260914-20:18:21-957,config,,,*.numSensors,12,,,,,,,
RR_T5-0-20260914-20:18:21-957,config,,,**.arp.typename,GlobalArp,,,,,,,
RR_T5-0-20260914-20:18:21-957,config,,,**.netmaskRoutes,"""""",,,,,,,
RR_T5-0-20260914-20:18:21-957,config,,,*.radioMedium.backgroundNoise.power,-110dBm,,,,,,,
RR_T5-0-20260914-20:18:21-957,config,,,*.configurator.config,"xmldoc(""startopology.xml"")",,,,,,,
RR_T5-0-20260914-20:18:21-957,config,,,*.configurator.addStaticRoutes,false,,,,,,,
RR_T5-0-20260914-20:18:21-957,config,,,*.sensor[*].mobility.initFromDisplayString,false,,,,,,,
RR_T5-0-20260914-20:18:21-957,config,,,*.sensor[*].mobility.initialX,"uniform(1m, 19m)",,,,,,,
RR_T5-0-20260914-20:18:21-957,config,,,*.sensor[*].mobility.initialY,"uniform(1m, 19m)",,,,,,,
RR_T5-0-20260914-20:18:21-957,config,,,*.sensor[*].mobility.initialZ,0m,,,,,,,
RR_T5-0-20260914-20:18:21-957,config,,,*.controller.numApps,0,,,,,,,
RR_T5-0-20260914-20:18:21-957,config,,,*.lamp*.numApps,0,,,,,,,
RR_T5-0-20260914-20:18:21-957,config,,,**.vector-recording,false,,,,,,,
RR_T5-1-20260914-20:18:30-964,runattr,,,configname,RR_T5,,,,,,,
RR_T5-1-20260914-20:18:30-964,runattr,,,datetime,20260914-20:18:30,,,,,,,
RR_T5-1-20260914-20:18:30-964,runattr,,,datetimef,20260914-201830,,,,,,,
RR_T5-1-20260914-20:18:30-964,runattr,,,experiment,RR_T5,,,,,,,
RR_T5-1-20260914-20:18:30-964,runattr,,,inifile,omnetpp.ini,,,,,,,
RR_T5-1-20260914-20:18:30-964,runattr,,,iterationvars,,,,,,,,
RR_T5-1-20260914-20:18:30-964,runattr,,,iterationvarsd,,,,,,,,
RR_T5-1-20260914-20:18:30-964,runattr,,,iterationvarsf,,,,,,,,
RR_T5-1-20260914-20:18:30-964,runattr,,,measurement,,,,,,,,
RR_T5-1-20260914-20:18:30-964,runattr,,,network,simulations.experiment4_application_strategy.ApplicationStrategyNetwork,,,,,,,
RR_T5-1-20260914-20:18:30-964,runattr,,,processid,964,,,,,,,
RR_T5-1-20260914-20:18:30-964,runattr,,,repetition,1,,,,,,,
RR_T5-1-20260914-20:18:30-964,runattr,,,replication,#1,,,,,,,
RR_T5-1-20260914-20:18:30-964,runattr,,,resultdir,results,,,,,,,
RR_T5-1-20260914-20:18:30-964,runattr,,,runnumber,1,,,,,,,
RR_T5-1-20260914-20:18:30-964,runattr,,,seedset,1,,,,,,,
RR_T5-1-20260914-20:18:30-964,config,,,image-path,../../../inet-4.6.0/images,,,,,,,
RR_T5-1-20260914-20:18:30-964,config,,,extends,RequestResponseBase,,,,,,,
RR_T5-1-20260914-20:18:30-964,config,,,*.monitoringServer.app[*].sendInterval,5s,,,,,,,
RR_T5-1-20260914-20:18:30-964,config,,,repeat,5,,,,,,,
RR_T5-1-20260914-20:18:30-964,config,,,seed-set,1,,,,,,,
RR_T5-1-20260914-20:18:30-964,config,,,extends,Common,,,,,,,
RR_T5-1-20260914-20:18:30-964,config,,,*.sensor[*].numApps,1,,,,,,,
RR_T5-1-20260914-20:18:30-964,config,,,*.sensor[*].app[0].typename,UdpEchoApp,,,,,,,
RR_T5-1-20260914-20:18:30-964,config,,,*.sensor[*].app[0].localPort,2000,,,,,,,
RR_T5-1-20260914-20:18:30-964,config,,,*.monitoringServer.numApps,12,,,,,,,
RR_T5-1-20260914-20:18:30-964,config,,,*.monitoringServer.app[*].typename,UdpBasicApp,,,,,,,
RR_T5-1-20260914-20:18:30-964,config,,,*.monitoringServer.app[*].destPort,2000,,,,,,,
RR_T5-1-20260914-20:18:30-964,config,,,*.monitoringServer.app[*].messageLength,50B,,,,,,,
RR_T5-1-20260914-20:18:30-964,config,,,*.monitoringServer.app[*].sendInterval,10s,,,,,,,
RR_T5-1-20260914-20:18:30-964,config,,,*.monitoringServer.app[*].startTime,"uniform(1s,2s)",,,,,,,
RR_T5-1-20260914-20:18:30-964,config,,,*.monitoringServer.app[*].packetName,"""PollingRequest""",,,,,,,
RR_T5-1-20260914-20:18:30-964,config,,,*.monitoringServer.app[0].destAddresses,"""sensor[0]""",,,,,,,
RR_T5-1-20260914-20:18:30-964,config,,,*.monitoringServer.app[1].destAddresses,"""sensor[1]""",,,,,,,
RR_T5-1-20260914-20:18:30-964,config,,,*.monitoringServer.app[2].destAddresses,"""sensor[2]""",,,,,,,
RR_T5-1-20260914-20:18:30-964,config,,,*.monitoringServer.app[3].destAddresses,"""sensor[3]""",,,,,,,
RR_T5-1-20260914-20:18:30-964,config,,,*.monitoringServer.app[4].destAddresses,"""sensor[4]""",,,,,,,
RR_T5-1-20260914-20:18:30-964,config,,,*.monitoringServer.app[5].destAddresses,"""sensor[5]""",,,,,,,
RR_T5-1-20260914-20:18:30-964,config,,,*.monitoringServer.app[6].destAddresses,"""sensor[6]""",,,,,,,
RR_T5-1-20260914-20:18:30-964,config,,,*.monitoringServer.app[7].destAddresses,"""sensor[7]""",,,,,,,
RR_T5-1-20260914-20:18:30-964,config,,,*.monitoringServer.app[8].destAddresses,"""sensor[8]""",,,,,,,
RR_T5-1-20260914-20:18:30-964,config,,,*.monitoringServer.app[9].destAddresses,"""sensor[9]""",,,,,,,
RR_T5-1-20260914-20:18:30-964,config,,,*.monitoringServer.app[10].destAddresses,"""sensor[10]""",,,,,,,
RR_T5-1-20260914-20:18:30-964,config,,,*.monitoringServer.app[11].destAddresses,"""sensor[11]""",,,,,,,
RR_T5-1-20260914-20:18:30-964,config,,,*.monitoringServer.app[*].packetSent.result-recording-modes,count,,,,,,,
RR_T5-1-20260914-20:18:30-964,config,,,*.monitoringServer.app[*].packetReceived.result-recording-modes,count,,,,,,,
RR_T5-1-20260914-20:18:30-964,config,,,*.monitoringServer.app[*].rcvdPkLifetime.result-recording-modes,stats,,,,,,,
RR_T5-1-20260914-20:18:30-964,config,,,*.sensor[*].app[0].echoedPk.result-recording-modes,count,,,,,,,
RR_T5-1-20260914-20:18:30-964,config,,,network,simulations.experiment4_application_strategy.ApplicationStrategyNetwork,,,,,,,
RR_T5-1-20260914-20:18:30-964,config,,,sim-time-limit,600s,,,,,,,
RR_T5-1-20260914-20:18:30-964,config,,,*.numSensors,12,,,,,,,
RR_T5-1-20260914-20:18:30-964,config,,,**.arp.typename,GlobalArp,,,,,,,
RR_T5-1-20260914-20:18:30-964,config,,,**.netmaskRoutes,"""""",,,,,,,
RR_T5-1-20260914-20:18:30-964,config,,,*.radioMedium.backgroundNoise.power,-110dBm,,,,,,,
RR_T5-1-20260914-20:18:30-964,config,,,*.configurator.config,"xmldoc(""startopology.xml"")",,,,,,,
RR_T5-1-20260914-20:18:30-964,config,,,*.configurator.addStaticRoutes,false,,,,,,,
RR_T5-1-20260914-20:18:30-964,config,,,*.sensor[*].mobility.initFromDisplayString,false,,,,,,,
RR_T5-1-20260914-20:18:30-964,config,,,*.sensor[*].mobility.initialX,"uniform(1m, 19m)",,,,,,,
RR_T5-1-20260914-20:18:30-964,config,,,*.sensor[*].mobility.initialY,"uniform(1m, 19m)",,,,,,,
RR_T5-1-20260914-20:18:30-964,config,,,*.sensor[*].mobility.initialZ,0m,,,,,,,
RR_T5-1-20260914-20:18:30-964,config,,,*.controller.numApps,0,,,,,,,
RR_T5-1-20260914-20:18:30-964,config,,,*.lamp*.numApps,0,,,,,,,
RR_T5-1-20260914-20:18:30-964,config,,,**.vector-recording,false,,,,,,,
RR_T5-2-20260914-20:18:37-970,runattr,,,configname,RR_T5,,,,,,,
RR_T5-2-20260914-20:18:37-970,runattr,,,datetime,20260914-20:18:37,,,,,,,
RR_T5-2-20260914-20:18:37-970,runattr,,,datetimef,20260914-201837,,,,,,,
RR_T5-2-20260914-20:18:37-970,runattr,,,experiment,RR_T5,,,,,,,
RR_T5-2-20260914-20:18:37-970,runattr,,,inifile,omnetpp.ini,,,,,,,
RR_T5-2-20260914-20:18:37-970,runattr,,,iterationvars,,,,,,,,
RR_T5-2-20260914-20:18:37-970,runattr,,,iterationvarsd,,,,,,,,
RR_T5-2-20260914-20:18:37-970,runattr,,,iterationvarsf,,,,,,,,
RR_T5-2-20260914-20:18:37-970,runattr,,,measurement,,,,,,,,
RR_T5-2-20260914-20:18:37-970,runattr,,,network,simulations.experiment4_application_strategy.ApplicationStrategyNetwork,,,,,,,
RR_T5-2-20260914-20:18:37-970,runattr,,,processid,970,,,,,,,
RR_T5-2-20260914-20:18:37-970,runattr,,,repetition,2,,,,,,,
RR_T5-2-20260914-20:18:37-970,runattr,,,replication,#2,,,,,,,
RR_T5-2-20260914-20:18:37-970,runattr,,,resultdir,results,,,,,,,
RR_T5-2-20260914-20:18:37-970,runattr,,,runnumber,2,,,,,,,
RR_T5-2-20260914-20:18:37-970,runattr,,,seedset,2,,,,,,,
RR_T5-2-20260914-20:18:37-970,config,,,image-path,../../../inet-4.6.0/images,,,,,,,
RR_T5-2-20260914-20:18:37-970,config,,,extends,RequestResponseBase,,,,,,,
RR_T5-2-20260914-20:18:37-970,config,,,*.monitoringServer.app[*].sendInterval,5s,,,,,,,
RR_T5-2-20260914-20:18:37-970,config,,,repeat,5,,,,,,,
RR_T5-2-20260914-20:18:37-970,config,,,seed-set,2,,,,,,,
RR_T5-2-20260914-20:18:37-970,config,,,extends,Common,,,,,,,
RR_T5-2-20260914-20:18:37-970,config,,,*.sensor[*].numApps,1,,,,,,,
RR_T5-2-20260914-20:18:37-970,config,,,*.sensor[*].app[0].typename,UdpEchoApp,,,,,,,
RR_T5-2-20260914-20:18:37-970,config,,,*.sensor[*].app[0].localPort,2000,,,,,,,
RR_T5-2-20260914-20:18:37-970,config,,,*.monitoringServer.numApps,12,,,,,,,
RR_T5-2-20260914-20:18:37-970,config,,,*.monitoringServer.app[*].typename,UdpBasicApp,,,,,,,
RR_T5-2-20260914-20:18:37-970,config,,,*.monitoringServer.app[*].destPort,2000,,,,,,,
RR_T5-2-20260914-20:18:37-970,config,,,*.monitoringServer.app[*].messageLength,50B,,,,,,,
RR_T5-2-20260914-20:18:37-970,config,,,*.monitoringServer.app[*].sendInterval,10s,,,,,,,
RR_T5-2-20260914-20:18:37-970,config,,,*.monitoringServer.app[*].startTime,"uniform(1s,2s)",,,,,,,
RR_T5-2-20260914-20:18:37-970,config,,,*.monitoringServer.app[*].packetName,"""PollingRequest""",,,,,,,
RR_T5-2-20260914-20:18:37-970,config,,,*.monitoringServer.app[0].destAddresses,"""sensor[0]""",,,,,,,
RR_T5-2-20260914-20:18:37-970,config,,,*.monitoringServer.app[1].destAddresses,"""sensor[1]""",,,,,,,
RR_T5-2-20260914-20:18:37-970,config,,,*.monitoringServer.app[2].destAddresses,"""sensor[2]""",,,,,,,
RR_T5-2-20260914-20:18:37-970,config,,,*.monitoringServer.app[3].destAddresses,"""sensor[3]""",,,,,,,
RR_T5-2-20260914-20:18:37-970,config,,,*.monitoringServer.app[4].destAddresses,"""sensor[4]""",,,,,,,
RR_T5-2-20260914-20:18:37-970,config,,,*.monitoringServer.app[5].destAddresses,"""sensor[5]""",,,,,,,
RR_T5-2-20260914-20:18:37-970,config,,,*.monitoringServer.app[6].destAddresses,"""sensor[6]""",,,,,,,
RR_T5-2-20260914-20:18:37-970,config,,,*.monitoringServer.app[7].destAddresses,"""sensor[7]""",,,,,,,
RR_T5-2-20260914-20:18:37-970,config,,,*.monitoringServer.app[8].destAddresses,"""sensor[8]""",,,,,,,
RR_T5-2-20260914-20:18:37-970,config,,,*.monitoringServer.app[9].destAddresses,"""sensor[9]""",,,,,,,
RR_T5-2-20260914-20:18:37-970,config,,,*.monitoringServer.app[10].destAddresses,"""sensor[10]""",,,,,,,
RR_T5-2-20260914-20:18:37-970,config,,,*.monitoringServer.app[11].destAddresses,"""sensor[11]""",,,,,,,
RR_T5-2-20260914-20:18:37-970,config,,,*.monitoringServer.app[*].packetSent.result-recording-modes,count,,,,,,,
RR_T5-2-20260914-20:18:37-970,config,,,*.monitoringServer.app[*].packetReceived.result-recording-modes,count,,,,,,,
RR_T5-2-20260914-20:18:37-970,config,,,*.monitoringServer.app[*].rcvdPkLifetime.result-recording-modes,stats,,,,,,,
RR_T5-2-20260914-20:18:37-970,config,,,*.sensor[*].app[0].echoedPk.result-recording-modes,count,,,,,,,
RR_T5-2-20260914-20:18:37-970,config,,,network,simulations.experiment4_application_strategy.ApplicationStrategyNetwork,,,,,,,
RR_T5-2-20260914-20:18:37-970,config,,,sim-time-limit,600s,,,,,,,
RR_T5-2-20260914-20:18:37-970,config,,,*.numSensors,12,,,,,,,
RR_T5-2-20260914-20:18:37-970,config,,,**.arp.typename,GlobalArp,,,,,,,
RR_T5-2-20260914-20:18:37-970,config,,,**.netmaskRoutes,"""""",,,,,,,
RR_T5-2-20260914-20:18:37-970,config,,,*.radioMedium.backgroundNoise.power,-110dBm,,,,,,,
RR_T5-2-20260914-20:18:37-970,config,,,*.configurator.config,"xmldoc(""startopology.xml"")",,,,,,,
RR_T5-2-20260914-20:18:37-970,config,,,*.configurator.addStaticRoutes,false,,,,,,,
RR_T5-2-20260914-20:18:37-970,config,,,*.sensor[*].mobility.initFromDisplayString,false,,,,,,,
RR_T5-2-20260914-20:18:37-970,config,,,*.sensor[*].mobility.initialX,"uniform(1m, 19m)",,,,,,,
RR_T5-2-20260914-20:18:37-970,config,,,*.sensor[*].mobility.initialY,"uniform(1m, 19m)",,,,,,,
RR_T5-2-20260914-20:18:37-970,config,,,*.sensor[*].mobility.initialZ,0m,,,,,,,
RR_T5-2-20260914-20:18:37-970,config,,,*.controller.numApps,0,,,,,,,
RR_T5-2-20260914-20:18:37-970,config,,,*.lamp*.numApps,0,,,,,,,
RR_T5-2-20260914-20:18:37-970,config,,,**.vector-recording,false,,,,,,,
RR_T60-1-20260914-20:21:32-1546,runattr,,,configname,RR_T60,,,,,,,
RR_T60-1-20260914-20:21:32-1546,runattr,,,datetime,20260914-20:21:32,,,,,,,
RR_T60-1-20260914-20:21:32-1546,runattr,,,datetimef,20260914-202132,,,,,,,
RR_T60-1-20260914-20:21:32-1546,runattr,,,experiment,RR_T60,,,,,,,
RR_T60-1-20260914-20:21:32-1546,runattr,,,inifile,omnetpp.ini,,,,,,,
RR_T60-1-20260914-20:21:32-1546,runattr,,,iterationvars,,,,,,,,
RR_T60-1-20260914-20:21:32-1546,runattr,,,iterationvarsd,,,,,,,,
RR_T60-1-20260914-20:21:32-1546,runattr,,,iterationvarsf,,,,,,,,
RR_T60-1-20260914-20:21:32-1546,runattr,,,measurement,,,,,,,,
RR_T60-1-20260914-20:21:32-1546,runattr,,,network,simulations.experiment4_application_strategy.ApplicationStrategyNetwork,,,,,,,
RR_T60-1-20260914-20:21:32-1546,runattr,,,processid,1546,,,,,,,
RR_T60-1-20260914-20:21:32-1546,runattr,,,repetition,1,,,,,,,
RR_T60-1-20260914-20:21:32-1546,runattr,,,replication,#1,,,,,,,
RR_T60-1-20260914-20:21:32-1546,runattr,,,resultdir,results,,,,,,,
RR_T60-1-20260914-20:21:32-1546,runattr,,,runnumber,1,,,,,,,
RR_T60-1-20260914-20:21:32-1546,runattr,,,seedset,1,,,,,,,
RR_T60-1-20260914-20:21:32-1546,config,,,image-path,../../../inet-4.6.0/images,,,,,,,
RR_T60-1-20260914-20:21:32-1546,config,,,extends,RequestResponseBase,,,,,,,
RR_T60-1-20260914-20:21:32-1546,config,,,*.monitoringServer.app[*].sendInterval,60s,,,,,,,
RR_T60-1-20260914-20:21:32-1546,config,,,repeat,5,,,,,,,
RR_T60-1-20260914-20:21:32-1546,config,,,seed-set,1,,,,,,,
RR_T60-1-20260914-20:21:32-1546,config,,,extends,Common,,,,,,,
RR_T60-1-20260914-20:21:32-1546,config,,,*.sensor[*].numApps,1,,,,,,,
RR_T60-1-20260914-20:21:32-1546,config,,,*.sensor[*].app[0].typename,UdpEchoApp,,,,,,,
RR_T60-1-20260914-20:21:32-1546,config,,,*.sensor[*].app[0].localPort,2000,,,,,,,
RR_T60-1-20260914-20:21:32-1546,config,,,*.monitoringServer.numApps,12,,,,,,,
RR_T60-1-20260914-20:21:32-1546,config,,,*.monitoringServer.app[*].typename,UdpBasicApp,,,,,,,
RR_T60-1-20260914-20:21:32-1546,config,,,*.monitoringServer.app[*].destPort,2000,,,,,,,
RR_T60-1-20260914-20:21:32-1546,config,,,*.monitoringServer.app[*].messageLength,50B,,,,,,,
RR_T60-1-20260914-20:21:32-1546,config,,,*.monitoringServer.app[*].sendInterval,10s,,,,,,,
RR_T60-1-20260914-20:21:32-1546,config,,,*.monitoringServer.app[*].startTime,"uniform(1s,2s)",,,,,,,
RR_T60-1-20260914-20:21:32-1546,config,,,*.monitoringServer.app[*].packetName,"""PollingRequest""",,,,,,,
RR_T60-1-20260914-20:21:32-1546,config,,,*.monitoringServer.app[0].destAddresses,"""sensor[0]""",,,,,,,
RR_T60-1-20260914-20:21:32-1546,config,,,*.monitoringServer.app[1].destAddresses,"""sensor[1]""",,,,,,,
RR_T60-1-20260914-20:21:32-1546,config,,,*.monitoringServer.app[2].destAddresses,"""sensor[2]""",,,,,,,
RR_T60-1-20260914-20:21:32-1546,config,,,*.monitoringServer.app[3].destAddresses,"""sensor[3]""",,,,,,,
RR_T60-1-20260914-20:21:32-1546,config,,,*.monitoringServer.app[4].destAddresses,"""sensor[4]""",,,,,,,
RR_T60-1-20260914-20:21:32-1546,config,,,*.monitoringServer.app[5].destAddresses,"""sensor[5]""",,,,,,,
RR_T60-1-20260914-20:21:32-1546,config,,,*.monitoringServer.app[6].destAddresses,"""sensor[6]""",,,,,,,
RR_T60-1-20260914-20:21:32-1546,config,,,*.monitoringServer.app[7].destAddresses,"""sensor[7]""",,,,,,,
RR_T60-1-20260914-20:21:32-1546,config,,,*.monitoringServer.app[8].destAddresses,"""sensor[8]""",,,,,,,
RR_T60-1-20260914-20:21:32-1546,config,,,*.monitoringServer.app[9].destAddresses,"""sensor[9]""",,,,,,,
RR_T60-1-20260914-20:21:32-1546,config,,,*.monitoringServer.app[10].destAddresses,"""sensor[10]""",,,,,,,
RR_T60-1-20260914-20:21:32-1546,config,,,*.monitoringServer.app[11].destAddresses,"""sensor[11]""",,,,,,,
RR_T60-1-20260914-20:21:32-1546,config,,,*.monitoringServer.app[*].packetSent.result-recording-modes,count,,,,,,,
RR_T60-1-20260914-20:21:32-1546,config,,,*.monitoringServer.app[*].packetReceived.result-recording-modes,count,,,,,,,
RR_T60-1-20260914-20:21:32-1546,config,,,*.monitoringServer.app[*].rcvdPkLifetime.result-recording-modes,stats,,,,,,,
RR_T60-1-20260914-20:21:32-1546,config,,,*.sensor[*].app[0].echoedPk.result-recording-modes,count,,,,,,,
RR_T60-1-20260914-20:21:32-1546,config,,,network,simulations.experiment4_application_strategy.ApplicationStrategyNetwork,,,,,,,
RR_T60-1-20260914-20:21:32-1546,config,,,sim-time-limit,600s,,,,,,,
RR_T60-1-20260914-20:21:32-1546,config,,,*.numSensors,12,,,,,,,
RR_T60-1-20260914-20:21:32-1546,config,,,**.arp.typename,GlobalArp,,,,,,,
RR_T60-1-20260914-20:21:32-1546,config,,,**.netmaskRoutes,"""""",,,,,,,
RR_T60-1-20260914-20:21:32-1546,config,,,*.radioMedium.backgroundNoise.power,-110dBm,,,,,,,
RR_T60-1-20260914-20:21:32-1546,config,,,*.configurator.config,"xmldoc(""startopology.xml"")",,,,,,,
RR_T60-1-20260914-20:21:32-1546,config,,,*.configurator.addStaticRoutes,false,,,,,,,
RR_T60-1-20260914-20:21:32-1546,config,,,*.sensor[*].mobility.initFromDisplayString,false,,,,,,,
RR_T60-1-20260914-20:21:32-1546,config,,,*.sensor[*].mobility.initialX,"uniform(1m, 19m)",,,,,,,
RR_T60-1-20260914-20:21:32-1546,config,,,*.sensor[*].mobility.initialY,"uniform(1m, 19m)",,,,,,,
RR_T60-1-20260914-20:21:32-1546,config,,,*.sensor[*].mobility.initialZ,0m,,,,,,,
RR_T60-1-20260914-20:21:32-1546,config,,,*.controller.numApps,0,,,,,,,
RR_T60-1-20260914-20:21:32-1546,config,,,*.lamp*.numApps,0,,,,,,,
RR_T60-1-20260914-20:21:32-1546,config,,,**.vector-recording,false,,,,,,,
RR_T5-3-20260914-20:18:42-975,runattr,,,configname,RR_T5,,,,,,,
RR_T5-3-20260914-20:18:42-975,runattr,,,datetime,20260914-20:18:42,,,,,,,
RR_T5-3-20260914-20:18:42-975,runattr,,,datetimef,20260914-201842,,,,,,,
RR_T5-3-20260914-20:18:42-975,runattr,,,experiment,RR_T5,,,,,,,
RR_T5-3-20260914-20:18:42-975,runattr,,,inifile,omnetpp.ini,,,,,,,
RR_T5-3-20260914-20:18:42-975,runattr,,,iterationvars,,,,,,,,
RR_T5-3-20260914-20:18:42-975,runattr,,,iterationvarsd,,,,,,,,
RR_T5-3-20260914-20:18:42-975,runattr,,,iterationvarsf,,,,,,,,
RR_T5-3-20260914-20:18:42-975,runattr,,,measurement,,,,,,,,
RR_T5-3-20260914-20:18:42-975,runattr,,,network,simulations.experiment4_application_strategy.ApplicationStrategyNetwork,,,,,,,
RR_T5-3-20260914-20:18:42-975,runattr,,,processid,975,,,,,,,
RR_T5-3-20260914-20:18:42-975,runattr,,,repetition,3,,,,,,,
RR_T5-3-20260914-20:18:42-975,runattr,,,replication,#3,,,,,,,
RR_T5-3-20260914-20:18:42-975,runattr,,,resultdir,results,,,,,,,
RR_T5-3-20260914-20:18:42-975,runattr,,,runnumber,3,,,,,,,
RR_T5-3-20260914-20:18:42-975,runattr,,,seedset,3,,,,,,,
RR_T5-3-20260914-20:18:42-975,config,,,image-path,../../../inet-4.6.0/images,,,,,,,
RR_T5-3-20260914-20:18:42-975,config,,,extends,RequestResponseBase,,,,,,,
RR_T5-3-20260914-20:18:42-975,config,,,*.monitoringServer.app[*].sendInterval,5s,,,,,,,
RR_T5-3-20260914-20:18:42-975,config,,,repeat,5,,,,,,,
RR_T5-3-20260914-20:18:42-975,config,,,seed-set,3,,,,,,,
RR_T5-3-20260914-20:18:42-975,config,,,extends,Common,,,,,,,
RR_T5-3-20260914-20:18:42-975,config,,,*.sensor[*].numApps,1,,,,,,,
RR_T5-3-20260914-20:18:42-975,config,,,*.sensor[*].app[0].typename,UdpEchoApp,,,,,,,
RR_T5-3-20260914-20:18:42-975,config,,,*.sensor[*].app[0].localPort,2000,,,,,,,
RR_T5-3-20260914-20:18:42-975,config,,,*.monitoringServer.numApps,12,,,,,,,
RR_T5-3-20260914-20:18:42-975,config,,,*.monitoringServer.app[*].typename,UdpBasicApp,,,,,,,
RR_T5-3-20260914-20:18:42-975,config,,,*.monitoringServer.app[*].destPort,2000,,,,,,,
RR_T5-3-20260914-20:18:42-975,config,,,*.monitoringServer.app[*].messageLength,50B,,,,,,,
RR_T5-3-20260914-20:18:42-975,config,,,*.monitoringServer.app[*].sendInterval,10s,,,,,,,
RR_T5-3-20260914-20:18:42-975,config,,,*.monitoringServer.app[*].startTime,"uniform(1s,2s)",,,,,,,
RR_T5-3-20260914-20:18:42-975,config,,,*.monitoringServer.app[*].packetName,"""PollingRequest""",,,,,,,
RR_T5-3-20260914-20:18:42-975,config,,,*.monitoringServer.app[0].destAddresses,"""sensor[0]""",,,,,,,
RR_T5-3-20260914-20:18:42-975,config,,,*.monitoringServer.app[1].destAddresses,"""sensor[1]""",,,,,,,
RR_T5-3-20260914-20:18:42-975,config,,,*.monitoringServer.app[2].destAddresses,"""sensor[2]""",,,,,,,
RR_T5-3-20260914-20:18:42-975,config,,,*.monitoringServer.app[3].destAddresses,"""sensor[3]""",,,,,,,
RR_T5-3-20260914-20:18:42-975,config,,,*.monitoringServer.app[4].destAddresses,"""sensor[4]""",,,,,,,
RR_T5-3-20260914-20:18:42-975,config,,,*.monitoringServer.app[5].destAddresses,"""sensor[5]""",,,,,,,
RR_T5-3-20260914-20:18:42-975,config,,,*.monitoringServer.app[6].destAddresses,"""sensor[6]""",,,,,,,
RR_T5-3-20260914-20:18:42-975,config,,,*.monitoringServer.app[7].destAddresses,"""sensor[7]""",,,,,,,
RR_T5-3-20260914-20:18:42-975,config,,,*.monitoringServer.app[8].destAddresses,"""sensor[8]""",,,,,,,
RR_T5-3-20260914-20:18:42-975,config,,,*.monitoringServer.app[9].destAddresses,"""sensor[9]""",,,,,,,
RR_T5-3-20260914-20:18:42-975,config,,,*.monitoringServer.app[10].destAddresses,"""sensor[10]""",,,,,,,
RR_T5-3-20260914-20:18:42-975,config,,,*.monitoringServer.app[11].destAddresses,"""sensor[11]""",,,,,,,
RR_T5-3-20260914-20:18:42-975,config,,,*.monitoringServer.app[*].packetSent.result-recording-modes,count,,,,,,,
RR_T5-3-20260914-20:18:42-975,config,,,*.monitoringServer.app[*].packetReceived.result-recording-modes,count,,,,,,,
RR_T5-3-20260914-20:18:42-975,config,,,*.monitoringServer.app[*].rcvdPkLifetime.result-recording-modes,stats,,,,,,,
RR_T5-3-20260914-20:18:42-975,config,,,*.sensor[*].app[0].echoedPk.result-recording-modes,count,,,,,,,
RR_T5-3-20260914-20:18:42-975,config,,,network,simulations.experiment4_application_strategy.ApplicationStrategyNetwork,,,,,,,
RR_T5-3-20260914-20:18:42-975,config,,,sim-time-limit,600s,,,,,,,
RR_T5-3-20260914-20:18:42-975,config,,,*.numSensors,12,,,,,,,
RR_T5-3-20260914-20:18:42-975,config,,,**.arp.typename,GlobalArp,,,,,,,
RR_T5-3-20260914-20:18:42-975,config,,,**.netmaskRoutes,"""""",,,,,,,
RR_T5-3-20260914-20:18:42-975,config,,,*.radioMedium.backgroundNoise.power,-110dBm,,,,,,,
RR_T5-3-20260914-20:18:42-975,config,,,*.configurator.config,"xmldoc(""startopology.xml"")",,,,,,,
RR_T5-3-20260914-20:18:42-975,config,,,*.configurator.addStaticRoutes,false,,,,,,,
RR_T5-3-20260914-20:18:42-975,config,,,*.sensor[*].mobility.initFromDisplayString,false,,,,,,,
RR_T5-3-20260914-20:18:42-975,config,,,*.sensor[*].mobility.initialX,"uniform(1m, 19m)",,,,,,,
RR_T5-3-20260914-20:18:42-975,config,,,*.sensor[*].mobility.initialY,"uniform(1m, 19m)",,,,,,,
RR_T5-3-20260914-20:18:42-975,config,,,*.sensor[*].mobility.initialZ,0m,,,,,,,
RR_T5-3-20260914-20:18:42-975,config,,,*.controller.numApps,0,,,,,,,
RR_T5-3-20260914-20:18:42-975,config,,,*.lamp*.numApps,0,,,,,,,
RR_T5-3-20260914-20:18:42-975,config,,,**.vector-recording,false,,,,,,,
RR_T5-4-20260914-20:18:47-980,runattr,,,configname,RR_T5,,,,,,,
RR_T5-4-20260914-20:18:47-980,runattr,,,datetime,20260914-20:18:47,,,,,,,
RR_T5-4-20260914-20:18:47-980,runattr,,,datetimef,20260914-201847,,,,,,,
RR_T5-4-20260914-20:18:47-980,runattr,,,experiment,RR_T5,,,,,,,
RR_T5-4-20260914-20:18:47-980,runattr,,,inifile,omnetpp.ini,,,,,,,
RR_T5-4-20260914-20:18:47-980,runattr,,,iterationvars,,,,,,,,
RR_T5-4-20260914-20:18:47-980,runattr,,,iterationvarsd,,,,,,,,
RR_T5-4-20260914-20:18:47-980,runattr,,,iterationvarsf,,,,,,,,
RR_T5-4-20260914-20:18:47-980,runattr,,,measurement,,,,,,,,
RR_T5-4-20260914-20:18:47-980,runattr,,,network,simulations.experiment4_application_strategy.ApplicationStrategyNetwork,,,,,,,
RR_T5-4-20260914-20:18:47-980,runattr,,,processid,980,,,,,,,
RR_T5-4-20260914-20:18:47-980,runattr,,,repetition,4,,,,,,,
RR_T5-4-20260914-20:18:47-980,runattr,,,replication,#4,,,,,,,
RR_T5-4-20260914-20:18:47-980,runattr,,,resultdir,results,,,,,,,
RR_T5-4-20260914-20:18:47-980,runattr,,,runnumber,4,,,,,,,
RR_T5-4-20260914-20:18:47-980,runattr,,,seedset,4,,,,,,,
RR_T5-4-20260914-20:18:47-980,config,,,image-path,../../../inet-4.6.0/images,,,,,,,
RR_T5-4-20260914-20:18:47-980,config,,,extends,RequestResponseBase,,,,,,,
RR_T5-4-20260914-20:18:47-980,config,,,*.monitoringServer.app[*].sendInterval,5s,,,,,,,
RR_T5-4-20260914-20:18:47-980,config,,,repeat,5,,,,,,,
RR_T5-4-20260914-20:18:47-980,config,,,seed-set,4,,,,,,,
RR_T5-4-20260914-20:18:47-980,config,,,extends,Common,,,,,,,
RR_T5-4-20260914-20:18:47-980,config,,,*.sensor[*].numApps,1,,,,,,,
RR_T5-4-20260914-20:18:47-980,config,,,*.sensor[*].app[0].typename,UdpEchoApp,,,,,,,
RR_T5-4-20260914-20:18:47-980,config,,,*.sensor[*].app[0].localPort,2000,,,,,,,
RR_T5-4-20260914-20:18:47-980,config,,,*.monitoringServer.numApps,12,,,,,,,
RR_T5-4-20260914-20:18:47-980,config,,,*.monitoringServer.app[*].typename,UdpBasicApp,,,,,,,
RR_T5-4-20260914-20:18:47-980,config,,,*.monitoringServer.app[*].destPort,2000,,,,,,,
RR_T5-4-20260914-20:18:47-980,config,,,*.monitoringServer.app[*].messageLength,50B,,,,,,,
RR_T5-4-20260914-20:18:47-980,config,,,*.monitoringServer.app[*].sendInterval,10s,,,,,,,
RR_T5-4-20260914-20:18:47-980,config,,,*.monitoringServer.app[*].startTime,"uniform(1s,2s)",,,,,,,
RR_T5-4-20260914-20:18:47-980,config,,,*.monitoringServer.app[*].packetName,"""PollingRequest""",,,,,,,
RR_T5-4-20260914-20:18:47-980,config,,,*.monitoringServer.app[0].destAddresses,"""sensor[0]""",,,,,,,
RR_T5-4-20260914-20:18:47-980,config,,,*.monitoringServer.app[1].destAddresses,"""sensor[1]""",,,,,,,
RR_T5-4-20260914-20:18:47-980,config,,,*.monitoringServer.app[2].destAddresses,"""sensor[2]""",,,,,,,
RR_T5-4-20260914-20:18:47-980,config,,,*.monitoringServer.app[3].destAddresses,"""sensor[3]""",,,,,,,
RR_T5-4-20260914-20:18:47-980,config,,,*.monitoringServer.app[4].destAddresses,"""sensor[4]""",,,,,,,
RR_T5-4-20260914-20:18:47-980,config,,,*.monitoringServer.app[5].destAddresses,"""sensor[5]""",,,,,,,
RR_T5-4-20260914-20:18:47-980,config,,,*.monitoringServer.app[6].destAddresses,"""sensor[6]""",,,,,,,
RR_T5-4-20260914-20:18:47-980,config,,,*.monitoringServer.app[7].destAddresses,"""sensor[7]""",,,,,,,
RR_T5-4-20260914-20:18:47-980,config,,,*.monitoringServer.app[8].destAddresses,"""sensor[8]""",,,,,,,
RR_T5-4-20260914-20:18:47-980,config,,,*.monitoringServer.app[9].destAddresses,"""sensor[9]""",,,,,,,
RR_T5-4-20260914-20:18:47-980,config,,,*.monitoringServer.app[10].destAddresses,"""sensor[10]""",,,,,,,
RR_T5-4-20260914-20:18:47-980,config,,,*.monitoringServer.app[11].destAddresses,"""sensor[11]""",,,,,,,
RR_T5-4-20260914-20:18:47-980,config,,,*.monitoringServer.app[*].packetSent.result-recording-modes,count,,,,,,,
RR_T5-4-20260914-20:18:47-980,config,,,*.monitoringServer.app[*].packetReceived.result-recording-modes,count,,,,,,,
RR_T5-4-20260914-20:18:47-980,config,,,*.monitoringServer.app[*].rcvdPkLifetime.result-recording-modes,stats,,,,,,,
RR_T5-4-20260914-20:18:47-980,config,,,*.sensor[*].app[0].echoedPk.result-recording-modes,count,,,,,,,
RR_T5-4-20260914-20:18:47-980,config,,,network,simulations.experiment4_application_strategy.ApplicationStrategyNetwork,,,,,,,
RR_T5-4-20260914-20:18:47-980,config,,,sim-time-limit,600s,,,,,,,
RR_T5-4-20260914-20:18:47-980,config,,,*.numSensors,12,,,,,,,
RR_T5-4-20260914-20:18:47-980,config,,,**.arp.typename,GlobalArp,,,,,,,
RR_T5-4-20260914-20:18:47-980,config,,,**.netmaskRoutes,"""""",,,,,,,
RR_T5-4-20260914-20:18:47-980,config,,,*.radioMedium.backgroundNoise.power,-110dBm,,,,,,,
RR_T5-4-20260914-20:18:47-980,config,,,*.configurator.config,"xmldoc(""startopology.xml"")",,,,,,,
RR_T5-4-20260914-20:18:47-980,config,,,*.configurator.addStaticRoutes,false,,,,,,,
RR_T5-4-20260914-20:18:47-980,config,,,*.sensor[*].mobility.initFromDisplayString,false,,,,,,,
RR_T5-4-20260914-20:18:47-980,config,,,*.sensor[*].mobility.initialX,"uniform(1m, 19m)",,,,,,,
RR_T5-4-20260914-20:18:47-980,config,,,*.sensor[*].mobility.initialY,"uniform(1m, 19m)",,,,,,,
RR_T5-4-20260914-20:18:47-980,config,,,*.sensor[*].mobility.initialZ,0m,,,,,,,
RR_T5-4-20260914-20:18:47-980,config,,,*.controller.numApps,0,,,,,,,
RR_T5-4-20260914-20:18:47-980,config,,,*.lamp*.numApps,0,,,,,,,
RR_T5-4-20260914-20:18:47-980,config,,,**.vector-recording,false,,,,,,,
RR_T60-0-20260914-20:21:30-1541,runattr,,,configname,RR_T60,,,,,,,
RR_T60-0-20260914-20:21:30-1541,runattr,,,datetime,20260914-20:21:30,,,,,,,
RR_T60-0-20260914-20:21:30-1541,runattr,,,datetimef,20260914-202130,,,,,,,
RR_T60-0-20260914-20:21:30-1541,runattr,,,experiment,RR_T60,,,,,,,
RR_T60-0-20260914-20:21:30-1541,runattr,,,inifile,omnetpp.ini,,,,,,,
RR_T60-0-20260914-20:21:30-1541,runattr,,,iterationvars,,,,,,,,
RR_T60-0-20260914-20:21:30-1541,runattr,,,iterationvarsd,,,,,,,,
RR_T60-0-20260914-20:21:30-1541,runattr,,,iterationvarsf,,,,,,,,
RR_T60-0-20260914-20:21:30-1541,runattr,,,measurement,,,,,,,,
RR_T60-0-20260914-20:21:30-1541,runattr,,,network,simulations.experiment4_application_strategy.ApplicationStrategyNetwork,,,,,,,
RR_T60-0-20260914-20:21:30-1541,runattr,,,processid,1541,,,,,,,
RR_T60-0-20260914-20:21:30-1541,runattr,,,repetition,0,,,,,,,
RR_T60-0-20260914-20:21:30-1541,runattr,,,replication,#0,,,,,,,
RR_T60-0-20260914-20:21:30-1541,runattr,,,resultdir,results,,,,,,,
RR_T60-0-20260914-20:21:30-1541,runattr,,,runnumber,0,,,,,,,
RR_T60-0-20260914-20:21:30-1541,runattr,,,seedset,0,,,,,,,
RR_T60-0-20260914-20:21:30-1541,config,,,image-path,../../../inet-4.6.0/images,,,,,,,
RR_T60-0-20260914-20:21:30-1541,config,,,extends,RequestResponseBase,,,,,,,
RR_T60-0-20260914-20:21:30-1541,config,,,*.monitoringServer.app[*].sendInterval,60s,,,,,,,
RR_T60-0-20260914-20:21:30-1541,config,,,repeat,5,,,,,,,
RR_T60-0-20260914-20:21:30-1541,config,,,seed-set,0,,,,,,,
RR_T60-0-20260914-20:21:30-1541,config,,,extends,Common,,,,,,,
RR_T60-0-20260914-20:21:30-1541,config,,,*.sensor[*].numApps,1,,,,,,,
RR_T60-0-20260914-20:21:30-1541,config,,,*.sensor[*].app[0].typename,UdpEchoApp,,,,,,,
RR_T60-0-20260914-20:21:30-1541,config,,,*.sensor[*].app[0].localPort,2000,,,,,,,
RR_T60-0-20260914-20:21:30-1541,config,,,*.monitoringServer.numApps,12,,,,,,,
RR_T60-0-20260914-20:21:30-1541,config,,,*.monitoringServer.app[*].typename,UdpBasicApp,,,,,,,
RR_T60-0-20260914-20:21:30-1541,config,,,*.monitoringServer.app[*].destPort,2000,,,,,,,
RR_T60-0-20260914-20:21:30-1541,config,,,*.monitoringServer.app[*].messageLength,50B,,,,,,,
RR_T60-0-20260914-20:21:30-1541,config,,,*.monitoringServer.app[*].sendInterval,10s,,,,,,,
RR_T60-0-20260914-20:21:30-1541,config,,,*.monitoringServer.app[*].startTime,"uniform(1s,2s)",,,,,,,
RR_T60-0-20260914-20:21:30-1541,config,,,*.monitoringServer.app[*].packetName,"""PollingRequest""",,,,,,,
RR_T60-0-20260914-20:21:30-1541,config,,,*.monitoringServer.app[0].destAddresses,"""sensor[0]""",,,,,,,
RR_T60-0-20260914-20:21:30-1541,config,,,*.monitoringServer.app[1].destAddresses,"""sensor[1]""",,,,,,,
RR_T60-0-20260914-20:21:30-1541,config,,,*.monitoringServer.app[2].destAddresses,"""sensor[2]""",,,,,,,
RR_T60-0-20260914-20:21:30-1541,config,,,*.monitoringServer.app[3].destAddresses,"""sensor[3]""",,,,,,,
RR_T60-0-20260914-20:21:30-1541,config,,,*.monitoringServer.app[4].destAddresses,"""sensor[4]""",,,,,,,
RR_T60-0-20260914-20:21:30-1541,config,,,*.monitoringServer.app[5].destAddresses,"""sensor[5]""",,,,,,,
RR_T60-0-20260914-20:21:30-1541,config,,,*.monitoringServer.app[6].destAddresses,"""sensor[6]""",,,,,,,
RR_T60-0-20260914-20:21:30-1541,config,,,*.monitoringServer.app[7].destAddresses,"""sensor[7]""",,,,,,,
RR_T60-0-20260914-20:21:30-1541,config,,,*.monitoringServer.app[8].destAddresses,"""sensor[8]""",,,,,,,
RR_T60-0-20260914-20:21:30-1541,config,,,*.monitoringServer.app[9].destAddresses,"""sensor[9]""",,,,,,,
RR_T60-0-20260914-20:21:30-1541,config,,,*.monitoringServer.app[10].destAddresses,"""sensor[10]""",,,,,,,
RR_T60-0-20260914-20:21:30-1541,config,,,*.monitoringServer.app[11].destAddresses,"""sensor[11]""",,,,,,,
RR_T60-0-20260914-20:21:30-1541,config,,,*.monitoringServer.app[*].packetSent.result-recording-modes,count,,,,,,,
RR_T60-0-20260914-20:21:30-1541,config,,,*.monitoringServer.app[*].packetReceived.result-recording-modes,count,,,,,,,
RR_T60-0-20260914-20:21:30-1541,config,,,*.monitoringServer.app[*].rcvdPkLifetime.result-recording-modes,stats,,,,,,,
RR_T60-0-20260914-20:21:30-1541,config,,,*.sensor[*].app[0].echoedPk.result-recording-modes,count,,,,,,,
RR_T60-0-20260914-20:21:30-1541,config,,,network,simulations.experiment4_application_strategy.ApplicationStrategyNetwork,,,,,,,
RR_T60-0-20260914-20:21:30-1541,config,,,sim-time-limit,600s,,,,,,,
RR_T60-0-20260914-20:21:30-1541,config,,,*.numSensors,12,,,,,,,
RR_T60-0-20260914-20:21:30-1541,config,,,**.arp.typename,GlobalArp,,,,,,,
RR_T60-0-20260914-20:21:30-1541,config,,,**.netmaskRoutes,"""""",,,,,,,
RR_T60-0-20260914-20:21:30-1541,config,,,*.radioMedium.backgroundNoise.power,-110dBm,,,,,,,
RR_T60-0-20260914-20:21:30-1541,config,,,*.configurator.config,"xmldoc(""startopology.xml"")",,,,,,,
RR_T60-0-20260914-20:21:30-1541,config,,,*.configurator.addStaticRoutes,false,,,,,,,
RR_T60-0-20260914-20:21:30-1541,config,,,*.sensor[*].mobility.initFromDisplayString,false,,,,,,,
RR_T60-0-20260914-20:21:30-1541,config,,,*.sensor[*].mobility.initialX,"uniform(1m, 19m)",,,,,,,
RR_T60-0-20260914-20:21:30-1541,config,,,*.sensor[*].mobility.initialY,"uniform(1m, 19m)",,,,,,,
RR_T60-0-20260914-20:21:30-1541,config,,,*.sensor[*].mobility.initialZ,0m,,,,,,,
RR_T60-0-20260914-20:21:30-1541,config,,,*.controller.numApps,0,,,,,,,
RR_T60-0-20260914-20:21:30-1541,config,,,*.lamp*.numApps,0,,,,,,,
RR_T60-0-20260914-20:21:30-1541,config,,,**.vector-recording,false,,,,,,,
RR_T60-2-20260914-20:21:34-1551,runattr,,,configname,RR_T60,,,,,,,
RR_T60-2-20260914-20:21:34-1551,runattr,,,datetime,20260914-20:21:34,,,,,,,
RR_T60-2-20260914-20:21:34-1551,runattr,,,datetimef,20260914-202134,,,,,,,
RR_T60-2-20260914-20:21:34-1551,runattr,,,experiment,RR_T60,,,,,,,
RR_T60-2-20260914-20:21:34-1551,runattr,,,inifile,omnetpp.ini,,,,,,,
RR_T60-2-20260914-20:21:34-1551,runattr,,,iterationvars,,,,,,,,
RR_T60-2-20260914-20:21:34-1551,runattr,,,iterationvarsd,,,,,,,,
RR_T60-2-20260914-20:21:34-1551,runattr,,,iterationvarsf,,,,,,,,
RR_T60-2-20260914-20:21:34-1551,runattr,,,measurement,,,,,,,,
RR_T60-2-20260914-20:21:34-1551,runattr,,,network,simulations.experiment4_application_strategy.ApplicationStrategyNetwork,,,,,,,
RR_T60-2-20260914-20:21:34-1551,runattr,,,processid,1551,,,,,,,
RR_T60-2-20260914-20:21:34-1551,runattr,,,repetition,2,,,,,,,
RR_T60-2-20260914-20:21:34-1551,runattr,,,replication,#2,,,,,,,
RR_T60-2-20260914-20:21:34-1551,runattr,,,resultdir,results,,,,,,,
RR_T60-2-20260914-20:21:34-1551,runattr,,,runnumber,2,,,,,,,
RR_T60-2-20260914-20:21:34-1551,runattr,,,seedset,2,,,,,,,
RR_T60-2-20260914-20:21:34-1551,config,,,image-path,../../../inet-4.6.0/images,,,,,,,
RR_T60-2-20260914-20:21:34-1551,config,,,extends,RequestResponseBase,,,,,,,
RR_T60-2-20260914-20:21:34-1551,config,,,*.monitoringServer.app[*].sendInterval,60s,,,,,,,
RR_T60-2-20260914-20:21:34-1551,config,,,repeat,5,,,,,,,
RR_T60-2-20260914-20:21:34-1551,config,,,seed-set,2,,,,,,,
RR_T60-2-20260914-20:21:34-1551,config,,,extends,Common,,,,,,,
RR_T60-2-20260914-20:21:34-1551,config,,,*.sensor[*].numApps,1,,,,,,,
RR_T60-2-20260914-20:21:34-1551,config,,,*.sensor[*].app[0].typename,UdpEchoApp,,,,,,,
RR_T60-2-20260914-20:21:34-1551,config,,,*.sensor[*].app[0].localPort,2000,,,,,,,
RR_T60-2-20260914-20:21:34-1551,config,,,*.monitoringServer.numApps,12,,,,,,,
RR_T60-2-20260914-20:21:34-1551,config,,,*.monitoringServer.app[*].typename,UdpBasicApp,,,,,,,
RR_T60-2-20260914-20:21:34-1551,config,,,*.monitoringServer.app[*].destPort,2000,,,,,,,
RR_T60-2-20260914-20:21:34-1551,config,,,*.monitoringServer.app[*].messageLength,50B,,,,,,,
RR_T60-2-20260914-20:21:34-1551,config,,,*.monitoringServer.app[*].sendInterval,10s,,,,,,,
RR_T60-2-20260914-20:21:34-1551,config,,,*.monitoringServer.app[*].startTime,"uniform(1s,2s)",,,,,,,
RR_T60-2-20260914-20:21:34-1551,config,,,*.monitoringServer.app[*].packetName,"""PollingRequest""",,,,,,,
RR_T60-2-20260914-20:21:34-1551,config,,,*.monitoringServer.app[0].destAddresses,"""sensor[0]""",,,,,,,
RR_T60-2-20260914-20:21:34-1551,config,,,*.monitoringServer.app[1].destAddresses,"""sensor[1]""",,,,,,,
RR_T60-2-20260914-20:21:34-1551,config,,,*.monitoringServer.app[2].destAddresses,"""sensor[2]""",,,,,,,
RR_T60-2-20260914-20:21:34-1551,config,,,*.monitoringServer.app[3].destAddresses,"""sensor[3]""",,,,,,,
RR_T60-2-20260914-20:21:34-1551,config,,,*.monitoringServer.app[4].destAddresses,"""sensor[4]""",,,,,,,
RR_T60-2-20260914-20:21:34-1551,config,,,*.monitoringServer.app[5].destAddresses,"""sensor[5]""",,,,,,,
RR_T60-2-20260914-20:21:34-1551,config,,,*.monitoringServer.app[6].destAddresses,"""sensor[6]""",,,,,,,
RR_T60-2-20260914-20:21:34-1551,config,,,*.monitoringServer.app[7].destAddresses,"""sensor[7]""",,,,,,,
RR_T60-2-20260914-20:21:34-1551,config,,,*.monitoringServer.app[8].destAddresses,"""sensor[8]""",,,,,,,
RR_T60-2-20260914-20:21:34-1551,config,,,*.monitoringServer.app[9].destAddresses,"""sensor[9]""",,,,,,,
RR_T60-2-20260914-20:21:34-1551,config,,,*.monitoringServer.app[10].destAddresses,"""sensor[10]""",,,,,,,
RR_T60-2-20260914-20:21:34-1551,config,,,*.monitoringServer.app[11].destAddresses,"""sensor[11]""",,,,,,,
RR_T60-2-20260914-20:21:34-1551,config,,,*.monitoringServer.app[*].packetSent.result-recording-modes,count,,,,,,,
RR_T60-2-20260914-20:21:34-1551,config,,,*.monitoringServer.app[*].packetReceived.result-recording-modes,count,,,,,,,
RR_T60-2-20260914-20:21:34-1551,config,,,*.monitoringServer.app[*].rcvdPkLifetime.result-recording-modes,stats,,,,,,,
RR_T60-2-20260914-20:21:34-1551,config,,,*.sensor[*].app[0].echoedPk.result-recording-modes,count,,,,,,,
RR_T60-2-20260914-20:21:34-1551,config,,,network,simulations.experiment4_application_strategy.ApplicationStrategyNetwork,,,,,,,
RR_T60-2-20260914-20:21:34-1551,config,,,sim-time-limit,600s,,,,,,,
RR_T60-2-20260914-20:21:34-1551,config,,,*.numSensors,12,,,,,,,
RR_T60-2-20260914-20:21:34-1551,config,,,**.arp.typename,GlobalArp,,,,,,,
RR_T60-2-20260914-20:21:34-1551,config,,,**.netmaskRoutes,"""""",,,,,,,
RR_T60-2-20260914-20:21:34-1551,config,,,*.radioMedium.backgroundNoise.power,-110dBm,,,,,,,
RR_T60-2-20260914-20:21:34-1551,config,,,*.configurator.config,"xmldoc(""startopology.xml"")",,,,,,,
RR_T60-2-20260914-20:21:34-1551,config,,,*.configurator.addStaticRoutes,false,,,,,,,
RR_T60-2-20260914-20:21:34-1551,config,,,*.sensor[*].mobility.initFromDisplayString,false,,,,,,,
RR_T60-2-20260914-20:21:34-1551,config,,,*.sensor[*].mobility.initialX,"uniform(1m, 19m)",,,,,,,
RR_T60-2-20260914-20:21:34-1551,config,,,*.sensor[*].mobility.initialY,"uniform(1m, 19m)",,,,,,,
RR_T60-2-20260914-20:21:34-1551,config,,,*.sensor[*].mobility.initialZ,0m,,,,,,,
RR_T60-2-20260914-20:21:34-1551,config,,,*.controller.numApps,0,,,,,,,
RR_T60-2-20260914-20:21:34-1551,config,,,*.lamp*.numApps,0,,,,,,,
RR_T60-2-20260914-20:21:34-1551,config,,,**.vector-recording,false,,,,,,,
RR_T60-3-20260914-20:21:36-1556,runattr,,,configname,RR_T60,,,,,,,
RR_T60-3-20260914-20:21:36-1556,runattr,,,datetime,20260914-20:21:36,,,,,,,
RR_T60-3-20260914-20:21:36-1556,runattr,,,datetimef,20260914-202136,,,,,,,
RR_T60-3-20260914-20:21:36-1556,runattr,,,experiment,RR_T60,,,,,,,
RR_T60-3-20260914-20:21:36-1556,runattr,,,inifile,omnetpp.ini,,,,,,,
RR_T60-3-20260914-20:21:36-1556,runattr,,,iterationvars,,,,,,,,
RR_T60-3-20260914-20:21:36-1556,runattr,,,iterationvarsd,,,,,,,,
RR_T60-3-20260914-20:21:36-1556,runattr,,,iterationvarsf,,,,,,,,
RR_T60-3-20260914-20:21:36-1556,runattr,,,measurement,,,,,,,,
RR_T60-3-20260914-20:21:36-1556,runattr,,,network,simulations.experiment4_application_strategy.ApplicationStrategyNetwork,,,,,,,
RR_T60-3-20260914-20:21:36-1556,runattr,,,processid,1556,,,,,,,
RR_T60-3-20260914-20:21:36-1556,runattr,,,repetition,3,,,,,,,
RR_T60-3-20260914-20:21:36-1556,runattr,,,replication,#3,,,,,,,
RR_T60-3-20260914-20:21:36-1556,runattr,,,resultdir,results,,,,,,,
RR_T60-3-20260914-20:21:36-1556,runattr,,,runnumber,3,,,,,,,
RR_T60-3-20260914-20:21:36-1556,runattr,,,seedset,3,,,,,,,
RR_T60-3-20260914-20:21:36-1556,config,,,image-path,../../../inet-4.6.0/images,,,,,,,
RR_T60-3-20260914-20:21:36-1556,config,,,extends,RequestResponseBase,,,,,,,
RR_T60-3-20260914-20:21:36-1556,config,,,*.monitoringServer.app[*].sendInterval,60s,,,,,,,
RR_T60-3-20260914-20:21:36-1556,config,,,repeat,5,,,,,,,
RR_T60-3-20260914-20:21:36-1556,config,,,seed-set,3,,,,,,,
RR_T60-3-20260914-20:21:36-1556,config,,,extends,Common,,,,,,,
RR_T60-3-20260914-20:21:36-1556,config,,,*.sensor[*].numApps,1,,,,,,,
RR_T60-3-20260914-20:21:36-1556,config,,,*.sensor[*].app[0].typename,UdpEchoApp,,,,,,,
RR_T60-3-20260914-20:21:36-1556,config,,,*.sensor[*].app[0].localPort,2000,,,,,,,
RR_T60-3-20260914-20:21:36-1556,config,,,*.monitoringServer.numApps,12,,,,,,,
RR_T60-3-20260914-20:21:36-1556,config,,,*.monitoringServer.app[*].typename,UdpBasicApp,,,,,,,
RR_T60-3-20260914-20:21:36-1556,config,,,*.monitoringServer.app[*].destPort,2000,,,,,,,
RR_T60-3-20260914-20:21:36-1556,config,,,*.monitoringServer.app[*].messageLength,50B,,,,,,,
RR_T60-3-20260914-20:21:36-1556,config,,,*.monitoringServer.app[*].sendInterval,10s,,,,,,,
RR_T60-3-20260914-20:21:36-1556,config,,,*.monitoringServer.app[*].startTime,"uniform(1s,2s)",,,,,,,
RR_T60-3-20260914-20:21:36-1556,config,,,*.monitoringServer.app[*].packetName,"""PollingRequest""",,,,,,,
RR_T60-3-20260914-20:21:36-1556,config,,,*.monitoringServer.app[0].destAddresses,"""sensor[0]""",,,,,,,
RR_T60-3-20260914-20:21:36-1556,config,,,*.monitoringServer.app[1].destAddresses,"""sensor[1]""",,,,,,,
RR_T60-3-20260914-20:21:36-1556,config,,,*.monitoringServer.app[2].destAddresses,"""sensor[2]""",,,,,,,
RR_T60-3-20260914-20:21:36-1556,config,,,*.monitoringServer.app[3].destAddresses,"""sensor[3]""",,,,,,,
RR_T60-3-20260914-20:21:36-1556,config,,,*.monitoringServer.app[4].destAddresses,"""sensor[4]""",,,,,,,
RR_T60-3-20260914-20:21:36-1556,config,,,*.monitoringServer.app[5].destAddresses,"""sensor[5]""",,,,,,,
RR_T60-3-20260914-20:21:36-1556,config,,,*.monitoringServer.app[6].destAddresses,"""sensor[6]""",,,,,,,
RR_T60-3-20260914-20:21:36-1556,config,,,*.monitoringServer.app[7].destAddresses,"""sensor[7]""",,,,,,,
RR_T60-3-20260914-20:21:36-1556,config,,,*.monitoringServer.app[8].destAddresses,"""sensor[8]""",,,,,,,
RR_T60-3-20260914-20:21:36-1556,config,,,*.monitoringServer.app[9].destAddresses,"""sensor[9]""",,,,,,,
RR_T60-3-20260914-20:21:36-1556,config,,,*.monitoringServer.app[10].destAddresses,"""sensor[10]""",,,,,,,
RR_T60-3-20260914-20:21:36-1556,config,,,*.monitoringServer.app[11].destAddresses,"""sensor[11]""",,,,,,,
RR_T60-3-20260914-20:21:36-1556,config,,,*.monitoringServer.app[*].packetSent.result-recording-modes,count,,,,,,,
RR_T60-3-20260914-20:21:36-1556,config,,,*.monitoringServer.app[*].packetReceived.result-recording-modes,count,,,,,,,
RR_T60-3-20260914-20:21:36-1556,config,,,*.monitoringServer.app[*].rcvdPkLifetime.result-recording-modes,stats,,,,,,,
RR_T60-3-20260914-20:21:36-1556,config,,,*.sensor[*].app[0].echoedPk.result-recording-modes,count,,,,,,,
RR_T60-3-20260914-20:21:36-1556,config,,,network,simulations.experiment4_application_strategy.ApplicationStrategyNetwork,,,,,,,
RR_T60-3-20260914-20:21:36-1556,config,,,sim-time-limit,600s,,,,,,,
RR_T60-3-20260914-20:21:36-1556,config,,,*.numSensors,12,,,,,,,
RR_T60-3-20260914-20:21:36-1556,config,,,**.arp.typename,GlobalArp,,,,,,,
RR_T60-3-20260914-20:21:36-1556,config,,,**.netmaskRoutes,"""""",,,,,,,
RR_T60-3-20260914-20:21:36-1556,config,,,*.radioMedium.backgroundNoise.power,-110dBm,,,,,,,
RR_T60-3-20260914-20:21:36-1556,config,,,*.configurator.config,"xmldoc(""startopology.xml"")",,,,,,,
RR_T60-3-20260914-20:21:36-1556,config,,,*.configurator.addStaticRoutes,false,,,,,,,
RR_T60-3-20260914-20:21:36-1556,config,,,*.sensor[*].mobility.initFromDisplayString,false,,,,,,,
RR_T60-3-20260914-20:21:36-1556,config,,,*.sensor[*].mobility.initialX,"uniform(1m, 19m)",,,,,,,
RR_T60-3-20260914-20:21:36-1556,config,,,*.sensor[*].mobility.initialY,"uniform(1m, 19m)",,,,,,,
RR_T60-3-20260914-20:21:36-1556,config,,,*.sensor[*].mobility.initialZ,0m,,,,,,,
RR_T60-3-20260914-20:21:36-1556,config,,,*.controller.numApps,0,,,,,,,
RR_T60-3-20260914-20:21:36-1556,config,,,*.lamp*.numApps,0,,,,,,,
RR_T60-3-20260914-20:21:36-1556,config,,,**.vector-recording,false,,,,,,,
RR_T60-4-20260914-20:21:37-1561,runattr,,,configname,RR_T60,,,,,,,
RR_T60-4-20260914-20:21:37-1561,runattr,,,datetime,20260914-20:21:37,,,,,,,
RR_T60-4-20260914-20:21:37-1561,runattr,,,datetimef,20260914-202137,,,,,,,
RR_T60-4-20260914-20:21:37-1561,runattr,,,experiment,RR_T60,,,,,,,
RR_T60-4-20260914-20:21:37-1561,runattr,,,inifile,omnetpp.ini,,,,,,,
RR_T60-4-20260914-20:21:37-1561,runattr,,,iterationvars,,,,,,,,
RR_T60-4-20260914-20:21:37-1561,runattr,,,iterationvarsd,,,,,,,,
RR_T60-4-20260914-20:21:37-1561,runattr,,,iterationvarsf,,,,,,,,
RR_T60-4-20260914-20:21:37-1561,runattr,,,measurement,,,,,,,,
RR_T60-4-20260914-20:21:37-1561,runattr,,,network,simulations.experiment4_application_strategy.ApplicationStrategyNetwork,,,,,,,
RR_T60-4-20260914-20:21:37-1561,runattr,,,processid,1561,,,,,,,
RR_T60-4-20260914-20:21:37-1561,runattr,,,repetition,4,,,,,,,
RR_T60-4-20260914-20:21:37-1561,runattr,,,replication,#4,,,,,,,
RR_T60-4-20260914-20:21:37-1561,runattr,,,resultdir,results,,,,,,,
RR_T60-4-20260914-20:21:37-1561,runattr,,,runnumber,4,,,,,,,
RR_T60-4-20260914-20:21:37-1561,runattr,,,seedset,4,,,,,,,
RR_T60-4-20260914-20:21:37-1561,config,,,image-path,../../../inet-4.6.0/images,,,,,,,
RR_T60-4-20260914-20:21:37-1561,config,,,extends,RequestResponseBase,,,,,,,
RR_T60-4-20260914-20:21:37-1561,config,,,*.monitoringServer.app[*].sendInterval,60s,,,,,,,
RR_T60-4-20260914-20:21:37-1561,config,,,repeat,5,,,,,,,
RR_T60-4-20260914-20:21:37-1561,config,,,seed-set,4,,,,,,,
RR_T60-4-20260914-20:21:37-1561,config,,,extends,Common,,,,,,,
RR_T60-4-20260914-20:21:37-1561,config,,,*.sensor[*].numApps,1,,,,,,,
RR_T60-4-20260914-20:21:37-1561,config,,,*.sensor[*].app[0].typename,UdpEchoApp,,,,,,,
RR_T60-4-20260914-20:21:37-1561,config,,,*.sensor[*].app[0].localPort,2000,,,,,,,
RR_T60-4-20260914-20:21:37-1561,config,,,*.monitoringServer.numApps,12,,,,,,,
RR_T60-4-20260914-20:21:37-1561,config,,,*.monitoringServer.app[*].typename,UdpBasicApp,,,,,,,
RR_T60-4-20260914-20:21:37-1561,config,,,*.monitoringServer.app[*].destPort,2000,,,,,,,
RR_T60-4-20260914-20:21:37-1561,config,,,*.monitoringServer.app[*].messageLength,50B,,,,,,,
RR_T60-4-20260914-20:21:37-1561,config,,,*.monitoringServer.app[*].sendInterval,10s,,,,,,,
RR_T60-4-20260914-20:21:37-1561,config,,,*.monitoringServer.app[*].startTime,"uniform(1s,2s)",,,,,,,
RR_T60-4-20260914-20:21:37-1561,config,,,*.monitoringServer.app[*].packetName,"""PollingRequest""",,,,,,,
RR_T60-4-20260914-20:21:37-1561,config,,,*.monitoringServer.app[0].destAddresses,"""sensor[0]""",,,,,,,
RR_T60-4-20260914-20:21:37-1561,config,,,*.monitoringServer.app[1].destAddresses,"""sensor[1]""",,,,,,,
RR_T60-4-20260914-20:21:37-1561,config,,,*.monitoringServer.app[2].destAddresses,"""sensor[2]""",,,,,,,
RR_T60-4-20260914-20:21:37-1561,config,,,*.monitoringServer.app[3].destAddresses,"""sensor[3]""",,,,,,,
RR_T60-4-20260914-20:21:37-1561,config,,,*.monitoringServer.app[4].destAddresses,"""sensor[4]""",,,,,,,
RR_T60-4-20260914-20:21:37-1561,config,,,*.monitoringServer.app[5].destAddresses,"""sensor[5]""",,,,,,,
RR_T60-4-20260914-20:21:37-1561,config,,,*.monitoringServer.app[6].destAddresses,"""sensor[6]""",,,,,,,
RR_T60-4-20260914-20:21:37-1561,config,,,*.monitoringServer.app[7].destAddresses,"""sensor[7]""",,,,,,,
RR_T60-4-20260914-20:21:37-1561,config,,,*.monitoringServer.app[8].destAddresses,"""sensor[8]""",,,,,,,
RR_T60-4-20260914-20:21:37-1561,config,,,*.monitoringServer.app[9].destAddresses,"""sensor[9]""",,,,,,,
RR_T60-4-20260914-20:21:37-1561,config,,,*.monitoringServer.app[10].destAddresses,"""sensor[10]""",,,,,,,
RR_T60-4-20260914-20:21:37-1561,config,,,*.monitoringServer.app[11].destAddresses,"""sensor[11]""",,,,,,,
RR_T60-4-20260914-20:21:37-1561,config,,,*.monitoringServer.app[*].packetSent.result-recording-modes,count,,,,,,,
RR_T60-4-20260914-20:21:37-1561,config,,,*.monitoringServer.app[*].packetReceived.result-recording-modes,count,,,,,,,
RR_T60-4-20260914-20:21:37-1561,config,,,*.monitoringServer.app[*].rcvdPkLifetime.result-recording-modes,stats,,,,,,,
RR_T60-4-20260914-20:21:37-1561,config,,,*.sensor[*].app[0].echoedPk.result-recording-modes,count,,,,,,,
RR_T60-4-20260914-20:21:37-1561,config,,,network,simulations.experiment4_application_strategy.ApplicationStrategyNetwork,,,,,,,
RR_T60-4-20260914-20:21:37-1561,config,,,sim-time-limit,600s,,,,,,,
RR_T60-4-20260914-20:21:37-1561,config,,,*.numSensors,12,,,,,,,
RR_T60-4-20260914-20:21:37-1561,config,,,**.arp.typename,GlobalArp,,,,,,,
RR_T60-4-20260914-20:21:37-1561,config,,,**.netmaskRoutes,"""""",,,,,,,
RR_T60-4-20260914-20:21:37-1561,config,,,*.radioMedium.backgroundNoise.power,-110dBm,,,,,,,
RR_T60-4-20260914-20:21:37-1561,config,,,*.configurator.config,"xmldoc(""startopology.xml"")",,,,,,,
RR_T60-4-20260914-20:21:37-1561,config,,,*.configurator.addStaticRoutes,false,,,,,,,
RR_T60-4-20260914-20:21:37-1561,config,,,*.sensor[*].mobility.initFromDisplayString,false,,,,,,,
RR_T60-4-20260914-20:21:37-1561,config,,,*.sensor[*].mobility.initialX,"uniform(1m, 19m)",,,,,,,
RR_T60-4-20260914-20:21:37-1561,config,,,*.sensor[*].mobility.initialY,"uniform(1m, 19m)",,,,,,,
RR_T60-4-20260914-20:21:37-1561,config,,,*.sensor[*].mobility.initialZ,0m,,,,,,,
RR_T60-4-20260914-20:21:37-1561,config,,,*.controller.numApps,0,,,,,,,
RR_T60-4-20260914-20:21:37-1561,config,,,*.lamp*.numApps,0,,,,,,,
RR_T60-4-20260914-20:21:37-1561,config,,,**.vector-recording,false,,,,,,,
RR_T1-0-20260914-20:14:46-833,scalar,ApplicationStrategyNetwork.sensor[0].app[0],echoedPk:count,,,599,,,,,,
RR_T1-0-20260914-20:14:46-833,attr,ApplicationStrategyNetwork.sensor[0].app[0],echoedPk:count,interpolationmode,none,,,,,,,
RR_T1-0-20260914-20:14:46-833,attr,ApplicationStrategyNetwork.sensor[0].app[0],echoedPk:count,recordingmode,count,,,,,,,
RR_T1-0-20260914-20:14:46-833,attr,ApplicationStrategyNetwork.sensor[0].app[0],echoedPk:count,source,packetSent,,,,,,,
RR_T1-0-20260914-20:14:46-833,attr,ApplicationStrategyNetwork.sensor[0].app[0],echoedPk:count,title,"packets echoed, count",,,,,,,
RR_T1-0-20260914-20:14:46-833,scalar,ApplicationStrategyNetwork.sensor[1].app[0],echoedPk:count,,,599,,,,,,
RR_T1-0-20260914-20:14:46-833,attr,ApplicationStrategyNetwork.sensor[1].app[0],echoedPk:count,interpolationmode,none,,,,,,,
RR_T1-0-20260914-20:14:46-833,attr,ApplicationStrategyNetwork.sensor[1].app[0],echoedPk:count,recordingmode,count,,,,,,,
RR_T1-0-20260914-20:14:46-833,attr,ApplicationStrategyNetwork.sensor[1].app[0],echoedPk:count,source,packetSent,,,,,,,
RR_T1-0-20260914-20:14:46-833,attr,ApplicationStrategyNetwork.sensor[1].app[0],echoedPk:count,title,"packets echoed, count",,,,,,,
RR_T1-0-20260914-20:14:46-833,scalar,ApplicationStrategyNetwork.sensor[2].app[0],echoedPk:count,,,599,,,,,,
RR_T1-0-20260914-20:14:46-833,attr,ApplicationStrategyNetwork.sensor[2].app[0],echoedPk:count,interpolationmode,none,,,,,,,
RR_T1-0-20260914-20:14:46-833,attr,ApplicationStrategyNetwork.sensor[2].app[0],echoedPk:count,recordingmode,count,,,,,,,
RR_T1-0-20260914-20:14:46-833,attr,ApplicationStrategyNetwork.sensor[2].app[0],echoedPk:count,source,packetSent,,,,,,,
RR_T1-0-20260914-20:14:46-833,attr,ApplicationStrategyNetwork.sensor[2].app[0],echoedPk:count,title,"packets echoed, count",,,,,,,
RR_T1-0-20260914-20:14:46-833,scalar,ApplicationStrategyNetwork.sensor[3].app[0],echoedPk:count,,,599,,,,,,
RR_T1-0-20260914-20:14:46-833,attr,ApplicationStrategyNetwork.sensor[3].app[0],echoedPk:count,interpolationmode,none,,,,,,,
RR_T1-0-20260914-20:14:46-833,attr,ApplicationStrategyNetwork.sensor[3].app[0],echoedPk:count,recordingmode,count,,,,,,,
RR_T1-0-20260914-20:14:46-833,attr,ApplicationStrategyNetwork.sensor[3].app[0],echoedPk:count,source,packetSent,,,,,,,
RR_T1-0-20260914-20:14:46-833,attr,ApplicationStrategyNetwork.sensor[3].app[0],echoedPk:count,title,"packets echoed, count",,,,,,,
RR_T1-0-20260914-20:14:46-833,scalar,ApplicationStrategyNetwork.sensor[4].app[0],echoedPk:count,,,599,,,,,,
RR_T1-0-20260914-20:14:46-833,attr,ApplicationStrategyNetwork.sensor[4].app[0],echoedPk:count,interpolationmode,none,,,,,,,
RR_T1-0-20260914-20:14:46-833,attr,ApplicationStrategyNetwork.sensor[4].app[0],echoedPk:count,recordingmode,count,,,,,,,
RR_T1-0-20260914-20:14:46-833,attr,ApplicationStrategyNetwork.sensor[4].app[0],echoedPk:count,source,packetSent,,,,,,,
RR_T1-0-20260914-20:14:46-833,attr,ApplicationStrategyNetwork.sensor[4].app[0],echoedPk:count,title,"packets echoed, count",,,,,,,
RR_T1-0-20260914-20:14:46-833,scalar,ApplicationStrategyNetwork.sensor[5].app[0],echoedPk:count,,,599,,,,,,
RR_T1-0-20260914-20:14:46-833,attr,ApplicationStrategyNetwork.sensor[5].app[0],echoedPk:count,interpolationmode,none,,,,,,,
RR_T1-0-20260914-20:14:46-833,attr,ApplicationStrategyNetwork.sensor[5].app[0],echoedPk:count,recordingmode,count,,,,,,,
RR_T1-0-20260914-20:14:46-833,attr,ApplicationStrategyNetwork.sensor[5].app[0],echoedPk:count,source,packetSent,,,,,,,
RR_T1-0-20260914-20:14:46-833,attr,ApplicationStrategyNetwork.sensor[5].app[0],echoedPk:count,title,"packets echoed, count",,,,,,,
RR_T1-0-20260914-20:14:46-833,scalar,ApplicationStrategyNetwork.sensor[6].app[0],echoedPk:count,,,599,,,,,,
RR_T1-0-20260914-20:14:46-833,attr,ApplicationStrategyNetwork.sensor[6].app[0],echoedPk:count,interpolationmode,none,,,,,,,
RR_T1-0-20260914-20:14:46-833,attr,ApplicationStrategyNetwork.sensor[6].app[0],echoedPk:count,recordingmode,count,,,,,,,
RR_T1-0-20260914-20:14:46-833,attr,ApplicationStrategyNetwork.sensor[6].app[0],echoedPk:count,source,packetSent,,,,,,,
RR_T1-0-20260914-20:14:46-833,attr,ApplicationStrategyNetwork.sensor[6].app[0],echoedPk:count,title,"packets echoed, count",,,,,,,
RR_T1-0-20260914-20:14:46-833,scalar,ApplicationStrategyNetwork.sensor[7].app[0],echoedPk:count,,,599,,,,,,
RR_T1-0-20260914-20:14:46-833,attr,ApplicationStrategyNetwork.sensor[7].app[0],echoedPk:count,interpolationmode,none,,,,,,,
RR_T1-0-20260914-20:14:46-833,attr,ApplicationStrategyNetwork.sensor[7].app[0],echoedPk:count,recordingmode,count,,,,,,,
RR_T1-0-20260914-20:14:46-833,attr,ApplicationStrategyNetwork.sensor[7].app[0],echoedPk:count,source,packetSent,,,,,,,
RR_T1-0-20260914-20:14:46-833,attr,ApplicationStrategyNetwork.sensor[7].app[0],echoedPk:count,title,"packets echoed, count",,,,,,,
RR_T1-0-20260914-20:14:46-833,scalar,ApplicationStrategyNetwork.sensor[8].app[0],echoedPk:count,,,599,,,,,,
RR_T1-0-20260914-20:14:46-833,attr,ApplicationStrategyNetwork.sensor[8].app[0],echoedPk:count,interpolationmode,none,,,,,,,
RR_T1-0-20260914-20:14:46-833,attr,ApplicationStrategyNetwork.sensor[8].app[0],echoedPk:count,recordingmode,count,,,,,,,
RR_T1-0-20260914-20:14:46-833,attr,ApplicationStrategyNetwork.sensor[8].app[0],echoedPk:count,source,packetSent,,,,,,,
RR_T1-0-20260914-20:14:46-833,attr,ApplicationStrategyNetwork.sensor[8].app[0],echoedPk:count,title,"packets echoed, count",,,,,,,
RR_T1-0-20260914-20:14:46-833,scalar,ApplicationStrategyNetwork.sensor[9].app[0],echoedPk:count,,,599,,,,,,
RR_T1-0-20260914-20:14:46-833,attr,ApplicationStrategyNetwork.sensor[9].app[0],echoedPk:count,interpolationmode,none,,,,,,,
RR_T1-0-20260914-20:14:46-833,attr,ApplicationStrategyNetwork.sensor[9].app[0],echoedPk:count,recordingmode,count,,,,,,,
RR_T1-0-20260914-20:14:46-833,attr,ApplicationStrategyNetwork.sensor[9].app[0],echoedPk:count,source,packetSent,,,,,,,
RR_T1-0-20260914-20:14:46-833,attr,ApplicationStrategyNetwork.sensor[9].app[0],echoedPk:count,title,"packets echoed, count",,,,,,,
RR_T1-0-20260914-20:14:46-833,scalar,ApplicationStrategyNetwork.sensor[10].app[0],echoedPk:count,,,599,,,,,,
RR_T1-0-20260914-20:14:46-833,attr,ApplicationStrategyNetwork.sensor[10].app[0],echoedPk:count,interpolationmode,none,,,,,,,
RR_T1-0-20260914-20:14:46-833,attr,ApplicationStrategyNetwork.sensor[10].app[0],echoedPk:count,recordingmode,count,,,,,,,
RR_T1-0-20260914-20:14:46-833,attr,ApplicationStrategyNetwork.sensor[10].app[0],echoedPk:count,source,packetSent,,,,,,,
RR_T1-0-20260914-20:14:46-833,attr,ApplicationStrategyNetwork.sensor[10].app[0],echoedPk:count,title,"packets echoed, count",,,,,,,
RR_T1-0-20260914-20:14:46-833,scalar,ApplicationStrategyNetwork.sensor[11].app[0],echoedPk:count,,,599,,,,,,
RR_T1-0-20260914-20:14:46-833,attr,ApplicationStrategyNetwork.sensor[11].app[0],echoedPk:count,interpolationmode,none,,,,,,,
RR_T1-0-20260914-20:14:46-833,attr,ApplicationStrategyNetwork.sensor[11].app[0],echoedPk:count,recordingmode,count,,,,,,,
RR_T1-0-20260914-20:14:46-833,attr,ApplicationStrategyNetwork.sensor[11].app[0],echoedPk:count,source,packetSent,,,,,,,
RR_T1-0-20260914-20:14:46-833,attr,ApplicationStrategyNetwork.sensor[11].app[0],echoedPk:count,title,"packets echoed, count",,,,,,,
RR_T1-0-20260914-20:14:46-833,scalar,ApplicationStrategyNetwork.monitoringServer.app[0],packetReceived:count,,,599,,,,,,
RR_T1-0-20260914-20:14:46-833,attr,ApplicationStrategyNetwork.monitoringServer.app[0],packetReceived:count,interpolationmode,none,,,,,,,
RR_T1-0-20260914-20:14:46-833,attr,ApplicationStrategyNetwork.monitoringServer.app[0],packetReceived:count,recordingmode,count,,,,,,,
RR_T1-0-20260914-20:14:46-833,attr,ApplicationStrategyNetwork.monitoringServer.app[0],packetReceived:count,source,packetReceived,,,,,,,
RR_T1-0-20260914-20:14:46-833,attr,ApplicationStrategyNetwork.monitoringServer.app[0],packetReceived:count,title,"packets received, count",,,,,,,
RR_T1-0-20260914-20:14:46-833,scalar,ApplicationStrategyNetwork.monitoringServer.app[0],packetSent:count,,,599,,,,,,
RR_T1-0-20260914-20:14:46-833,attr,ApplicationStrategyNetwork.monitoringServer.app[0],packetSent:count,interpolationmode,none,,,,,,,
RR_T1-0-20260914-20:14:46-833,attr,ApplicationStrategyNetwork.monitoringServer.app[0],packetSent:count,recordingmode,count,,,,,,,
RR_T1-0-20260914-20:14:46-833,attr,ApplicationStrategyNetwork.monitoringServer.app[0],packetSent:count,source,packetSent,,,,,,,
RR_T1-0-20260914-20:14:46-833,attr,ApplicationStrategyNetwork.monitoringServer.app[0],packetSent:count,title,"packets sent, count",,,,,,,
RR_T1-0-20260914-20:14:46-833,scalar,ApplicationStrategyNetwork.monitoringServer.app[1],packetReceived:count,,,599,,,,,,
RR_T1-0-20260914-20:14:46-833,attr,ApplicationStrategyNetwork.monitoringServer.app[1],packetReceived:count,interpolationmode,none,,,,,,,
RR_T1-0-20260914-20:14:46-833,attr,ApplicationStrategyNetwork.monitoringServer.app[1],packetReceived:count,recordingmode,count,,,,,,,
RR_T1-0-20260914-20:14:46-833,attr,ApplicationStrategyNetwork.monitoringServer.app[1],packetReceived:count,source,packetReceived,,,,,,,
RR_T1-0-20260914-20:14:46-833,attr,ApplicationStrategyNetwork.monitoringServer.app[1],packetReceived:count,title,"packets received, count",,,,,,,
RR_T1-0-20260914-20:14:46-833,scalar,ApplicationStrategyNetwork.monitoringServer.app[1],packetSent:count,,,599,,,,,,
RR_T1-0-20260914-20:14:46-833,attr,ApplicationStrategyNetwork.monitoringServer.app[1],packetSent:count,interpolationmode,none,,,,,,,
RR_T1-0-20260914-20:14:46-833,attr,ApplicationStrategyNetwork.monitoringServer.app[1],packetSent:count,recordingmode,count,,,,,,,
RR_T1-0-20260914-20:14:46-833,attr,ApplicationStrategyNetwork.monitoringServer.app[1],packetSent:count,source,packetSent,,,,,,,
RR_T1-0-20260914-20:14:46-833,attr,ApplicationStrategyNetwork.monitoringServer.app[1],packetSent:count,title,"packets sent, count",,,,,,,
RR_T1-0-20260914-20:14:46-833,scalar,ApplicationStrategyNetwork.monitoringServer.app[2],packetReceived:count,,,599,,,,,,
RR_T1-0-20260914-20:14:46-833,attr,ApplicationStrategyNetwork.monitoringServer.app[2],packetReceived:count,interpolationmode,none,,,,,,,
RR_T1-0-20260914-20:14:46-833,attr,ApplicationStrategyNetwork.monitoringServer.app[2],packetReceived:count,recordingmode,count,,,,,,,
RR_T1-0-20260914-20:14:46-833,attr,ApplicationStrategyNetwork.monitoringServer.app[2],packetReceived:count,source,packetReceived,,,,,,,
RR_T1-0-20260914-20:14:46-833,attr,ApplicationStrategyNetwork.monitoringServer.app[2],packetReceived:count,title,"packets received, count",,,,,,,
RR_T1-0-20260914-20:14:46-833,scalar,ApplicationStrategyNetwork.monitoringServer.app[2],packetSent:count,,,599,,,,,,
RR_T1-0-20260914-20:14:46-833,attr,ApplicationStrategyNetwork.monitoringServer.app[2],packetSent:count,interpolationmode,none,,,,,,,
RR_T1-0-20260914-20:14:46-833,attr,ApplicationStrategyNetwork.monitoringServer.app[2],packetSent:count,recordingmode,count,,,,,,,
RR_T1-0-20260914-20:14:46-833,attr,ApplicationStrategyNetwork.monitoringServer.app[2],packetSent:count,source,packetSent,,,,,,,
RR_T1-0-20260914-20:14:46-833,attr,ApplicationStrategyNetwork.monitoringServer.app[2],packetSent:count,title,"packets sent, count",,,,,,,
RR_T1-0-20260914-20:14:46-833,scalar,ApplicationStrategyNetwork.monitoringServer.app[3],packetReceived:count,,,599,,,,,,
RR_T1-0-20260914-20:14:46-833,attr,ApplicationStrategyNetwork.monitoringServer.app[3],packetReceived:count,interpolationmode,none,,,,,,,
RR_T1-0-20260914-20:14:46-833,attr,ApplicationStrategyNetwork.monitoringServer.app[3],packetReceived:count,recordingmode,count,,,,,,,
RR_T1-0-20260914-20:14:46-833,attr,ApplicationStrategyNetwork.monitoringServer.app[3],packetReceived:count,source,packetReceived,,,,,,,
RR_T1-0-20260914-20:14:46-833,attr,ApplicationStrategyNetwork.monitoringServer.app[3],packetReceived:count,title,"packets received, count",,,,,,,
RR_T1-0-20260914-20:14:46-833,scalar,ApplicationStrategyNetwork.monitoringServer.app[3],packetSent:count,,,599,,,,,,
RR_T1-0-20260914-20:14:46-833,attr,ApplicationStrategyNetwork.monitoringServer.app[3],packetSent:count,interpolationmode,none,,,,,,,
RR_T1-0-20260914-20:14:46-833,attr,ApplicationStrategyNetwork.monitoringServer.app[3],packetSent:count,recordingmode,count,,,,,,,
RR_T1-0-20260914-20:14:46-833,attr,ApplicationStrategyNetwork.monitoringServer.app[3],packetSent:count,source,packetSent,,,,,,,
RR_T1-0-20260914-20:14:46-833,attr,ApplicationStrategyNetwork.monitoringServer.app[3],packetSent:count,title,"packets sent, count",,,,,,,
RR_T1-0-20260914-20:14:46-833,scalar,ApplicationStrategyNetwork.monitoringServer.app[4],packetReceived:count,,,599,,,,,,
RR_T1-0-20260914-20:14:46-833,attr,ApplicationStrategyNetwork.monitoringServer.app[4],packetReceived:count,interpolationmode,none,,,,,,,
RR_T1-0-20260914-20:14:46-833,attr,ApplicationStrategyNetwork.monitoringServer.app[4],packetReceived:count,recordingmode,count,,,,,,,
RR_T1-0-20260914-20:14:46-833,attr,ApplicationStrategyNetwork.monitoringServer.app[4],packetReceived:count,source,packetReceived,,,,,,,
RR_T1-0-20260914-20:14:46-833,attr,ApplicationStrategyNetwork.monitoringServer.app[4],packetReceived:count,title,"packets received, count",,,,,,,
RR_T1-0-20260914-20:14:46-833,scalar,ApplicationStrategyNetwork.monitoringServer.app[4],packetSent:count,,,599,,,,,,
RR_T1-0-20260914-20:14:46-833,attr,ApplicationStrategyNetwork.monitoringServer.app[4],packetSent:count,interpolationmode,none,,,,,,,
RR_T1-0-20260914-20:14:46-833,attr,ApplicationStrategyNetwork.monitoringServer.app[4],packetSent:count,recordingmode,count,,,,,,,
RR_T1-0-20260914-20:14:46-833,attr,ApplicationStrategyNetwork.monitoringServer.app[4],packetSent:count,source,packetSent,,,,,,,
RR_T1-0-20260914-20:14:46-833,attr,ApplicationStrategyNetwork.monitoringServer.app[4],packetSent:count,title,"packets sent, count",,,,,,,
RR_T1-0-20260914-20:14:46-833,scalar,ApplicationStrategyNetwork.monitoringServer.app[5],packetReceived:count,,,599,,,,,,
RR_T1-0-20260914-20:14:46-833,attr,ApplicationStrategyNetwork.monitoringServer.app[5],packetReceived:count,interpolationmode,none,,,,,,,
RR_T1-0-20260914-20:14:46-833,attr,ApplicationStrategyNetwork.monitoringServer.app[5],packetReceived:count,recordingmode,count,,,,,,,
RR_T1-0-20260914-20:14:46-833,attr,ApplicationStrategyNetwork.monitoringServer.app[5],packetReceived:count,source,packetReceived,,,,,,,
RR_T1-0-20260914-20:14:46-833,attr,ApplicationStrategyNetwork.monitoringServer.app[5],packetReceived:count,title,"packets received, count",,,,,,,
RR_T1-0-20260914-20:14:46-833,scalar,ApplicationStrategyNetwork.monitoringServer.app[5],packetSent:count,,,599,,,,,,
RR_T1-0-20260914-20:14:46-833,attr,ApplicationStrategyNetwork.monitoringServer.app[5],packetSent:count,interpolationmode,none,,,,,,,
RR_T1-0-20260914-20:14:46-833,attr,ApplicationStrategyNetwork.monitoringServer.app[5],packetSent:count,recordingmode,count,,,,,,,
RR_T1-0-20260914-20:14:46-833,attr,ApplicationStrategyNetwork.monitoringServer.app[5],packetSent:count,source,packetSent,,,,,,,
RR_T1-0-20260914-20:14:46-833,attr,ApplicationStrategyNetwork.monitoringServer.app[5],packetSent:count,title,"packets sent, count",,,,,,,
RR_T1-0-20260914-20:14:46-833,scalar,ApplicationStrategyNetwork.monitoringServer.app[6],packetReceived:count,,,599,,,,,,
RR_T1-0-20260914-20:14:46-833,attr,ApplicationStrategyNetwork.monitoringServer.app[6],packetReceived:count,interpolationmode,none,,,,,,,
RR_T1-0-20260914-20:14:46-833,attr,ApplicationStrategyNetwork.monitoringServer.app[6],packetReceived:count,recordingmode,count,,,,,,,
RR_T1-0-20260914-20:14:46-833,attr,ApplicationStrategyNetwork.monitoringServer.app[6],packetReceived:count,source,packetReceived,,,,,,,
RR_T1-0-20260914-20:14:46-833,attr,ApplicationStrategyNetwork.monitoringServer.app[6],packetReceived:count,title,"packets received, count",,,,,,,
RR_T1-0-20260914-20:14:46-833,scalar,ApplicationStrategyNetwork.monitoringServer.app[6],packetSent:count,,,599,,,,,,
RR_T1-0-20260914-20:14:46-833,attr,ApplicationStrategyNetwork.monitoringServer.app[6],packetSent:count,interpolationmode,none,,,,,,,
RR_T1-0-20260914-20:14:46-833,attr,ApplicationStrategyNetwork.monitoringServer.app[6],packetSent:count,recordingmode,count,,,,,,,
RR_T1-0-20260914-20:14:46-833,attr,ApplicationStrategyNetwork.monitoringServer.app[6],packetSent:count,source,packetSent,,,,,,,
RR_T1-0-20260914-20:14:46-833,attr,ApplicationStrategyNetwork.monitoringServer.app[6],packetSent:count,title,"packets sent, count",,,,,,,
RR_T1-0-20260914-20:14:46-833,scalar,ApplicationStrategyNetwork.monitoringServer.app[7],packetReceived:count,,,599,,,,,,
RR_T1-0-20260914-20:14:46-833,attr,ApplicationStrategyNetwork.monitoringServer.app[7],packetReceived:count,interpolationmode,none,,,,,,,
RR_T1-0-20260914-20:14:46-833,attr,ApplicationStrategyNetwork.monitoringServer.app[7],packetReceived:count,recordingmode,count,,,,,,,
RR_T1-0-20260914-20:14:46-833,attr,ApplicationStrategyNetwork.monitoringServer.app[7],packetReceived:count,source,packetReceived,,,,,,,
RR_T1-0-20260914-20:14:46-833,attr,ApplicationStrategyNetwork.monitoringServer.app[7],packetReceived:count,title,"packets received, count",,,,,,,
RR_T1-0-20260914-20:14:46-833,scalar,ApplicationStrategyNetwork.monitoringServer.app[7],packetSent:count,,,599,,,,,,
RR_T1-0-20260914-20:14:46-833,attr,ApplicationStrategyNetwork.monitoringServer.app[7],packetSent:count,interpolationmode,none,,,,,,,
RR_T1-0-20260914-20:14:46-833,attr,ApplicationStrategyNetwork.monitoringServer.app[7],packetSent:count,recordingmode,count,,,,,,,
RR_T1-0-20260914-20:14:46-833,attr,ApplicationStrategyNetwork.monitoringServer.app[7],packetSent:count,source,packetSent,,,,,,,
RR_T1-0-20260914-20:14:46-833,attr,ApplicationStrategyNetwork.monitoringServer.app[7],packetSent:count,title,"packets sent, count",,,,,,,
RR_T1-0-20260914-20:14:46-833,scalar,ApplicationStrategyNetwork.monitoringServer.app[8],packetReceived:count,,,599,,,,,,
RR_T1-0-20260914-20:14:46-833,attr,ApplicationStrategyNetwork.monitoringServer.app[8],packetReceived:count,interpolationmode,none,,,,,,,
RR_T1-0-20260914-20:14:46-833,attr,ApplicationStrategyNetwork.monitoringServer.app[8],packetReceived:count,recordingmode,count,,,,,,,
RR_T1-0-20260914-20:14:46-833,attr,ApplicationStrategyNetwork.monitoringServer.app[8],packetReceived:count,source,packetReceived,,,,,,,
RR_T1-0-20260914-20:14:46-833,attr,ApplicationStrategyNetwork.monitoringServer.app[8],packetReceived:count,title,"packets received, count",,,,,,,
RR_T1-0-20260914-20:14:46-833,scalar,ApplicationStrategyNetwork.monitoringServer.app[8],packetSent:count,,,599,,,,,,
RR_T1-0-20260914-20:14:46-833,attr,ApplicationStrategyNetwork.monitoringServer.app[8],packetSent:count,interpolationmode,none,,,,,,,
RR_T1-0-20260914-20:14:46-833,attr,ApplicationStrategyNetwork.monitoringServer.app[8],packetSent:count,recordingmode,count,,,,,,,
RR_T1-0-20260914-20:14:46-833,attr,ApplicationStrategyNetwork.monitoringServer.app[8],packetSent:count,source,packetSent,,,,,,,
RR_T1-0-20260914-20:14:46-833,attr,ApplicationStrategyNetwork.monitoringServer.app[8],packetSent:count,title,"packets sent, count",,,,,,,
RR_T1-0-20260914-20:14:46-833,scalar,ApplicationStrategyNetwork.monitoringServer.app[9],packetReceived:count,,,599,,,,,,
RR_T1-0-20260914-20:14:46-833,attr,ApplicationStrategyNetwork.monitoringServer.app[9],packetReceived:count,interpolationmode,none,,,,,,,
RR_T1-0-20260914-20:14:46-833,attr,ApplicationStrategyNetwork.monitoringServer.app[9],packetReceived:count,recordingmode,count,,,,,,,
RR_T1-0-20260914-20:14:46-833,attr,ApplicationStrategyNetwork.monitoringServer.app[9],packetReceived:count,source,packetReceived,,,,,,,
RR_T1-0-20260914-20:14:46-833,attr,ApplicationStrategyNetwork.monitoringServer.app[9],packetReceived:count,title,"packets received, count",,,,,,,
RR_T1-0-20260914-20:14:46-833,scalar,ApplicationStrategyNetwork.monitoringServer.app[9],packetSent:count,,,599,,,,,,
RR_T1-0-20260914-20:14:46-833,attr,ApplicationStrategyNetwork.monitoringServer.app[9],packetSent:count,interpolationmode,none,,,,,,,
RR_T1-0-20260914-20:14:46-833,attr,ApplicationStrategyNetwork.monitoringServer.app[9],packetSent:count,recordingmode,count,,,,,,,
RR_T1-0-20260914-20:14:46-833,attr,ApplicationStrategyNetwork.monitoringServer.app[9],packetSent:count,source,packetSent,,,,,,,
RR_T1-0-20260914-20:14:46-833,attr,ApplicationStrategyNetwork.monitoringServer.app[9],packetSent:count,title,"packets sent, count",,,,,,,
RR_T1-0-20260914-20:14:46-833,scalar,ApplicationStrategyNetwork.monitoringServer.app[10],packetReceived:count,,,599,,,,,,
RR_T1-0-20260914-20:14:46-833,attr,ApplicationStrategyNetwork.monitoringServer.app[10],packetReceived:count,interpolationmode,none,,,,,,,
RR_T1-0-20260914-20:14:46-833,attr,ApplicationStrategyNetwork.monitoringServer.app[10],packetReceived:count,recordingmode,count,,,,,,,
RR_T1-0-20260914-20:14:46-833,attr,ApplicationStrategyNetwork.monitoringServer.app[10],packetReceived:count,source,packetReceived,,,,,,,
RR_T1-0-20260914-20:14:46-833,attr,ApplicationStrategyNetwork.monitoringServer.app[10],packetReceived:count,title,"packets received, count",,,,,,,
RR_T1-0-20260914-20:14:46-833,scalar,ApplicationStrategyNetwork.monitoringServer.app[10],packetSent:count,,,599,,,,,,
RR_T1-0-20260914-20:14:46-833,attr,ApplicationStrategyNetwork.monitoringServer.app[10],packetSent:count,interpolationmode,none,,,,,,,
RR_T1-0-20260914-20:14:46-833,attr,ApplicationStrategyNetwork.monitoringServer.app[10],packetSent:count,recordingmode,count,,,,,,,
RR_T1-0-20260914-20:14:46-833,attr,ApplicationStrategyNetwork.monitoringServer.app[10],packetSent:count,source,packetSent,,,,,,,
RR_T1-0-20260914-20:14:46-833,attr,ApplicationStrategyNetwork.monitoringServer.app[10],packetSent:count,title,"packets sent, count",,,,,,,
RR_T1-0-20260914-20:14:46-833,scalar,ApplicationStrategyNetwork.monitoringServer.app[11],packetReceived:count,,,599,,,,,,
RR_T1-0-20260914-20:14:46-833,attr,ApplicationStrategyNetwork.monitoringServer.app[11],packetReceived:count,interpolationmode,none,,,,,,,
RR_T1-0-20260914-20:14:46-833,attr,ApplicationStrategyNetwork.monitoringServer.app[11],packetReceived:count,recordingmode,count,,,,,,,
RR_T1-0-20260914-20:14:46-833,attr,ApplicationStrategyNetwork.monitoringServer.app[11],packetReceived:count,source,packetReceived,,,,,,,
RR_T1-0-20260914-20:14:46-833,attr,ApplicationStrategyNetwork.monitoringServer.app[11],packetReceived:count,title,"packets received, count",,,,,,,
RR_T1-0-20260914-20:14:46-833,scalar,ApplicationStrategyNetwork.monitoringServer.app[11],packetSent:count,,,599,,,,,,
RR_T1-0-20260914-20:14:46-833,attr,ApplicationStrategyNetwork.monitoringServer.app[11],packetSent:count,interpolationmode,none,,,,,,,
RR_T1-0-20260914-20:14:46-833,attr,ApplicationStrategyNetwork.monitoringServer.app[11],packetSent:count,recordingmode,count,,,,,,,
RR_T1-0-20260914-20:14:46-833,attr,ApplicationStrategyNetwork.monitoringServer.app[11],packetSent:count,source,packetSent,,,,,,,
RR_T1-0-20260914-20:14:46-833,attr,ApplicationStrategyNetwork.monitoringServer.app[11],packetSent:count,title,"packets sent, count",,,,,,,
RR_T1-1-20260914-20:15:19-840,scalar,ApplicationStrategyNetwork.sensor[0].app[0],echoedPk:count,,,599,,,,,,
RR_T1-1-20260914-20:15:19-840,attr,ApplicationStrategyNetwork.sensor[0].app[0],echoedPk:count,interpolationmode,none,,,,,,,
RR_T1-1-20260914-20:15:19-840,attr,ApplicationStrategyNetwork.sensor[0].app[0],echoedPk:count,recordingmode,count,,,,,,,
RR_T1-1-20260914-20:15:19-840,attr,ApplicationStrategyNetwork.sensor[0].app[0],echoedPk:count,source,packetSent,,,,,,,
RR_T1-1-20260914-20:15:19-840,attr,ApplicationStrategyNetwork.sensor[0].app[0],echoedPk:count,title,"packets echoed, count",,,,,,,
RR_T1-1-20260914-20:15:19-840,scalar,ApplicationStrategyNetwork.sensor[1].app[0],echoedPk:count,,,599,,,,,,
RR_T1-1-20260914-20:15:19-840,attr,ApplicationStrategyNetwork.sensor[1].app[0],echoedPk:count,interpolationmode,none,,,,,,,
RR_T1-1-20260914-20:15:19-840,attr,ApplicationStrategyNetwork.sensor[1].app[0],echoedPk:count,recordingmode,count,,,,,,,
RR_T1-1-20260914-20:15:19-840,attr,ApplicationStrategyNetwork.sensor[1].app[0],echoedPk:count,source,packetSent,,,,,,,
RR_T1-1-20260914-20:15:19-840,attr,ApplicationStrategyNetwork.sensor[1].app[0],echoedPk:count,title,"packets echoed, count",,,,,,,
RR_T1-1-20260914-20:15:19-840,scalar,ApplicationStrategyNetwork.sensor[2].app[0],echoedPk:count,,,599,,,,,,
RR_T1-1-20260914-20:15:19-840,attr,ApplicationStrategyNetwork.sensor[2].app[0],echoedPk:count,interpolationmode,none,,,,,,,
RR_T1-1-20260914-20:15:19-840,attr,ApplicationStrategyNetwork.sensor[2].app[0],echoedPk:count,recordingmode,count,,,,,,,
RR_T1-1-20260914-20:15:19-840,attr,ApplicationStrategyNetwork.sensor[2].app[0],echoedPk:count,source,packetSent,,,,,,,
RR_T1-1-20260914-20:15:19-840,attr,ApplicationStrategyNetwork.sensor[2].app[0],echoedPk:count,title,"packets echoed, count",,,,,,,
RR_T1-1-20260914-20:15:19-840,scalar,ApplicationStrategyNetwork.sensor[3].app[0],echoedPk:count,,,599,,,,,,
RR_T1-1-20260914-20:15:19-840,attr,ApplicationStrategyNetwork.sensor[3].app[0],echoedPk:count,interpolationmode,none,,,,,,,
RR_T1-1-20260914-20:15:19-840,attr,ApplicationStrategyNetwork.sensor[3].app[0],echoedPk:count,recordingmode,count,,,,,,,
RR_T1-1-20260914-20:15:19-840,attr,ApplicationStrategyNetwork.sensor[3].app[0],echoedPk:count,source,packetSent,,,,,,,
RR_T1-1-20260914-20:15:19-840,attr,ApplicationStrategyNetwork.sensor[3].app[0],echoedPk:count,title,"packets echoed, count",,,,,,,
RR_T1-1-20260914-20:15:19-840,scalar,ApplicationStrategyNetwork.sensor[4].app[0],echoedPk:count,,,599,,,,,,
RR_T1-1-20260914-20:15:19-840,attr,ApplicationStrategyNetwork.sensor[4].app[0],echoedPk:count,interpolationmode,none,,,,,,,
RR_T1-1-20260914-20:15:19-840,attr,ApplicationStrategyNetwork.sensor[4].app[0],echoedPk:count,recordingmode,count,,,,,,,
RR_T1-1-20260914-20:15:19-840,attr,ApplicationStrategyNetwork.sensor[4].app[0],echoedPk:count,source,packetSent,,,,,,,
RR_T1-1-20260914-20:15:19-840,attr,ApplicationStrategyNetwork.sensor[4].app[0],echoedPk:count,title,"packets echoed, count",,,,,,,
RR_T1-1-20260914-20:15:19-840,scalar,ApplicationStrategyNetwork.sensor[5].app[0],echoedPk:count,,,599,,,,,,
RR_T1-1-20260914-20:15:19-840,attr,ApplicationStrategyNetwork.sensor[5].app[0],echoedPk:count,interpolationmode,none,,,,,,,
RR_T1-1-20260914-20:15:19-840,attr,ApplicationStrategyNetwork.sensor[5].app[0],echoedPk:count,recordingmode,count,,,,,,,
RR_T1-1-20260914-20:15:19-840,attr,ApplicationStrategyNetwork.sensor[5].app[0],echoedPk:count,source,packetSent,,,,,,,
RR_T1-1-20260914-20:15:19-840,attr,ApplicationStrategyNetwork.sensor[5].app[0],echoedPk:count,title,"packets echoed, count",,,,,,,
RR_T1-1-20260914-20:15:19-840,scalar,ApplicationStrategyNetwork.sensor[6].app[0],echoedPk:count,,,599,,,,,,
RR_T1-1-20260914-20:15:19-840,attr,ApplicationStrategyNetwork.sensor[6].app[0],echoedPk:count,interpolationmode,none,,,,,,,
RR_T1-1-20260914-20:15:19-840,attr,ApplicationStrategyNetwork.sensor[6].app[0],echoedPk:count,recordingmode,count,,,,,,,
RR_T1-1-20260914-20:15:19-840,attr,ApplicationStrategyNetwork.sensor[6].app[0],echoedPk:count,source,packetSent,,,,,,,
RR_T1-1-20260914-20:15:19-840,attr,ApplicationStrategyNetwork.sensor[6].app[0],echoedPk:count,title,"packets echoed, count",,,,,,,
RR_T1-1-20260914-20:15:19-840,scalar,ApplicationStrategyNetwork.sensor[7].app[0],echoedPk:count,,,599,,,,,,
RR_T1-1-20260914-20:15:19-840,attr,ApplicationStrategyNetwork.sensor[7].app[0],echoedPk:count,interpolationmode,none,,,,,,,
RR_T1-1-20260914-20:15:19-840,attr,ApplicationStrategyNetwork.sensor[7].app[0],echoedPk:count,recordingmode,count,,,,,,,
RR_T1-1-20260914-20:15:19-840,attr,ApplicationStrategyNetwork.sensor[7].app[0],echoedPk:count,source,packetSent,,,,,,,
RR_T1-1-20260914-20:15:19-840,attr,ApplicationStrategyNetwork.sensor[7].app[0],echoedPk:count,title,"packets echoed, count",,,,,,,
RR_T1-1-20260914-20:15:19-840,scalar,ApplicationStrategyNetwork.sensor[8].app[0],echoedPk:count,,,599,,,,,,
RR_T1-1-20260914-20:15:19-840,attr,ApplicationStrategyNetwork.sensor[8].app[0],echoedPk:count,interpolationmode,none,,,,,,,
RR_T1-1-20260914-20:15:19-840,attr,ApplicationStrategyNetwork.sensor[8].app[0],echoedPk:count,recordingmode,count,,,,,,,
RR_T1-1-20260914-20:15:19-840,attr,ApplicationStrategyNetwork.sensor[8].app[0],echoedPk:count,source,packetSent,,,,,,,
RR_T1-1-20260914-20:15:19-840,attr,ApplicationStrategyNetwork.sensor[8].app[0],echoedPk:count,title,"packets echoed, count",,,,,,,
RR_T1-1-20260914-20:15:19-840,scalar,ApplicationStrategyNetwork.sensor[9].app[0],echoedPk:count,,,599,,,,,,
RR_T1-1-20260914-20:15:19-840,attr,ApplicationStrategyNetwork.sensor[9].app[0],echoedPk:count,interpolationmode,none,,,,,,,
RR_T1-1-20260914-20:15:19-840,attr,ApplicationStrategyNetwork.sensor[9].app[0],echoedPk:count,recordingmode,count,,,,,,,
RR_T1-1-20260914-20:15:19-840,attr,ApplicationStrategyNetwork.sensor[9].app[0],echoedPk:count,source,packetSent,,,,,,,
RR_T1-1-20260914-20:15:19-840,attr,ApplicationStrategyNetwork.sensor[9].app[0],echoedPk:count,title,"packets echoed, count",,,,,,,
RR_T1-1-20260914-20:15:19-840,scalar,ApplicationStrategyNetwork.sensor[10].app[0],echoedPk:count,,,599,,,,,,
RR_T1-1-20260914-20:15:19-840,attr,ApplicationStrategyNetwork.sensor[10].app[0],echoedPk:count,interpolationmode,none,,,,,,,
RR_T1-1-20260914-20:15:19-840,attr,ApplicationStrategyNetwork.sensor[10].app[0],echoedPk:count,recordingmode,count,,,,,,,
RR_T1-1-20260914-20:15:19-840,attr,ApplicationStrategyNetwork.sensor[10].app[0],echoedPk:count,source,packetSent,,,,,,,
RR_T1-1-20260914-20:15:19-840,attr,ApplicationStrategyNetwork.sensor[10].app[0],echoedPk:count,title,"packets echoed, count",,,,,,,
RR_T1-1-20260914-20:15:19-840,scalar,ApplicationStrategyNetwork.sensor[11].app[0],echoedPk:count,,,599,,,,,,
RR_T1-1-20260914-20:15:19-840,attr,ApplicationStrategyNetwork.sensor[11].app[0],echoedPk:count,interpolationmode,none,,,,,,,
RR_T1-1-20260914-20:15:19-840,attr,ApplicationStrategyNetwork.sensor[11].app[0],echoedPk:count,recordingmode,count,,,,,,,
RR_T1-1-20260914-20:15:19-840,attr,ApplicationStrategyNetwork.sensor[11].app[0],echoedPk:count,source,packetSent,,,,,,,
RR_T1-1-20260914-20:15:19-840,attr,ApplicationStrategyNetwork.sensor[11].app[0],echoedPk:count,title,"packets echoed, count",,,,,,,
RR_T1-1-20260914-20:15:19-840,scalar,ApplicationStrategyNetwork.monitoringServer.app[0],packetReceived:count,,,599,,,,,,
RR_T1-1-20260914-20:15:19-840,attr,ApplicationStrategyNetwork.monitoringServer.app[0],packetReceived:count,interpolationmode,none,,,,,,,
RR_T1-1-20260914-20:15:19-840,attr,ApplicationStrategyNetwork.monitoringServer.app[0],packetReceived:count,recordingmode,count,,,,,,,
RR_T1-1-20260914-20:15:19-840,attr,ApplicationStrategyNetwork.monitoringServer.app[0],packetReceived:count,source,packetReceived,,,,,,,
RR_T1-1-20260914-20:15:19-840,attr,ApplicationStrategyNetwork.monitoringServer.app[0],packetReceived:count,title,"packets received, count",,,,,,,
RR_T1-1-20260914-20:15:19-840,scalar,ApplicationStrategyNetwork.monitoringServer.app[0],packetSent:count,,,599,,,,,,
RR_T1-1-20260914-20:15:19-840,attr,ApplicationStrategyNetwork.monitoringServer.app[0],packetSent:count,interpolationmode,none,,,,,,,
RR_T1-1-20260914-20:15:19-840,attr,ApplicationStrategyNetwork.monitoringServer.app[0],packetSent:count,recordingmode,count,,,,,,,
RR_T1-1-20260914-20:15:19-840,attr,ApplicationStrategyNetwork.monitoringServer.app[0],packetSent:count,source,packetSent,,,,,,,
RR_T1-1-20260914-20:15:19-840,attr,ApplicationStrategyNetwork.monitoringServer.app[0],packetSent:count,title,"packets sent, count",,,,,,,
RR_T1-1-20260914-20:15:19-840,scalar,ApplicationStrategyNetwork.monitoringServer.app[1],packetReceived:count,,,599,,,,,,
RR_T1-1-20260914-20:15:19-840,attr,ApplicationStrategyNetwork.monitoringServer.app[1],packetReceived:count,interpolationmode,none,,,,,,,
RR_T1-1-20260914-20:15:19-840,attr,ApplicationStrategyNetwork.monitoringServer.app[1],packetReceived:count,recordingmode,count,,,,,,,
RR_T1-1-20260914-20:15:19-840,attr,ApplicationStrategyNetwork.monitoringServer.app[1],packetReceived:count,source,packetReceived,,,,,,,
RR_T1-1-20260914-20:15:19-840,attr,ApplicationStrategyNetwork.monitoringServer.app[1],packetReceived:count,title,"packets received, count",,,,,,,
RR_T1-1-20260914-20:15:19-840,scalar,ApplicationStrategyNetwork.monitoringServer.app[1],packetSent:count,,,599,,,,,,
RR_T1-1-20260914-20:15:19-840,attr,ApplicationStrategyNetwork.monitoringServer.app[1],packetSent:count,interpolationmode,none,,,,,,,
RR_T1-1-20260914-20:15:19-840,attr,ApplicationStrategyNetwork.monitoringServer.app[1],packetSent:count,recordingmode,count,,,,,,,
RR_T1-1-20260914-20:15:19-840,attr,ApplicationStrategyNetwork.monitoringServer.app[1],packetSent:count,source,packetSent,,,,,,,
RR_T1-1-20260914-20:15:19-840,attr,ApplicationStrategyNetwork.monitoringServer.app[1],packetSent:count,title,"packets sent, count",,,,,,,
RR_T1-1-20260914-20:15:19-840,scalar,ApplicationStrategyNetwork.monitoringServer.app[2],packetReceived:count,,,599,,,,,,
RR_T1-1-20260914-20:15:19-840,attr,ApplicationStrategyNetwork.monitoringServer.app[2],packetReceived:count,interpolationmode,none,,,,,,,
RR_T1-1-20260914-20:15:19-840,attr,ApplicationStrategyNetwork.monitoringServer.app[2],packetReceived:count,recordingmode,count,,,,,,,
RR_T1-1-20260914-20:15:19-840,attr,ApplicationStrategyNetwork.monitoringServer.app[2],packetReceived:count,source,packetReceived,,,,,,,
RR_T1-1-20260914-20:15:19-840,attr,ApplicationStrategyNetwork.monitoringServer.app[2],packetReceived:count,title,"packets received, count",,,,,,,
RR_T1-1-20260914-20:15:19-840,scalar,ApplicationStrategyNetwork.monitoringServer.app[2],packetSent:count,,,599,,,,,,
RR_T1-1-20260914-20:15:19-840,attr,ApplicationStrategyNetwork.monitoringServer.app[2],packetSent:count,interpolationmode,none,,,,,,,
RR_T1-1-20260914-20:15:19-840,attr,ApplicationStrategyNetwork.monitoringServer.app[2],packetSent:count,recordingmode,count,,,,,,,
RR_T1-1-20260914-20:15:19-840,attr,ApplicationStrategyNetwork.monitoringServer.app[2],packetSent:count,source,packetSent,,,,,,,
RR_T1-1-20260914-20:15:19-840,attr,ApplicationStrategyNetwork.monitoringServer.app[2],packetSent:count,title,"packets sent, count",,,,,,,
RR_T1-1-20260914-20:15:19-840,scalar,ApplicationStrategyNetwork.monitoringServer.app[3],packetReceived:count,,,599,,,,,,
RR_T1-1-20260914-20:15:19-840,attr,ApplicationStrategyNetwork.monitoringServer.app[3],packetReceived:count,interpolationmode,none,,,,,,,
RR_T1-1-20260914-20:15:19-840,attr,ApplicationStrategyNetwork.monitoringServer.app[3],packetReceived:count,recordingmode,count,,,,,,,
RR_T1-1-20260914-20:15:19-840,attr,ApplicationStrategyNetwork.monitoringServer.app[3],packetReceived:count,source,packetReceived,,,,,,,
RR_T1-1-20260914-20:15:19-840,attr,ApplicationStrategyNetwork.monitoringServer.app[3],packetReceived:count,title,"packets received, count",,,,,,,
RR_T1-1-20260914-20:15:19-840,scalar,ApplicationStrategyNetwork.monitoringServer.app[3],packetSent:count,,,599,,,,,,
RR_T1-1-20260914-20:15:19-840,attr,ApplicationStrategyNetwork.monitoringServer.app[3],packetSent:count,interpolationmode,none,,,,,,,
RR_T1-1-20260914-20:15:19-840,attr,ApplicationStrategyNetwork.monitoringServer.app[3],packetSent:count,recordingmode,count,,,,,,,
RR_T1-1-20260914-20:15:19-840,attr,ApplicationStrategyNetwork.monitoringServer.app[3],packetSent:count,source,packetSent,,,,,,,
RR_T1-1-20260914-20:15:19-840,attr,ApplicationStrategyNetwork.monitoringServer.app[3],packetSent:count,title,"packets sent, count",,,,,,,
RR_T1-1-20260914-20:15:19-840,scalar,ApplicationStrategyNetwork.monitoringServer.app[4],packetReceived:count,,,599,,,,,,
RR_T1-1-20260914-20:15:19-840,attr,ApplicationStrategyNetwork.monitoringServer.app[4],packetReceived:count,interpolationmode,none,,,,,,,
RR_T1-1-20260914-20:15:19-840,attr,ApplicationStrategyNetwork.monitoringServer.app[4],packetReceived:count,recordingmode,count,,,,,,,
RR_T1-1-20260914-20:15:19-840,attr,ApplicationStrategyNetwork.monitoringServer.app[4],packetReceived:count,source,packetReceived,,,,,,,
RR_T1-1-20260914-20:15:19-840,attr,ApplicationStrategyNetwork.monitoringServer.app[4],packetReceived:count,title,"packets received, count",,,,,,,
RR_T1-1-20260914-20:15:19-840,scalar,ApplicationStrategyNetwork.monitoringServer.app[4],packetSent:count,,,599,,,,,,
RR_T1-1-20260914-20:15:19-840,attr,ApplicationStrategyNetwork.monitoringServer.app[4],packetSent:count,interpolationmode,none,,,,,,,
RR_T1-1-20260914-20:15:19-840,attr,ApplicationStrategyNetwork.monitoringServer.app[4],packetSent:count,recordingmode,count,,,,,,,
RR_T1-1-20260914-20:15:19-840,attr,ApplicationStrategyNetwork.monitoringServer.app[4],packetSent:count,source,packetSent,,,,,,,
RR_T1-1-20260914-20:15:19-840,attr,ApplicationStrategyNetwork.monitoringServer.app[4],packetSent:count,title,"packets sent, count",,,,,,,
RR_T1-1-20260914-20:15:19-840,scalar,ApplicationStrategyNetwork.monitoringServer.app[5],packetReceived:count,,,599,,,,,,
RR_T1-1-20260914-20:15:19-840,attr,ApplicationStrategyNetwork.monitoringServer.app[5],packetReceived:count,interpolationmode,none,,,,,,,
RR_T1-1-20260914-20:15:19-840,attr,ApplicationStrategyNetwork.monitoringServer.app[5],packetReceived:count,recordingmode,count,,,,,,,
RR_T1-1-20260914-20:15:19-840,attr,ApplicationStrategyNetwork.monitoringServer.app[5],packetReceived:count,source,packetReceived,,,,,,,
RR_T1-1-20260914-20:15:19-840,attr,ApplicationStrategyNetwork.monitoringServer.app[5],packetReceived:count,title,"packets received, count",,,,,,,
RR_T1-1-20260914-20:15:19-840,scalar,ApplicationStrategyNetwork.monitoringServer.app[5],packetSent:count,,,599,,,,,,
RR_T1-1-20260914-20:15:19-840,attr,ApplicationStrategyNetwork.monitoringServer.app[5],packetSent:count,interpolationmode,none,,,,,,,
RR_T1-1-20260914-20:15:19-840,attr,ApplicationStrategyNetwork.monitoringServer.app[5],packetSent:count,recordingmode,count,,,,,,,
RR_T1-1-20260914-20:15:19-840,attr,ApplicationStrategyNetwork.monitoringServer.app[5],packetSent:count,source,packetSent,,,,,,,
RR_T1-1-20260914-20:15:19-840,attr,ApplicationStrategyNetwork.monitoringServer.app[5],packetSent:count,title,"packets sent, count",,,,,,,
RR_T1-1-20260914-20:15:19-840,scalar,ApplicationStrategyNetwork.monitoringServer.app[6],packetReceived:count,,,599,,,,,,
RR_T1-1-20260914-20:15:19-840,attr,ApplicationStrategyNetwork.monitoringServer.app[6],packetReceived:count,interpolationmode,none,,,,,,,
RR_T1-1-20260914-20:15:19-840,attr,ApplicationStrategyNetwork.monitoringServer.app[6],packetReceived:count,recordingmode,count,,,,,,,
RR_T1-1-20260914-20:15:19-840,attr,ApplicationStrategyNetwork.monitoringServer.app[6],packetReceived:count,source,packetReceived,,,,,,,
RR_T1-1-20260914-20:15:19-840,attr,ApplicationStrategyNetwork.monitoringServer.app[6],packetReceived:count,title,"packets received, count",,,,,,,
RR_T1-1-20260914-20:15:19-840,scalar,ApplicationStrategyNetwork.monitoringServer.app[6],packetSent:count,,,599,,,,,,
RR_T1-1-20260914-20:15:19-840,attr,ApplicationStrategyNetwork.monitoringServer.app[6],packetSent:count,interpolationmode,none,,,,,,,
RR_T1-1-20260914-20:15:19-840,attr,ApplicationStrategyNetwork.monitoringServer.app[6],packetSent:count,recordingmode,count,,,,,,,
RR_T1-1-20260914-20:15:19-840,attr,ApplicationStrategyNetwork.monitoringServer.app[6],packetSent:count,source,packetSent,,,,,,,
RR_T1-1-20260914-20:15:19-840,attr,ApplicationStrategyNetwork.monitoringServer.app[6],packetSent:count,title,"packets sent, count",,,,,,,
RR_T1-1-20260914-20:15:19-840,scalar,ApplicationStrategyNetwork.monitoringServer.app[7],packetReceived:count,,,599,,,,,,
RR_T1-1-20260914-20:15:19-840,attr,ApplicationStrategyNetwork.monitoringServer.app[7],packetReceived:count,interpolationmode,none,,,,,,,
RR_T1-1-20260914-20:15:19-840,attr,ApplicationStrategyNetwork.monitoringServer.app[7],packetReceived:count,recordingmode,count,,,,,,,
RR_T1-1-20260914-20:15:19-840,attr,ApplicationStrategyNetwork.monitoringServer.app[7],packetReceived:count,source,packetReceived,,,,,,,
RR_T1-1-20260914-20:15:19-840,attr,ApplicationStrategyNetwork.monitoringServer.app[7],packetReceived:count,title,"packets received, count",,,,,,,
RR_T1-1-20260914-20:15:19-840,scalar,ApplicationStrategyNetwork.monitoringServer.app[7],packetSent:count,,,599,,,,,,
RR_T1-1-20260914-20:15:19-840,attr,ApplicationStrategyNetwork.monitoringServer.app[7],packetSent:count,interpolationmode,none,,,,,,,
RR_T1-1-20260914-20:15:19-840,attr,ApplicationStrategyNetwork.monitoringServer.app[7],packetSent:count,recordingmode,count,,,,,,,
RR_T1-1-20260914-20:15:19-840,attr,ApplicationStrategyNetwork.monitoringServer.app[7],packetSent:count,source,packetSent,,,,,,,
RR_T1-1-20260914-20:15:19-840,attr,ApplicationStrategyNetwork.monitoringServer.app[7],packetSent:count,title,"packets sent, count",,,,,,,
RR_T1-1-20260914-20:15:19-840,scalar,ApplicationStrategyNetwork.monitoringServer.app[8],packetReceived:count,,,599,,,,,,
RR_T1-1-20260914-20:15:19-840,attr,ApplicationStrategyNetwork.monitoringServer.app[8],packetReceived:count,interpolationmode,none,,,,,,,
RR_T1-1-20260914-20:15:19-840,attr,ApplicationStrategyNetwork.monitoringServer.app[8],packetReceived:count,recordingmode,count,,,,,,,
RR_T1-1-20260914-20:15:19-840,attr,ApplicationStrategyNetwork.monitoringServer.app[8],packetReceived:count,source,packetReceived,,,,,,,
RR_T1-1-20260914-20:15:19-840,attr,ApplicationStrategyNetwork.monitoringServer.app[8],packetReceived:count,title,"packets received, count",,,,,,,
RR_T1-1-20260914-20:15:19-840,scalar,ApplicationStrategyNetwork.monitoringServer.app[8],packetSent:count,,,599,,,,,,
RR_T1-1-20260914-20:15:19-840,attr,ApplicationStrategyNetwork.monitoringServer.app[8],packetSent:count,interpolationmode,none,,,,,,,
RR_T1-1-20260914-20:15:19-840,attr,ApplicationStrategyNetwork.monitoringServer.app[8],packetSent:count,recordingmode,count,,,,,,,
RR_T1-1-20260914-20:15:19-840,attr,ApplicationStrategyNetwork.monitoringServer.app[8],packetSent:count,source,packetSent,,,,,,,
RR_T1-1-20260914-20:15:19-840,attr,ApplicationStrategyNetwork.monitoringServer.app[8],packetSent:count,title,"packets sent, count",,,,,,,
RR_T1-1-20260914-20:15:19-840,scalar,ApplicationStrategyNetwork.monitoringServer.app[9],packetReceived:count,,,599,,,,,,
RR_T1-1-20260914-20:15:19-840,attr,ApplicationStrategyNetwork.monitoringServer.app[9],packetReceived:count,interpolationmode,none,,,,,,,
RR_T1-1-20260914-20:15:19-840,attr,ApplicationStrategyNetwork.monitoringServer.app[9],packetReceived:count,recordingmode,count,,,,,,,
RR_T1-1-20260914-20:15:19-840,attr,ApplicationStrategyNetwork.monitoringServer.app[9],packetReceived:count,source,packetReceived,,,,,,,
RR_T1-1-20260914-20:15:19-840,attr,ApplicationStrategyNetwork.monitoringServer.app[9],packetReceived:count,title,"packets received, count",,,,,,,
RR_T1-1-20260914-20:15:19-840,scalar,ApplicationStrategyNetwork.monitoringServer.app[9],packetSent:count,,,599,,,,,,
RR_T1-1-20260914-20:15:19-840,attr,ApplicationStrategyNetwork.monitoringServer.app[9],packetSent:count,interpolationmode,none,,,,,,,
RR_T1-1-20260914-20:15:19-840,attr,ApplicationStrategyNetwork.monitoringServer.app[9],packetSent:count,recordingmode,count,,,,,,,
RR_T1-1-20260914-20:15:19-840,attr,ApplicationStrategyNetwork.monitoringServer.app[9],packetSent:count,source,packetSent,,,,,,,
RR_T1-1-20260914-20:15:19-840,attr,ApplicationStrategyNetwork.monitoringServer.app[9],packetSent:count,title,"packets sent, count",,,,,,,
RR_T1-1-20260914-20:15:19-840,scalar,ApplicationStrategyNetwork.monitoringServer.app[10],packetReceived:count,,,599,,,,,,
RR_T1-1-20260914-20:15:19-840,attr,ApplicationStrategyNetwork.monitoringServer.app[10],packetReceived:count,interpolationmode,none,,,,,,,
RR_T1-1-20260914-20:15:19-840,attr,ApplicationStrategyNetwork.monitoringServer.app[10],packetReceived:count,recordingmode,count,,,,,,,
RR_T1-1-20260914-20:15:19-840,attr,ApplicationStrategyNetwork.monitoringServer.app[10],packetReceived:count,source,packetReceived,,,,,,,
RR_T1-1-20260914-20:15:19-840,attr,ApplicationStrategyNetwork.monitoringServer.app[10],packetReceived:count,title,"packets received, count",,,,,,,
RR_T1-1-20260914-20:15:19-840,scalar,ApplicationStrategyNetwork.monitoringServer.app[10],packetSent:count,,,599,,,,,,
RR_T1-1-20260914-20:15:19-840,attr,ApplicationStrategyNetwork.monitoringServer.app[10],packetSent:count,interpolationmode,none,,,,,,,
RR_T1-1-20260914-20:15:19-840,attr,ApplicationStrategyNetwork.monitoringServer.app[10],packetSent:count,recordingmode,count,,,,,,,
RR_T1-1-20260914-20:15:19-840,attr,ApplicationStrategyNetwork.monitoringServer.app[10],packetSent:count,source,packetSent,,,,,,,
RR_T1-1-20260914-20:15:19-840,attr,ApplicationStrategyNetwork.monitoringServer.app[10],packetSent:count,title,"packets sent, count",,,,,,,
RR_T1-1-20260914-20:15:19-840,scalar,ApplicationStrategyNetwork.monitoringServer.app[11],packetReceived:count,,,599,,,,,,
RR_T1-1-20260914-20:15:19-840,attr,ApplicationStrategyNetwork.monitoringServer.app[11],packetReceived:count,interpolationmode,none,,,,,,,
RR_T1-1-20260914-20:15:19-840,attr,ApplicationStrategyNetwork.monitoringServer.app[11],packetReceived:count,recordingmode,count,,,,,,,
RR_T1-1-20260914-20:15:19-840,attr,ApplicationStrategyNetwork.monitoringServer.app[11],packetReceived:count,source,packetReceived,,,,,,,
RR_T1-1-20260914-20:15:19-840,attr,ApplicationStrategyNetwork.monitoringServer.app[11],packetReceived:count,title,"packets received, count",,,,,,,
RR_T1-1-20260914-20:15:19-840,scalar,ApplicationStrategyNetwork.monitoringServer.app[11],packetSent:count,,,599,,,,,,
RR_T1-1-20260914-20:15:19-840,attr,ApplicationStrategyNetwork.monitoringServer.app[11],packetSent:count,interpolationmode,none,,,,,,,
RR_T1-1-20260914-20:15:19-840,attr,ApplicationStrategyNetwork.monitoringServer.app[11],packetSent:count,recordingmode,count,,,,,,,
RR_T1-1-20260914-20:15:19-840,attr,ApplicationStrategyNetwork.monitoringServer.app[11],packetSent:count,source,packetSent,,,,,,,
RR_T1-1-20260914-20:15:19-840,attr,ApplicationStrategyNetwork.monitoringServer.app[11],packetSent:count,title,"packets sent, count",,,,,,,
RR_T1-2-20260914-20:15:41-846,scalar,ApplicationStrategyNetwork.sensor[0].app[0],echoedPk:count,,,599,,,,,,
RR_T1-2-20260914-20:15:41-846,attr,ApplicationStrategyNetwork.sensor[0].app[0],echoedPk:count,interpolationmode,none,,,,,,,
RR_T1-2-20260914-20:15:41-846,attr,ApplicationStrategyNetwork.sensor[0].app[0],echoedPk:count,recordingmode,count,,,,,,,
RR_T1-2-20260914-20:15:41-846,attr,ApplicationStrategyNetwork.sensor[0].app[0],echoedPk:count,source,packetSent,,,,,,,
RR_T1-2-20260914-20:15:41-846,attr,ApplicationStrategyNetwork.sensor[0].app[0],echoedPk:count,title,"packets echoed, count",,,,,,,
RR_T1-2-20260914-20:15:41-846,scalar,ApplicationStrategyNetwork.sensor[1].app[0],echoedPk:count,,,599,,,,,,
RR_T1-2-20260914-20:15:41-846,attr,ApplicationStrategyNetwork.sensor[1].app[0],echoedPk:count,interpolationmode,none,,,,,,,
RR_T1-2-20260914-20:15:41-846,attr,ApplicationStrategyNetwork.sensor[1].app[0],echoedPk:count,recordingmode,count,,,,,,,
RR_T1-2-20260914-20:15:41-846,attr,ApplicationStrategyNetwork.sensor[1].app[0],echoedPk:count,source,packetSent,,,,,,,
RR_T1-2-20260914-20:15:41-846,attr,ApplicationStrategyNetwork.sensor[1].app[0],echoedPk:count,title,"packets echoed, count",,,,,,,
RR_T1-2-20260914-20:15:41-846,scalar,ApplicationStrategyNetwork.sensor[2].app[0],echoedPk:count,,,599,,,,,,
RR_T1-2-20260914-20:15:41-846,attr,ApplicationStrategyNetwork.sensor[2].app[0],echoedPk:count,interpolationmode,none,,,,,,,
RR_T1-2-20260914-20:15:41-846,attr,ApplicationStrategyNetwork.sensor[2].app[0],echoedPk:count,recordingmode,count,,,,,,,
RR_T1-2-20260914-20:15:41-846,attr,ApplicationStrategyNetwork.sensor[2].app[0],echoedPk:count,source,packetSent,,,,,,,
RR_T1-2-20260914-20:15:41-846,attr,ApplicationStrategyNetwork.sensor[2].app[0],echoedPk:count,title,"packets echoed, count",,,,,,,
RR_T1-2-20260914-20:15:41-846,scalar,ApplicationStrategyNetwork.sensor[3].app[0],echoedPk:count,,,599,,,,,,
RR_T1-2-20260914-20:15:41-846,attr,ApplicationStrategyNetwork.sensor[3].app[0],echoedPk:count,interpolationmode,none,,,,,,,
RR_T1-2-20260914-20:15:41-846,attr,ApplicationStrategyNetwork.sensor[3].app[0],echoedPk:count,recordingmode,count,,,,,,,
RR_T1-2-20260914-20:15:41-846,attr,ApplicationStrategyNetwork.sensor[3].app[0],echoedPk:count,source,packetSent,,,,,,,
RR_T1-2-20260914-20:15:41-846,attr,ApplicationStrategyNetwork.sensor[3].app[0],echoedPk:count,title,"packets echoed, count",,,,,,,
RR_T1-2-20260914-20:15:41-846,scalar,ApplicationStrategyNetwork.sensor[4].app[0],echoedPk:count,,,599,,,,,,
RR_T1-2-20260914-20:15:41-846,attr,ApplicationStrategyNetwork.sensor[4].app[0],echoedPk:count,interpolationmode,none,,,,,,,
RR_T1-2-20260914-20:15:41-846,attr,ApplicationStrategyNetwork.sensor[4].app[0],echoedPk:count,recordingmode,count,,,,,,,
RR_T1-2-20260914-20:15:41-846,attr,ApplicationStrategyNetwork.sensor[4].app[0],echoedPk:count,source,packetSent,,,,,,,
RR_T1-2-20260914-20:15:41-846,attr,ApplicationStrategyNetwork.sensor[4].app[0],echoedPk:count,title,"packets echoed, count",,,,,,,
RR_T1-2-20260914-20:15:41-846,scalar,ApplicationStrategyNetwork.sensor[5].app[0],echoedPk:count,,,599,,,,,,
RR_T1-2-20260914-20:15:41-846,attr,ApplicationStrategyNetwork.sensor[5].app[0],echoedPk:count,interpolationmode,none,,,,,,,
RR_T1-2-20260914-20:15:41-846,attr,ApplicationStrategyNetwork.sensor[5].app[0],echoedPk:count,recordingmode,count,,,,,,,
RR_T1-2-20260914-20:15:41-846,attr,ApplicationStrategyNetwork.sensor[5].app[0],echoedPk:count,source,packetSent,,,,,,,
RR_T1-2-20260914-20:15:41-846,attr,ApplicationStrategyNetwork.sensor[5].app[0],echoedPk:count,title,"packets echoed, count",,,,,,,
RR_T1-2-20260914-20:15:41-846,scalar,ApplicationStrategyNetwork.sensor[6].app[0],echoedPk:count,,,599,,,,,,
RR_T1-2-20260914-20:15:41-846,attr,ApplicationStrategyNetwork.sensor[6].app[0],echoedPk:count,interpolationmode,none,,,,,,,
RR_T1-2-20260914-20:15:41-846,attr,ApplicationStrategyNetwork.sensor[6].app[0],echoedPk:count,recordingmode,count,,,,,,,
RR_T1-2-20260914-20:15:41-846,attr,ApplicationStrategyNetwork.sensor[6].app[0],echoedPk:count,source,packetSent,,,,,,,
RR_T1-2-20260914-20:15:41-846,attr,ApplicationStrategyNetwork.sensor[6].app[0],echoedPk:count,title,"packets echoed, count",,,,,,,
RR_T1-2-20260914-20:15:41-846,scalar,ApplicationStrategyNetwork.sensor[7].app[0],echoedPk:count,,,599,,,,,,
RR_T1-2-20260914-20:15:41-846,attr,ApplicationStrategyNetwork.sensor[7].app[0],echoedPk:count,interpolationmode,none,,,,,,,
RR_T1-2-20260914-20:15:41-846,attr,ApplicationStrategyNetwork.sensor[7].app[0],echoedPk:count,recordingmode,count,,,,,,,
RR_T1-2-20260914-20:15:41-846,attr,ApplicationStrategyNetwork.sensor[7].app[0],echoedPk:count,source,packetSent,,,,,,,
RR_T1-2-20260914-20:15:41-846,attr,ApplicationStrategyNetwork.sensor[7].app[0],echoedPk:count,title,"packets echoed, count",,,,,,,
RR_T1-2-20260914-20:15:41-846,scalar,ApplicationStrategyNetwork.sensor[8].app[0],echoedPk:count,,,599,,,,,,
RR_T1-2-20260914-20:15:41-846,attr,ApplicationStrategyNetwork.sensor[8].app[0],echoedPk:count,interpolationmode,none,,,,,,,
RR_T1-2-20260914-20:15:41-846,attr,ApplicationStrategyNetwork.sensor[8].app[0],echoedPk:count,recordingmode,count,,,,,,,
RR_T1-2-20260914-20:15:41-846,attr,ApplicationStrategyNetwork.sensor[8].app[0],echoedPk:count,source,packetSent,,,,,,,
RR_T1-2-20260914-20:15:41-846,attr,ApplicationStrategyNetwork.sensor[8].app[0],echoedPk:count,title,"packets echoed, count",,,,,,,
RR_T1-2-20260914-20:15:41-846,scalar,ApplicationStrategyNetwork.sensor[9].app[0],echoedPk:count,,,599,,,,,,
RR_T1-2-20260914-20:15:41-846,attr,ApplicationStrategyNetwork.sensor[9].app[0],echoedPk:count,interpolationmode,none,,,,,,,
RR_T1-2-20260914-20:15:41-846,attr,ApplicationStrategyNetwork.sensor[9].app[0],echoedPk:count,recordingmode,count,,,,,,,
RR_T1-2-20260914-20:15:41-846,attr,ApplicationStrategyNetwork.sensor[9].app[0],echoedPk:count,source,packetSent,,,,,,,
RR_T1-2-20260914-20:15:41-846,attr,ApplicationStrategyNetwork.sensor[9].app[0],echoedPk:count,title,"packets echoed, count",,,,,,,
RR_T1-2-20260914-20:15:41-846,scalar,ApplicationStrategyNetwork.sensor[10].app[0],echoedPk:count,,,599,,,,,,
RR_T1-2-20260914-20:15:41-846,attr,ApplicationStrategyNetwork.sensor[10].app[0],echoedPk:count,interpolationmode,none,,,,,,,
RR_T1-2-20260914-20:15:41-846,attr,ApplicationStrategyNetwork.sensor[10].app[0],echoedPk:count,recordingmode,count,,,,,,,
RR_T1-2-20260914-20:15:41-846,attr,ApplicationStrategyNetwork.sensor[10].app[0],echoedPk:count,source,packetSent,,,,,,,
RR_T1-2-20260914-20:15:41-846,attr,ApplicationStrategyNetwork.sensor[10].app[0],echoedPk:count,title,"packets echoed, count",,,,,,,
RR_T1-2-20260914-20:15:41-846,scalar,ApplicationStrategyNetwork.sensor[11].app[0],echoedPk:count,,,599,,,,,,
RR_T1-2-20260914-20:15:41-846,attr,ApplicationStrategyNetwork.sensor[11].app[0],echoedPk:count,interpolationmode,none,,,,,,,
RR_T1-2-20260914-20:15:41-846,attr,ApplicationStrategyNetwork.sensor[11].app[0],echoedPk:count,recordingmode,count,,,,,,,
RR_T1-2-20260914-20:15:41-846,attr,ApplicationStrategyNetwork.sensor[11].app[0],echoedPk:count,source,packetSent,,,,,,,
RR_T1-2-20260914-20:15:41-846,attr,ApplicationStrategyNetwork.sensor[11].app[0],echoedPk:count,title,"packets echoed, count",,,,,,,
RR_T1-2-20260914-20:15:41-846,scalar,ApplicationStrategyNetwork.monitoringServer.app[0],packetReceived:count,,,599,,,,,,
RR_T1-2-20260914-20:15:41-846,attr,ApplicationStrategyNetwork.monitoringServer.app[0],packetReceived:count,interpolationmode,none,,,,,,,
RR_T1-2-20260914-20:15:41-846,attr,ApplicationStrategyNetwork.monitoringServer.app[0],packetReceived:count,recordingmode,count,,,,,,,
RR_T1-2-20260914-20:15:41-846,attr,ApplicationStrategyNetwork.monitoringServer.app[0],packetReceived:count,source,packetReceived,,,,,,,
RR_T1-2-20260914-20:15:41-846,attr,ApplicationStrategyNetwork.monitoringServer.app[0],packetReceived:count,title,"packets received, count",,,,,,,
RR_T1-2-20260914-20:15:41-846,scalar,ApplicationStrategyNetwork.monitoringServer.app[0],packetSent:count,,,599,,,,,,
RR_T1-2-20260914-20:15:41-846,attr,ApplicationStrategyNetwork.monitoringServer.app[0],packetSent:count,interpolationmode,none,,,,,,,
RR_T1-2-20260914-20:15:41-846,attr,ApplicationStrategyNetwork.monitoringServer.app[0],packetSent:count,recordingmode,count,,,,,,,
RR_T1-2-20260914-20:15:41-846,attr,ApplicationStrategyNetwork.monitoringServer.app[0],packetSent:count,source,packetSent,,,,,,,
RR_T1-2-20260914-20:15:41-846,attr,ApplicationStrategyNetwork.monitoringServer.app[0],packetSent:count,title,"packets sent, count",,,,,,,
RR_T1-2-20260914-20:15:41-846,scalar,ApplicationStrategyNetwork.monitoringServer.app[1],packetReceived:count,,,599,,,,,,
RR_T1-2-20260914-20:15:41-846,attr,ApplicationStrategyNetwork.monitoringServer.app[1],packetReceived:count,interpolationmode,none,,,,,,,
RR_T1-2-20260914-20:15:41-846,attr,ApplicationStrategyNetwork.monitoringServer.app[1],packetReceived:count,recordingmode,count,,,,,,,
RR_T1-2-20260914-20:15:41-846,attr,ApplicationStrategyNetwork.monitoringServer.app[1],packetReceived:count,source,packetReceived,,,,,,,
RR_T1-2-20260914-20:15:41-846,attr,ApplicationStrategyNetwork.monitoringServer.app[1],packetReceived:count,title,"packets received, count",,,,,,,
RR_T1-2-20260914-20:15:41-846,scalar,ApplicationStrategyNetwork.monitoringServer.app[1],packetSent:count,,,599,,,,,,
RR_T1-2-20260914-20:15:41-846,attr,ApplicationStrategyNetwork.monitoringServer.app[1],packetSent:count,interpolationmode,none,,,,,,,
RR_T1-2-20260914-20:15:41-846,attr,ApplicationStrategyNetwork.monitoringServer.app[1],packetSent:count,recordingmode,count,,,,,,,
RR_T1-2-20260914-20:15:41-846,attr,ApplicationStrategyNetwork.monitoringServer.app[1],packetSent:count,source,packetSent,,,,,,,
RR_T1-2-20260914-20:15:41-846,attr,ApplicationStrategyNetwork.monitoringServer.app[1],packetSent:count,title,"packets sent, count",,,,,,,
RR_T1-2-20260914-20:15:41-846,scalar,ApplicationStrategyNetwork.monitoringServer.app[2],packetReceived:count,,,596,,,,,,
RR_T1-2-20260914-20:15:41-846,attr,ApplicationStrategyNetwork.monitoringServer.app[2],packetReceived:count,interpolationmode,none,,,,,,,
RR_T1-2-20260914-20:15:41-846,attr,ApplicationStrategyNetwork.monitoringServer.app[2],packetReceived:count,recordingmode,count,,,,,,,
RR_T1-2-20260914-20:15:41-846,attr,ApplicationStrategyNetwork.monitoringServer.app[2],packetReceived:count,source,packetReceived,,,,,,,
RR_T1-2-20260914-20:15:41-846,attr,ApplicationStrategyNetwork.monitoringServer.app[2],packetReceived:count,title,"packets received, count",,,,,,,
RR_T1-2-20260914-20:15:41-846,scalar,ApplicationStrategyNetwork.monitoringServer.app[2],packetSent:count,,,599,,,,,,
RR_T1-2-20260914-20:15:41-846,attr,ApplicationStrategyNetwork.monitoringServer.app[2],packetSent:count,interpolationmode,none,,,,,,,
RR_T1-2-20260914-20:15:41-846,attr,ApplicationStrategyNetwork.monitoringServer.app[2],packetSent:count,recordingmode,count,,,,,,,
RR_T1-2-20260914-20:15:41-846,attr,ApplicationStrategyNetwork.monitoringServer.app[2],packetSent:count,source,packetSent,,,,,,,
RR_T1-2-20260914-20:15:41-846,attr,ApplicationStrategyNetwork.monitoringServer.app[2],packetSent:count,title,"packets sent, count",,,,,,,
RR_T1-2-20260914-20:15:41-846,scalar,ApplicationStrategyNetwork.monitoringServer.app[3],packetReceived:count,,,599,,,,,,
RR_T1-2-20260914-20:15:41-846,attr,ApplicationStrategyNetwork.monitoringServer.app[3],packetReceived:count,interpolationmode,none,,,,,,,
RR_T1-2-20260914-20:15:41-846,attr,ApplicationStrategyNetwork.monitoringServer.app[3],packetReceived:count,recordingmode,count,,,,,,,
RR_T1-2-20260914-20:15:41-846,attr,ApplicationStrategyNetwork.monitoringServer.app[3],packetReceived:count,source,packetReceived,,,,,,,
RR_T1-2-20260914-20:15:41-846,attr,ApplicationStrategyNetwork.monitoringServer.app[3],packetReceived:count,title,"packets received, count",,,,,,,
RR_T1-2-20260914-20:15:41-846,scalar,ApplicationStrategyNetwork.monitoringServer.app[3],packetSent:count,,,599,,,,,,
RR_T1-2-20260914-20:15:41-846,attr,ApplicationStrategyNetwork.monitoringServer.app[3],packetSent:count,interpolationmode,none,,,,,,,
RR_T1-2-20260914-20:15:41-846,attr,ApplicationStrategyNetwork.monitoringServer.app[3],packetSent:count,recordingmode,count,,,,,,,
RR_T1-2-20260914-20:15:41-846,attr,ApplicationStrategyNetwork.monitoringServer.app[3],packetSent:count,source,packetSent,,,,,,,
RR_T1-2-20260914-20:15:41-846,attr,ApplicationStrategyNetwork.monitoringServer.app[3],packetSent:count,title,"packets sent, count",,,,,,,
RR_T1-2-20260914-20:15:41-846,scalar,ApplicationStrategyNetwork.monitoringServer.app[4],packetReceived:count,,,599,,,,,,
RR_T1-2-20260914-20:15:41-846,attr,ApplicationStrategyNetwork.monitoringServer.app[4],packetReceived:count,interpolationmode,none,,,,,,,
RR_T1-2-20260914-20:15:41-846,attr,ApplicationStrategyNetwork.monitoringServer.app[4],packetReceived:count,recordingmode,count,,,,,,,
RR_T1-2-20260914-20:15:41-846,attr,ApplicationStrategyNetwork.monitoringServer.app[4],packetReceived:count,source,packetReceived,,,,,,,
RR_T1-2-20260914-20:15:41-846,attr,ApplicationStrategyNetwork.monitoringServer.app[4],packetReceived:count,title,"packets received, count",,,,,,,
RR_T1-2-20260914-20:15:41-846,scalar,ApplicationStrategyNetwork.monitoringServer.app[4],packetSent:count,,,599,,,,,,
RR_T1-2-20260914-20:15:41-846,attr,ApplicationStrategyNetwork.monitoringServer.app[4],packetSent:count,interpolationmode,none,,,,,,,
RR_T1-2-20260914-20:15:41-846,attr,ApplicationStrategyNetwork.monitoringServer.app[4],packetSent:count,recordingmode,count,,,,,,,
RR_T1-2-20260914-20:15:41-846,attr,ApplicationStrategyNetwork.monitoringServer.app[4],packetSent:count,source,packetSent,,,,,,,
RR_T1-2-20260914-20:15:41-846,attr,ApplicationStrategyNetwork.monitoringServer.app[4],packetSent:count,title,"packets sent, count",,,,,,,
RR_T1-2-20260914-20:15:41-846,scalar,ApplicationStrategyNetwork.monitoringServer.app[5],packetReceived:count,,,595,,,,,,
RR_T1-2-20260914-20:15:41-846,attr,ApplicationStrategyNetwork.monitoringServer.app[5],packetReceived:count,interpolationmode,none,,,,,,,
RR_T1-2-20260914-20:15:41-846,attr,ApplicationStrategyNetwork.monitoringServer.app[5],packetReceived:count,recordingmode,count,,,,,,,
RR_T1-2-20260914-20:15:41-846,attr,ApplicationStrategyNetwork.monitoringServer.app[5],packetReceived:count,source,packetReceived,,,,,,,
RR_T1-2-20260914-20:15:41-846,attr,ApplicationStrategyNetwork.monitoringServer.app[5],packetReceived:count,title,"packets received, count",,,,,,,
RR_T1-2-20260914-20:15:41-846,scalar,ApplicationStrategyNetwork.monitoringServer.app[5],packetSent:count,,,599,,,,,,
RR_T1-2-20260914-20:15:41-846,attr,ApplicationStrategyNetwork.monitoringServer.app[5],packetSent:count,interpolationmode,none,,,,,,,
RR_T1-2-20260914-20:15:41-846,attr,ApplicationStrategyNetwork.monitoringServer.app[5],packetSent:count,recordingmode,count,,,,,,,
RR_T1-2-20260914-20:15:41-846,attr,ApplicationStrategyNetwork.monitoringServer.app[5],packetSent:count,source,packetSent,,,,,,,
RR_T1-2-20260914-20:15:41-846,attr,ApplicationStrategyNetwork.monitoringServer.app[5],packetSent:count,title,"packets sent, count",,,,,,,
RR_T1-2-20260914-20:15:41-846,scalar,ApplicationStrategyNetwork.monitoringServer.app[6],packetReceived:count,,,599,,,,,,
RR_T1-2-20260914-20:15:41-846,attr,ApplicationStrategyNetwork.monitoringServer.app[6],packetReceived:count,interpolationmode,none,,,,,,,
RR_T1-2-20260914-20:15:41-846,attr,ApplicationStrategyNetwork.monitoringServer.app[6],packetReceived:count,recordingmode,count,,,,,,,
RR_T1-2-20260914-20:15:41-846,attr,ApplicationStrategyNetwork.monitoringServer.app[6],packetReceived:count,source,packetReceived,,,,,,,
RR_T1-2-20260914-20:15:41-846,attr,ApplicationStrategyNetwork.monitoringServer.app[6],packetReceived:count,title,"packets received, count",,,,,,,
RR_T1-2-20260914-20:15:41-846,scalar,ApplicationStrategyNetwork.monitoringServer.app[6],packetSent:count,,,599,,,,,,
RR_T1-2-20260914-20:15:41-846,attr,ApplicationStrategyNetwork.monitoringServer.app[6],packetSent:count,interpolationmode,none,,,,,,,
RR_T1-2-20260914-20:15:41-846,attr,ApplicationStrategyNetwork.monitoringServer.app[6],packetSent:count,recordingmode,count,,,,,,,
RR_T1-2-20260914-20:15:41-846,attr,ApplicationStrategyNetwork.monitoringServer.app[6],packetSent:count,source,packetSent,,,,,,,
RR_T1-2-20260914-20:15:41-846,attr,ApplicationStrategyNetwork.monitoringServer.app[6],packetSent:count,title,"packets sent, count",,,,,,,
RR_T1-2-20260914-20:15:41-846,scalar,ApplicationStrategyNetwork.monitoringServer.app[7],packetReceived:count,,,599,,,,,,
RR_T1-2-20260914-20:15:41-846,attr,ApplicationStrategyNetwork.monitoringServer.app[7],packetReceived:count,interpolationmode,none,,,,,,,
RR_T1-2-20260914-20:15:41-846,attr,ApplicationStrategyNetwork.monitoringServer.app[7],packetReceived:count,recordingmode,count,,,,,,,
RR_T1-2-20260914-20:15:41-846,attr,ApplicationStrategyNetwork.monitoringServer.app[7],packetReceived:count,source,packetReceived,,,,,,,
RR_T1-2-20260914-20:15:41-846,attr,ApplicationStrategyNetwork.monitoringServer.app[7],packetReceived:count,title,"packets received, count",,,,,,,
RR_T1-2-20260914-20:15:41-846,scalar,ApplicationStrategyNetwork.monitoringServer.app[7],packetSent:count,,,599,,,,,,
RR_T1-2-20260914-20:15:41-846,attr,ApplicationStrategyNetwork.monitoringServer.app[7],packetSent:count,interpolationmode,none,,,,,,,
RR_T1-2-20260914-20:15:41-846,attr,ApplicationStrategyNetwork.monitoringServer.app[7],packetSent:count,recordingmode,count,,,,,,,
RR_T1-2-20260914-20:15:41-846,attr,ApplicationStrategyNetwork.monitoringServer.app[7],packetSent:count,source,packetSent,,,,,,,
RR_T1-2-20260914-20:15:41-846,attr,ApplicationStrategyNetwork.monitoringServer.app[7],packetSent:count,title,"packets sent, count",,,,,,,
RR_T1-2-20260914-20:15:41-846,scalar,ApplicationStrategyNetwork.monitoringServer.app[8],packetReceived:count,,,599,,,,,,
RR_T1-2-20260914-20:15:41-846,attr,ApplicationStrategyNetwork.monitoringServer.app[8],packetReceived:count,interpolationmode,none,,,,,,,
RR_T1-2-20260914-20:15:41-846,attr,ApplicationStrategyNetwork.monitoringServer.app[8],packetReceived:count,recordingmode,count,,,,,,,
RR_T1-2-20260914-20:15:41-846,attr,ApplicationStrategyNetwork.monitoringServer.app[8],packetReceived:count,source,packetReceived,,,,,,,
RR_T1-2-20260914-20:15:41-846,attr,ApplicationStrategyNetwork.monitoringServer.app[8],packetReceived:count,title,"packets received, count",,,,,,,
RR_T1-2-20260914-20:15:41-846,scalar,ApplicationStrategyNetwork.monitoringServer.app[8],packetSent:count,,,599,,,,,,
RR_T1-2-20260914-20:15:41-846,attr,ApplicationStrategyNetwork.monitoringServer.app[8],packetSent:count,interpolationmode,none,,,,,,,
RR_T1-2-20260914-20:15:41-846,attr,ApplicationStrategyNetwork.monitoringServer.app[8],packetSent:count,recordingmode,count,,,,,,,
RR_T1-2-20260914-20:15:41-846,attr,ApplicationStrategyNetwork.monitoringServer.app[8],packetSent:count,source,packetSent,,,,,,,
RR_T1-2-20260914-20:15:41-846,attr,ApplicationStrategyNetwork.monitoringServer.app[8],packetSent:count,title,"packets sent, count",,,,,,,
RR_T1-2-20260914-20:15:41-846,scalar,ApplicationStrategyNetwork.monitoringServer.app[9],packetReceived:count,,,599,,,,,,
RR_T1-2-20260914-20:15:41-846,attr,ApplicationStrategyNetwork.monitoringServer.app[9],packetReceived:count,interpolationmode,none,,,,,,,
RR_T1-2-20260914-20:15:41-846,attr,ApplicationStrategyNetwork.monitoringServer.app[9],packetReceived:count,recordingmode,count,,,,,,,
RR_T1-2-20260914-20:15:41-846,attr,ApplicationStrategyNetwork.monitoringServer.app[9],packetReceived:count,source,packetReceived,,,,,,,
RR_T1-2-20260914-20:15:41-846,attr,ApplicationStrategyNetwork.monitoringServer.app[9],packetReceived:count,title,"packets received, count",,,,,,,
RR_T1-2-20260914-20:15:41-846,scalar,ApplicationStrategyNetwork.monitoringServer.app[9],packetSent:count,,,599,,,,,,
RR_T1-2-20260914-20:15:41-846,attr,ApplicationStrategyNetwork.monitoringServer.app[9],packetSent:count,interpolationmode,none,,,,,,,
RR_T1-2-20260914-20:15:41-846,attr,ApplicationStrategyNetwork.monitoringServer.app[9],packetSent:count,recordingmode,count,,,,,,,
RR_T1-2-20260914-20:15:41-846,attr,ApplicationStrategyNetwork.monitoringServer.app[9],packetSent:count,source,packetSent,,,,,,,
RR_T1-2-20260914-20:15:41-846,attr,ApplicationStrategyNetwork.monitoringServer.app[9],packetSent:count,title,"packets sent, count",,,,,,,
RR_T1-2-20260914-20:15:41-846,scalar,ApplicationStrategyNetwork.monitoringServer.app[10],packetReceived:count,,,599,,,,,,
RR_T1-2-20260914-20:15:41-846,attr,ApplicationStrategyNetwork.monitoringServer.app[10],packetReceived:count,interpolationmode,none,,,,,,,
RR_T1-2-20260914-20:15:41-846,attr,ApplicationStrategyNetwork.monitoringServer.app[10],packetReceived:count,recordingmode,count,,,,,,,
RR_T1-2-20260914-20:15:41-846,attr,ApplicationStrategyNetwork.monitoringServer.app[10],packetReceived:count,source,packetReceived,,,,,,,
RR_T1-2-20260914-20:15:41-846,attr,ApplicationStrategyNetwork.monitoringServer.app[10],packetReceived:count,title,"packets received, count",,,,,,,
RR_T1-2-20260914-20:15:41-846,scalar,ApplicationStrategyNetwork.monitoringServer.app[10],packetSent:count,,,599,,,,,,
RR_T1-2-20260914-20:15:41-846,attr,ApplicationStrategyNetwork.monitoringServer.app[10],packetSent:count,interpolationmode,none,,,,,,,
RR_T1-2-20260914-20:15:41-846,attr,ApplicationStrategyNetwork.monitoringServer.app[10],packetSent:count,recordingmode,count,,,,,,,
RR_T1-2-20260914-20:15:41-846,attr,ApplicationStrategyNetwork.monitoringServer.app[10],packetSent:count,source,packetSent,,,,,,,
RR_T1-2-20260914-20:15:41-846,attr,ApplicationStrategyNetwork.monitoringServer.app[10],packetSent:count,title,"packets sent, count",,,,,,,
RR_T1-2-20260914-20:15:41-846,scalar,ApplicationStrategyNetwork.monitoringServer.app[11],packetReceived:count,,,599,,,,,,
RR_T1-2-20260914-20:15:41-846,attr,ApplicationStrategyNetwork.monitoringServer.app[11],packetReceived:count,interpolationmode,none,,,,,,,
RR_T1-2-20260914-20:15:41-846,attr,ApplicationStrategyNetwork.monitoringServer.app[11],packetReceived:count,recordingmode,count,,,,,,,
RR_T1-2-20260914-20:15:41-846,attr,ApplicationStrategyNetwork.monitoringServer.app[11],packetReceived:count,source,packetReceived,,,,,,,
RR_T1-2-20260914-20:15:41-846,attr,ApplicationStrategyNetwork.monitoringServer.app[11],packetReceived:count,title,"packets received, count",,,,,,,
RR_T1-2-20260914-20:15:41-846,scalar,ApplicationStrategyNetwork.monitoringServer.app[11],packetSent:count,,,599,,,,,,
RR_T1-2-20260914-20:15:41-846,attr,ApplicationStrategyNetwork.monitoringServer.app[11],packetSent:count,interpolationmode,none,,,,,,,
RR_T1-2-20260914-20:15:41-846,attr,ApplicationStrategyNetwork.monitoringServer.app[11],packetSent:count,recordingmode,count,,,,,,,
RR_T1-2-20260914-20:15:41-846,attr,ApplicationStrategyNetwork.monitoringServer.app[11],packetSent:count,source,packetSent,,,,,,,
RR_T1-2-20260914-20:15:41-846,attr,ApplicationStrategyNetwork.monitoringServer.app[11],packetSent:count,title,"packets sent, count",,,,,,,
RR_T1-3-20260914-20:16:05-852,scalar,ApplicationStrategyNetwork.sensor[0].app[0],echoedPk:count,,,599,,,,,,
RR_T1-3-20260914-20:16:05-852,attr,ApplicationStrategyNetwork.sensor[0].app[0],echoedPk:count,interpolationmode,none,,,,,,,
RR_T1-3-20260914-20:16:05-852,attr,ApplicationStrategyNetwork.sensor[0].app[0],echoedPk:count,recordingmode,count,,,,,,,
RR_T1-3-20260914-20:16:05-852,attr,ApplicationStrategyNetwork.sensor[0].app[0],echoedPk:count,source,packetSent,,,,,,,
RR_T1-3-20260914-20:16:05-852,attr,ApplicationStrategyNetwork.sensor[0].app[0],echoedPk:count,title,"packets echoed, count",,,,,,,
RR_T1-3-20260914-20:16:05-852,scalar,ApplicationStrategyNetwork.sensor[1].app[0],echoedPk:count,,,599,,,,,,
RR_T1-3-20260914-20:16:05-852,attr,ApplicationStrategyNetwork.sensor[1].app[0],echoedPk:count,interpolationmode,none,,,,,,,
RR_T1-3-20260914-20:16:05-852,attr,ApplicationStrategyNetwork.sensor[1].app[0],echoedPk:count,recordingmode,count,,,,,,,
RR_T1-3-20260914-20:16:05-852,attr,ApplicationStrategyNetwork.sensor[1].app[0],echoedPk:count,source,packetSent,,,,,,,
RR_T1-3-20260914-20:16:05-852,attr,ApplicationStrategyNetwork.sensor[1].app[0],echoedPk:count,title,"packets echoed, count",,,,,,,
RR_T1-3-20260914-20:16:05-852,scalar,ApplicationStrategyNetwork.sensor[2].app[0],echoedPk:count,,,599,,,,,,
RR_T1-3-20260914-20:16:05-852,attr,ApplicationStrategyNetwork.sensor[2].app[0],echoedPk:count,interpolationmode,none,,,,,,,
RR_T1-3-20260914-20:16:05-852,attr,ApplicationStrategyNetwork.sensor[2].app[0],echoedPk:count,recordingmode,count,,,,,,,
RR_T1-3-20260914-20:16:05-852,attr,ApplicationStrategyNetwork.sensor[2].app[0],echoedPk:count,source,packetSent,,,,,,,
RR_T1-3-20260914-20:16:05-852,attr,ApplicationStrategyNetwork.sensor[2].app[0],echoedPk:count,title,"packets echoed, count",,,,,,,
RR_T1-3-20260914-20:16:05-852,scalar,ApplicationStrategyNetwork.sensor[3].app[0],echoedPk:count,,,599,,,,,,
RR_T1-3-20260914-20:16:05-852,attr,ApplicationStrategyNetwork.sensor[3].app[0],echoedPk:count,interpolationmode,none,,,,,,,
RR_T1-3-20260914-20:16:05-852,attr,ApplicationStrategyNetwork.sensor[3].app[0],echoedPk:count,recordingmode,count,,,,,,,
RR_T1-3-20260914-20:16:05-852,attr,ApplicationStrategyNetwork.sensor[3].app[0],echoedPk:count,source,packetSent,,,,,,,
RR_T1-3-20260914-20:16:05-852,attr,ApplicationStrategyNetwork.sensor[3].app[0],echoedPk:count,title,"packets echoed, count",,,,,,,
RR_T1-3-20260914-20:16:05-852,scalar,ApplicationStrategyNetwork.sensor[4].app[0],echoedPk:count,,,599,,,,,,
RR_T1-3-20260914-20:16:05-852,attr,ApplicationStrategyNetwork.sensor[4].app[0],echoedPk:count,interpolationmode,none,,,,,,,
RR_T1-3-20260914-20:16:05-852,attr,ApplicationStrategyNetwork.sensor[4].app[0],echoedPk:count,recordingmode,count,,,,,,,
RR_T1-3-20260914-20:16:05-852,attr,ApplicationStrategyNetwork.sensor[4].app[0],echoedPk:count,source,packetSent,,,,,,,
RR_T1-3-20260914-20:16:05-852,attr,ApplicationStrategyNetwork.sensor[4].app[0],echoedPk:count,title,"packets echoed, count",,,,,,,
RR_T1-3-20260914-20:16:05-852,scalar,ApplicationStrategyNetwork.sensor[5].app[0],echoedPk:count,,,599,,,,,,
RR_T1-3-20260914-20:16:05-852,attr,ApplicationStrategyNetwork.sensor[5].app[0],echoedPk:count,interpolationmode,none,,,,,,,
RR_T1-3-20260914-20:16:05-852,attr,ApplicationStrategyNetwork.sensor[5].app[0],echoedPk:count,recordingmode,count,,,,,,,
RR_T1-3-20260914-20:16:05-852,attr,ApplicationStrategyNetwork.sensor[5].app[0],echoedPk:count,source,packetSent,,,,,,,
RR_T1-3-20260914-20:16:05-852,attr,ApplicationStrategyNetwork.sensor[5].app[0],echoedPk:count,title,"packets echoed, count",,,,,,,
RR_T1-3-20260914-20:16:05-852,scalar,ApplicationStrategyNetwork.sensor[6].app[0],echoedPk:count,,,599,,,,,,
RR_T1-3-20260914-20:16:05-852,attr,ApplicationStrategyNetwork.sensor[6].app[0],echoedPk:count,interpolationmode,none,,,,,,,
RR_T1-3-20260914-20:16:05-852,attr,ApplicationStrategyNetwork.sensor[6].app[0],echoedPk:count,recordingmode,count,,,,,,,
RR_T1-3-20260914-20:16:05-852,attr,ApplicationStrategyNetwork.sensor[6].app[0],echoedPk:count,source,packetSent,,,,,,,
RR_T1-3-20260914-20:16:05-852,attr,ApplicationStrategyNetwork.sensor[6].app[0],echoedPk:count,title,"packets echoed, count",,,,,,,
RR_T1-3-20260914-20:16:05-852,scalar,ApplicationStrategyNetwork.sensor[7].app[0],echoedPk:count,,,599,,,,,,
RR_T1-3-20260914-20:16:05-852,attr,ApplicationStrategyNetwork.sensor[7].app[0],echoedPk:count,interpolationmode,none,,,,,,,
RR_T1-3-20260914-20:16:05-852,attr,ApplicationStrategyNetwork.sensor[7].app[0],echoedPk:count,recordingmode,count,,,,,,,
RR_T1-3-20260914-20:16:05-852,attr,ApplicationStrategyNetwork.sensor[7].app[0],echoedPk:count,source,packetSent,,,,,,,
RR_T1-3-20260914-20:16:05-852,attr,ApplicationStrategyNetwork.sensor[7].app[0],echoedPk:count,title,"packets echoed, count",,,,,,,
RR_T1-3-20260914-20:16:05-852,scalar,ApplicationStrategyNetwork.sensor[8].app[0],echoedPk:count,,,599,,,,,,
RR_T1-3-20260914-20:16:05-852,attr,ApplicationStrategyNetwork.sensor[8].app[0],echoedPk:count,interpolationmode,none,,,,,,,
RR_T1-3-20260914-20:16:05-852,attr,ApplicationStrategyNetwork.sensor[8].app[0],echoedPk:count,recordingmode,count,,,,,,,
RR_T1-3-20260914-20:16:05-852,attr,ApplicationStrategyNetwork.sensor[8].app[0],echoedPk:count,source,packetSent,,,,,,,
RR_T1-3-20260914-20:16:05-852,attr,ApplicationStrategyNetwork.sensor[8].app[0],echoedPk:count,title,"packets echoed, count",,,,,,,
RR_T1-3-20260914-20:16:05-852,scalar,ApplicationStrategyNetwork.sensor[9].app[0],echoedPk:count,,,599,,,,,,
RR_T1-3-20260914-20:16:05-852,attr,ApplicationStrategyNetwork.sensor[9].app[0],echoedPk:count,interpolationmode,none,,,,,,,
RR_T1-3-20260914-20:16:05-852,attr,ApplicationStrategyNetwork.sensor[9].app[0],echoedPk:count,recordingmode,count,,,,,,,
RR_T1-3-20260914-20:16:05-852,attr,ApplicationStrategyNetwork.sensor[9].app[0],echoedPk:count,source,packetSent,,,,,,,
RR_T1-3-20260914-20:16:05-852,attr,ApplicationStrategyNetwork.sensor[9].app[0],echoedPk:count,title,"packets echoed, count",,,,,,,
RR_T1-3-20260914-20:16:05-852,scalar,ApplicationStrategyNetwork.sensor[10].app[0],echoedPk:count,,,599,,,,,,
RR_T1-3-20260914-20:16:05-852,attr,ApplicationStrategyNetwork.sensor[10].app[0],echoedPk:count,interpolationmode,none,,,,,,,
RR_T1-3-20260914-20:16:05-852,attr,ApplicationStrategyNetwork.sensor[10].app[0],echoedPk:count,recordingmode,count,,,,,,,
RR_T1-3-20260914-20:16:05-852,attr,ApplicationStrategyNetwork.sensor[10].app[0],echoedPk:count,source,packetSent,,,,,,,
RR_T1-3-20260914-20:16:05-852,attr,ApplicationStrategyNetwork.sensor[10].app[0],echoedPk:count,title,"packets echoed, count",,,,,,,
RR_T1-3-20260914-20:16:05-852,scalar,ApplicationStrategyNetwork.sensor[11].app[0],echoedPk:count,,,599,,,,,,
RR_T1-3-20260914-20:16:05-852,attr,ApplicationStrategyNetwork.sensor[11].app[0],echoedPk:count,interpolationmode,none,,,,,,,
RR_T1-3-20260914-20:16:05-852,attr,ApplicationStrategyNetwork.sensor[11].app[0],echoedPk:count,recordingmode,count,,,,,,,
RR_T1-3-20260914-20:16:05-852,attr,ApplicationStrategyNetwork.sensor[11].app[0],echoedPk:count,source,packetSent,,,,,,,
RR_T1-3-20260914-20:16:05-852,attr,ApplicationStrategyNetwork.sensor[11].app[0],echoedPk:count,title,"packets echoed, count",,,,,,,
RR_T1-3-20260914-20:16:05-852,scalar,ApplicationStrategyNetwork.monitoringServer.app[0],packetReceived:count,,,599,,,,,,
RR_T1-3-20260914-20:16:05-852,attr,ApplicationStrategyNetwork.monitoringServer.app[0],packetReceived:count,interpolationmode,none,,,,,,,
RR_T1-3-20260914-20:16:05-852,attr,ApplicationStrategyNetwork.monitoringServer.app[0],packetReceived:count,recordingmode,count,,,,,,,
RR_T1-3-20260914-20:16:05-852,attr,ApplicationStrategyNetwork.monitoringServer.app[0],packetReceived:count,source,packetReceived,,,,,,,
RR_T1-3-20260914-20:16:05-852,attr,ApplicationStrategyNetwork.monitoringServer.app[0],packetReceived:count,title,"packets received, count",,,,,,,
RR_T1-3-20260914-20:16:05-852,scalar,ApplicationStrategyNetwork.monitoringServer.app[0],packetSent:count,,,599,,,,,,
RR_T1-3-20260914-20:16:05-852,attr,ApplicationStrategyNetwork.monitoringServer.app[0],packetSent:count,interpolationmode,none,,,,,,,
RR_T1-3-20260914-20:16:05-852,attr,ApplicationStrategyNetwork.monitoringServer.app[0],packetSent:count,recordingmode,count,,,,,,,
RR_T1-3-20260914-20:16:05-852,attr,ApplicationStrategyNetwork.monitoringServer.app[0],packetSent:count,source,packetSent,,,,,,,
RR_T1-3-20260914-20:16:05-852,attr,ApplicationStrategyNetwork.monitoringServer.app[0],packetSent:count,title,"packets sent, count",,,,,,,
RR_T1-3-20260914-20:16:05-852,scalar,ApplicationStrategyNetwork.monitoringServer.app[1],packetReceived:count,,,599,,,,,,
RR_T1-3-20260914-20:16:05-852,attr,ApplicationStrategyNetwork.monitoringServer.app[1],packetReceived:count,interpolationmode,none,,,,,,,
RR_T1-3-20260914-20:16:05-852,attr,ApplicationStrategyNetwork.monitoringServer.app[1],packetReceived:count,recordingmode,count,,,,,,,
RR_T1-3-20260914-20:16:05-852,attr,ApplicationStrategyNetwork.monitoringServer.app[1],packetReceived:count,source,packetReceived,,,,,,,
RR_T1-3-20260914-20:16:05-852,attr,ApplicationStrategyNetwork.monitoringServer.app[1],packetReceived:count,title,"packets received, count",,,,,,,
RR_T1-3-20260914-20:16:05-852,scalar,ApplicationStrategyNetwork.monitoringServer.app[1],packetSent:count,,,599,,,,,,
RR_T1-3-20260914-20:16:05-852,attr,ApplicationStrategyNetwork.monitoringServer.app[1],packetSent:count,interpolationmode,none,,,,,,,
RR_T1-3-20260914-20:16:05-852,attr,ApplicationStrategyNetwork.monitoringServer.app[1],packetSent:count,recordingmode,count,,,,,,,
RR_T1-3-20260914-20:16:05-852,attr,ApplicationStrategyNetwork.monitoringServer.app[1],packetSent:count,source,packetSent,,,,,,,
RR_T1-3-20260914-20:16:05-852,attr,ApplicationStrategyNetwork.monitoringServer.app[1],packetSent:count,title,"packets sent, count",,,,,,,
RR_T1-3-20260914-20:16:05-852,scalar,ApplicationStrategyNetwork.monitoringServer.app[2],packetReceived:count,,,599,,,,,,
RR_T1-3-20260914-20:16:05-852,attr,ApplicationStrategyNetwork.monitoringServer.app[2],packetReceived:count,interpolationmode,none,,,,,,,
RR_T1-3-20260914-20:16:05-852,attr,ApplicationStrategyNetwork.monitoringServer.app[2],packetReceived:count,recordingmode,count,,,,,,,
RR_T1-3-20260914-20:16:05-852,attr,ApplicationStrategyNetwork.monitoringServer.app[2],packetReceived:count,source,packetReceived,,,,,,,
RR_T1-3-20260914-20:16:05-852,attr,ApplicationStrategyNetwork.monitoringServer.app[2],packetReceived:count,title,"packets received, count",,,,,,,
RR_T1-3-20260914-20:16:05-852,scalar,ApplicationStrategyNetwork.monitoringServer.app[2],packetSent:count,,,599,,,,,,
RR_T1-3-20260914-20:16:05-852,attr,ApplicationStrategyNetwork.monitoringServer.app[2],packetSent:count,interpolationmode,none,,,,,,,
RR_T1-3-20260914-20:16:05-852,attr,ApplicationStrategyNetwork.monitoringServer.app[2],packetSent:count,recordingmode,count,,,,,,,
RR_T1-3-20260914-20:16:05-852,attr,ApplicationStrategyNetwork.monitoringServer.app[2],packetSent:count,source,packetSent,,,,,,,
RR_T1-3-20260914-20:16:05-852,attr,ApplicationStrategyNetwork.monitoringServer.app[2],packetSent:count,title,"packets sent, count",,,,,,,
RR_T1-3-20260914-20:16:05-852,scalar,ApplicationStrategyNetwork.monitoringServer.app[3],packetReceived:count,,,599,,,,,,
RR_T1-3-20260914-20:16:05-852,attr,ApplicationStrategyNetwork.monitoringServer.app[3],packetReceived:count,interpolationmode,none,,,,,,,
RR_T1-3-20260914-20:16:05-852,attr,ApplicationStrategyNetwork.monitoringServer.app[3],packetReceived:count,recordingmode,count,,,,,,,
RR_T1-3-20260914-20:16:05-852,attr,ApplicationStrategyNetwork.monitoringServer.app[3],packetReceived:count,source,packetReceived,,,,,,,
RR_T1-3-20260914-20:16:05-852,attr,ApplicationStrategyNetwork.monitoringServer.app[3],packetReceived:count,title,"packets received, count",,,,,,,
RR_T1-3-20260914-20:16:05-852,scalar,ApplicationStrategyNetwork.monitoringServer.app[3],packetSent:count,,,599,,,,,,
RR_T1-3-20260914-20:16:05-852,attr,ApplicationStrategyNetwork.monitoringServer.app[3],packetSent:count,interpolationmode,none,,,,,,,
RR_T1-3-20260914-20:16:05-852,attr,ApplicationStrategyNetwork.monitoringServer.app[3],packetSent:count,recordingmode,count,,,,,,,
RR_T1-3-20260914-20:16:05-852,attr,ApplicationStrategyNetwork.monitoringServer.app[3],packetSent:count,source,packetSent,,,,,,,
RR_T1-3-20260914-20:16:05-852,attr,ApplicationStrategyNetwork.monitoringServer.app[3],packetSent:count,title,"packets sent, count",,,,,,,
RR_T1-3-20260914-20:16:05-852,scalar,ApplicationStrategyNetwork.monitoringServer.app[4],packetReceived:count,,,599,,,,,,
RR_T1-3-20260914-20:16:05-852,attr,ApplicationStrategyNetwork.monitoringServer.app[4],packetReceived:count,interpolationmode,none,,,,,,,
RR_T1-3-20260914-20:16:05-852,attr,ApplicationStrategyNetwork.monitoringServer.app[4],packetReceived:count,recordingmode,count,,,,,,,
RR_T1-3-20260914-20:16:05-852,attr,ApplicationStrategyNetwork.monitoringServer.app[4],packetReceived:count,source,packetReceived,,,,,,,
RR_T1-3-20260914-20:16:05-852,attr,ApplicationStrategyNetwork.monitoringServer.app[4],packetReceived:count,title,"packets received, count",,,,,,,
RR_T1-3-20260914-20:16:05-852,scalar,ApplicationStrategyNetwork.monitoringServer.app[4],packetSent:count,,,599,,,,,,
RR_T1-3-20260914-20:16:05-852,attr,ApplicationStrategyNetwork.monitoringServer.app[4],packetSent:count,interpolationmode,none,,,,,,,
RR_T1-3-20260914-20:16:05-852,attr,ApplicationStrategyNetwork.monitoringServer.app[4],packetSent:count,recordingmode,count,,,,,,,
RR_T1-3-20260914-20:16:05-852,attr,ApplicationStrategyNetwork.monitoringServer.app[4],packetSent:count,source,packetSent,,,,,,,
RR_T1-3-20260914-20:16:05-852,attr,ApplicationStrategyNetwork.monitoringServer.app[4],packetSent:count,title,"packets sent, count",,,,,,,
RR_T1-3-20260914-20:16:05-852,scalar,ApplicationStrategyNetwork.monitoringServer.app[5],packetReceived:count,,,599,,,,,,
RR_T1-3-20260914-20:16:05-852,attr,ApplicationStrategyNetwork.monitoringServer.app[5],packetReceived:count,interpolationmode,none,,,,,,,
RR_T1-3-20260914-20:16:05-852,attr,ApplicationStrategyNetwork.monitoringServer.app[5],packetReceived:count,recordingmode,count,,,,,,,
RR_T1-3-20260914-20:16:05-852,attr,ApplicationStrategyNetwork.monitoringServer.app[5],packetReceived:count,source,packetReceived,,,,,,,
RR_T1-3-20260914-20:16:05-852,attr,ApplicationStrategyNetwork.monitoringServer.app[5],packetReceived:count,title,"packets received, count",,,,,,,
RR_T1-3-20260914-20:16:05-852,scalar,ApplicationStrategyNetwork.monitoringServer.app[5],packetSent:count,,,599,,,,,,
RR_T1-3-20260914-20:16:05-852,attr,ApplicationStrategyNetwork.monitoringServer.app[5],packetSent:count,interpolationmode,none,,,,,,,
RR_T1-3-20260914-20:16:05-852,attr,ApplicationStrategyNetwork.monitoringServer.app[5],packetSent:count,recordingmode,count,,,,,,,
RR_T1-3-20260914-20:16:05-852,attr,ApplicationStrategyNetwork.monitoringServer.app[5],packetSent:count,source,packetSent,,,,,,,
RR_T1-3-20260914-20:16:05-852,attr,ApplicationStrategyNetwork.monitoringServer.app[5],packetSent:count,title,"packets sent, count",,,,,,,
RR_T1-3-20260914-20:16:05-852,scalar,ApplicationStrategyNetwork.monitoringServer.app[6],packetReceived:count,,,599,,,,,,
RR_T1-3-20260914-20:16:05-852,attr,ApplicationStrategyNetwork.monitoringServer.app[6],packetReceived:count,interpolationmode,none,,,,,,,
RR_T1-3-20260914-20:16:05-852,attr,ApplicationStrategyNetwork.monitoringServer.app[6],packetReceived:count,recordingmode,count,,,,,,,
RR_T1-3-20260914-20:16:05-852,attr,ApplicationStrategyNetwork.monitoringServer.app[6],packetReceived:count,source,packetReceived,,,,,,,
RR_T1-3-20260914-20:16:05-852,attr,ApplicationStrategyNetwork.monitoringServer.app[6],packetReceived:count,title,"packets received, count",,,,,,,
RR_T1-3-20260914-20:16:05-852,scalar,ApplicationStrategyNetwork.monitoringServer.app[6],packetSent:count,,,599,,,,,,
RR_T1-3-20260914-20:16:05-852,attr,ApplicationStrategyNetwork.monitoringServer.app[6],packetSent:count,interpolationmode,none,,,,,,,
RR_T1-3-20260914-20:16:05-852,attr,ApplicationStrategyNetwork.monitoringServer.app[6],packetSent:count,recordingmode,count,,,,,,,
RR_T1-3-20260914-20:16:05-852,attr,ApplicationStrategyNetwork.monitoringServer.app[6],packetSent:count,source,packetSent,,,,,,,
RR_T1-3-20260914-20:16:05-852,attr,ApplicationStrategyNetwork.monitoringServer.app[6],packetSent:count,title,"packets sent, count",,,,,,,
RR_T1-3-20260914-20:16:05-852,scalar,ApplicationStrategyNetwork.monitoringServer.app[7],packetReceived:count,,,599,,,,,,
RR_T1-3-20260914-20:16:05-852,attr,ApplicationStrategyNetwork.monitoringServer.app[7],packetReceived:count,interpolationmode,none,,,,,,,
RR_T1-3-20260914-20:16:05-852,attr,ApplicationStrategyNetwork.monitoringServer.app[7],packetReceived:count,recordingmode,count,,,,,,,
RR_T1-3-20260914-20:16:05-852,attr,ApplicationStrategyNetwork.monitoringServer.app[7],packetReceived:count,source,packetReceived,,,,,,,
RR_T1-3-20260914-20:16:05-852,attr,ApplicationStrategyNetwork.monitoringServer.app[7],packetReceived:count,title,"packets received, count",,,,,,,
RR_T1-3-20260914-20:16:05-852,scalar,ApplicationStrategyNetwork.monitoringServer.app[7],packetSent:count,,,599,,,,,,
RR_T1-3-20260914-20:16:05-852,attr,ApplicationStrategyNetwork.monitoringServer.app[7],packetSent:count,interpolationmode,none,,,,,,,
RR_T1-3-20260914-20:16:05-852,attr,ApplicationStrategyNetwork.monitoringServer.app[7],packetSent:count,recordingmode,count,,,,,,,
RR_T1-3-20260914-20:16:05-852,attr,ApplicationStrategyNetwork.monitoringServer.app[7],packetSent:count,source,packetSent,,,,,,,
RR_T1-3-20260914-20:16:05-852,attr,ApplicationStrategyNetwork.monitoringServer.app[7],packetSent:count,title,"packets sent, count",,,,,,,
RR_T1-3-20260914-20:16:05-852,scalar,ApplicationStrategyNetwork.monitoringServer.app[8],packetReceived:count,,,599,,,,,,
RR_T1-3-20260914-20:16:05-852,attr,ApplicationStrategyNetwork.monitoringServer.app[8],packetReceived:count,interpolationmode,none,,,,,,,
RR_T1-3-20260914-20:16:05-852,attr,ApplicationStrategyNetwork.monitoringServer.app[8],packetReceived:count,recordingmode,count,,,,,,,
RR_T1-3-20260914-20:16:05-852,attr,ApplicationStrategyNetwork.monitoringServer.app[8],packetReceived:count,source,packetReceived,,,,,,,
RR_T1-3-20260914-20:16:05-852,attr,ApplicationStrategyNetwork.monitoringServer.app[8],packetReceived:count,title,"packets received, count",,,,,,,
RR_T1-3-20260914-20:16:05-852,scalar,ApplicationStrategyNetwork.monitoringServer.app[8],packetSent:count,,,599,,,,,,
RR_T1-3-20260914-20:16:05-852,attr,ApplicationStrategyNetwork.monitoringServer.app[8],packetSent:count,interpolationmode,none,,,,,,,
RR_T1-3-20260914-20:16:05-852,attr,ApplicationStrategyNetwork.monitoringServer.app[8],packetSent:count,recordingmode,count,,,,,,,
RR_T1-3-20260914-20:16:05-852,attr,ApplicationStrategyNetwork.monitoringServer.app[8],packetSent:count,source,packetSent,,,,,,,
RR_T1-3-20260914-20:16:05-852,attr,ApplicationStrategyNetwork.monitoringServer.app[8],packetSent:count,title,"packets sent, count",,,,,,,
RR_T1-3-20260914-20:16:05-852,scalar,ApplicationStrategyNetwork.monitoringServer.app[9],packetReceived:count,,,599,,,,,,
RR_T1-3-20260914-20:16:05-852,attr,ApplicationStrategyNetwork.monitoringServer.app[9],packetReceived:count,interpolationmode,none,,,,,,,
RR_T1-3-20260914-20:16:05-852,attr,ApplicationStrategyNetwork.monitoringServer.app[9],packetReceived:count,recordingmode,count,,,,,,,
RR_T1-3-20260914-20:16:05-852,attr,ApplicationStrategyNetwork.monitoringServer.app[9],packetReceived:count,source,packetReceived,,,,,,,
RR_T1-3-20260914-20:16:05-852,attr,ApplicationStrategyNetwork.monitoringServer.app[9],packetReceived:count,title,"packets received, count",,,,,,,
RR_T1-3-20260914-20:16:05-852,scalar,ApplicationStrategyNetwork.monitoringServer.app[9],packetSent:count,,,599,,,,,,
RR_T1-3-20260914-20:16:05-852,attr,ApplicationStrategyNetwork.monitoringServer.app[9],packetSent:count,interpolationmode,none,,,,,,,
RR_T1-3-20260914-20:16:05-852,attr,ApplicationStrategyNetwork.monitoringServer.app[9],packetSent:count,recordingmode,count,,,,,,,
RR_T1-3-20260914-20:16:05-852,attr,ApplicationStrategyNetwork.monitoringServer.app[9],packetSent:count,source,packetSent,,,,,,,
RR_T1-3-20260914-20:16:05-852,attr,ApplicationStrategyNetwork.monitoringServer.app[9],packetSent:count,title,"packets sent, count",,,,,,,
RR_T1-3-20260914-20:16:05-852,scalar,ApplicationStrategyNetwork.monitoringServer.app[10],packetReceived:count,,,599,,,,,,
RR_T1-3-20260914-20:16:05-852,attr,ApplicationStrategyNetwork.monitoringServer.app[10],packetReceived:count,interpolationmode,none,,,,,,,
RR_T1-3-20260914-20:16:05-852,attr,ApplicationStrategyNetwork.monitoringServer.app[10],packetReceived:count,recordingmode,count,,,,,,,
RR_T1-3-20260914-20:16:05-852,attr,ApplicationStrategyNetwork.monitoringServer.app[10],packetReceived:count,source,packetReceived,,,,,,,
RR_T1-3-20260914-20:16:05-852,attr,ApplicationStrategyNetwork.monitoringServer.app[10],packetReceived:count,title,"packets received, count",,,,,,,
RR_T1-3-20260914-20:16:05-852,scalar,ApplicationStrategyNetwork.monitoringServer.app[10],packetSent:count,,,599,,,,,,
RR_T1-3-20260914-20:16:05-852,attr,ApplicationStrategyNetwork.monitoringServer.app[10],packetSent:count,interpolationmode,none,,,,,,,
RR_T1-3-20260914-20:16:05-852,attr,ApplicationStrategyNetwork.monitoringServer.app[10],packetSent:count,recordingmode,count,,,,,,,
RR_T1-3-20260914-20:16:05-852,attr,ApplicationStrategyNetwork.monitoringServer.app[10],packetSent:count,source,packetSent,,,,,,,
RR_T1-3-20260914-20:16:05-852,attr,ApplicationStrategyNetwork.monitoringServer.app[10],packetSent:count,title,"packets sent, count",,,,,,,
RR_T1-3-20260914-20:16:05-852,scalar,ApplicationStrategyNetwork.monitoringServer.app[11],packetReceived:count,,,599,,,,,,
RR_T1-3-20260914-20:16:05-852,attr,ApplicationStrategyNetwork.monitoringServer.app[11],packetReceived:count,interpolationmode,none,,,,,,,
RR_T1-3-20260914-20:16:05-852,attr,ApplicationStrategyNetwork.monitoringServer.app[11],packetReceived:count,recordingmode,count,,,,,,,
RR_T1-3-20260914-20:16:05-852,attr,ApplicationStrategyNetwork.monitoringServer.app[11],packetReceived:count,source,packetReceived,,,,,,,
RR_T1-3-20260914-20:16:05-852,attr,ApplicationStrategyNetwork.monitoringServer.app[11],packetReceived:count,title,"packets received, count",,,,,,,
RR_T1-3-20260914-20:16:05-852,scalar,ApplicationStrategyNetwork.monitoringServer.app[11],packetSent:count,,,599,,,,,,
RR_T1-3-20260914-20:16:05-852,attr,ApplicationStrategyNetwork.monitoringServer.app[11],packetSent:count,interpolationmode,none,,,,,,,
RR_T1-3-20260914-20:16:05-852,attr,ApplicationStrategyNetwork.monitoringServer.app[11],packetSent:count,recordingmode,count,,,,,,,
RR_T1-3-20260914-20:16:05-852,attr,ApplicationStrategyNetwork.monitoringServer.app[11],packetSent:count,source,packetSent,,,,,,,
RR_T1-3-20260914-20:16:05-852,attr,ApplicationStrategyNetwork.monitoringServer.app[11],packetSent:count,title,"packets sent, count",,,,,,,
RR_T1-4-20260914-20:16:31-861,scalar,ApplicationStrategyNetwork.sensor[0].app[0],echoedPk:count,,,599,,,,,,
RR_T1-4-20260914-20:16:31-861,attr,ApplicationStrategyNetwork.sensor[0].app[0],echoedPk:count,interpolationmode,none,,,,,,,
RR_T1-4-20260914-20:16:31-861,attr,ApplicationStrategyNetwork.sensor[0].app[0],echoedPk:count,recordingmode,count,,,,,,,
RR_T1-4-20260914-20:16:31-861,attr,ApplicationStrategyNetwork.sensor[0].app[0],echoedPk:count,source,packetSent,,,,,,,
RR_T1-4-20260914-20:16:31-861,attr,ApplicationStrategyNetwork.sensor[0].app[0],echoedPk:count,title,"packets echoed, count",,,,,,,
RR_T1-4-20260914-20:16:31-861,scalar,ApplicationStrategyNetwork.sensor[1].app[0],echoedPk:count,,,599,,,,,,
RR_T1-4-20260914-20:16:31-861,attr,ApplicationStrategyNetwork.sensor[1].app[0],echoedPk:count,interpolationmode,none,,,,,,,
RR_T1-4-20260914-20:16:31-861,attr,ApplicationStrategyNetwork.sensor[1].app[0],echoedPk:count,recordingmode,count,,,,,,,
RR_T1-4-20260914-20:16:31-861,attr,ApplicationStrategyNetwork.sensor[1].app[0],echoedPk:count,source,packetSent,,,,,,,
RR_T1-4-20260914-20:16:31-861,attr,ApplicationStrategyNetwork.sensor[1].app[0],echoedPk:count,title,"packets echoed, count",,,,,,,
RR_T1-4-20260914-20:16:31-861,scalar,ApplicationStrategyNetwork.sensor[2].app[0],echoedPk:count,,,599,,,,,,
RR_T1-4-20260914-20:16:31-861,attr,ApplicationStrategyNetwork.sensor[2].app[0],echoedPk:count,interpolationmode,none,,,,,,,
RR_T1-4-20260914-20:16:31-861,attr,ApplicationStrategyNetwork.sensor[2].app[0],echoedPk:count,recordingmode,count,,,,,,,
RR_T1-4-20260914-20:16:31-861,attr,ApplicationStrategyNetwork.sensor[2].app[0],echoedPk:count,source,packetSent,,,,,,,
RR_T1-4-20260914-20:16:31-861,attr,ApplicationStrategyNetwork.sensor[2].app[0],echoedPk:count,title,"packets echoed, count",,,,,,,
RR_T1-4-20260914-20:16:31-861,scalar,ApplicationStrategyNetwork.sensor[3].app[0],echoedPk:count,,,599,,,,,,
RR_T1-4-20260914-20:16:31-861,attr,ApplicationStrategyNetwork.sensor[3].app[0],echoedPk:count,interpolationmode,none,,,,,,,
RR_T1-4-20260914-20:16:31-861,attr,ApplicationStrategyNetwork.sensor[3].app[0],echoedPk:count,recordingmode,count,,,,,,,
RR_T1-4-20260914-20:16:31-861,attr,ApplicationStrategyNetwork.sensor[3].app[0],echoedPk:count,source,packetSent,,,,,,,
RR_T1-4-20260914-20:16:31-861,attr,ApplicationStrategyNetwork.sensor[3].app[0],echoedPk:count,title,"packets echoed, count",,,,,,,
RR_T1-4-20260914-20:16:31-861,scalar,ApplicationStrategyNetwork.sensor[4].app[0],echoedPk:count,,,599,,,,,,
RR_T1-4-20260914-20:16:31-861,attr,ApplicationStrategyNetwork.sensor[4].app[0],echoedPk:count,interpolationmode,none,,,,,,,
RR_T1-4-20260914-20:16:31-861,attr,ApplicationStrategyNetwork.sensor[4].app[0],echoedPk:count,recordingmode,count,,,,,,,
RR_T1-4-20260914-20:16:31-861,attr,ApplicationStrategyNetwork.sensor[4].app[0],echoedPk:count,source,packetSent,,,,,,,
RR_T1-4-20260914-20:16:31-861,attr,ApplicationStrategyNetwork.sensor[4].app[0],echoedPk:count,title,"packets echoed, count",,,,,,,
RR_T1-4-20260914-20:16:31-861,scalar,ApplicationStrategyNetwork.sensor[5].app[0],echoedPk:count,,,599,,,,,,
RR_T1-4-20260914-20:16:31-861,attr,ApplicationStrategyNetwork.sensor[5].app[0],echoedPk:count,interpolationmode,none,,,,,,,
RR_T1-4-20260914-20:16:31-861,attr,ApplicationStrategyNetwork.sensor[5].app[0],echoedPk:count,recordingmode,count,,,,,,,
RR_T1-4-20260914-20:16:31-861,attr,ApplicationStrategyNetwork.sensor[5].app[0],echoedPk:count,source,packetSent,,,,,,,
RR_T1-4-20260914-20:16:31-861,attr,ApplicationStrategyNetwork.sensor[5].app[0],echoedPk:count,title,"packets echoed, count",,,,,,,
RR_T1-4-20260914-20:16:31-861,scalar,ApplicationStrategyNetwork.sensor[6].app[0],echoedPk:count,,,599,,,,,,
RR_T1-4-20260914-20:16:31-861,attr,ApplicationStrategyNetwork.sensor[6].app[0],echoedPk:count,interpolationmode,none,,,,,,,
RR_T1-4-20260914-20:16:31-861,attr,ApplicationStrategyNetwork.sensor[6].app[0],echoedPk:count,recordingmode,count,,,,,,,
RR_T1-4-20260914-20:16:31-861,attr,ApplicationStrategyNetwork.sensor[6].app[0],echoedPk:count,source,packetSent,,,,,,,
RR_T1-4-20260914-20:16:31-861,attr,ApplicationStrategyNetwork.sensor[6].app[0],echoedPk:count,title,"packets echoed, count",,,,,,,
RR_T1-4-20260914-20:16:31-861,scalar,ApplicationStrategyNetwork.sensor[7].app[0],echoedPk:count,,,599,,,,,,
RR_T1-4-20260914-20:16:31-861,attr,ApplicationStrategyNetwork.sensor[7].app[0],echoedPk:count,interpolationmode,none,,,,,,,
RR_T1-4-20260914-20:16:31-861,attr,ApplicationStrategyNetwork.sensor[7].app[0],echoedPk:count,recordingmode,count,,,,,,,
RR_T1-4-20260914-20:16:31-861,attr,ApplicationStrategyNetwork.sensor[7].app[0],echoedPk:count,source,packetSent,,,,,,,
RR_T1-4-20260914-20:16:31-861,attr,ApplicationStrategyNetwork.sensor[7].app[0],echoedPk:count,title,"packets echoed, count",,,,,,,
RR_T1-4-20260914-20:16:31-861,scalar,ApplicationStrategyNetwork.sensor[8].app[0],echoedPk:count,,,599,,,,,,
RR_T1-4-20260914-20:16:31-861,attr,ApplicationStrategyNetwork.sensor[8].app[0],echoedPk:count,interpolationmode,none,,,,,,,
RR_T1-4-20260914-20:16:31-861,attr,ApplicationStrategyNetwork.sensor[8].app[0],echoedPk:count,recordingmode,count,,,,,,,
RR_T1-4-20260914-20:16:31-861,attr,ApplicationStrategyNetwork.sensor[8].app[0],echoedPk:count,source,packetSent,,,,,,,
RR_T1-4-20260914-20:16:31-861,attr,ApplicationStrategyNetwork.sensor[8].app[0],echoedPk:count,title,"packets echoed, count",,,,,,,
RR_T1-4-20260914-20:16:31-861,scalar,ApplicationStrategyNetwork.sensor[9].app[0],echoedPk:count,,,599,,,,,,
RR_T1-4-20260914-20:16:31-861,attr,ApplicationStrategyNetwork.sensor[9].app[0],echoedPk:count,interpolationmode,none,,,,,,,
RR_T1-4-20260914-20:16:31-861,attr,ApplicationStrategyNetwork.sensor[9].app[0],echoedPk:count,recordingmode,count,,,,,,,
RR_T1-4-20260914-20:16:31-861,attr,ApplicationStrategyNetwork.sensor[9].app[0],echoedPk:count,source,packetSent,,,,,,,
RR_T1-4-20260914-20:16:31-861,attr,ApplicationStrategyNetwork.sensor[9].app[0],echoedPk:count,title,"packets echoed, count",,,,,,,
RR_T1-4-20260914-20:16:31-861,scalar,ApplicationStrategyNetwork.sensor[10].app[0],echoedPk:count,,,599,,,,,,
RR_T1-4-20260914-20:16:31-861,attr,ApplicationStrategyNetwork.sensor[10].app[0],echoedPk:count,interpolationmode,none,,,,,,,
RR_T1-4-20260914-20:16:31-861,attr,ApplicationStrategyNetwork.sensor[10].app[0],echoedPk:count,recordingmode,count,,,,,,,
RR_T1-4-20260914-20:16:31-861,attr,ApplicationStrategyNetwork.sensor[10].app[0],echoedPk:count,source,packetSent,,,,,,,
RR_T1-4-20260914-20:16:31-861,attr,ApplicationStrategyNetwork.sensor[10].app[0],echoedPk:count,title,"packets echoed, count",,,,,,,
RR_T1-4-20260914-20:16:31-861,scalar,ApplicationStrategyNetwork.sensor[11].app[0],echoedPk:count,,,599,,,,,,
RR_T1-4-20260914-20:16:31-861,attr,ApplicationStrategyNetwork.sensor[11].app[0],echoedPk:count,interpolationmode,none,,,,,,,
RR_T1-4-20260914-20:16:31-861,attr,ApplicationStrategyNetwork.sensor[11].app[0],echoedPk:count,recordingmode,count,,,,,,,
RR_T1-4-20260914-20:16:31-861,attr,ApplicationStrategyNetwork.sensor[11].app[0],echoedPk:count,source,packetSent,,,,,,,
RR_T1-4-20260914-20:16:31-861,attr,ApplicationStrategyNetwork.sensor[11].app[0],echoedPk:count,title,"packets echoed, count",,,,,,,
RR_T1-4-20260914-20:16:31-861,scalar,ApplicationStrategyNetwork.monitoringServer.app[0],packetReceived:count,,,599,,,,,,
RR_T1-4-20260914-20:16:31-861,attr,ApplicationStrategyNetwork.monitoringServer.app[0],packetReceived:count,interpolationmode,none,,,,,,,
RR_T1-4-20260914-20:16:31-861,attr,ApplicationStrategyNetwork.monitoringServer.app[0],packetReceived:count,recordingmode,count,,,,,,,
RR_T1-4-20260914-20:16:31-861,attr,ApplicationStrategyNetwork.monitoringServer.app[0],packetReceived:count,source,packetReceived,,,,,,,
RR_T1-4-20260914-20:16:31-861,attr,ApplicationStrategyNetwork.monitoringServer.app[0],packetReceived:count,title,"packets received, count",,,,,,,
RR_T1-4-20260914-20:16:31-861,scalar,ApplicationStrategyNetwork.monitoringServer.app[0],packetSent:count,,,599,,,,,,
RR_T1-4-20260914-20:16:31-861,attr,ApplicationStrategyNetwork.monitoringServer.app[0],packetSent:count,interpolationmode,none,,,,,,,
RR_T1-4-20260914-20:16:31-861,attr,ApplicationStrategyNetwork.monitoringServer.app[0],packetSent:count,recordingmode,count,,,,,,,
RR_T1-4-20260914-20:16:31-861,attr,ApplicationStrategyNetwork.monitoringServer.app[0],packetSent:count,source,packetSent,,,,,,,
RR_T1-4-20260914-20:16:31-861,attr,ApplicationStrategyNetwork.monitoringServer.app[0],packetSent:count,title,"packets sent, count",,,,,,,
RR_T1-4-20260914-20:16:31-861,scalar,ApplicationStrategyNetwork.monitoringServer.app[1],packetReceived:count,,,599,,,,,,
RR_T1-4-20260914-20:16:31-861,attr,ApplicationStrategyNetwork.monitoringServer.app[1],packetReceived:count,interpolationmode,none,,,,,,,
RR_T1-4-20260914-20:16:31-861,attr,ApplicationStrategyNetwork.monitoringServer.app[1],packetReceived:count,recordingmode,count,,,,,,,
RR_T1-4-20260914-20:16:31-861,attr,ApplicationStrategyNetwork.monitoringServer.app[1],packetReceived:count,source,packetReceived,,,,,,,
RR_T1-4-20260914-20:16:31-861,attr,ApplicationStrategyNetwork.monitoringServer.app[1],packetReceived:count,title,"packets received, count",,,,,,,
RR_T1-4-20260914-20:16:31-861,scalar,ApplicationStrategyNetwork.monitoringServer.app[1],packetSent:count,,,599,,,,,,
RR_T1-4-20260914-20:16:31-861,attr,ApplicationStrategyNetwork.monitoringServer.app[1],packetSent:count,interpolationmode,none,,,,,,,
RR_T1-4-20260914-20:16:31-861,attr,ApplicationStrategyNetwork.monitoringServer.app[1],packetSent:count,recordingmode,count,,,,,,,
RR_T1-4-20260914-20:16:31-861,attr,ApplicationStrategyNetwork.monitoringServer.app[1],packetSent:count,source,packetSent,,,,,,,
RR_T1-4-20260914-20:16:31-861,attr,ApplicationStrategyNetwork.monitoringServer.app[1],packetSent:count,title,"packets sent, count",,,,,,,
RR_T1-4-20260914-20:16:31-861,scalar,ApplicationStrategyNetwork.monitoringServer.app[2],packetReceived:count,,,599,,,,,,
RR_T1-4-20260914-20:16:31-861,attr,ApplicationStrategyNetwork.monitoringServer.app[2],packetReceived:count,interpolationmode,none,,,,,,,
RR_T1-4-20260914-20:16:31-861,attr,ApplicationStrategyNetwork.monitoringServer.app[2],packetReceived:count,recordingmode,count,,,,,,,
RR_T1-4-20260914-20:16:31-861,attr,ApplicationStrategyNetwork.monitoringServer.app[2],packetReceived:count,source,packetReceived,,,,,,,
RR_T1-4-20260914-20:16:31-861,attr,ApplicationStrategyNetwork.monitoringServer.app[2],packetReceived:count,title,"packets received, count",,,,,,,
RR_T1-4-20260914-20:16:31-861,scalar,ApplicationStrategyNetwork.monitoringServer.app[2],packetSent:count,,,599,,,,,,
RR_T1-4-20260914-20:16:31-861,attr,ApplicationStrategyNetwork.monitoringServer.app[2],packetSent:count,interpolationmode,none,,,,,,,
RR_T1-4-20260914-20:16:31-861,attr,ApplicationStrategyNetwork.monitoringServer.app[2],packetSent:count,recordingmode,count,,,,,,,
RR_T1-4-20260914-20:16:31-861,attr,ApplicationStrategyNetwork.monitoringServer.app[2],packetSent:count,source,packetSent,,,,,,,
RR_T1-4-20260914-20:16:31-861,attr,ApplicationStrategyNetwork.monitoringServer.app[2],packetSent:count,title,"packets sent, count",,,,,,,
RR_T1-4-20260914-20:16:31-861,scalar,ApplicationStrategyNetwork.monitoringServer.app[3],packetReceived:count,,,599,,,,,,
RR_T1-4-20260914-20:16:31-861,attr,ApplicationStrategyNetwork.monitoringServer.app[3],packetReceived:count,interpolationmode,none,,,,,,,
RR_T1-4-20260914-20:16:31-861,attr,ApplicationStrategyNetwork.monitoringServer.app[3],packetReceived:count,recordingmode,count,,,,,,,
RR_T1-4-20260914-20:16:31-861,attr,ApplicationStrategyNetwork.monitoringServer.app[3],packetReceived:count,source,packetReceived,,,,,,,
RR_T1-4-20260914-20:16:31-861,attr,ApplicationStrategyNetwork.monitoringServer.app[3],packetReceived:count,title,"packets received, count",,,,,,,
RR_T1-4-20260914-20:16:31-861,scalar,ApplicationStrategyNetwork.monitoringServer.app[3],packetSent:count,,,599,,,,,,
RR_T1-4-20260914-20:16:31-861,attr,ApplicationStrategyNetwork.monitoringServer.app[3],packetSent:count,interpolationmode,none,,,,,,,
RR_T1-4-20260914-20:16:31-861,attr,ApplicationStrategyNetwork.monitoringServer.app[3],packetSent:count,recordingmode,count,,,,,,,
RR_T1-4-20260914-20:16:31-861,attr,ApplicationStrategyNetwork.monitoringServer.app[3],packetSent:count,source,packetSent,,,,,,,
RR_T1-4-20260914-20:16:31-861,attr,ApplicationStrategyNetwork.monitoringServer.app[3],packetSent:count,title,"packets sent, count",,,,,,,
RR_T1-4-20260914-20:16:31-861,scalar,ApplicationStrategyNetwork.monitoringServer.app[4],packetReceived:count,,,598,,,,,,
RR_T1-4-20260914-20:16:31-861,attr,ApplicationStrategyNetwork.monitoringServer.app[4],packetReceived:count,interpolationmode,none,,,,,,,
RR_T1-4-20260914-20:16:31-861,attr,ApplicationStrategyNetwork.monitoringServer.app[4],packetReceived:count,recordingmode,count,,,,,,,
RR_T1-4-20260914-20:16:31-861,attr,ApplicationStrategyNetwork.monitoringServer.app[4],packetReceived:count,source,packetReceived,,,,,,,
RR_T1-4-20260914-20:16:31-861,attr,ApplicationStrategyNetwork.monitoringServer.app[4],packetReceived:count,title,"packets received, count",,,,,,,
RR_T1-4-20260914-20:16:31-861,scalar,ApplicationStrategyNetwork.monitoringServer.app[4],packetSent:count,,,599,,,,,,
RR_T1-4-20260914-20:16:31-861,attr,ApplicationStrategyNetwork.monitoringServer.app[4],packetSent:count,interpolationmode,none,,,,,,,
RR_T1-4-20260914-20:16:31-861,attr,ApplicationStrategyNetwork.monitoringServer.app[4],packetSent:count,recordingmode,count,,,,,,,
RR_T1-4-20260914-20:16:31-861,attr,ApplicationStrategyNetwork.monitoringServer.app[4],packetSent:count,source,packetSent,,,,,,,
RR_T1-4-20260914-20:16:31-861,attr,ApplicationStrategyNetwork.monitoringServer.app[4],packetSent:count,title,"packets sent, count",,,,,,,
RR_T1-4-20260914-20:16:31-861,scalar,ApplicationStrategyNetwork.monitoringServer.app[5],packetReceived:count,,,599,,,,,,
RR_T1-4-20260914-20:16:31-861,attr,ApplicationStrategyNetwork.monitoringServer.app[5],packetReceived:count,interpolationmode,none,,,,,,,
RR_T1-4-20260914-20:16:31-861,attr,ApplicationStrategyNetwork.monitoringServer.app[5],packetReceived:count,recordingmode,count,,,,,,,
RR_T1-4-20260914-20:16:31-861,attr,ApplicationStrategyNetwork.monitoringServer.app[5],packetReceived:count,source,packetReceived,,,,,,,
RR_T1-4-20260914-20:16:31-861,attr,ApplicationStrategyNetwork.monitoringServer.app[5],packetReceived:count,title,"packets received, count",,,,,,,
RR_T1-4-20260914-20:16:31-861,scalar,ApplicationStrategyNetwork.monitoringServer.app[5],packetSent:count,,,599,,,,,,
RR_T1-4-20260914-20:16:31-861,attr,ApplicationStrategyNetwork.monitoringServer.app[5],packetSent:count,interpolationmode,none,,,,,,,
RR_T1-4-20260914-20:16:31-861,attr,ApplicationStrategyNetwork.monitoringServer.app[5],packetSent:count,recordingmode,count,,,,,,,
RR_T1-4-20260914-20:16:31-861,attr,ApplicationStrategyNetwork.monitoringServer.app[5],packetSent:count,source,packetSent,,,,,,,
RR_T1-4-20260914-20:16:31-861,attr,ApplicationStrategyNetwork.monitoringServer.app[5],packetSent:count,title,"packets sent, count",,,,,,,
RR_T1-4-20260914-20:16:31-861,scalar,ApplicationStrategyNetwork.monitoringServer.app[6],packetReceived:count,,,599,,,,,,
RR_T1-4-20260914-20:16:31-861,attr,ApplicationStrategyNetwork.monitoringServer.app[6],packetReceived:count,interpolationmode,none,,,,,,,
RR_T1-4-20260914-20:16:31-861,attr,ApplicationStrategyNetwork.monitoringServer.app[6],packetReceived:count,recordingmode,count,,,,,,,
RR_T1-4-20260914-20:16:31-861,attr,ApplicationStrategyNetwork.monitoringServer.app[6],packetReceived:count,source,packetReceived,,,,,,,
RR_T1-4-20260914-20:16:31-861,attr,ApplicationStrategyNetwork.monitoringServer.app[6],packetReceived:count,title,"packets received, count",,,,,,,
RR_T1-4-20260914-20:16:31-861,scalar,ApplicationStrategyNetwork.monitoringServer.app[6],packetSent:count,,,599,,,,,,
RR_T1-4-20260914-20:16:31-861,attr,ApplicationStrategyNetwork.monitoringServer.app[6],packetSent:count,interpolationmode,none,,,,,,,
RR_T1-4-20260914-20:16:31-861,attr,ApplicationStrategyNetwork.monitoringServer.app[6],packetSent:count,recordingmode,count,,,,,,,
RR_T1-4-20260914-20:16:31-861,attr,ApplicationStrategyNetwork.monitoringServer.app[6],packetSent:count,source,packetSent,,,,,,,
RR_T1-4-20260914-20:16:31-861,attr,ApplicationStrategyNetwork.monitoringServer.app[6],packetSent:count,title,"packets sent, count",,,,,,,
RR_T1-4-20260914-20:16:31-861,scalar,ApplicationStrategyNetwork.monitoringServer.app[7],packetReceived:count,,,599,,,,,,
RR_T1-4-20260914-20:16:31-861,attr,ApplicationStrategyNetwork.monitoringServer.app[7],packetReceived:count,interpolationmode,none,,,,,,,
RR_T1-4-20260914-20:16:31-861,attr,ApplicationStrategyNetwork.monitoringServer.app[7],packetReceived:count,recordingmode,count,,,,,,,
RR_T1-4-20260914-20:16:31-861,attr,ApplicationStrategyNetwork.monitoringServer.app[7],packetReceived:count,source,packetReceived,,,,,,,
RR_T1-4-20260914-20:16:31-861,attr,ApplicationStrategyNetwork.monitoringServer.app[7],packetReceived:count,title,"packets received, count",,,,,,,
RR_T1-4-20260914-20:16:31-861,scalar,ApplicationStrategyNetwork.monitoringServer.app[7],packetSent:count,,,599,,,,,,
RR_T1-4-20260914-20:16:31-861,attr,ApplicationStrategyNetwork.monitoringServer.app[7],packetSent:count,interpolationmode,none,,,,,,,
RR_T1-4-20260914-20:16:31-861,attr,ApplicationStrategyNetwork.monitoringServer.app[7],packetSent:count,recordingmode,count,,,,,,,
RR_T1-4-20260914-20:16:31-861,attr,ApplicationStrategyNetwork.monitoringServer.app[7],packetSent:count,source,packetSent,,,,,,,
RR_T1-4-20260914-20:16:31-861,attr,ApplicationStrategyNetwork.monitoringServer.app[7],packetSent:count,title,"packets sent, count",,,,,,,
RR_T1-4-20260914-20:16:31-861,scalar,ApplicationStrategyNetwork.monitoringServer.app[8],packetReceived:count,,,599,,,,,,
RR_T1-4-20260914-20:16:31-861,attr,ApplicationStrategyNetwork.monitoringServer.app[8],packetReceived:count,interpolationmode,none,,,,,,,
RR_T1-4-20260914-20:16:31-861,attr,ApplicationStrategyNetwork.monitoringServer.app[8],packetReceived:count,recordingmode,count,,,,,,,
RR_T1-4-20260914-20:16:31-861,attr,ApplicationStrategyNetwork.monitoringServer.app[8],packetReceived:count,source,packetReceived,,,,,,,
RR_T1-4-20260914-20:16:31-861,attr,ApplicationStrategyNetwork.monitoringServer.app[8],packetReceived:count,title,"packets received, count",,,,,,,
RR_T1-4-20260914-20:16:31-861,scalar,ApplicationStrategyNetwork.monitoringServer.app[8],packetSent:count,,,599,,,,,,
RR_T1-4-20260914-20:16:31-861,attr,ApplicationStrategyNetwork.monitoringServer.app[8],packetSent:count,interpolationmode,none,,,,,,,
RR_T1-4-20260914-20:16:31-861,attr,ApplicationStrategyNetwork.monitoringServer.app[8],packetSent:count,recordingmode,count,,,,,,,
RR_T1-4-20260914-20:16:31-861,attr,ApplicationStrategyNetwork.monitoringServer.app[8],packetSent:count,source,packetSent,,,,,,,
RR_T1-4-20260914-20:16:31-861,attr,ApplicationStrategyNetwork.monitoringServer.app[8],packetSent:count,title,"packets sent, count",,,,,,,
RR_T1-4-20260914-20:16:31-861,scalar,ApplicationStrategyNetwork.monitoringServer.app[9],packetReceived:count,,,599,,,,,,
RR_T1-4-20260914-20:16:31-861,attr,ApplicationStrategyNetwork.monitoringServer.app[9],packetReceived:count,interpolationmode,none,,,,,,,
RR_T1-4-20260914-20:16:31-861,attr,ApplicationStrategyNetwork.monitoringServer.app[9],packetReceived:count,recordingmode,count,,,,,,,
RR_T1-4-20260914-20:16:31-861,attr,ApplicationStrategyNetwork.monitoringServer.app[9],packetReceived:count,source,packetReceived,,,,,,,
RR_T1-4-20260914-20:16:31-861,attr,ApplicationStrategyNetwork.monitoringServer.app[9],packetReceived:count,title,"packets received, count",,,,,,,
RR_T1-4-20260914-20:16:31-861,scalar,ApplicationStrategyNetwork.monitoringServer.app[9],packetSent:count,,,599,,,,,,
RR_T1-4-20260914-20:16:31-861,attr,ApplicationStrategyNetwork.monitoringServer.app[9],packetSent:count,interpolationmode,none,,,,,,,
RR_T1-4-20260914-20:16:31-861,attr,ApplicationStrategyNetwork.monitoringServer.app[9],packetSent:count,recordingmode,count,,,,,,,
RR_T1-4-20260914-20:16:31-861,attr,ApplicationStrategyNetwork.monitoringServer.app[9],packetSent:count,source,packetSent,,,,,,,
RR_T1-4-20260914-20:16:31-861,attr,ApplicationStrategyNetwork.monitoringServer.app[9],packetSent:count,title,"packets sent, count",,,,,,,
RR_T1-4-20260914-20:16:31-861,scalar,ApplicationStrategyNetwork.monitoringServer.app[10],packetReceived:count,,,599,,,,,,
RR_T1-4-20260914-20:16:31-861,attr,ApplicationStrategyNetwork.monitoringServer.app[10],packetReceived:count,interpolationmode,none,,,,,,,
RR_T1-4-20260914-20:16:31-861,attr,ApplicationStrategyNetwork.monitoringServer.app[10],packetReceived:count,recordingmode,count,,,,,,,
RR_T1-4-20260914-20:16:31-861,attr,ApplicationStrategyNetwork.monitoringServer.app[10],packetReceived:count,source,packetReceived,,,,,,,
RR_T1-4-20260914-20:16:31-861,attr,ApplicationStrategyNetwork.monitoringServer.app[10],packetReceived:count,title,"packets received, count",,,,,,,
RR_T1-4-20260914-20:16:31-861,scalar,ApplicationStrategyNetwork.monitoringServer.app[10],packetSent:count,,,599,,,,,,
RR_T1-4-20260914-20:16:31-861,attr,ApplicationStrategyNetwork.monitoringServer.app[10],packetSent:count,interpolationmode,none,,,,,,,
RR_T1-4-20260914-20:16:31-861,attr,ApplicationStrategyNetwork.monitoringServer.app[10],packetSent:count,recordingmode,count,,,,,,,
RR_T1-4-20260914-20:16:31-861,attr,ApplicationStrategyNetwork.monitoringServer.app[10],packetSent:count,source,packetSent,,,,,,,
RR_T1-4-20260914-20:16:31-861,attr,ApplicationStrategyNetwork.monitoringServer.app[10],packetSent:count,title,"packets sent, count",,,,,,,
RR_T1-4-20260914-20:16:31-861,scalar,ApplicationStrategyNetwork.monitoringServer.app[11],packetReceived:count,,,599,,,,,,
RR_T1-4-20260914-20:16:31-861,attr,ApplicationStrategyNetwork.monitoringServer.app[11],packetReceived:count,interpolationmode,none,,,,,,,
RR_T1-4-20260914-20:16:31-861,attr,ApplicationStrategyNetwork.monitoringServer.app[11],packetReceived:count,recordingmode,count,,,,,,,
RR_T1-4-20260914-20:16:31-861,attr,ApplicationStrategyNetwork.monitoringServer.app[11],packetReceived:count,source,packetReceived,,,,,,,
RR_T1-4-20260914-20:16:31-861,attr,ApplicationStrategyNetwork.monitoringServer.app[11],packetReceived:count,title,"packets received, count",,,,,,,
RR_T1-4-20260914-20:16:31-861,scalar,ApplicationStrategyNetwork.monitoringServer.app[11],packetSent:count,,,599,,,,,,
RR_T1-4-20260914-20:16:31-861,attr,ApplicationStrategyNetwork.monitoringServer.app[11],packetSent:count,interpolationmode,none,,,,,,,
RR_T1-4-20260914-20:16:31-861,attr,ApplicationStrategyNetwork.monitoringServer.app[11],packetSent:count,recordingmode,count,,,,,,,
RR_T1-4-20260914-20:16:31-861,attr,ApplicationStrategyNetwork.monitoringServer.app[11],packetSent:count,source,packetSent,,,,,,,
RR_T1-4-20260914-20:16:31-861,attr,ApplicationStrategyNetwork.monitoringServer.app[11],packetSent:count,title,"packets sent, count",,,,,,,
RR_T10-0-20260914-20:19:11-1074,scalar,ApplicationStrategyNetwork.sensor[0].app[0],echoedPk:count,,,60,,,,,,
RR_T10-0-20260914-20:19:11-1074,attr,ApplicationStrategyNetwork.sensor[0].app[0],echoedPk:count,interpolationmode,none,,,,,,,
RR_T10-0-20260914-20:19:11-1074,attr,ApplicationStrategyNetwork.sensor[0].app[0],echoedPk:count,recordingmode,count,,,,,,,
RR_T10-0-20260914-20:19:11-1074,attr,ApplicationStrategyNetwork.sensor[0].app[0],echoedPk:count,source,packetSent,,,,,,,
RR_T10-0-20260914-20:19:11-1074,attr,ApplicationStrategyNetwork.sensor[0].app[0],echoedPk:count,title,"packets echoed, count",,,,,,,
RR_T10-0-20260914-20:19:11-1074,scalar,ApplicationStrategyNetwork.sensor[1].app[0],echoedPk:count,,,60,,,,,,
RR_T10-0-20260914-20:19:11-1074,attr,ApplicationStrategyNetwork.sensor[1].app[0],echoedPk:count,interpolationmode,none,,,,,,,
RR_T10-0-20260914-20:19:11-1074,attr,ApplicationStrategyNetwork.sensor[1].app[0],echoedPk:count,recordingmode,count,,,,,,,
RR_T10-0-20260914-20:19:11-1074,attr,ApplicationStrategyNetwork.sensor[1].app[0],echoedPk:count,source,packetSent,,,,,,,
RR_T10-0-20260914-20:19:11-1074,attr,ApplicationStrategyNetwork.sensor[1].app[0],echoedPk:count,title,"packets echoed, count",,,,,,,
RR_T10-0-20260914-20:19:11-1074,scalar,ApplicationStrategyNetwork.sensor[2].app[0],echoedPk:count,,,60,,,,,,
RR_T10-0-20260914-20:19:11-1074,attr,ApplicationStrategyNetwork.sensor[2].app[0],echoedPk:count,interpolationmode,none,,,,,,,
RR_T10-0-20260914-20:19:11-1074,attr,ApplicationStrategyNetwork.sensor[2].app[0],echoedPk:count,recordingmode,count,,,,,,,
RR_T10-0-20260914-20:19:11-1074,attr,ApplicationStrategyNetwork.sensor[2].app[0],echoedPk:count,source,packetSent,,,,,,,
RR_T10-0-20260914-20:19:11-1074,attr,ApplicationStrategyNetwork.sensor[2].app[0],echoedPk:count,title,"packets echoed, count",,,,,,,
RR_T10-0-20260914-20:19:11-1074,scalar,ApplicationStrategyNetwork.sensor[3].app[0],echoedPk:count,,,60,,,,,,
RR_T10-0-20260914-20:19:11-1074,attr,ApplicationStrategyNetwork.sensor[3].app[0],echoedPk:count,interpolationmode,none,,,,,,,
RR_T10-0-20260914-20:19:11-1074,attr,ApplicationStrategyNetwork.sensor[3].app[0],echoedPk:count,recordingmode,count,,,,,,,
RR_T10-0-20260914-20:19:11-1074,attr,ApplicationStrategyNetwork.sensor[3].app[0],echoedPk:count,source,packetSent,,,,,,,
RR_T10-0-20260914-20:19:11-1074,attr,ApplicationStrategyNetwork.sensor[3].app[0],echoedPk:count,title,"packets echoed, count",,,,,,,
RR_T10-0-20260914-20:19:11-1074,scalar,ApplicationStrategyNetwork.sensor[4].app[0],echoedPk:count,,,60,,,,,,
RR_T10-0-20260914-20:19:11-1074,attr,ApplicationStrategyNetwork.sensor[4].app[0],echoedPk:count,interpolationmode,none,,,,,,,
RR_T10-0-20260914-20:19:11-1074,attr,ApplicationStrategyNetwork.sensor[4].app[0],echoedPk:count,recordingmode,count,,,,,,,
RR_T10-0-20260914-20:19:11-1074,attr,ApplicationStrategyNetwork.sensor[4].app[0],echoedPk:count,source,packetSent,,,,,,,
RR_T10-0-20260914-20:19:11-1074,attr,ApplicationStrategyNetwork.sensor[4].app[0],echoedPk:count,title,"packets echoed, count",,,,,,,
RR_T10-0-20260914-20:19:11-1074,scalar,ApplicationStrategyNetwork.sensor[5].app[0],echoedPk:count,,,60,,,,,,
RR_T10-0-20260914-20:19:11-1074,attr,ApplicationStrategyNetwork.sensor[5].app[0],echoedPk:count,interpolationmode,none,,,,,,,
RR_T10-0-20260914-20:19:11-1074,attr,ApplicationStrategyNetwork.sensor[5].app[0],echoedPk:count,recordingmode,count,,,,,,,
RR_T10-0-20260914-20:19:11-1074,attr,ApplicationStrategyNetwork.sensor[5].app[0],echoedPk:count,source,packetSent,,,,,,,
RR_T10-0-20260914-20:19:11-1074,attr,ApplicationStrategyNetwork.sensor[5].app[0],echoedPk:count,title,"packets echoed, count",,,,,,,
RR_T10-0-20260914-20:19:11-1074,scalar,ApplicationStrategyNetwork.sensor[6].app[0],echoedPk:count,,,60,,,,,,
RR_T10-0-20260914-20:19:11-1074,attr,ApplicationStrategyNetwork.sensor[6].app[0],echoedPk:count,interpolationmode,none,,,,,,,
RR_T10-0-20260914-20:19:11-1074,attr,ApplicationStrategyNetwork.sensor[6].app[0],echoedPk:count,recordingmode,count,,,,,,,
RR_T10-0-20260914-20:19:11-1074,attr,ApplicationStrategyNetwork.sensor[6].app[0],echoedPk:count,source,packetSent,,,,,,,
RR_T10-0-20260914-20:19:11-1074,attr,ApplicationStrategyNetwork.sensor[6].app[0],echoedPk:count,title,"packets echoed, count",,,,,,,
RR_T10-0-20260914-20:19:11-1074,scalar,ApplicationStrategyNetwork.sensor[7].app[0],echoedPk:count,,,60,,,,,,
RR_T10-0-20260914-20:19:11-1074,attr,ApplicationStrategyNetwork.sensor[7].app[0],echoedPk:count,interpolationmode,none,,,,,,,
RR_T10-0-20260914-20:19:11-1074,attr,ApplicationStrategyNetwork.sensor[7].app[0],echoedPk:count,recordingmode,count,,,,,,,
RR_T10-0-20260914-20:19:11-1074,attr,ApplicationStrategyNetwork.sensor[7].app[0],echoedPk:count,source,packetSent,,,,,,,
RR_T10-0-20260914-20:19:11-1074,attr,ApplicationStrategyNetwork.sensor[7].app[0],echoedPk:count,title,"packets echoed, count",,,,,,,
RR_T10-0-20260914-20:19:11-1074,scalar,ApplicationStrategyNetwork.sensor[8].app[0],echoedPk:count,,,60,,,,,,
RR_T10-0-20260914-20:19:11-1074,attr,ApplicationStrategyNetwork.sensor[8].app[0],echoedPk:count,interpolationmode,none,,,,,,,
RR_T10-0-20260914-20:19:11-1074,attr,ApplicationStrategyNetwork.sensor[8].app[0],echoedPk:count,recordingmode,count,,,,,,,
RR_T10-0-20260914-20:19:11-1074,attr,ApplicationStrategyNetwork.sensor[8].app[0],echoedPk:count,source,packetSent,,,,,,,
RR_T10-0-20260914-20:19:11-1074,attr,ApplicationStrategyNetwork.sensor[8].app[0],echoedPk:count,title,"packets echoed, count",,,,,,,
RR_T10-0-20260914-20:19:11-1074,scalar,ApplicationStrategyNetwork.sensor[9].app[0],echoedPk:count,,,60,,,,,,
RR_T10-0-20260914-20:19:11-1074,attr,ApplicationStrategyNetwork.sensor[9].app[0],echoedPk:count,interpolationmode,none,,,,,,,
RR_T10-0-20260914-20:19:11-1074,attr,ApplicationStrategyNetwork.sensor[9].app[0],echoedPk:count,recordingmode,count,,,,,,,
RR_T10-0-20260914-20:19:11-1074,attr,ApplicationStrategyNetwork.sensor[9].app[0],echoedPk:count,source,packetSent,,,,,,,
RR_T10-0-20260914-20:19:11-1074,attr,ApplicationStrategyNetwork.sensor[9].app[0],echoedPk:count,title,"packets echoed, count",,,,,,,
RR_T10-0-20260914-20:19:11-1074,scalar,ApplicationStrategyNetwork.sensor[10].app[0],echoedPk:count,,,60,,,,,,
RR_T10-0-20260914-20:19:11-1074,attr,ApplicationStrategyNetwork.sensor[10].app[0],echoedPk:count,interpolationmode,none,,,,,,,
RR_T10-0-20260914-20:19:11-1074,attr,ApplicationStrategyNetwork.sensor[10].app[0],echoedPk:count,recordingmode,count,,,,,,,
RR_T10-0-20260914-20:19:11-1074,attr,ApplicationStrategyNetwork.sensor[10].app[0],echoedPk:count,source,packetSent,,,,,,,
RR_T10-0-20260914-20:19:11-1074,attr,ApplicationStrategyNetwork.sensor[10].app[0],echoedPk:count,title,"packets echoed, count",,,,,,,
RR_T10-0-20260914-20:19:11-1074,scalar,ApplicationStrategyNetwork.sensor[11].app[0],echoedPk:count,,,60,,,,,,
RR_T10-0-20260914-20:19:11-1074,attr,ApplicationStrategyNetwork.sensor[11].app[0],echoedPk:count,interpolationmode,none,,,,,,,
RR_T10-0-20260914-20:19:11-1074,attr,ApplicationStrategyNetwork.sensor[11].app[0],echoedPk:count,recordingmode,count,,,,,,,
RR_T10-0-20260914-20:19:11-1074,attr,ApplicationStrategyNetwork.sensor[11].app[0],echoedPk:count,source,packetSent,,,,,,,
RR_T10-0-20260914-20:19:11-1074,attr,ApplicationStrategyNetwork.sensor[11].app[0],echoedPk:count,title,"packets echoed, count",,,,,,,
RR_T10-0-20260914-20:19:11-1074,scalar,ApplicationStrategyNetwork.monitoringServer.app[0],packetReceived:count,,,60,,,,,,
RR_T10-0-20260914-20:19:11-1074,attr,ApplicationStrategyNetwork.monitoringServer.app[0],packetReceived:count,interpolationmode,none,,,,,,,
RR_T10-0-20260914-20:19:11-1074,attr,ApplicationStrategyNetwork.monitoringServer.app[0],packetReceived:count,recordingmode,count,,,,,,,
RR_T10-0-20260914-20:19:11-1074,attr,ApplicationStrategyNetwork.monitoringServer.app[0],packetReceived:count,source,packetReceived,,,,,,,
RR_T10-0-20260914-20:19:11-1074,attr,ApplicationStrategyNetwork.monitoringServer.app[0],packetReceived:count,title,"packets received, count",,,,,,,
RR_T10-0-20260914-20:19:11-1074,scalar,ApplicationStrategyNetwork.monitoringServer.app[0],packetSent:count,,,60,,,,,,
RR_T10-0-20260914-20:19:11-1074,attr,ApplicationStrategyNetwork.monitoringServer.app[0],packetSent:count,interpolationmode,none,,,,,,,
RR_T10-0-20260914-20:19:11-1074,attr,ApplicationStrategyNetwork.monitoringServer.app[0],packetSent:count,recordingmode,count,,,,,,,
RR_T10-0-20260914-20:19:11-1074,attr,ApplicationStrategyNetwork.monitoringServer.app[0],packetSent:count,source,packetSent,,,,,,,
RR_T10-0-20260914-20:19:11-1074,attr,ApplicationStrategyNetwork.monitoringServer.app[0],packetSent:count,title,"packets sent, count",,,,,,,
RR_T10-0-20260914-20:19:11-1074,scalar,ApplicationStrategyNetwork.monitoringServer.app[1],packetReceived:count,,,60,,,,,,
RR_T10-0-20260914-20:19:11-1074,attr,ApplicationStrategyNetwork.monitoringServer.app[1],packetReceived:count,interpolationmode,none,,,,,,,
RR_T10-0-20260914-20:19:11-1074,attr,ApplicationStrategyNetwork.monitoringServer.app[1],packetReceived:count,recordingmode,count,,,,,,,
RR_T10-0-20260914-20:19:11-1074,attr,ApplicationStrategyNetwork.monitoringServer.app[1],packetReceived:count,source,packetReceived,,,,,,,
RR_T10-0-20260914-20:19:11-1074,attr,ApplicationStrategyNetwork.monitoringServer.app[1],packetReceived:count,title,"packets received, count",,,,,,,
RR_T10-0-20260914-20:19:11-1074,scalar,ApplicationStrategyNetwork.monitoringServer.app[1],packetSent:count,,,60,,,,,,
RR_T10-0-20260914-20:19:11-1074,attr,ApplicationStrategyNetwork.monitoringServer.app[1],packetSent:count,interpolationmode,none,,,,,,,
RR_T10-0-20260914-20:19:11-1074,attr,ApplicationStrategyNetwork.monitoringServer.app[1],packetSent:count,recordingmode,count,,,,,,,
RR_T10-0-20260914-20:19:11-1074,attr,ApplicationStrategyNetwork.monitoringServer.app[1],packetSent:count,source,packetSent,,,,,,,
RR_T10-0-20260914-20:19:11-1074,attr,ApplicationStrategyNetwork.monitoringServer.app[1],packetSent:count,title,"packets sent, count",,,,,,,
RR_T10-0-20260914-20:19:11-1074,scalar,ApplicationStrategyNetwork.monitoringServer.app[2],packetReceived:count,,,60,,,,,,
RR_T10-0-20260914-20:19:11-1074,attr,ApplicationStrategyNetwork.monitoringServer.app[2],packetReceived:count,interpolationmode,none,,,,,,,
RR_T10-0-20260914-20:19:11-1074,attr,ApplicationStrategyNetwork.monitoringServer.app[2],packetReceived:count,recordingmode,count,,,,,,,
RR_T10-0-20260914-20:19:11-1074,attr,ApplicationStrategyNetwork.monitoringServer.app[2],packetReceived:count,source,packetReceived,,,,,,,
RR_T10-0-20260914-20:19:11-1074,attr,ApplicationStrategyNetwork.monitoringServer.app[2],packetReceived:count,title,"packets received, count",,,,,,,
RR_T10-0-20260914-20:19:11-1074,scalar,ApplicationStrategyNetwork.monitoringServer.app[2],packetSent:count,,,60,,,,,,
RR_T10-0-20260914-20:19:11-1074,attr,ApplicationStrategyNetwork.monitoringServer.app[2],packetSent:count,interpolationmode,none,,,,,,,
RR_T10-0-20260914-20:19:11-1074,attr,ApplicationStrategyNetwork.monitoringServer.app[2],packetSent:count,recordingmode,count,,,,,,,
RR_T10-0-20260914-20:19:11-1074,attr,ApplicationStrategyNetwork.monitoringServer.app[2],packetSent:count,source,packetSent,,,,,,,
RR_T10-0-20260914-20:19:11-1074,attr,ApplicationStrategyNetwork.monitoringServer.app[2],packetSent:count,title,"packets sent, count",,,,,,,
RR_T10-0-20260914-20:19:11-1074,scalar,ApplicationStrategyNetwork.monitoringServer.app[3],packetReceived:count,,,60,,,,,,
RR_T10-0-20260914-20:19:11-1074,attr,ApplicationStrategyNetwork.monitoringServer.app[3],packetReceived:count,interpolationmode,none,,,,,,,
RR_T10-0-20260914-20:19:11-1074,attr,ApplicationStrategyNetwork.monitoringServer.app[3],packetReceived:count,recordingmode,count,,,,,,,
RR_T10-0-20260914-20:19:11-1074,attr,ApplicationStrategyNetwork.monitoringServer.app[3],packetReceived:count,source,packetReceived,,,,,,,
RR_T10-0-20260914-20:19:11-1074,attr,ApplicationStrategyNetwork.monitoringServer.app[3],packetReceived:count,title,"packets received, count",,,,,,,
RR_T10-0-20260914-20:19:11-1074,scalar,ApplicationStrategyNetwork.monitoringServer.app[3],packetSent:count,,,60,,,,,,
RR_T10-0-20260914-20:19:11-1074,attr,ApplicationStrategyNetwork.monitoringServer.app[3],packetSent:count,interpolationmode,none,,,,,,,
RR_T10-0-20260914-20:19:11-1074,attr,ApplicationStrategyNetwork.monitoringServer.app[3],packetSent:count,recordingmode,count,,,,,,,
RR_T10-0-20260914-20:19:11-1074,attr,ApplicationStrategyNetwork.monitoringServer.app[3],packetSent:count,source,packetSent,,,,,,,
RR_T10-0-20260914-20:19:11-1074,attr,ApplicationStrategyNetwork.monitoringServer.app[3],packetSent:count,title,"packets sent, count",,,,,,,
RR_T10-0-20260914-20:19:11-1074,scalar,ApplicationStrategyNetwork.monitoringServer.app[4],packetReceived:count,,,60,,,,,,
RR_T10-0-20260914-20:19:11-1074,attr,ApplicationStrategyNetwork.monitoringServer.app[4],packetReceived:count,interpolationmode,none,,,,,,,
RR_T10-0-20260914-20:19:11-1074,attr,ApplicationStrategyNetwork.monitoringServer.app[4],packetReceived:count,recordingmode,count,,,,,,,
RR_T10-0-20260914-20:19:11-1074,attr,ApplicationStrategyNetwork.monitoringServer.app[4],packetReceived:count,source,packetReceived,,,,,,,
RR_T10-0-20260914-20:19:11-1074,attr,ApplicationStrategyNetwork.monitoringServer.app[4],packetReceived:count,title,"packets received, count",,,,,,,
RR_T10-0-20260914-20:19:11-1074,scalar,ApplicationStrategyNetwork.monitoringServer.app[4],packetSent:count,,,60,,,,,,
RR_T10-0-20260914-20:19:11-1074,attr,ApplicationStrategyNetwork.monitoringServer.app[4],packetSent:count,interpolationmode,none,,,,,,,
RR_T10-0-20260914-20:19:11-1074,attr,ApplicationStrategyNetwork.monitoringServer.app[4],packetSent:count,recordingmode,count,,,,,,,
RR_T10-0-20260914-20:19:11-1074,attr,ApplicationStrategyNetwork.monitoringServer.app[4],packetSent:count,source,packetSent,,,,,,,
RR_T10-0-20260914-20:19:11-1074,attr,ApplicationStrategyNetwork.monitoringServer.app[4],packetSent:count,title,"packets sent, count",,,,,,,
RR_T10-0-20260914-20:19:11-1074,scalar,ApplicationStrategyNetwork.monitoringServer.app[5],packetReceived:count,,,60,,,,,,
RR_T10-0-20260914-20:19:11-1074,attr,ApplicationStrategyNetwork.monitoringServer.app[5],packetReceived:count,interpolationmode,none,,,,,,,
RR_T10-0-20260914-20:19:11-1074,attr,ApplicationStrategyNetwork.monitoringServer.app[5],packetReceived:count,recordingmode,count,,,,,,,
RR_T10-0-20260914-20:19:11-1074,attr,ApplicationStrategyNetwork.monitoringServer.app[5],packetReceived:count,source,packetReceived,,,,,,,
RR_T10-0-20260914-20:19:11-1074,attr,ApplicationStrategyNetwork.monitoringServer.app[5],packetReceived:count,title,"packets received, count",,,,,,,
RR_T10-0-20260914-20:19:11-1074,scalar,ApplicationStrategyNetwork.monitoringServer.app[5],packetSent:count,,,60,,,,,,
RR_T10-0-20260914-20:19:11-1074,attr,ApplicationStrategyNetwork.monitoringServer.app[5],packetSent:count,interpolationmode,none,,,,,,,
RR_T10-0-20260914-20:19:11-1074,attr,ApplicationStrategyNetwork.monitoringServer.app[5],packetSent:count,recordingmode,count,,,,,,,
RR_T10-0-20260914-20:19:11-1074,attr,ApplicationStrategyNetwork.monitoringServer.app[5],packetSent:count,source,packetSent,,,,,,,
RR_T10-0-20260914-20:19:11-1074,attr,ApplicationStrategyNetwork.monitoringServer.app[5],packetSent:count,title,"packets sent, count",,,,,,,
RR_T10-0-20260914-20:19:11-1074,scalar,ApplicationStrategyNetwork.monitoringServer.app[6],packetReceived:count,,,60,,,,,,
RR_T10-0-20260914-20:19:11-1074,attr,ApplicationStrategyNetwork.monitoringServer.app[6],packetReceived:count,interpolationmode,none,,,,,,,
RR_T10-0-20260914-20:19:11-1074,attr,ApplicationStrategyNetwork.monitoringServer.app[6],packetReceived:count,recordingmode,count,,,,,,,
RR_T10-0-20260914-20:19:11-1074,attr,ApplicationStrategyNetwork.monitoringServer.app[6],packetReceived:count,source,packetReceived,,,,,,,
RR_T10-0-20260914-20:19:11-1074,attr,ApplicationStrategyNetwork.monitoringServer.app[6],packetReceived:count,title,"packets received, count",,,,,,,
RR_T10-0-20260914-20:19:11-1074,scalar,ApplicationStrategyNetwork.monitoringServer.app[6],packetSent:count,,,60,,,,,,
RR_T10-0-20260914-20:19:11-1074,attr,ApplicationStrategyNetwork.monitoringServer.app[6],packetSent:count,interpolationmode,none,,,,,,,
RR_T10-0-20260914-20:19:11-1074,attr,ApplicationStrategyNetwork.monitoringServer.app[6],packetSent:count,recordingmode,count,,,,,,,
RR_T10-0-20260914-20:19:11-1074,attr,ApplicationStrategyNetwork.monitoringServer.app[6],packetSent:count,source,packetSent,,,,,,,
RR_T10-0-20260914-20:19:11-1074,attr,ApplicationStrategyNetwork.monitoringServer.app[6],packetSent:count,title,"packets sent, count",,,,,,,
RR_T10-0-20260914-20:19:11-1074,scalar,ApplicationStrategyNetwork.monitoringServer.app[7],packetReceived:count,,,60,,,,,,
RR_T10-0-20260914-20:19:11-1074,attr,ApplicationStrategyNetwork.monitoringServer.app[7],packetReceived:count,interpolationmode,none,,,,,,,
RR_T10-0-20260914-20:19:11-1074,attr,ApplicationStrategyNetwork.monitoringServer.app[7],packetReceived:count,recordingmode,count,,,,,,,
RR_T10-0-20260914-20:19:11-1074,attr,ApplicationStrategyNetwork.monitoringServer.app[7],packetReceived:count,source,packetReceived,,,,,,,
RR_T10-0-20260914-20:19:11-1074,attr,ApplicationStrategyNetwork.monitoringServer.app[7],packetReceived:count,title,"packets received, count",,,,,,,
RR_T10-0-20260914-20:19:11-1074,scalar,ApplicationStrategyNetwork.monitoringServer.app[7],packetSent:count,,,60,,,,,,
RR_T10-0-20260914-20:19:11-1074,attr,ApplicationStrategyNetwork.monitoringServer.app[7],packetSent:count,interpolationmode,none,,,,,,,
RR_T10-0-20260914-20:19:11-1074,attr,ApplicationStrategyNetwork.monitoringServer.app[7],packetSent:count,recordingmode,count,,,,,,,
RR_T10-0-20260914-20:19:11-1074,attr,ApplicationStrategyNetwork.monitoringServer.app[7],packetSent:count,source,packetSent,,,,,,,
RR_T10-0-20260914-20:19:11-1074,attr,ApplicationStrategyNetwork.monitoringServer.app[7],packetSent:count,title,"packets sent, count",,,,,,,
RR_T10-0-20260914-20:19:11-1074,scalar,ApplicationStrategyNetwork.monitoringServer.app[8],packetReceived:count,,,60,,,,,,
RR_T10-0-20260914-20:19:11-1074,attr,ApplicationStrategyNetwork.monitoringServer.app[8],packetReceived:count,interpolationmode,none,,,,,,,
RR_T10-0-20260914-20:19:11-1074,attr,ApplicationStrategyNetwork.monitoringServer.app[8],packetReceived:count,recordingmode,count,,,,,,,
RR_T10-0-20260914-20:19:11-1074,attr,ApplicationStrategyNetwork.monitoringServer.app[8],packetReceived:count,source,packetReceived,,,,,,,
RR_T10-0-20260914-20:19:11-1074,attr,ApplicationStrategyNetwork.monitoringServer.app[8],packetReceived:count,title,"packets received, count",,,,,,,
RR_T10-0-20260914-20:19:11-1074,scalar,ApplicationStrategyNetwork.monitoringServer.app[8],packetSent:count,,,60,,,,,,
RR_T10-0-20260914-20:19:11-1074,attr,ApplicationStrategyNetwork.monitoringServer.app[8],packetSent:count,interpolationmode,none,,,,,,,
RR_T10-0-20260914-20:19:11-1074,attr,ApplicationStrategyNetwork.monitoringServer.app[8],packetSent:count,recordingmode,count,,,,,,,
RR_T10-0-20260914-20:19:11-1074,attr,ApplicationStrategyNetwork.monitoringServer.app[8],packetSent:count,source,packetSent,,,,,,,
RR_T10-0-20260914-20:19:11-1074,attr,ApplicationStrategyNetwork.monitoringServer.app[8],packetSent:count,title,"packets sent, count",,,,,,,
RR_T10-0-20260914-20:19:11-1074,scalar,ApplicationStrategyNetwork.monitoringServer.app[9],packetReceived:count,,,60,,,,,,
RR_T10-0-20260914-20:19:11-1074,attr,ApplicationStrategyNetwork.monitoringServer.app[9],packetReceived:count,interpolationmode,none,,,,,,,
RR_T10-0-20260914-20:19:11-1074,attr,ApplicationStrategyNetwork.monitoringServer.app[9],packetReceived:count,recordingmode,count,,,,,,,
RR_T10-0-20260914-20:19:11-1074,attr,ApplicationStrategyNetwork.monitoringServer.app[9],packetReceived:count,source,packetReceived,,,,,,,
RR_T10-0-20260914-20:19:11-1074,attr,ApplicationStrategyNetwork.monitoringServer.app[9],packetReceived:count,title,"packets received, count",,,,,,,
RR_T10-0-20260914-20:19:11-1074,scalar,ApplicationStrategyNetwork.monitoringServer.app[9],packetSent:count,,,60,,,,,,
RR_T10-0-20260914-20:19:11-1074,attr,ApplicationStrategyNetwork.monitoringServer.app[9],packetSent:count,interpolationmode,none,,,,,,,
RR_T10-0-20260914-20:19:11-1074,attr,ApplicationStrategyNetwork.monitoringServer.app[9],packetSent:count,recordingmode,count,,,,,,,
RR_T10-0-20260914-20:19:11-1074,attr,ApplicationStrategyNetwork.monitoringServer.app[9],packetSent:count,source,packetSent,,,,,,,
RR_T10-0-20260914-20:19:11-1074,attr,ApplicationStrategyNetwork.monitoringServer.app[9],packetSent:count,title,"packets sent, count",,,,,,,
RR_T10-0-20260914-20:19:11-1074,scalar,ApplicationStrategyNetwork.monitoringServer.app[10],packetReceived:count,,,60,,,,,,
RR_T10-0-20260914-20:19:11-1074,attr,ApplicationStrategyNetwork.monitoringServer.app[10],packetReceived:count,interpolationmode,none,,,,,,,
RR_T10-0-20260914-20:19:11-1074,attr,ApplicationStrategyNetwork.monitoringServer.app[10],packetReceived:count,recordingmode,count,,,,,,,
RR_T10-0-20260914-20:19:11-1074,attr,ApplicationStrategyNetwork.monitoringServer.app[10],packetReceived:count,source,packetReceived,,,,,,,
RR_T10-0-20260914-20:19:11-1074,attr,ApplicationStrategyNetwork.monitoringServer.app[10],packetReceived:count,title,"packets received, count",,,,,,,
RR_T10-0-20260914-20:19:11-1074,scalar,ApplicationStrategyNetwork.monitoringServer.app[10],packetSent:count,,,60,,,,,,
RR_T10-0-20260914-20:19:11-1074,attr,ApplicationStrategyNetwork.monitoringServer.app[10],packetSent:count,interpolationmode,none,,,,,,,
RR_T10-0-20260914-20:19:11-1074,attr,ApplicationStrategyNetwork.monitoringServer.app[10],packetSent:count,recordingmode,count,,,,,,,
RR_T10-0-20260914-20:19:11-1074,attr,ApplicationStrategyNetwork.monitoringServer.app[10],packetSent:count,source,packetSent,,,,,,,
RR_T10-0-20260914-20:19:11-1074,attr,ApplicationStrategyNetwork.monitoringServer.app[10],packetSent:count,title,"packets sent, count",,,,,,,
RR_T10-0-20260914-20:19:11-1074,scalar,ApplicationStrategyNetwork.monitoringServer.app[11],packetReceived:count,,,60,,,,,,
RR_T10-0-20260914-20:19:11-1074,attr,ApplicationStrategyNetwork.monitoringServer.app[11],packetReceived:count,interpolationmode,none,,,,,,,
RR_T10-0-20260914-20:19:11-1074,attr,ApplicationStrategyNetwork.monitoringServer.app[11],packetReceived:count,recordingmode,count,,,,,,,
RR_T10-0-20260914-20:19:11-1074,attr,ApplicationStrategyNetwork.monitoringServer.app[11],packetReceived:count,source,packetReceived,,,,,,,
RR_T10-0-20260914-20:19:11-1074,attr,ApplicationStrategyNetwork.monitoringServer.app[11],packetReceived:count,title,"packets received, count",,,,,,,
RR_T10-0-20260914-20:19:11-1074,scalar,ApplicationStrategyNetwork.monitoringServer.app[11],packetSent:count,,,60,,,,,,
RR_T10-0-20260914-20:19:11-1074,attr,ApplicationStrategyNetwork.monitoringServer.app[11],packetSent:count,interpolationmode,none,,,,,,,
RR_T10-0-20260914-20:19:11-1074,attr,ApplicationStrategyNetwork.monitoringServer.app[11],packetSent:count,recordingmode,count,,,,,,,
RR_T10-0-20260914-20:19:11-1074,attr,ApplicationStrategyNetwork.monitoringServer.app[11],packetSent:count,source,packetSent,,,,,,,
RR_T10-0-20260914-20:19:11-1074,attr,ApplicationStrategyNetwork.monitoringServer.app[11],packetSent:count,title,"packets sent, count",,,,,,,
RR_T10-1-20260914-20:19:14-1079,scalar,ApplicationStrategyNetwork.sensor[0].app[0],echoedPk:count,,,60,,,,,,
RR_T10-1-20260914-20:19:14-1079,attr,ApplicationStrategyNetwork.sensor[0].app[0],echoedPk:count,interpolationmode,none,,,,,,,
RR_T10-1-20260914-20:19:14-1079,attr,ApplicationStrategyNetwork.sensor[0].app[0],echoedPk:count,recordingmode,count,,,,,,,
RR_T10-1-20260914-20:19:14-1079,attr,ApplicationStrategyNetwork.sensor[0].app[0],echoedPk:count,source,packetSent,,,,,,,
RR_T10-1-20260914-20:19:14-1079,attr,ApplicationStrategyNetwork.sensor[0].app[0],echoedPk:count,title,"packets echoed, count",,,,,,,
RR_T10-1-20260914-20:19:14-1079,scalar,ApplicationStrategyNetwork.sensor[1].app[0],echoedPk:count,,,60,,,,,,
RR_T10-1-20260914-20:19:14-1079,attr,ApplicationStrategyNetwork.sensor[1].app[0],echoedPk:count,interpolationmode,none,,,,,,,
RR_T10-1-20260914-20:19:14-1079,attr,ApplicationStrategyNetwork.sensor[1].app[0],echoedPk:count,recordingmode,count,,,,,,,
RR_T10-1-20260914-20:19:14-1079,attr,ApplicationStrategyNetwork.sensor[1].app[0],echoedPk:count,source,packetSent,,,,,,,
RR_T10-1-20260914-20:19:14-1079,attr,ApplicationStrategyNetwork.sensor[1].app[0],echoedPk:count,title,"packets echoed, count",,,,,,,
RR_T10-1-20260914-20:19:14-1079,scalar,ApplicationStrategyNetwork.sensor[2].app[0],echoedPk:count,,,60,,,,,,
RR_T10-1-20260914-20:19:14-1079,attr,ApplicationStrategyNetwork.sensor[2].app[0],echoedPk:count,interpolationmode,none,,,,,,,
RR_T10-1-20260914-20:19:14-1079,attr,ApplicationStrategyNetwork.sensor[2].app[0],echoedPk:count,recordingmode,count,,,,,,,
RR_T10-1-20260914-20:19:14-1079,attr,ApplicationStrategyNetwork.sensor[2].app[0],echoedPk:count,source,packetSent,,,,,,,
RR_T10-1-20260914-20:19:14-1079,attr,ApplicationStrategyNetwork.sensor[2].app[0],echoedPk:count,title,"packets echoed, count",,,,,,,
RR_T10-1-20260914-20:19:14-1079,scalar,ApplicationStrategyNetwork.sensor[3].app[0],echoedPk:count,,,60,,,,,,
RR_T10-1-20260914-20:19:14-1079,attr,ApplicationStrategyNetwork.sensor[3].app[0],echoedPk:count,interpolationmode,none,,,,,,,
RR_T10-1-20260914-20:19:14-1079,attr,ApplicationStrategyNetwork.sensor[3].app[0],echoedPk:count,recordingmode,count,,,,,,,
RR_T10-1-20260914-20:19:14-1079,attr,ApplicationStrategyNetwork.sensor[3].app[0],echoedPk:count,source,packetSent,,,,,,,
RR_T10-1-20260914-20:19:14-1079,attr,ApplicationStrategyNetwork.sensor[3].app[0],echoedPk:count,title,"packets echoed, count",,,,,,,
RR_T10-1-20260914-20:19:14-1079,scalar,ApplicationStrategyNetwork.sensor[4].app[0],echoedPk:count,,,60,,,,,,
RR_T10-1-20260914-20:19:14-1079,attr,ApplicationStrategyNetwork.sensor[4].app[0],echoedPk:count,interpolationmode,none,,,,,,,
RR_T10-1-20260914-20:19:14-1079,attr,ApplicationStrategyNetwork.sensor[4].app[0],echoedPk:count,recordingmode,count,,,,,,,
RR_T10-1-20260914-20:19:14-1079,attr,ApplicationStrategyNetwork.sensor[4].app[0],echoedPk:count,source,packetSent,,,,,,,
RR_T10-1-20260914-20:19:14-1079,attr,ApplicationStrategyNetwork.sensor[4].app[0],echoedPk:count,title,"packets echoed, count",,,,,,,
RR_T10-1-20260914-20:19:14-1079,scalar,ApplicationStrategyNetwork.sensor[5].app[0],echoedPk:count,,,60,,,,,,
RR_T10-1-20260914-20:19:14-1079,attr,ApplicationStrategyNetwork.sensor[5].app[0],echoedPk:count,interpolationmode,none,,,,,,,
RR_T10-1-20260914-20:19:14-1079,attr,ApplicationStrategyNetwork.sensor[5].app[0],echoedPk:count,recordingmode,count,,,,,,,
RR_T10-1-20260914-20:19:14-1079,attr,ApplicationStrategyNetwork.sensor[5].app[0],echoedPk:count,source,packetSent,,,,,,,
RR_T10-1-20260914-20:19:14-1079,attr,ApplicationStrategyNetwork.sensor[5].app[0],echoedPk:count,title,"packets echoed, count",,,,,,,
RR_T10-1-20260914-20:19:14-1079,scalar,ApplicationStrategyNetwork.sensor[6].app[0],echoedPk:count,,,60,,,,,,
RR_T10-1-20260914-20:19:14-1079,attr,ApplicationStrategyNetwork.sensor[6].app[0],echoedPk:count,interpolationmode,none,,,,,,,
RR_T10-1-20260914-20:19:14-1079,attr,ApplicationStrategyNetwork.sensor[6].app[0],echoedPk:count,recordingmode,count,,,,,,,
RR_T10-1-20260914-20:19:14-1079,attr,ApplicationStrategyNetwork.sensor[6].app[0],echoedPk:count,source,packetSent,,,,,,,
RR_T10-1-20260914-20:19:14-1079,attr,ApplicationStrategyNetwork.sensor[6].app[0],echoedPk:count,title,"packets echoed, count",,,,,,,
RR_T10-1-20260914-20:19:14-1079,scalar,ApplicationStrategyNetwork.sensor[7].app[0],echoedPk:count,,,60,,,,,,
RR_T10-1-20260914-20:19:14-1079,attr,ApplicationStrategyNetwork.sensor[7].app[0],echoedPk:count,interpolationmode,none,,,,,,,
RR_T10-1-20260914-20:19:14-1079,attr,ApplicationStrategyNetwork.sensor[7].app[0],echoedPk:count,recordingmode,count,,,,,,,
RR_T10-1-20260914-20:19:14-1079,attr,ApplicationStrategyNetwork.sensor[7].app[0],echoedPk:count,source,packetSent,,,,,,,
RR_T10-1-20260914-20:19:14-1079,attr,ApplicationStrategyNetwork.sensor[7].app[0],echoedPk:count,title,"packets echoed, count",,,,,,,
RR_T10-1-20260914-20:19:14-1079,scalar,ApplicationStrategyNetwork.sensor[8].app[0],echoedPk:count,,,60,,,,,,
RR_T10-1-20260914-20:19:14-1079,attr,ApplicationStrategyNetwork.sensor[8].app[0],echoedPk:count,interpolationmode,none,,,,,,,
RR_T10-1-20260914-20:19:14-1079,attr,ApplicationStrategyNetwork.sensor[8].app[0],echoedPk:count,recordingmode,count,,,,,,,
RR_T10-1-20260914-20:19:14-1079,attr,ApplicationStrategyNetwork.sensor[8].app[0],echoedPk:count,source,packetSent,,,,,,,
RR_T10-1-20260914-20:19:14-1079,attr,ApplicationStrategyNetwork.sensor[8].app[0],echoedPk:count,title,"packets echoed, count",,,,,,,
RR_T10-1-20260914-20:19:14-1079,scalar,ApplicationStrategyNetwork.sensor[9].app[0],echoedPk:count,,,60,,,,,,
RR_T10-1-20260914-20:19:14-1079,attr,ApplicationStrategyNetwork.sensor[9].app[0],echoedPk:count,interpolationmode,none,,,,,,,
RR_T10-1-20260914-20:19:14-1079,attr,ApplicationStrategyNetwork.sensor[9].app[0],echoedPk:count,recordingmode,count,,,,,,,
RR_T10-1-20260914-20:19:14-1079,attr,ApplicationStrategyNetwork.sensor[9].app[0],echoedPk:count,source,packetSent,,,,,,,
RR_T10-1-20260914-20:19:14-1079,attr,ApplicationStrategyNetwork.sensor[9].app[0],echoedPk:count,title,"packets echoed, count",,,,,,,
RR_T10-1-20260914-20:19:14-1079,scalar,ApplicationStrategyNetwork.sensor[10].app[0],echoedPk:count,,,60,,,,,,
RR_T10-1-20260914-20:19:14-1079,attr,ApplicationStrategyNetwork.sensor[10].app[0],echoedPk:count,interpolationmode,none,,,,,,,
RR_T10-1-20260914-20:19:14-1079,attr,ApplicationStrategyNetwork.sensor[10].app[0],echoedPk:count,recordingmode,count,,,,,,,
RR_T10-1-20260914-20:19:14-1079,attr,ApplicationStrategyNetwork.sensor[10].app[0],echoedPk:count,source,packetSent,,,,,,,
RR_T10-1-20260914-20:19:14-1079,attr,ApplicationStrategyNetwork.sensor[10].app[0],echoedPk:count,title,"packets echoed, count",,,,,,,
RR_T10-1-20260914-20:19:14-1079,scalar,ApplicationStrategyNetwork.sensor[11].app[0],echoedPk:count,,,60,,,,,,
RR_T10-1-20260914-20:19:14-1079,attr,ApplicationStrategyNetwork.sensor[11].app[0],echoedPk:count,interpolationmode,none,,,,,,,
RR_T10-1-20260914-20:19:14-1079,attr,ApplicationStrategyNetwork.sensor[11].app[0],echoedPk:count,recordingmode,count,,,,,,,
RR_T10-1-20260914-20:19:14-1079,attr,ApplicationStrategyNetwork.sensor[11].app[0],echoedPk:count,source,packetSent,,,,,,,
RR_T10-1-20260914-20:19:14-1079,attr,ApplicationStrategyNetwork.sensor[11].app[0],echoedPk:count,title,"packets echoed, count",,,,,,,
RR_T10-1-20260914-20:19:14-1079,scalar,ApplicationStrategyNetwork.monitoringServer.app[0],packetReceived:count,,,60,,,,,,
RR_T10-1-20260914-20:19:14-1079,attr,ApplicationStrategyNetwork.monitoringServer.app[0],packetReceived:count,interpolationmode,none,,,,,,,
RR_T10-1-20260914-20:19:14-1079,attr,ApplicationStrategyNetwork.monitoringServer.app[0],packetReceived:count,recordingmode,count,,,,,,,
RR_T10-1-20260914-20:19:14-1079,attr,ApplicationStrategyNetwork.monitoringServer.app[0],packetReceived:count,source,packetReceived,,,,,,,
RR_T10-1-20260914-20:19:14-1079,attr,ApplicationStrategyNetwork.monitoringServer.app[0],packetReceived:count,title,"packets received, count",,,,,,,
RR_T10-1-20260914-20:19:14-1079,scalar,ApplicationStrategyNetwork.monitoringServer.app[0],packetSent:count,,,60,,,,,,
RR_T10-1-20260914-20:19:14-1079,attr,ApplicationStrategyNetwork.monitoringServer.app[0],packetSent:count,interpolationmode,none,,,,,,,
RR_T10-1-20260914-20:19:14-1079,attr,ApplicationStrategyNetwork.monitoringServer.app[0],packetSent:count,recordingmode,count,,,,,,,
RR_T10-1-20260914-20:19:14-1079,attr,ApplicationStrategyNetwork.monitoringServer.app[0],packetSent:count,source,packetSent,,,,,,,
RR_T10-1-20260914-20:19:14-1079,attr,ApplicationStrategyNetwork.monitoringServer.app[0],packetSent:count,title,"packets sent, count",,,,,,,
RR_T10-1-20260914-20:19:14-1079,scalar,ApplicationStrategyNetwork.monitoringServer.app[1],packetReceived:count,,,60,,,,,,
RR_T10-1-20260914-20:19:14-1079,attr,ApplicationStrategyNetwork.monitoringServer.app[1],packetReceived:count,interpolationmode,none,,,,,,,
RR_T10-1-20260914-20:19:14-1079,attr,ApplicationStrategyNetwork.monitoringServer.app[1],packetReceived:count,recordingmode,count,,,,,,,
RR_T10-1-20260914-20:19:14-1079,attr,ApplicationStrategyNetwork.monitoringServer.app[1],packetReceived:count,source,packetReceived,,,,,,,
RR_T10-1-20260914-20:19:14-1079,attr,ApplicationStrategyNetwork.monitoringServer.app[1],packetReceived:count,title,"packets received, count",,,,,,,
RR_T10-1-20260914-20:19:14-1079,scalar,ApplicationStrategyNetwork.monitoringServer.app[1],packetSent:count,,,60,,,,,,
RR_T10-1-20260914-20:19:14-1079,attr,ApplicationStrategyNetwork.monitoringServer.app[1],packetSent:count,interpolationmode,none,,,,,,,
RR_T10-1-20260914-20:19:14-1079,attr,ApplicationStrategyNetwork.monitoringServer.app[1],packetSent:count,recordingmode,count,,,,,,,
RR_T10-1-20260914-20:19:14-1079,attr,ApplicationStrategyNetwork.monitoringServer.app[1],packetSent:count,source,packetSent,,,,,,,
RR_T10-1-20260914-20:19:14-1079,attr,ApplicationStrategyNetwork.monitoringServer.app[1],packetSent:count,title,"packets sent, count",,,,,,,
RR_T10-1-20260914-20:19:14-1079,scalar,ApplicationStrategyNetwork.monitoringServer.app[2],packetReceived:count,,,60,,,,,,
RR_T10-1-20260914-20:19:14-1079,attr,ApplicationStrategyNetwork.monitoringServer.app[2],packetReceived:count,interpolationmode,none,,,,,,,
RR_T10-1-20260914-20:19:14-1079,attr,ApplicationStrategyNetwork.monitoringServer.app[2],packetReceived:count,recordingmode,count,,,,,,,
RR_T10-1-20260914-20:19:14-1079,attr,ApplicationStrategyNetwork.monitoringServer.app[2],packetReceived:count,source,packetReceived,,,,,,,
RR_T10-1-20260914-20:19:14-1079,attr,ApplicationStrategyNetwork.monitoringServer.app[2],packetReceived:count,title,"packets received, count",,,,,,,
RR_T10-1-20260914-20:19:14-1079,scalar,ApplicationStrategyNetwork.monitoringServer.app[2],packetSent:count,,,60,,,,,,
RR_T10-1-20260914-20:19:14-1079,attr,ApplicationStrategyNetwork.monitoringServer.app[2],packetSent:count,interpolationmode,none,,,,,,,
RR_T10-1-20260914-20:19:14-1079,attr,ApplicationStrategyNetwork.monitoringServer.app[2],packetSent:count,recordingmode,count,,,,,,,
RR_T10-1-20260914-20:19:14-1079,attr,ApplicationStrategyNetwork.monitoringServer.app[2],packetSent:count,source,packetSent,,,,,,,
RR_T10-1-20260914-20:19:14-1079,attr,ApplicationStrategyNetwork.monitoringServer.app[2],packetSent:count,title,"packets sent, count",,,,,,,
RR_T10-1-20260914-20:19:14-1079,scalar,ApplicationStrategyNetwork.monitoringServer.app[3],packetReceived:count,,,60,,,,,,
RR_T10-1-20260914-20:19:14-1079,attr,ApplicationStrategyNetwork.monitoringServer.app[3],packetReceived:count,interpolationmode,none,,,,,,,
RR_T10-1-20260914-20:19:14-1079,attr,ApplicationStrategyNetwork.monitoringServer.app[3],packetReceived:count,recordingmode,count,,,,,,,
RR_T10-1-20260914-20:19:14-1079,attr,ApplicationStrategyNetwork.monitoringServer.app[3],packetReceived:count,source,packetReceived,,,,,,,
RR_T10-1-20260914-20:19:14-1079,attr,ApplicationStrategyNetwork.monitoringServer.app[3],packetReceived:count,title,"packets received, count",,,,,,,
RR_T10-1-20260914-20:19:14-1079,scalar,ApplicationStrategyNetwork.monitoringServer.app[3],packetSent:count,,,60,,,,,,
RR_T10-1-20260914-20:19:14-1079,attr,ApplicationStrategyNetwork.monitoringServer.app[3],packetSent:count,interpolationmode,none,,,,,,,
RR_T10-1-20260914-20:19:14-1079,attr,ApplicationStrategyNetwork.monitoringServer.app[3],packetSent:count,recordingmode,count,,,,,,,
RR_T10-1-20260914-20:19:14-1079,attr,ApplicationStrategyNetwork.monitoringServer.app[3],packetSent:count,source,packetSent,,,,,,,
RR_T10-1-20260914-20:19:14-1079,attr,ApplicationStrategyNetwork.monitoringServer.app[3],packetSent:count,title,"packets sent, count",,,,,,,
RR_T10-1-20260914-20:19:14-1079,scalar,ApplicationStrategyNetwork.monitoringServer.app[4],packetReceived:count,,,60,,,,,,
RR_T10-1-20260914-20:19:14-1079,attr,ApplicationStrategyNetwork.monitoringServer.app[4],packetReceived:count,interpolationmode,none,,,,,,,
RR_T10-1-20260914-20:19:14-1079,attr,ApplicationStrategyNetwork.monitoringServer.app[4],packetReceived:count,recordingmode,count,,,,,,,
RR_T10-1-20260914-20:19:14-1079,attr,ApplicationStrategyNetwork.monitoringServer.app[4],packetReceived:count,source,packetReceived,,,,,,,
RR_T10-1-20260914-20:19:14-1079,attr,ApplicationStrategyNetwork.monitoringServer.app[4],packetReceived:count,title,"packets received, count",,,,,,,
RR_T10-1-20260914-20:19:14-1079,scalar,ApplicationStrategyNetwork.monitoringServer.app[4],packetSent:count,,,60,,,,,,
RR_T10-1-20260914-20:19:14-1079,attr,ApplicationStrategyNetwork.monitoringServer.app[4],packetSent:count,interpolationmode,none,,,,,,,
RR_T10-1-20260914-20:19:14-1079,attr,ApplicationStrategyNetwork.monitoringServer.app[4],packetSent:count,recordingmode,count,,,,,,,
RR_T10-1-20260914-20:19:14-1079,attr,ApplicationStrategyNetwork.monitoringServer.app[4],packetSent:count,source,packetSent,,,,,,,
RR_T10-1-20260914-20:19:14-1079,attr,ApplicationStrategyNetwork.monitoringServer.app[4],packetSent:count,title,"packets sent, count",,,,,,,
RR_T10-1-20260914-20:19:14-1079,scalar,ApplicationStrategyNetwork.monitoringServer.app[5],packetReceived:count,,,60,,,,,,
RR_T10-1-20260914-20:19:14-1079,attr,ApplicationStrategyNetwork.monitoringServer.app[5],packetReceived:count,interpolationmode,none,,,,,,,
RR_T10-1-20260914-20:19:14-1079,attr,ApplicationStrategyNetwork.monitoringServer.app[5],packetReceived:count,recordingmode,count,,,,,,,
RR_T10-1-20260914-20:19:14-1079,attr,ApplicationStrategyNetwork.monitoringServer.app[5],packetReceived:count,source,packetReceived,,,,,,,
RR_T10-1-20260914-20:19:14-1079,attr,ApplicationStrategyNetwork.monitoringServer.app[5],packetReceived:count,title,"packets received, count",,,,,,,
RR_T10-1-20260914-20:19:14-1079,scalar,ApplicationStrategyNetwork.monitoringServer.app[5],packetSent:count,,,60,,,,,,
RR_T10-1-20260914-20:19:14-1079,attr,ApplicationStrategyNetwork.monitoringServer.app[5],packetSent:count,interpolationmode,none,,,,,,,
RR_T10-1-20260914-20:19:14-1079,attr,ApplicationStrategyNetwork.monitoringServer.app[5],packetSent:count,recordingmode,count,,,,,,,
RR_T10-1-20260914-20:19:14-1079,attr,ApplicationStrategyNetwork.monitoringServer.app[5],packetSent:count,source,packetSent,,,,,,,
RR_T10-1-20260914-20:19:14-1079,attr,ApplicationStrategyNetwork.monitoringServer.app[5],packetSent:count,title,"packets sent, count",,,,,,,
RR_T10-1-20260914-20:19:14-1079,scalar,ApplicationStrategyNetwork.monitoringServer.app[6],packetReceived:count,,,60,,,,,,
RR_T10-1-20260914-20:19:14-1079,attr,ApplicationStrategyNetwork.monitoringServer.app[6],packetReceived:count,interpolationmode,none,,,,,,,
RR_T10-1-20260914-20:19:14-1079,attr,ApplicationStrategyNetwork.monitoringServer.app[6],packetReceived:count,recordingmode,count,,,,,,,
RR_T10-1-20260914-20:19:14-1079,attr,ApplicationStrategyNetwork.monitoringServer.app[6],packetReceived:count,source,packetReceived,,,,,,,
RR_T10-1-20260914-20:19:14-1079,attr,ApplicationStrategyNetwork.monitoringServer.app[6],packetReceived:count,title,"packets received, count",,,,,,,
RR_T10-1-20260914-20:19:14-1079,scalar,ApplicationStrategyNetwork.monitoringServer.app[6],packetSent:count,,,60,,,,,,
RR_T10-1-20260914-20:19:14-1079,attr,ApplicationStrategyNetwork.monitoringServer.app[6],packetSent:count,interpolationmode,none,,,,,,,
RR_T10-1-20260914-20:19:14-1079,attr,ApplicationStrategyNetwork.monitoringServer.app[6],packetSent:count,recordingmode,count,,,,,,,
RR_T10-1-20260914-20:19:14-1079,attr,ApplicationStrategyNetwork.monitoringServer.app[6],packetSent:count,source,packetSent,,,,,,,
RR_T10-1-20260914-20:19:14-1079,attr,ApplicationStrategyNetwork.monitoringServer.app[6],packetSent:count,title,"packets sent, count",,,,,,,
RR_T10-1-20260914-20:19:14-1079,scalar,ApplicationStrategyNetwork.monitoringServer.app[7],packetReceived:count,,,60,,,,,,
RR_T10-1-20260914-20:19:14-1079,attr,ApplicationStrategyNetwork.monitoringServer.app[7],packetReceived:count,interpolationmode,none,,,,,,,
RR_T10-1-20260914-20:19:14-1079,attr,ApplicationStrategyNetwork.monitoringServer.app[7],packetReceived:count,recordingmode,count,,,,,,,
RR_T10-1-20260914-20:19:14-1079,attr,ApplicationStrategyNetwork.monitoringServer.app[7],packetReceived:count,source,packetReceived,,,,,,,
RR_T10-1-20260914-20:19:14-1079,attr,ApplicationStrategyNetwork.monitoringServer.app[7],packetReceived:count,title,"packets received, count",,,,,,,
RR_T10-1-20260914-20:19:14-1079,scalar,ApplicationStrategyNetwork.monitoringServer.app[7],packetSent:count,,,60,,,,,,
RR_T10-1-20260914-20:19:14-1079,attr,ApplicationStrategyNetwork.monitoringServer.app[7],packetSent:count,interpolationmode,none,,,,,,,
RR_T10-1-20260914-20:19:14-1079,attr,ApplicationStrategyNetwork.monitoringServer.app[7],packetSent:count,recordingmode,count,,,,,,,
RR_T10-1-20260914-20:19:14-1079,attr,ApplicationStrategyNetwork.monitoringServer.app[7],packetSent:count,source,packetSent,,,,,,,
RR_T10-1-20260914-20:19:14-1079,attr,ApplicationStrategyNetwork.monitoringServer.app[7],packetSent:count,title,"packets sent, count",,,,,,,
RR_T10-1-20260914-20:19:14-1079,scalar,ApplicationStrategyNetwork.monitoringServer.app[8],packetReceived:count,,,60,,,,,,
RR_T10-1-20260914-20:19:14-1079,attr,ApplicationStrategyNetwork.monitoringServer.app[8],packetReceived:count,interpolationmode,none,,,,,,,
RR_T10-1-20260914-20:19:14-1079,attr,ApplicationStrategyNetwork.monitoringServer.app[8],packetReceived:count,recordingmode,count,,,,,,,
RR_T10-1-20260914-20:19:14-1079,attr,ApplicationStrategyNetwork.monitoringServer.app[8],packetReceived:count,source,packetReceived,,,,,,,
RR_T10-1-20260914-20:19:14-1079,attr,ApplicationStrategyNetwork.monitoringServer.app[8],packetReceived:count,title,"packets received, count",,,,,,,
RR_T10-1-20260914-20:19:14-1079,scalar,ApplicationStrategyNetwork.monitoringServer.app[8],packetSent:count,,,60,,,,,,
RR_T10-1-20260914-20:19:14-1079,attr,ApplicationStrategyNetwork.monitoringServer.app[8],packetSent:count,interpolationmode,none,,,,,,,
RR_T10-1-20260914-20:19:14-1079,attr,ApplicationStrategyNetwork.monitoringServer.app[8],packetSent:count,recordingmode,count,,,,,,,
RR_T10-1-20260914-20:19:14-1079,attr,ApplicationStrategyNetwork.monitoringServer.app[8],packetSent:count,source,packetSent,,,,,,,
RR_T10-1-20260914-20:19:14-1079,attr,ApplicationStrategyNetwork.monitoringServer.app[8],packetSent:count,title,"packets sent, count",,,,,,,
RR_T10-1-20260914-20:19:14-1079,scalar,ApplicationStrategyNetwork.monitoringServer.app[9],packetReceived:count,,,60,,,,,,
RR_T10-1-20260914-20:19:14-1079,attr,ApplicationStrategyNetwork.monitoringServer.app[9],packetReceived:count,interpolationmode,none,,,,,,,
RR_T10-1-20260914-20:19:14-1079,attr,ApplicationStrategyNetwork.monitoringServer.app[9],packetReceived:count,recordingmode,count,,,,,,,
RR_T10-1-20260914-20:19:14-1079,attr,ApplicationStrategyNetwork.monitoringServer.app[9],packetReceived:count,source,packetReceived,,,,,,,
RR_T10-1-20260914-20:19:14-1079,attr,ApplicationStrategyNetwork.monitoringServer.app[9],packetReceived:count,title,"packets received, count",,,,,,,
RR_T10-1-20260914-20:19:14-1079,scalar,ApplicationStrategyNetwork.monitoringServer.app[9],packetSent:count,,,60,,,,,,
RR_T10-1-20260914-20:19:14-1079,attr,ApplicationStrategyNetwork.monitoringServer.app[9],packetSent:count,interpolationmode,none,,,,,,,
RR_T10-1-20260914-20:19:14-1079,attr,ApplicationStrategyNetwork.monitoringServer.app[9],packetSent:count,recordingmode,count,,,,,,,
RR_T10-1-20260914-20:19:14-1079,attr,ApplicationStrategyNetwork.monitoringServer.app[9],packetSent:count,source,packetSent,,,,,,,
RR_T10-1-20260914-20:19:14-1079,attr,ApplicationStrategyNetwork.monitoringServer.app[9],packetSent:count,title,"packets sent, count",,,,,,,
RR_T10-1-20260914-20:19:14-1079,scalar,ApplicationStrategyNetwork.monitoringServer.app[10],packetReceived:count,,,60,,,,,,
RR_T10-1-20260914-20:19:14-1079,attr,ApplicationStrategyNetwork.monitoringServer.app[10],packetReceived:count,interpolationmode,none,,,,,,,
RR_T10-1-20260914-20:19:14-1079,attr,ApplicationStrategyNetwork.monitoringServer.app[10],packetReceived:count,recordingmode,count,,,,,,,
RR_T10-1-20260914-20:19:14-1079,attr,ApplicationStrategyNetwork.monitoringServer.app[10],packetReceived:count,source,packetReceived,,,,,,,
RR_T10-1-20260914-20:19:14-1079,attr,ApplicationStrategyNetwork.monitoringServer.app[10],packetReceived:count,title,"packets received, count",,,,,,,
RR_T10-1-20260914-20:19:14-1079,scalar,ApplicationStrategyNetwork.monitoringServer.app[10],packetSent:count,,,60,,,,,,
RR_T10-1-20260914-20:19:14-1079,attr,ApplicationStrategyNetwork.monitoringServer.app[10],packetSent:count,interpolationmode,none,,,,,,,
RR_T10-1-20260914-20:19:14-1079,attr,ApplicationStrategyNetwork.monitoringServer.app[10],packetSent:count,recordingmode,count,,,,,,,
RR_T10-1-20260914-20:19:14-1079,attr,ApplicationStrategyNetwork.monitoringServer.app[10],packetSent:count,source,packetSent,,,,,,,
RR_T10-1-20260914-20:19:14-1079,attr,ApplicationStrategyNetwork.monitoringServer.app[10],packetSent:count,title,"packets sent, count",,,,,,,
RR_T10-1-20260914-20:19:14-1079,scalar,ApplicationStrategyNetwork.monitoringServer.app[11],packetReceived:count,,,60,,,,,,
RR_T10-1-20260914-20:19:14-1079,attr,ApplicationStrategyNetwork.monitoringServer.app[11],packetReceived:count,interpolationmode,none,,,,,,,
RR_T10-1-20260914-20:19:14-1079,attr,ApplicationStrategyNetwork.monitoringServer.app[11],packetReceived:count,recordingmode,count,,,,,,,
RR_T10-1-20260914-20:19:14-1079,attr,ApplicationStrategyNetwork.monitoringServer.app[11],packetReceived:count,source,packetReceived,,,,,,,
RR_T10-1-20260914-20:19:14-1079,attr,ApplicationStrategyNetwork.monitoringServer.app[11],packetReceived:count,title,"packets received, count",,,,,,,
RR_T10-1-20260914-20:19:14-1079,scalar,ApplicationStrategyNetwork.monitoringServer.app[11],packetSent:count,,,60,,,,,,
RR_T10-1-20260914-20:19:14-1079,attr,ApplicationStrategyNetwork.monitoringServer.app[11],packetSent:count,interpolationmode,none,,,,,,,
RR_T10-1-20260914-20:19:14-1079,attr,ApplicationStrategyNetwork.monitoringServer.app[11],packetSent:count,recordingmode,count,,,,,,,
RR_T10-1-20260914-20:19:14-1079,attr,ApplicationStrategyNetwork.monitoringServer.app[11],packetSent:count,source,packetSent,,,,,,,
RR_T10-1-20260914-20:19:14-1079,attr,ApplicationStrategyNetwork.monitoringServer.app[11],packetSent:count,title,"packets sent, count",,,,,,,
RR_T10-2-20260914-20:19:18-1084,scalar,ApplicationStrategyNetwork.sensor[0].app[0],echoedPk:count,,,60,,,,,,
RR_T10-2-20260914-20:19:18-1084,attr,ApplicationStrategyNetwork.sensor[0].app[0],echoedPk:count,interpolationmode,none,,,,,,,
RR_T10-2-20260914-20:19:18-1084,attr,ApplicationStrategyNetwork.sensor[0].app[0],echoedPk:count,recordingmode,count,,,,,,,
RR_T10-2-20260914-20:19:18-1084,attr,ApplicationStrategyNetwork.sensor[0].app[0],echoedPk:count,source,packetSent,,,,,,,
RR_T10-2-20260914-20:19:18-1084,attr,ApplicationStrategyNetwork.sensor[0].app[0],echoedPk:count,title,"packets echoed, count",,,,,,,
RR_T10-2-20260914-20:19:18-1084,scalar,ApplicationStrategyNetwork.sensor[1].app[0],echoedPk:count,,,60,,,,,,
RR_T10-2-20260914-20:19:18-1084,attr,ApplicationStrategyNetwork.sensor[1].app[0],echoedPk:count,interpolationmode,none,,,,,,,
RR_T10-2-20260914-20:19:18-1084,attr,ApplicationStrategyNetwork.sensor[1].app[0],echoedPk:count,recordingmode,count,,,,,,,
RR_T10-2-20260914-20:19:18-1084,attr,ApplicationStrategyNetwork.sensor[1].app[0],echoedPk:count,source,packetSent,,,,,,,
RR_T10-2-20260914-20:19:18-1084,attr,ApplicationStrategyNetwork.sensor[1].app[0],echoedPk:count,title,"packets echoed, count",,,,,,,
RR_T10-2-20260914-20:19:18-1084,scalar,ApplicationStrategyNetwork.sensor[2].app[0],echoedPk:count,,,60,,,,,,
RR_T10-2-20260914-20:19:18-1084,attr,ApplicationStrategyNetwork.sensor[2].app[0],echoedPk:count,interpolationmode,none,,,,,,,
RR_T10-2-20260914-20:19:18-1084,attr,ApplicationStrategyNetwork.sensor[2].app[0],echoedPk:count,recordingmode,count,,,,,,,
RR_T10-2-20260914-20:19:18-1084,attr,ApplicationStrategyNetwork.sensor[2].app[0],echoedPk:count,source,packetSent,,,,,,,
RR_T10-2-20260914-20:19:18-1084,attr,ApplicationStrategyNetwork.sensor[2].app[0],echoedPk:count,title,"packets echoed, count",,,,,,,
RR_T10-2-20260914-20:19:18-1084,scalar,ApplicationStrategyNetwork.sensor[3].app[0],echoedPk:count,,,60,,,,,,
RR_T10-2-20260914-20:19:18-1084,attr,ApplicationStrategyNetwork.sensor[3].app[0],echoedPk:count,interpolationmode,none,,,,,,,
RR_T10-2-20260914-20:19:18-1084,attr,ApplicationStrategyNetwork.sensor[3].app[0],echoedPk:count,recordingmode,count,,,,,,,
RR_T10-2-20260914-20:19:18-1084,attr,ApplicationStrategyNetwork.sensor[3].app[0],echoedPk:count,source,packetSent,,,,,,,
RR_T10-2-20260914-20:19:18-1084,attr,ApplicationStrategyNetwork.sensor[3].app[0],echoedPk:count,title,"packets echoed, count",,,,,,,
RR_T10-2-20260914-20:19:18-1084,scalar,ApplicationStrategyNetwork.sensor[4].app[0],echoedPk:count,,,60,,,,,,
RR_T10-2-20260914-20:19:18-1084,attr,ApplicationStrategyNetwork.sensor[4].app[0],echoedPk:count,interpolationmode,none,,,,,,,
RR_T10-2-20260914-20:19:18-1084,attr,ApplicationStrategyNetwork.sensor[4].app[0],echoedPk:count,recordingmode,count,,,,,,,
RR_T10-2-20260914-20:19:18-1084,attr,ApplicationStrategyNetwork.sensor[4].app[0],echoedPk:count,source,packetSent,,,,,,,
RR_T10-2-20260914-20:19:18-1084,attr,ApplicationStrategyNetwork.sensor[4].app[0],echoedPk:count,title,"packets echoed, count",,,,,,,
RR_T10-2-20260914-20:19:18-1084,scalar,ApplicationStrategyNetwork.sensor[5].app[0],echoedPk:count,,,60,,,,,,
RR_T10-2-20260914-20:19:18-1084,attr,ApplicationStrategyNetwork.sensor[5].app[0],echoedPk:count,interpolationmode,none,,,,,,,
RR_T10-2-20260914-20:19:18-1084,attr,ApplicationStrategyNetwork.sensor[5].app[0],echoedPk:count,recordingmode,count,,,,,,,
RR_T10-2-20260914-20:19:18-1084,attr,ApplicationStrategyNetwork.sensor[5].app[0],echoedPk:count,source,packetSent,,,,,,,
RR_T10-2-20260914-20:19:18-1084,attr,ApplicationStrategyNetwork.sensor[5].app[0],echoedPk:count,title,"packets echoed, count",,,,,,,
RR_T10-2-20260914-20:19:18-1084,scalar,ApplicationStrategyNetwork.sensor[6].app[0],echoedPk:count,,,60,,,,,,
RR_T10-2-20260914-20:19:18-1084,attr,ApplicationStrategyNetwork.sensor[6].app[0],echoedPk:count,interpolationmode,none,,,,,,,
RR_T10-2-20260914-20:19:18-1084,attr,ApplicationStrategyNetwork.sensor[6].app[0],echoedPk:count,recordingmode,count,,,,,,,
RR_T10-2-20260914-20:19:18-1084,attr,ApplicationStrategyNetwork.sensor[6].app[0],echoedPk:count,source,packetSent,,,,,,,
RR_T10-2-20260914-20:19:18-1084,attr,ApplicationStrategyNetwork.sensor[6].app[0],echoedPk:count,title,"packets echoed, count",,,,,,,
RR_T10-2-20260914-20:19:18-1084,scalar,ApplicationStrategyNetwork.sensor[7].app[0],echoedPk:count,,,60,,,,,,
RR_T10-2-20260914-20:19:18-1084,attr,ApplicationStrategyNetwork.sensor[7].app[0],echoedPk:count,interpolationmode,none,,,,,,,
RR_T10-2-20260914-20:19:18-1084,attr,ApplicationStrategyNetwork.sensor[7].app[0],echoedPk:count,recordingmode,count,,,,,,,
RR_T10-2-20260914-20:19:18-1084,attr,ApplicationStrategyNetwork.sensor[7].app[0],echoedPk:count,source,packetSent,,,,,,,
RR_T10-2-20260914-20:19:18-1084,attr,ApplicationStrategyNetwork.sensor[7].app[0],echoedPk:count,title,"packets echoed, count",,,,,,,
RR_T10-2-20260914-20:19:18-1084,scalar,ApplicationStrategyNetwork.sensor[8].app[0],echoedPk:count,,,60,,,,,,
RR_T10-2-20260914-20:19:18-1084,attr,ApplicationStrategyNetwork.sensor[8].app[0],echoedPk:count,interpolationmode,none,,,,,,,
RR_T10-2-20260914-20:19:18-1084,attr,ApplicationStrategyNetwork.sensor[8].app[0],echoedPk:count,recordingmode,count,,,,,,,
RR_T10-2-20260914-20:19:18-1084,attr,ApplicationStrategyNetwork.sensor[8].app[0],echoedPk:count,source,packetSent,,,,,,,
RR_T10-2-20260914-20:19:18-1084,attr,ApplicationStrategyNetwork.sensor[8].app[0],echoedPk:count,title,"packets echoed, count",,,,,,,
RR_T10-2-20260914-20:19:18-1084,scalar,ApplicationStrategyNetwork.sensor[9].app[0],echoedPk:count,,,60,,,,,,
RR_T10-2-20260914-20:19:18-1084,attr,ApplicationStrategyNetwork.sensor[9].app[0],echoedPk:count,interpolationmode,none,,,,,,,
RR_T10-2-20260914-20:19:18-1084,attr,ApplicationStrategyNetwork.sensor[9].app[0],echoedPk:count,recordingmode,count,,,,,,,
RR_T10-2-20260914-20:19:18-1084,attr,ApplicationStrategyNetwork.sensor[9].app[0],echoedPk:count,source,packetSent,,,,,,,
RR_T10-2-20260914-20:19:18-1084,attr,ApplicationStrategyNetwork.sensor[9].app[0],echoedPk:count,title,"packets echoed, count",,,,,,,
RR_T10-2-20260914-20:19:18-1084,scalar,ApplicationStrategyNetwork.sensor[10].app[0],echoedPk:count,,,60,,,,,,
RR_T10-2-20260914-20:19:18-1084,attr,ApplicationStrategyNetwork.sensor[10].app[0],echoedPk:count,interpolationmode,none,,,,,,,
RR_T10-2-20260914-20:19:18-1084,attr,ApplicationStrategyNetwork.sensor[10].app[0],echoedPk:count,recordingmode,count,,,,,,,
RR_T10-2-20260914-20:19:18-1084,attr,ApplicationStrategyNetwork.sensor[10].app[0],echoedPk:count,source,packetSent,,,,,,,
RR_T10-2-20260914-20:19:18-1084,attr,ApplicationStrategyNetwork.sensor[10].app[0],echoedPk:count,title,"packets echoed, count",,,,,,,
RR_T10-2-20260914-20:19:18-1084,scalar,ApplicationStrategyNetwork.sensor[11].app[0],echoedPk:count,,,60,,,,,,
RR_T10-2-20260914-20:19:18-1084,attr,ApplicationStrategyNetwork.sensor[11].app[0],echoedPk:count,interpolationmode,none,,,,,,,
RR_T10-2-20260914-20:19:18-1084,attr,ApplicationStrategyNetwork.sensor[11].app[0],echoedPk:count,recordingmode,count,,,,,,,
RR_T10-2-20260914-20:19:18-1084,attr,ApplicationStrategyNetwork.sensor[11].app[0],echoedPk:count,source,packetSent,,,,,,,
RR_T10-2-20260914-20:19:18-1084,attr,ApplicationStrategyNetwork.sensor[11].app[0],echoedPk:count,title,"packets echoed, count",,,,,,,
RR_T10-2-20260914-20:19:18-1084,scalar,ApplicationStrategyNetwork.monitoringServer.app[0],packetReceived:count,,,60,,,,,,
RR_T10-2-20260914-20:19:18-1084,attr,ApplicationStrategyNetwork.monitoringServer.app[0],packetReceived:count,interpolationmode,none,,,,,,,
RR_T10-2-20260914-20:19:18-1084,attr,ApplicationStrategyNetwork.monitoringServer.app[0],packetReceived:count,recordingmode,count,,,,,,,
RR_T10-2-20260914-20:19:18-1084,attr,ApplicationStrategyNetwork.monitoringServer.app[0],packetReceived:count,source,packetReceived,,,,,,,
RR_T10-2-20260914-20:19:18-1084,attr,ApplicationStrategyNetwork.monitoringServer.app[0],packetReceived:count,title,"packets received, count",,,,,,,
RR_T10-2-20260914-20:19:18-1084,scalar,ApplicationStrategyNetwork.monitoringServer.app[0],packetSent:count,,,60,,,,,,
RR_T10-2-20260914-20:19:18-1084,attr,ApplicationStrategyNetwork.monitoringServer.app[0],packetSent:count,interpolationmode,none,,,,,,,
RR_T10-2-20260914-20:19:18-1084,attr,ApplicationStrategyNetwork.monitoringServer.app[0],packetSent:count,recordingmode,count,,,,,,,
RR_T10-2-20260914-20:19:18-1084,attr,ApplicationStrategyNetwork.monitoringServer.app[0],packetSent:count,source,packetSent,,,,,,,
RR_T10-2-20260914-20:19:18-1084,attr,ApplicationStrategyNetwork.monitoringServer.app[0],packetSent:count,title,"packets sent, count",,,,,,,
RR_T10-2-20260914-20:19:18-1084,scalar,ApplicationStrategyNetwork.monitoringServer.app[1],packetReceived:count,,,60,,,,,,
RR_T10-2-20260914-20:19:18-1084,attr,ApplicationStrategyNetwork.monitoringServer.app[1],packetReceived:count,interpolationmode,none,,,,,,,
RR_T10-2-20260914-20:19:18-1084,attr,ApplicationStrategyNetwork.monitoringServer.app[1],packetReceived:count,recordingmode,count,,,,,,,
RR_T10-2-20260914-20:19:18-1084,attr,ApplicationStrategyNetwork.monitoringServer.app[1],packetReceived:count,source,packetReceived,,,,,,,
RR_T10-2-20260914-20:19:18-1084,attr,ApplicationStrategyNetwork.monitoringServer.app[1],packetReceived:count,title,"packets received, count",,,,,,,
RR_T10-2-20260914-20:19:18-1084,scalar,ApplicationStrategyNetwork.monitoringServer.app[1],packetSent:count,,,60,,,,,,
RR_T10-2-20260914-20:19:18-1084,attr,ApplicationStrategyNetwork.monitoringServer.app[1],packetSent:count,interpolationmode,none,,,,,,,
RR_T10-2-20260914-20:19:18-1084,attr,ApplicationStrategyNetwork.monitoringServer.app[1],packetSent:count,recordingmode,count,,,,,,,
RR_T10-2-20260914-20:19:18-1084,attr,ApplicationStrategyNetwork.monitoringServer.app[1],packetSent:count,source,packetSent,,,,,,,
RR_T10-2-20260914-20:19:18-1084,attr,ApplicationStrategyNetwork.monitoringServer.app[1],packetSent:count,title,"packets sent, count",,,,,,,
RR_T10-2-20260914-20:19:18-1084,scalar,ApplicationStrategyNetwork.monitoringServer.app[2],packetReceived:count,,,59,,,,,,
RR_T10-2-20260914-20:19:18-1084,attr,ApplicationStrategyNetwork.monitoringServer.app[2],packetReceived:count,interpolationmode,none,,,,,,,
RR_T10-2-20260914-20:19:18-1084,attr,ApplicationStrategyNetwork.monitoringServer.app[2],packetReceived:count,recordingmode,count,,,,,,,
RR_T10-2-20260914-20:19:18-1084,attr,ApplicationStrategyNetwork.monitoringServer.app[2],packetReceived:count,source,packetReceived,,,,,,,
RR_T10-2-20260914-20:19:18-1084,attr,ApplicationStrategyNetwork.monitoringServer.app[2],packetReceived:count,title,"packets received, count",,,,,,,
RR_T10-2-20260914-20:19:18-1084,scalar,ApplicationStrategyNetwork.monitoringServer.app[2],packetSent:count,,,60,,,,,,
RR_T10-2-20260914-20:19:18-1084,attr,ApplicationStrategyNetwork.monitoringServer.app[2],packetSent:count,interpolationmode,none,,,,,,,
RR_T10-2-20260914-20:19:18-1084,attr,ApplicationStrategyNetwork.monitoringServer.app[2],packetSent:count,recordingmode,count,,,,,,,
RR_T10-2-20260914-20:19:18-1084,attr,ApplicationStrategyNetwork.monitoringServer.app[2],packetSent:count,source,packetSent,,,,,,,
RR_T10-2-20260914-20:19:18-1084,attr,ApplicationStrategyNetwork.monitoringServer.app[2],packetSent:count,title,"packets sent, count",,,,,,,
RR_T10-2-20260914-20:19:18-1084,scalar,ApplicationStrategyNetwork.monitoringServer.app[3],packetReceived:count,,,60,,,,,,
RR_T10-2-20260914-20:19:18-1084,attr,ApplicationStrategyNetwork.monitoringServer.app[3],packetReceived:count,interpolationmode,none,,,,,,,
RR_T10-2-20260914-20:19:18-1084,attr,ApplicationStrategyNetwork.monitoringServer.app[3],packetReceived:count,recordingmode,count,,,,,,,
RR_T10-2-20260914-20:19:18-1084,attr,ApplicationStrategyNetwork.monitoringServer.app[3],packetReceived:count,source,packetReceived,,,,,,,
RR_T10-2-20260914-20:19:18-1084,attr,ApplicationStrategyNetwork.monitoringServer.app[3],packetReceived:count,title,"packets received, count",,,,,,,
RR_T10-2-20260914-20:19:18-1084,scalar,ApplicationStrategyNetwork.monitoringServer.app[3],packetSent:count,,,60,,,,,,
RR_T10-2-20260914-20:19:18-1084,attr,ApplicationStrategyNetwork.monitoringServer.app[3],packetSent:count,interpolationmode,none,,,,,,,
RR_T10-2-20260914-20:19:18-1084,attr,ApplicationStrategyNetwork.monitoringServer.app[3],packetSent:count,recordingmode,count,,,,,,,
RR_T10-2-20260914-20:19:18-1084,attr,ApplicationStrategyNetwork.monitoringServer.app[3],packetSent:count,source,packetSent,,,,,,,
RR_T10-2-20260914-20:19:18-1084,attr,ApplicationStrategyNetwork.monitoringServer.app[3],packetSent:count,title,"packets sent, count",,,,,,,
RR_T10-2-20260914-20:19:18-1084,scalar,ApplicationStrategyNetwork.monitoringServer.app[4],packetReceived:count,,,60,,,,,,
RR_T10-2-20260914-20:19:18-1084,attr,ApplicationStrategyNetwork.monitoringServer.app[4],packetReceived:count,interpolationmode,none,,,,,,,
RR_T10-2-20260914-20:19:18-1084,attr,ApplicationStrategyNetwork.monitoringServer.app[4],packetReceived:count,recordingmode,count,,,,,,,
RR_T10-2-20260914-20:19:18-1084,attr,ApplicationStrategyNetwork.monitoringServer.app[4],packetReceived:count,source,packetReceived,,,,,,,
RR_T10-2-20260914-20:19:18-1084,attr,ApplicationStrategyNetwork.monitoringServer.app[4],packetReceived:count,title,"packets received, count",,,,,,,
RR_T10-2-20260914-20:19:18-1084,scalar,ApplicationStrategyNetwork.monitoringServer.app[4],packetSent:count,,,60,,,,,,
RR_T10-2-20260914-20:19:18-1084,attr,ApplicationStrategyNetwork.monitoringServer.app[4],packetSent:count,interpolationmode,none,,,,,,,
RR_T10-2-20260914-20:19:18-1084,attr,ApplicationStrategyNetwork.monitoringServer.app[4],packetSent:count,recordingmode,count,,,,,,,
RR_T10-2-20260914-20:19:18-1084,attr,ApplicationStrategyNetwork.monitoringServer.app[4],packetSent:count,source,packetSent,,,,,,,
RR_T10-2-20260914-20:19:18-1084,attr,ApplicationStrategyNetwork.monitoringServer.app[4],packetSent:count,title,"packets sent, count",,,,,,,
RR_T10-2-20260914-20:19:18-1084,scalar,ApplicationStrategyNetwork.monitoringServer.app[5],packetReceived:count,,,59,,,,,,
RR_T10-2-20260914-20:19:18-1084,attr,ApplicationStrategyNetwork.monitoringServer.app[5],packetReceived:count,interpolationmode,none,,,,,,,
RR_T10-2-20260914-20:19:18-1084,attr,ApplicationStrategyNetwork.monitoringServer.app[5],packetReceived:count,recordingmode,count,,,,,,,
RR_T10-2-20260914-20:19:18-1084,attr,ApplicationStrategyNetwork.monitoringServer.app[5],packetReceived:count,source,packetReceived,,,,,,,
RR_T10-2-20260914-20:19:18-1084,attr,ApplicationStrategyNetwork.monitoringServer.app[5],packetReceived:count,title,"packets received, count",,,,,,,
RR_T10-2-20260914-20:19:18-1084,scalar,ApplicationStrategyNetwork.monitoringServer.app[5],packetSent:count,,,60,,,,,,
RR_T10-2-20260914-20:19:18-1084,attr,ApplicationStrategyNetwork.monitoringServer.app[5],packetSent:count,interpolationmode,none,,,,,,,
RR_T10-2-20260914-20:19:18-1084,attr,ApplicationStrategyNetwork.monitoringServer.app[5],packetSent:count,recordingmode,count,,,,,,,
RR_T10-2-20260914-20:19:18-1084,attr,ApplicationStrategyNetwork.monitoringServer.app[5],packetSent:count,source,packetSent,,,,,,,
RR_T10-2-20260914-20:19:18-1084,attr,ApplicationStrategyNetwork.monitoringServer.app[5],packetSent:count,title,"packets sent, count",,,,,,,
RR_T10-2-20260914-20:19:18-1084,scalar,ApplicationStrategyNetwork.monitoringServer.app[6],packetReceived:count,,,60,,,,,,
RR_T10-2-20260914-20:19:18-1084,attr,ApplicationStrategyNetwork.monitoringServer.app[6],packetReceived:count,interpolationmode,none,,,,,,,
RR_T10-2-20260914-20:19:18-1084,attr,ApplicationStrategyNetwork.monitoringServer.app[6],packetReceived:count,recordingmode,count,,,,,,,
RR_T10-2-20260914-20:19:18-1084,attr,ApplicationStrategyNetwork.monitoringServer.app[6],packetReceived:count,source,packetReceived,,,,,,,
RR_T10-2-20260914-20:19:18-1084,attr,ApplicationStrategyNetwork.monitoringServer.app[6],packetReceived:count,title,"packets received, count",,,,,,,
RR_T10-2-20260914-20:19:18-1084,scalar,ApplicationStrategyNetwork.monitoringServer.app[6],packetSent:count,,,60,,,,,,
RR_T10-2-20260914-20:19:18-1084,attr,ApplicationStrategyNetwork.monitoringServer.app[6],packetSent:count,interpolationmode,none,,,,,,,
RR_T10-2-20260914-20:19:18-1084,attr,ApplicationStrategyNetwork.monitoringServer.app[6],packetSent:count,recordingmode,count,,,,,,,
RR_T10-2-20260914-20:19:18-1084,attr,ApplicationStrategyNetwork.monitoringServer.app[6],packetSent:count,source,packetSent,,,,,,,
RR_T10-2-20260914-20:19:18-1084,attr,ApplicationStrategyNetwork.monitoringServer.app[6],packetSent:count,title,"packets sent, count",,,,,,,
RR_T10-2-20260914-20:19:18-1084,scalar,ApplicationStrategyNetwork.monitoringServer.app[7],packetReceived:count,,,60,,,,,,
RR_T10-2-20260914-20:19:18-1084,attr,ApplicationStrategyNetwork.monitoringServer.app[7],packetReceived:count,interpolationmode,none,,,,,,,
RR_T10-2-20260914-20:19:18-1084,attr,ApplicationStrategyNetwork.monitoringServer.app[7],packetReceived:count,recordingmode,count,,,,,,,
RR_T10-2-20260914-20:19:18-1084,attr,ApplicationStrategyNetwork.monitoringServer.app[7],packetReceived:count,source,packetReceived,,,,,,,
RR_T10-2-20260914-20:19:18-1084,attr,ApplicationStrategyNetwork.monitoringServer.app[7],packetReceived:count,title,"packets received, count",,,,,,,
RR_T10-2-20260914-20:19:18-1084,scalar,ApplicationStrategyNetwork.monitoringServer.app[7],packetSent:count,,,60,,,,,,
RR_T10-2-20260914-20:19:18-1084,attr,ApplicationStrategyNetwork.monitoringServer.app[7],packetSent:count,interpolationmode,none,,,,,,,
RR_T10-2-20260914-20:19:18-1084,attr,ApplicationStrategyNetwork.monitoringServer.app[7],packetSent:count,recordingmode,count,,,,,,,
RR_T10-2-20260914-20:19:18-1084,attr,ApplicationStrategyNetwork.monitoringServer.app[7],packetSent:count,source,packetSent,,,,,,,
RR_T10-2-20260914-20:19:18-1084,attr,ApplicationStrategyNetwork.monitoringServer.app[7],packetSent:count,title,"packets sent, count",,,,,,,
RR_T10-2-20260914-20:19:18-1084,scalar,ApplicationStrategyNetwork.monitoringServer.app[8],packetReceived:count,,,60,,,,,,
RR_T10-2-20260914-20:19:18-1084,attr,ApplicationStrategyNetwork.monitoringServer.app[8],packetReceived:count,interpolationmode,none,,,,,,,
RR_T10-2-20260914-20:19:18-1084,attr,ApplicationStrategyNetwork.monitoringServer.app[8],packetReceived:count,recordingmode,count,,,,,,,
RR_T10-2-20260914-20:19:18-1084,attr,ApplicationStrategyNetwork.monitoringServer.app[8],packetReceived:count,source,packetReceived,,,,,,,
RR_T10-2-20260914-20:19:18-1084,attr,ApplicationStrategyNetwork.monitoringServer.app[8],packetReceived:count,title,"packets received, count",,,,,,,
RR_T10-2-20260914-20:19:18-1084,scalar,ApplicationStrategyNetwork.monitoringServer.app[8],packetSent:count,,,60,,,,,,
RR_T10-2-20260914-20:19:18-1084,attr,ApplicationStrategyNetwork.monitoringServer.app[8],packetSent:count,interpolationmode,none,,,,,,,
RR_T10-2-20260914-20:19:18-1084,attr,ApplicationStrategyNetwork.monitoringServer.app[8],packetSent:count,recordingmode,count,,,,,,,
RR_T10-2-20260914-20:19:18-1084,attr,ApplicationStrategyNetwork.monitoringServer.app[8],packetSent:count,source,packetSent,,,,,,,
RR_T10-2-20260914-20:19:18-1084,attr,ApplicationStrategyNetwork.monitoringServer.app[8],packetSent:count,title,"packets sent, count",,,,,,,
RR_T10-2-20260914-20:19:18-1084,scalar,ApplicationStrategyNetwork.monitoringServer.app[9],packetReceived:count,,,60,,,,,,
RR_T10-2-20260914-20:19:18-1084,attr,ApplicationStrategyNetwork.monitoringServer.app[9],packetReceived:count,interpolationmode,none,,,,,,,
RR_T10-2-20260914-20:19:18-1084,attr,ApplicationStrategyNetwork.monitoringServer.app[9],packetReceived:count,recordingmode,count,,,,,,,
RR_T10-2-20260914-20:19:18-1084,attr,ApplicationStrategyNetwork.monitoringServer.app[9],packetReceived:count,source,packetReceived,,,,,,,
RR_T10-2-20260914-20:19:18-1084,attr,ApplicationStrategyNetwork.monitoringServer.app[9],packetReceived:count,title,"packets received, count",,,,,,,
RR_T10-2-20260914-20:19:18-1084,scalar,ApplicationStrategyNetwork.monitoringServer.app[9],packetSent:count,,,60,,,,,,
RR_T10-2-20260914-20:19:18-1084,attr,ApplicationStrategyNetwork.monitoringServer.app[9],packetSent:count,interpolationmode,none,,,,,,,
RR_T10-2-20260914-20:19:18-1084,attr,ApplicationStrategyNetwork.monitoringServer.app[9],packetSent:count,recordingmode,count,,,,,,,
RR_T10-2-20260914-20:19:18-1084,attr,ApplicationStrategyNetwork.monitoringServer.app[9],packetSent:count,source,packetSent,,,,,,,
RR_T10-2-20260914-20:19:18-1084,attr,ApplicationStrategyNetwork.monitoringServer.app[9],packetSent:count,title,"packets sent, count",,,,,,,
RR_T10-2-20260914-20:19:18-1084,scalar,ApplicationStrategyNetwork.monitoringServer.app[10],packetReceived:count,,,60,,,,,,
RR_T10-2-20260914-20:19:18-1084,attr,ApplicationStrategyNetwork.monitoringServer.app[10],packetReceived:count,interpolationmode,none,,,,,,,
RR_T10-2-20260914-20:19:18-1084,attr,ApplicationStrategyNetwork.monitoringServer.app[10],packetReceived:count,recordingmode,count,,,,,,,
RR_T10-2-20260914-20:19:18-1084,attr,ApplicationStrategyNetwork.monitoringServer.app[10],packetReceived:count,source,packetReceived,,,,,,,
RR_T10-2-20260914-20:19:18-1084,attr,ApplicationStrategyNetwork.monitoringServer.app[10],packetReceived:count,title,"packets received, count",,,,,,,
RR_T10-2-20260914-20:19:18-1084,scalar,ApplicationStrategyNetwork.monitoringServer.app[10],packetSent:count,,,60,,,,,,
RR_T10-2-20260914-20:19:18-1084,attr,ApplicationStrategyNetwork.monitoringServer.app[10],packetSent:count,interpolationmode,none,,,,,,,
RR_T10-2-20260914-20:19:18-1084,attr,ApplicationStrategyNetwork.monitoringServer.app[10],packetSent:count,recordingmode,count,,,,,,,
RR_T10-2-20260914-20:19:18-1084,attr,ApplicationStrategyNetwork.monitoringServer.app[10],packetSent:count,source,packetSent,,,,,,,
RR_T10-2-20260914-20:19:18-1084,attr,ApplicationStrategyNetwork.monitoringServer.app[10],packetSent:count,title,"packets sent, count",,,,,,,
RR_T10-2-20260914-20:19:18-1084,scalar,ApplicationStrategyNetwork.monitoringServer.app[11],packetReceived:count,,,60,,,,,,
RR_T10-2-20260914-20:19:18-1084,attr,ApplicationStrategyNetwork.monitoringServer.app[11],packetReceived:count,interpolationmode,none,,,,,,,
RR_T10-2-20260914-20:19:18-1084,attr,ApplicationStrategyNetwork.monitoringServer.app[11],packetReceived:count,recordingmode,count,,,,,,,
RR_T10-2-20260914-20:19:18-1084,attr,ApplicationStrategyNetwork.monitoringServer.app[11],packetReceived:count,source,packetReceived,,,,,,,
RR_T10-2-20260914-20:19:18-1084,attr,ApplicationStrategyNetwork.monitoringServer.app[11],packetReceived:count,title,"packets received, count",,,,,,,
RR_T10-2-20260914-20:19:18-1084,scalar,ApplicationStrategyNetwork.monitoringServer.app[11],packetSent:count,,,60,,,,,,
RR_T10-2-20260914-20:19:18-1084,attr,ApplicationStrategyNetwork.monitoringServer.app[11],packetSent:count,interpolationmode,none,,,,,,,
RR_T10-2-20260914-20:19:18-1084,attr,ApplicationStrategyNetwork.monitoringServer.app[11],packetSent:count,recordingmode,count,,,,,,,
RR_T10-2-20260914-20:19:18-1084,attr,ApplicationStrategyNetwork.monitoringServer.app[11],packetSent:count,source,packetSent,,,,,,,
RR_T10-2-20260914-20:19:18-1084,attr,ApplicationStrategyNetwork.monitoringServer.app[11],packetSent:count,title,"packets sent, count",,,,,,,
RR_T10-3-20260914-20:19:21-1089,scalar,ApplicationStrategyNetwork.sensor[0].app[0],echoedPk:count,,,60,,,,,,
RR_T10-3-20260914-20:19:21-1089,attr,ApplicationStrategyNetwork.sensor[0].app[0],echoedPk:count,interpolationmode,none,,,,,,,
RR_T10-3-20260914-20:19:21-1089,attr,ApplicationStrategyNetwork.sensor[0].app[0],echoedPk:count,recordingmode,count,,,,,,,
RR_T10-3-20260914-20:19:21-1089,attr,ApplicationStrategyNetwork.sensor[0].app[0],echoedPk:count,source,packetSent,,,,,,,
RR_T10-3-20260914-20:19:21-1089,attr,ApplicationStrategyNetwork.sensor[0].app[0],echoedPk:count,title,"packets echoed, count",,,,,,,
RR_T10-3-20260914-20:19:21-1089,scalar,ApplicationStrategyNetwork.sensor[1].app[0],echoedPk:count,,,60,,,,,,
RR_T10-3-20260914-20:19:21-1089,attr,ApplicationStrategyNetwork.sensor[1].app[0],echoedPk:count,interpolationmode,none,,,,,,,
RR_T10-3-20260914-20:19:21-1089,attr,ApplicationStrategyNetwork.sensor[1].app[0],echoedPk:count,recordingmode,count,,,,,,,
RR_T10-3-20260914-20:19:21-1089,attr,ApplicationStrategyNetwork.sensor[1].app[0],echoedPk:count,source,packetSent,,,,,,,
RR_T10-3-20260914-20:19:21-1089,attr,ApplicationStrategyNetwork.sensor[1].app[0],echoedPk:count,title,"packets echoed, count",,,,,,,
RR_T10-3-20260914-20:19:21-1089,scalar,ApplicationStrategyNetwork.sensor[2].app[0],echoedPk:count,,,60,,,,,,
RR_T10-3-20260914-20:19:21-1089,attr,ApplicationStrategyNetwork.sensor[2].app[0],echoedPk:count,interpolationmode,none,,,,,,,
RR_T10-3-20260914-20:19:21-1089,attr,ApplicationStrategyNetwork.sensor[2].app[0],echoedPk:count,recordingmode,count,,,,,,,
RR_T10-3-20260914-20:19:21-1089,attr,ApplicationStrategyNetwork.sensor[2].app[0],echoedPk:count,source,packetSent,,,,,,,
RR_T10-3-20260914-20:19:21-1089,attr,ApplicationStrategyNetwork.sensor[2].app[0],echoedPk:count,title,"packets echoed, count",,,,,,,
RR_T10-3-20260914-20:19:21-1089,scalar,ApplicationStrategyNetwork.sensor[3].app[0],echoedPk:count,,,60,,,,,,
RR_T10-3-20260914-20:19:21-1089,attr,ApplicationStrategyNetwork.sensor[3].app[0],echoedPk:count,interpolationmode,none,,,,,,,
RR_T10-3-20260914-20:19:21-1089,attr,ApplicationStrategyNetwork.sensor[3].app[0],echoedPk:count,recordingmode,count,,,,,,,
RR_T10-3-20260914-20:19:21-1089,attr,ApplicationStrategyNetwork.sensor[3].app[0],echoedPk:count,source,packetSent,,,,,,,
RR_T10-3-20260914-20:19:21-1089,attr,ApplicationStrategyNetwork.sensor[3].app[0],echoedPk:count,title,"packets echoed, count",,,,,,,
RR_T10-3-20260914-20:19:21-1089,scalar,ApplicationStrategyNetwork.sensor[4].app[0],echoedPk:count,,,60,,,,,,
RR_T10-3-20260914-20:19:21-1089,attr,ApplicationStrategyNetwork.sensor[4].app[0],echoedPk:count,interpolationmode,none,,,,,,,
RR_T10-3-20260914-20:19:21-1089,attr,ApplicationStrategyNetwork.sensor[4].app[0],echoedPk:count,recordingmode,count,,,,,,,
RR_T10-3-20260914-20:19:21-1089,attr,ApplicationStrategyNetwork.sensor[4].app[0],echoedPk:count,source,packetSent,,,,,,,
RR_T10-3-20260914-20:19:21-1089,attr,ApplicationStrategyNetwork.sensor[4].app[0],echoedPk:count,title,"packets echoed, count",,,,,,,
RR_T10-3-20260914-20:19:21-1089,scalar,ApplicationStrategyNetwork.sensor[5].app[0],echoedPk:count,,,60,,,,,,
RR_T10-3-20260914-20:19:21-1089,attr,ApplicationStrategyNetwork.sensor[5].app[0],echoedPk:count,interpolationmode,none,,,,,,,
RR_T10-3-20260914-20:19:21-1089,attr,ApplicationStrategyNetwork.sensor[5].app[0],echoedPk:count,recordingmode,count,,,,,,,
RR_T10-3-20260914-20:19:21-1089,attr,ApplicationStrategyNetwork.sensor[5].app[0],echoedPk:count,source,packetSent,,,,,,,
RR_T10-3-20260914-20:19:21-1089,attr,ApplicationStrategyNetwork.sensor[5].app[0],echoedPk:count,title,"packets echoed, count",,,,,,,
RR_T10-3-20260914-20:19:21-1089,scalar,ApplicationStrategyNetwork.sensor[6].app[0],echoedPk:count,,,60,,,,,,
RR_T10-3-20260914-20:19:21-1089,attr,ApplicationStrategyNetwork.sensor[6].app[0],echoedPk:count,interpolationmode,none,,,,,,,
RR_T10-3-20260914-20:19:21-1089,attr,ApplicationStrategyNetwork.sensor[6].app[0],echoedPk:count,recordingmode,count,,,,,,,
RR_T10-3-20260914-20:19:21-1089,attr,ApplicationStrategyNetwork.sensor[6].app[0],echoedPk:count,source,packetSent,,,,,,,
RR_T10-3-20260914-20:19:21-1089,attr,ApplicationStrategyNetwork.sensor[6].app[0],echoedPk:count,title,"packets echoed, count",,,,,,,
RR_T10-3-20260914-20:19:21-1089,scalar,ApplicationStrategyNetwork.sensor[7].app[0],echoedPk:count,,,60,,,,,,
RR_T10-3-20260914-20:19:21-1089,attr,ApplicationStrategyNetwork.sensor[7].app[0],echoedPk:count,interpolationmode,none,,,,,,,
RR_T10-3-20260914-20:19:21-1089,attr,ApplicationStrategyNetwork.sensor[7].app[0],echoedPk:count,recordingmode,count,,,,,,,
RR_T10-3-20260914-20:19:21-1089,attr,ApplicationStrategyNetwork.sensor[7].app[0],echoedPk:count,source,packetSent,,,,,,,
RR_T10-3-20260914-20:19:21-1089,attr,ApplicationStrategyNetwork.sensor[7].app[0],echoedPk:count,title,"packets echoed, count",,,,,,,
RR_T10-3-20260914-20:19:21-1089,scalar,ApplicationStrategyNetwork.sensor[8].app[0],echoedPk:count,,,60,,,,,,
RR_T10-3-20260914-20:19:21-1089,attr,ApplicationStrategyNetwork.sensor[8].app[0],echoedPk:count,interpolationmode,none,,,,,,,
RR_T10-3-20260914-20:19:21-1089,attr,ApplicationStrategyNetwork.sensor[8].app[0],echoedPk:count,recordingmode,count,,,,,,,
RR_T10-3-20260914-20:19:21-1089,attr,ApplicationStrategyNetwork.sensor[8].app[0],echoedPk:count,source,packetSent,,,,,,,
RR_T10-3-20260914-20:19:21-1089,attr,ApplicationStrategyNetwork.sensor[8].app[0],echoedPk:count,title,"packets echoed, count",,,,,,,
RR_T10-3-20260914-20:19:21-1089,scalar,ApplicationStrategyNetwork.sensor[9].app[0],echoedPk:count,,,60,,,,,,
RR_T10-3-20260914-20:19:21-1089,attr,ApplicationStrategyNetwork.sensor[9].app[0],echoedPk:count,interpolationmode,none,,,,,,,
RR_T10-3-20260914-20:19:21-1089,attr,ApplicationStrategyNetwork.sensor[9].app[0],echoedPk:count,recordingmode,count,,,,,,,
RR_T10-3-20260914-20:19:21-1089,attr,ApplicationStrategyNetwork.sensor[9].app[0],echoedPk:count,source,packetSent,,,,,,,
RR_T10-3-20260914-20:19:21-1089,attr,ApplicationStrategyNetwork.sensor[9].app[0],echoedPk:count,title,"packets echoed, count",,,,,,,
RR_T10-3-20260914-20:19:21-1089,scalar,ApplicationStrategyNetwork.sensor[10].app[0],echoedPk:count,,,60,,,,,,
RR_T10-3-20260914-20:19:21-1089,attr,ApplicationStrategyNetwork.sensor[10].app[0],echoedPk:count,interpolationmode,none,,,,,,,
RR_T10-3-20260914-20:19:21-1089,attr,ApplicationStrategyNetwork.sensor[10].app[0],echoedPk:count,recordingmode,count,,,,,,,
RR_T10-3-20260914-20:19:21-1089,attr,ApplicationStrategyNetwork.sensor[10].app[0],echoedPk:count,source,packetSent,,,,,,,
RR_T10-3-20260914-20:19:21-1089,attr,ApplicationStrategyNetwork.sensor[10].app[0],echoedPk:count,title,"packets echoed, count",,,,,,,
RR_T10-3-20260914-20:19:21-1089,scalar,ApplicationStrategyNetwork.sensor[11].app[0],echoedPk:count,,,60,,,,,,
RR_T10-3-20260914-20:19:21-1089,attr,ApplicationStrategyNetwork.sensor[11].app[0],echoedPk:count,interpolationmode,none,,,,,,,
RR_T10-3-20260914-20:19:21-1089,attr,ApplicationStrategyNetwork.sensor[11].app[0],echoedPk:count,recordingmode,count,,,,,,,
RR_T10-3-20260914-20:19:21-1089,attr,ApplicationStrategyNetwork.sensor[11].app[0],echoedPk:count,source,packetSent,,,,,,,
RR_T10-3-20260914-20:19:21-1089,attr,ApplicationStrategyNetwork.sensor[11].app[0],echoedPk:count,title,"packets echoed, count",,,,,,,
RR_T10-3-20260914-20:19:21-1089,scalar,ApplicationStrategyNetwork.monitoringServer.app[0],packetReceived:count,,,60,,,,,,
RR_T10-3-20260914-20:19:21-1089,attr,ApplicationStrategyNetwork.monitoringServer.app[0],packetReceived:count,interpolationmode,none,,,,,,,
RR_T10-3-20260914-20:19:21-1089,attr,ApplicationStrategyNetwork.monitoringServer.app[0],packetReceived:count,recordingmode,count,,,,,,,
RR_T10-3-20260914-20:19:21-1089,attr,ApplicationStrategyNetwork.monitoringServer.app[0],packetReceived:count,source,packetReceived,,,,,,,
RR_T10-3-20260914-20:19:21-1089,attr,ApplicationStrategyNetwork.monitoringServer.app[0],packetReceived:count,title,"packets received, count",,,,,,,
RR_T10-3-20260914-20:19:21-1089,scalar,ApplicationStrategyNetwork.monitoringServer.app[0],packetSent:count,,,60,,,,,,
RR_T10-3-20260914-20:19:21-1089,attr,ApplicationStrategyNetwork.monitoringServer.app[0],packetSent:count,interpolationmode,none,,,,,,,
RR_T10-3-20260914-20:19:21-1089,attr,ApplicationStrategyNetwork.monitoringServer.app[0],packetSent:count,recordingmode,count,,,,,,,
RR_T10-3-20260914-20:19:21-1089,attr,ApplicationStrategyNetwork.monitoringServer.app[0],packetSent:count,source,packetSent,,,,,,,
RR_T10-3-20260914-20:19:21-1089,attr,ApplicationStrategyNetwork.monitoringServer.app[0],packetSent:count,title,"packets sent, count",,,,,,,
RR_T10-3-20260914-20:19:21-1089,scalar,ApplicationStrategyNetwork.monitoringServer.app[1],packetReceived:count,,,60,,,,,,
RR_T10-3-20260914-20:19:21-1089,attr,ApplicationStrategyNetwork.monitoringServer.app[1],packetReceived:count,interpolationmode,none,,,,,,,
RR_T10-3-20260914-20:19:21-1089,attr,ApplicationStrategyNetwork.monitoringServer.app[1],packetReceived:count,recordingmode,count,,,,,,,
RR_T10-3-20260914-20:19:21-1089,attr,ApplicationStrategyNetwork.monitoringServer.app[1],packetReceived:count,source,packetReceived,,,,,,,
RR_T10-3-20260914-20:19:21-1089,attr,ApplicationStrategyNetwork.monitoringServer.app[1],packetReceived:count,title,"packets received, count",,,,,,,
RR_T10-3-20260914-20:19:21-1089,scalar,ApplicationStrategyNetwork.monitoringServer.app[1],packetSent:count,,,60,,,,,,
RR_T10-3-20260914-20:19:21-1089,attr,ApplicationStrategyNetwork.monitoringServer.app[1],packetSent:count,interpolationmode,none,,,,,,,
RR_T10-3-20260914-20:19:21-1089,attr,ApplicationStrategyNetwork.monitoringServer.app[1],packetSent:count,recordingmode,count,,,,,,,
RR_T10-3-20260914-20:19:21-1089,attr,ApplicationStrategyNetwork.monitoringServer.app[1],packetSent:count,source,packetSent,,,,,,,
RR_T10-3-20260914-20:19:21-1089,attr,ApplicationStrategyNetwork.monitoringServer.app[1],packetSent:count,title,"packets sent, count",,,,,,,
RR_T10-3-20260914-20:19:21-1089,scalar,ApplicationStrategyNetwork.monitoringServer.app[2],packetReceived:count,,,60,,,,,,
RR_T10-3-20260914-20:19:21-1089,attr,ApplicationStrategyNetwork.monitoringServer.app[2],packetReceived:count,interpolationmode,none,,,,,,,
RR_T10-3-20260914-20:19:21-1089,attr,ApplicationStrategyNetwork.monitoringServer.app[2],packetReceived:count,recordingmode,count,,,,,,,
RR_T10-3-20260914-20:19:21-1089,attr,ApplicationStrategyNetwork.monitoringServer.app[2],packetReceived:count,source,packetReceived,,,,,,,
RR_T10-3-20260914-20:19:21-1089,attr,ApplicationStrategyNetwork.monitoringServer.app[2],packetReceived:count,title,"packets received, count",,,,,,,
RR_T10-3-20260914-20:19:21-1089,scalar,ApplicationStrategyNetwork.monitoringServer.app[2],packetSent:count,,,60,,,,,,
RR_T10-3-20260914-20:19:21-1089,attr,ApplicationStrategyNetwork.monitoringServer.app[2],packetSent:count,interpolationmode,none,,,,,,,
RR_T10-3-20260914-20:19:21-1089,attr,ApplicationStrategyNetwork.monitoringServer.app[2],packetSent:count,recordingmode,count,,,,,,,
RR_T10-3-20260914-20:19:21-1089,attr,ApplicationStrategyNetwork.monitoringServer.app[2],packetSent:count,source,packetSent,,,,,,,
RR_T10-3-20260914-20:19:21-1089,attr,ApplicationStrategyNetwork.monitoringServer.app[2],packetSent:count,title,"packets sent, count",,,,,,,
RR_T10-3-20260914-20:19:21-1089,scalar,ApplicationStrategyNetwork.monitoringServer.app[3],packetReceived:count,,,60,,,,,,
RR_T10-3-20260914-20:19:21-1089,attr,ApplicationStrategyNetwork.monitoringServer.app[3],packetReceived:count,interpolationmode,none,,,,,,,
RR_T10-3-20260914-20:19:21-1089,attr,ApplicationStrategyNetwork.monitoringServer.app[3],packetReceived:count,recordingmode,count,,,,,,,
RR_T10-3-20260914-20:19:21-1089,attr,ApplicationStrategyNetwork.monitoringServer.app[3],packetReceived:count,source,packetReceived,,,,,,,
RR_T10-3-20260914-20:19:21-1089,attr,ApplicationStrategyNetwork.monitoringServer.app[3],packetReceived:count,title,"packets received, count",,,,,,,
RR_T10-3-20260914-20:19:21-1089,scalar,ApplicationStrategyNetwork.monitoringServer.app[3],packetSent:count,,,60,,,,,,
RR_T10-3-20260914-20:19:21-1089,attr,ApplicationStrategyNetwork.monitoringServer.app[3],packetSent:count,interpolationmode,none,,,,,,,
RR_T10-3-20260914-20:19:21-1089,attr,ApplicationStrategyNetwork.monitoringServer.app[3],packetSent:count,recordingmode,count,,,,,,,
RR_T10-3-20260914-20:19:21-1089,attr,ApplicationStrategyNetwork.monitoringServer.app[3],packetSent:count,source,packetSent,,,,,,,
RR_T10-3-20260914-20:19:21-1089,attr,ApplicationStrategyNetwork.monitoringServer.app[3],packetSent:count,title,"packets sent, count",,,,,,,
RR_T10-3-20260914-20:19:21-1089,scalar,ApplicationStrategyNetwork.monitoringServer.app[4],packetReceived:count,,,60,,,,,,
RR_T10-3-20260914-20:19:21-1089,attr,ApplicationStrategyNetwork.monitoringServer.app[4],packetReceived:count,interpolationmode,none,,,,,,,
RR_T10-3-20260914-20:19:21-1089,attr,ApplicationStrategyNetwork.monitoringServer.app[4],packetReceived:count,recordingmode,count,,,,,,,
RR_T10-3-20260914-20:19:21-1089,attr,ApplicationStrategyNetwork.monitoringServer.app[4],packetReceived:count,source,packetReceived,,,,,,,
RR_T10-3-20260914-20:19:21-1089,attr,ApplicationStrategyNetwork.monitoringServer.app[4],packetReceived:count,title,"packets received, count",,,,,,,
RR_T10-3-20260914-20:19:21-1089,scalar,ApplicationStrategyNetwork.monitoringServer.app[4],packetSent:count,,,60,,,,,,
RR_T10-3-20260914-20:19:21-1089,attr,ApplicationStrategyNetwork.monitoringServer.app[4],packetSent:count,interpolationmode,none,,,,,,,
RR_T10-3-20260914-20:19:21-1089,attr,ApplicationStrategyNetwork.monitoringServer.app[4],packetSent:count,recordingmode,count,,,,,,,
RR_T10-3-20260914-20:19:21-1089,attr,ApplicationStrategyNetwork.monitoringServer.app[4],packetSent:count,source,packetSent,,,,,,,
RR_T10-3-20260914-20:19:21-1089,attr,ApplicationStrategyNetwork.monitoringServer.app[4],packetSent:count,title,"packets sent, count",,,,,,,
RR_T10-3-20260914-20:19:21-1089,scalar,ApplicationStrategyNetwork.monitoringServer.app[5],packetReceived:count,,,60,,,,,,
RR_T10-3-20260914-20:19:21-1089,attr,ApplicationStrategyNetwork.monitoringServer.app[5],packetReceived:count,interpolationmode,none,,,,,,,
RR_T10-3-20260914-20:19:21-1089,attr,ApplicationStrategyNetwork.monitoringServer.app[5],packetReceived:count,recordingmode,count,,,,,,,
RR_T10-3-20260914-20:19:21-1089,attr,ApplicationStrategyNetwork.monitoringServer.app[5],packetReceived:count,source,packetReceived,,,,,,,
RR_T10-3-20260914-20:19:21-1089,attr,ApplicationStrategyNetwork.monitoringServer.app[5],packetReceived:count,title,"packets received, count",,,,,,,
RR_T10-3-20260914-20:19:21-1089,scalar,ApplicationStrategyNetwork.monitoringServer.app[5],packetSent:count,,,60,,,,,,
RR_T10-3-20260914-20:19:21-1089,attr,ApplicationStrategyNetwork.monitoringServer.app[5],packetSent:count,interpolationmode,none,,,,,,,
RR_T10-3-20260914-20:19:21-1089,attr,ApplicationStrategyNetwork.monitoringServer.app[5],packetSent:count,recordingmode,count,,,,,,,
RR_T10-3-20260914-20:19:21-1089,attr,ApplicationStrategyNetwork.monitoringServer.app[5],packetSent:count,source,packetSent,,,,,,,
RR_T10-3-20260914-20:19:21-1089,attr,ApplicationStrategyNetwork.monitoringServer.app[5],packetSent:count,title,"packets sent, count",,,,,,,
RR_T10-3-20260914-20:19:21-1089,scalar,ApplicationStrategyNetwork.monitoringServer.app[6],packetReceived:count,,,60,,,,,,
RR_T10-3-20260914-20:19:21-1089,attr,ApplicationStrategyNetwork.monitoringServer.app[6],packetReceived:count,interpolationmode,none,,,,,,,
RR_T10-3-20260914-20:19:21-1089,attr,ApplicationStrategyNetwork.monitoringServer.app[6],packetReceived:count,recordingmode,count,,,,,,,
RR_T10-3-20260914-20:19:21-1089,attr,ApplicationStrategyNetwork.monitoringServer.app[6],packetReceived:count,source,packetReceived,,,,,,,
RR_T10-3-20260914-20:19:21-1089,attr,ApplicationStrategyNetwork.monitoringServer.app[6],packetReceived:count,title,"packets received, count",,,,,,,
RR_T10-3-20260914-20:19:21-1089,scalar,ApplicationStrategyNetwork.monitoringServer.app[6],packetSent:count,,,60,,,,,,
RR_T10-3-20260914-20:19:21-1089,attr,ApplicationStrategyNetwork.monitoringServer.app[6],packetSent:count,interpolationmode,none,,,,,,,
RR_T10-3-20260914-20:19:21-1089,attr,ApplicationStrategyNetwork.monitoringServer.app[6],packetSent:count,recordingmode,count,,,,,,,
RR_T10-3-20260914-20:19:21-1089,attr,ApplicationStrategyNetwork.monitoringServer.app[6],packetSent:count,source,packetSent,,,,,,,
RR_T10-3-20260914-20:19:21-1089,attr,ApplicationStrategyNetwork.monitoringServer.app[6],packetSent:count,title,"packets sent, count",,,,,,,
RR_T10-3-20260914-20:19:21-1089,scalar,ApplicationStrategyNetwork.monitoringServer.app[7],packetReceived:count,,,60,,,,,,
RR_T10-3-20260914-20:19:21-1089,attr,ApplicationStrategyNetwork.monitoringServer.app[7],packetReceived:count,interpolationmode,none,,,,,,,
RR_T10-3-20260914-20:19:21-1089,attr,ApplicationStrategyNetwork.monitoringServer.app[7],packetReceived:count,recordingmode,count,,,,,,,
RR_T10-3-20260914-20:19:21-1089,attr,ApplicationStrategyNetwork.monitoringServer.app[7],packetReceived:count,source,packetReceived,,,,,,,
RR_T10-3-20260914-20:19:21-1089,attr,ApplicationStrategyNetwork.monitoringServer.app[7],packetReceived:count,title,"packets received, count",,,,,,,
RR_T10-3-20260914-20:19:21-1089,scalar,ApplicationStrategyNetwork.monitoringServer.app[7],packetSent:count,,,60,,,,,,
RR_T10-3-20260914-20:19:21-1089,attr,ApplicationStrategyNetwork.monitoringServer.app[7],packetSent:count,interpolationmode,none,,,,,,,
RR_T10-3-20260914-20:19:21-1089,attr,ApplicationStrategyNetwork.monitoringServer.app[7],packetSent:count,recordingmode,count,,,,,,,
RR_T10-3-20260914-20:19:21-1089,attr,ApplicationStrategyNetwork.monitoringServer.app[7],packetSent:count,source,packetSent,,,,,,,
RR_T10-3-20260914-20:19:21-1089,attr,ApplicationStrategyNetwork.monitoringServer.app[7],packetSent:count,title,"packets sent, count",,,,,,,
RR_T10-3-20260914-20:19:21-1089,scalar,ApplicationStrategyNetwork.monitoringServer.app[8],packetReceived:count,,,60,,,,,,
RR_T10-3-20260914-20:19:21-1089,attr,ApplicationStrategyNetwork.monitoringServer.app[8],packetReceived:count,interpolationmode,none,,,,,,,
RR_T10-3-20260914-20:19:21-1089,attr,ApplicationStrategyNetwork.monitoringServer.app[8],packetReceived:count,recordingmode,count,,,,,,,
RR_T10-3-20260914-20:19:21-1089,attr,ApplicationStrategyNetwork.monitoringServer.app[8],packetReceived:count,source,packetReceived,,,,,,,
RR_T10-3-20260914-20:19:21-1089,attr,ApplicationStrategyNetwork.monitoringServer.app[8],packetReceived:count,title,"packets received, count",,,,,,,
RR_T10-3-20260914-20:19:21-1089,scalar,ApplicationStrategyNetwork.monitoringServer.app[8],packetSent:count,,,60,,,,,,
RR_T10-3-20260914-20:19:21-1089,attr,ApplicationStrategyNetwork.monitoringServer.app[8],packetSent:count,interpolationmode,none,,,,,,,
RR_T10-3-20260914-20:19:21-1089,attr,ApplicationStrategyNetwork.monitoringServer.app[8],packetSent:count,recordingmode,count,,,,,,,
RR_T10-3-20260914-20:19:21-1089,attr,ApplicationStrategyNetwork.monitoringServer.app[8],packetSent:count,source,packetSent,,,,,,,
RR_T10-3-20260914-20:19:21-1089,attr,ApplicationStrategyNetwork.monitoringServer.app[8],packetSent:count,title,"packets sent, count",,,,,,,
RR_T10-3-20260914-20:19:21-1089,scalar,ApplicationStrategyNetwork.monitoringServer.app[9],packetReceived:count,,,60,,,,,,
RR_T10-3-20260914-20:19:21-1089,attr,ApplicationStrategyNetwork.monitoringServer.app[9],packetReceived:count,interpolationmode,none,,,,,,,
RR_T10-3-20260914-20:19:21-1089,attr,ApplicationStrategyNetwork.monitoringServer.app[9],packetReceived:count,recordingmode,count,,,,,,,
RR_T10-3-20260914-20:19:21-1089,attr,ApplicationStrategyNetwork.monitoringServer.app[9],packetReceived:count,source,packetReceived,,,,,,,
RR_T10-3-20260914-20:19:21-1089,attr,ApplicationStrategyNetwork.monitoringServer.app[9],packetReceived:count,title,"packets received, count",,,,,,,
RR_T10-3-20260914-20:19:21-1089,scalar,ApplicationStrategyNetwork.monitoringServer.app[9],packetSent:count,,,60,,,,,,
RR_T10-3-20260914-20:19:21-1089,attr,ApplicationStrategyNetwork.monitoringServer.app[9],packetSent:count,interpolationmode,none,,,,,,,
RR_T10-3-20260914-20:19:21-1089,attr,ApplicationStrategyNetwork.monitoringServer.app[9],packetSent:count,recordingmode,count,,,,,,,
RR_T10-3-20260914-20:19:21-1089,attr,ApplicationStrategyNetwork.monitoringServer.app[9],packetSent:count,source,packetSent,,,,,,,
RR_T10-3-20260914-20:19:21-1089,attr,ApplicationStrategyNetwork.monitoringServer.app[9],packetSent:count,title,"packets sent, count",,,,,,,
RR_T10-3-20260914-20:19:21-1089,scalar,ApplicationStrategyNetwork.monitoringServer.app[10],packetReceived:count,,,60,,,,,,
RR_T10-3-20260914-20:19:21-1089,attr,ApplicationStrategyNetwork.monitoringServer.app[10],packetReceived:count,interpolationmode,none,,,,,,,
RR_T10-3-20260914-20:19:21-1089,attr,ApplicationStrategyNetwork.monitoringServer.app[10],packetReceived:count,recordingmode,count,,,,,,,
RR_T10-3-20260914-20:19:21-1089,attr,ApplicationStrategyNetwork.monitoringServer.app[10],packetReceived:count,source,packetReceived,,,,,,,
RR_T10-3-20260914-20:19:21-1089,attr,ApplicationStrategyNetwork.monitoringServer.app[10],packetReceived:count,title,"packets received, count",,,,,,,
RR_T10-3-20260914-20:19:21-1089,scalar,ApplicationStrategyNetwork.monitoringServer.app[10],packetSent:count,,,60,,,,,,
RR_T10-3-20260914-20:19:21-1089,attr,ApplicationStrategyNetwork.monitoringServer.app[10],packetSent:count,interpolationmode,none,,,,,,,
RR_T10-3-20260914-20:19:21-1089,attr,ApplicationStrategyNetwork.monitoringServer.app[10],packetSent:count,recordingmode,count,,,,,,,
RR_T10-3-20260914-20:19:21-1089,attr,ApplicationStrategyNetwork.monitoringServer.app[10],packetSent:count,source,packetSent,,,,,,,
RR_T10-3-20260914-20:19:21-1089,attr,ApplicationStrategyNetwork.monitoringServer.app[10],packetSent:count,title,"packets sent, count",,,,,,,
RR_T10-3-20260914-20:19:21-1089,scalar,ApplicationStrategyNetwork.monitoringServer.app[11],packetReceived:count,,,60,,,,,,
RR_T10-3-20260914-20:19:21-1089,attr,ApplicationStrategyNetwork.monitoringServer.app[11],packetReceived:count,interpolationmode,none,,,,,,,
RR_T10-3-20260914-20:19:21-1089,attr,ApplicationStrategyNetwork.monitoringServer.app[11],packetReceived:count,recordingmode,count,,,,,,,
RR_T10-3-20260914-20:19:21-1089,attr,ApplicationStrategyNetwork.monitoringServer.app[11],packetReceived:count,source,packetReceived,,,,,,,
RR_T10-3-20260914-20:19:21-1089,attr,ApplicationStrategyNetwork.monitoringServer.app[11],packetReceived:count,title,"packets received, count",,,,,,,
RR_T10-3-20260914-20:19:21-1089,scalar,ApplicationStrategyNetwork.monitoringServer.app[11],packetSent:count,,,60,,,,,,
RR_T10-3-20260914-20:19:21-1089,attr,ApplicationStrategyNetwork.monitoringServer.app[11],packetSent:count,interpolationmode,none,,,,,,,
RR_T10-3-20260914-20:19:21-1089,attr,ApplicationStrategyNetwork.monitoringServer.app[11],packetSent:count,recordingmode,count,,,,,,,
RR_T10-3-20260914-20:19:21-1089,attr,ApplicationStrategyNetwork.monitoringServer.app[11],packetSent:count,source,packetSent,,,,,,,
RR_T10-3-20260914-20:19:21-1089,attr,ApplicationStrategyNetwork.monitoringServer.app[11],packetSent:count,title,"packets sent, count",,,,,,,
RR_T10-4-20260914-20:19:24-1095,scalar,ApplicationStrategyNetwork.sensor[0].app[0],echoedPk:count,,,60,,,,,,
RR_T10-4-20260914-20:19:24-1095,attr,ApplicationStrategyNetwork.sensor[0].app[0],echoedPk:count,interpolationmode,none,,,,,,,
RR_T10-4-20260914-20:19:24-1095,attr,ApplicationStrategyNetwork.sensor[0].app[0],echoedPk:count,recordingmode,count,,,,,,,
RR_T10-4-20260914-20:19:24-1095,attr,ApplicationStrategyNetwork.sensor[0].app[0],echoedPk:count,source,packetSent,,,,,,,
RR_T10-4-20260914-20:19:24-1095,attr,ApplicationStrategyNetwork.sensor[0].app[0],echoedPk:count,title,"packets echoed, count",,,,,,,
RR_T10-4-20260914-20:19:24-1095,scalar,ApplicationStrategyNetwork.sensor[1].app[0],echoedPk:count,,,60,,,,,,
RR_T10-4-20260914-20:19:24-1095,attr,ApplicationStrategyNetwork.sensor[1].app[0],echoedPk:count,interpolationmode,none,,,,,,,
RR_T10-4-20260914-20:19:24-1095,attr,ApplicationStrategyNetwork.sensor[1].app[0],echoedPk:count,recordingmode,count,,,,,,,
RR_T10-4-20260914-20:19:24-1095,attr,ApplicationStrategyNetwork.sensor[1].app[0],echoedPk:count,source,packetSent,,,,,,,
RR_T10-4-20260914-20:19:24-1095,attr,ApplicationStrategyNetwork.sensor[1].app[0],echoedPk:count,title,"packets echoed, count",,,,,,,
RR_T10-4-20260914-20:19:24-1095,scalar,ApplicationStrategyNetwork.sensor[2].app[0],echoedPk:count,,,60,,,,,,
RR_T10-4-20260914-20:19:24-1095,attr,ApplicationStrategyNetwork.sensor[2].app[0],echoedPk:count,interpolationmode,none,,,,,,,
RR_T10-4-20260914-20:19:24-1095,attr,ApplicationStrategyNetwork.sensor[2].app[0],echoedPk:count,recordingmode,count,,,,,,,
RR_T10-4-20260914-20:19:24-1095,attr,ApplicationStrategyNetwork.sensor[2].app[0],echoedPk:count,source,packetSent,,,,,,,
RR_T10-4-20260914-20:19:24-1095,attr,ApplicationStrategyNetwork.sensor[2].app[0],echoedPk:count,title,"packets echoed, count",,,,,,,
RR_T10-4-20260914-20:19:24-1095,scalar,ApplicationStrategyNetwork.sensor[3].app[0],echoedPk:count,,,60,,,,,,
RR_T10-4-20260914-20:19:24-1095,attr,ApplicationStrategyNetwork.sensor[3].app[0],echoedPk:count,interpolationmode,none,,,,,,,
RR_T10-4-20260914-20:19:24-1095,attr,ApplicationStrategyNetwork.sensor[3].app[0],echoedPk:count,recordingmode,count,,,,,,,
RR_T10-4-20260914-20:19:24-1095,attr,ApplicationStrategyNetwork.sensor[3].app[0],echoedPk:count,source,packetSent,,,,,,,
RR_T10-4-20260914-20:19:24-1095,attr,ApplicationStrategyNetwork.sensor[3].app[0],echoedPk:count,title,"packets echoed, count",,,,,,,
RR_T10-4-20260914-20:19:24-1095,scalar,ApplicationStrategyNetwork.sensor[4].app[0],echoedPk:count,,,60,,,,,,
RR_T10-4-20260914-20:19:24-1095,attr,ApplicationStrategyNetwork.sensor[4].app[0],echoedPk:count,interpolationmode,none,,,,,,,
RR_T10-4-20260914-20:19:24-1095,attr,ApplicationStrategyNetwork.sensor[4].app[0],echoedPk:count,recordingmode,count,,,,,,,
RR_T10-4-20260914-20:19:24-1095,attr,ApplicationStrategyNetwork.sensor[4].app[0],echoedPk:count,source,packetSent,,,,,,,
RR_T10-4-20260914-20:19:24-1095,attr,ApplicationStrategyNetwork.sensor[4].app[0],echoedPk:count,title,"packets echoed, count",,,,,,,
RR_T10-4-20260914-20:19:24-1095,scalar,ApplicationStrategyNetwork.sensor[5].app[0],echoedPk:count,,,60,,,,,,
RR_T10-4-20260914-20:19:24-1095,attr,ApplicationStrategyNetwork.sensor[5].app[0],echoedPk:count,interpolationmode,none,,,,,,,
RR_T10-4-20260914-20:19:24-1095,attr,ApplicationStrategyNetwork.sensor[5].app[0],echoedPk:count,recordingmode,count,,,,,,,
RR_T10-4-20260914-20:19:24-1095,attr,ApplicationStrategyNetwork.sensor[5].app[0],echoedPk:count,source,packetSent,,,,,,,
RR_T10-4-20260914-20:19:24-1095,attr,ApplicationStrategyNetwork.sensor[5].app[0],echoedPk:count,title,"packets echoed, count",,,,,,,
RR_T10-4-20260914-20:19:24-1095,scalar,ApplicationStrategyNetwork.sensor[6].app[0],echoedPk:count,,,60,,,,,,
RR_T10-4-20260914-20:19:24-1095,attr,ApplicationStrategyNetwork.sensor[6].app[0],echoedPk:count,interpolationmode,none,,,,,,,
RR_T10-4-20260914-20:19:24-1095,attr,ApplicationStrategyNetwork.sensor[6].app[0],echoedPk:count,recordingmode,count,,,,,,,
RR_T10-4-20260914-20:19:24-1095,attr,ApplicationStrategyNetwork.sensor[6].app[0],echoedPk:count,source,packetSent,,,,,,,
RR_T10-4-20260914-20:19:24-1095,attr,ApplicationStrategyNetwork.sensor[6].app[0],echoedPk:count,title,"packets echoed, count",,,,,,,
RR_T10-4-20260914-20:19:24-1095,scalar,ApplicationStrategyNetwork.sensor[7].app[0],echoedPk:count,,,60,,,,,,
RR_T10-4-20260914-20:19:24-1095,attr,ApplicationStrategyNetwork.sensor[7].app[0],echoedPk:count,interpolationmode,none,,,,,,,
RR_T10-4-20260914-20:19:24-1095,attr,ApplicationStrategyNetwork.sensor[7].app[0],echoedPk:count,recordingmode,count,,,,,,,
RR_T10-4-20260914-20:19:24-1095,attr,ApplicationStrategyNetwork.sensor[7].app[0],echoedPk:count,source,packetSent,,,,,,,
RR_T10-4-20260914-20:19:24-1095,attr,ApplicationStrategyNetwork.sensor[7].app[0],echoedPk:count,title,"packets echoed, count",,,,,,,
RR_T10-4-20260914-20:19:24-1095,scalar,ApplicationStrategyNetwork.sensor[8].app[0],echoedPk:count,,,60,,,,,,
RR_T10-4-20260914-20:19:24-1095,attr,ApplicationStrategyNetwork.sensor[8].app[0],echoedPk:count,interpolationmode,none,,,,,,,
RR_T10-4-20260914-20:19:24-1095,attr,ApplicationStrategyNetwork.sensor[8].app[0],echoedPk:count,recordingmode,count,,,,,,,
RR_T10-4-20260914-20:19:24-1095,attr,ApplicationStrategyNetwork.sensor[8].app[0],echoedPk:count,source,packetSent,,,,,,,
RR_T10-4-20260914-20:19:24-1095,attr,ApplicationStrategyNetwork.sensor[8].app[0],echoedPk:count,title,"packets echoed, count",,,,,,,
RR_T10-4-20260914-20:19:24-1095,scalar,ApplicationStrategyNetwork.sensor[9].app[0],echoedPk:count,,,60,,,,,,
RR_T10-4-20260914-20:19:24-1095,attr,ApplicationStrategyNetwork.sensor[9].app[0],echoedPk:count,interpolationmode,none,,,,,,,
RR_T10-4-20260914-20:19:24-1095,attr,ApplicationStrategyNetwork.sensor[9].app[0],echoedPk:count,recordingmode,count,,,,,,,
RR_T10-4-20260914-20:19:24-1095,attr,ApplicationStrategyNetwork.sensor[9].app[0],echoedPk:count,source,packetSent,,,,,,,
RR_T10-4-20260914-20:19:24-1095,attr,ApplicationStrategyNetwork.sensor[9].app[0],echoedPk:count,title,"packets echoed, count",,,,,,,
RR_T10-4-20260914-20:19:24-1095,scalar,ApplicationStrategyNetwork.sensor[10].app[0],echoedPk:count,,,60,,,,,,
RR_T10-4-20260914-20:19:24-1095,attr,ApplicationStrategyNetwork.sensor[10].app[0],echoedPk:count,interpolationmode,none,,,,,,,
RR_T10-4-20260914-20:19:24-1095,attr,ApplicationStrategyNetwork.sensor[10].app[0],echoedPk:count,recordingmode,count,,,,,,,
RR_T10-4-20260914-20:19:24-1095,attr,ApplicationStrategyNetwork.sensor[10].app[0],echoedPk:count,source,packetSent,,,,,,,
RR_T10-4-20260914-20:19:24-1095,attr,ApplicationStrategyNetwork.sensor[10].app[0],echoedPk:count,title,"packets echoed, count",,,,,,,
RR_T10-4-20260914-20:19:24-1095,scalar,ApplicationStrategyNetwork.sensor[11].app[0],echoedPk:count,,,60,,,,,,
RR_T10-4-20260914-20:19:24-1095,attr,ApplicationStrategyNetwork.sensor[11].app[0],echoedPk:count,interpolationmode,none,,,,,,,
RR_T10-4-20260914-20:19:24-1095,attr,ApplicationStrategyNetwork.sensor[11].app[0],echoedPk:count,recordingmode,count,,,,,,,
RR_T10-4-20260914-20:19:24-1095,attr,ApplicationStrategyNetwork.sensor[11].app[0],echoedPk:count,source,packetSent,,,,,,,
RR_T10-4-20260914-20:19:24-1095,attr,ApplicationStrategyNetwork.sensor[11].app[0],echoedPk:count,title,"packets echoed, count",,,,,,,
RR_T10-4-20260914-20:19:24-1095,scalar,ApplicationStrategyNetwork.monitoringServer.app[0],packetReceived:count,,,60,,,,,,
RR_T10-4-20260914-20:19:24-1095,attr,ApplicationStrategyNetwork.monitoringServer.app[0],packetReceived:count,interpolationmode,none,,,,,,,
RR_T10-4-20260914-20:19:24-1095,attr,ApplicationStrategyNetwork.monitoringServer.app[0],packetReceived:count,recordingmode,count,,,,,,,
RR_T10-4-20260914-20:19:24-1095,attr,ApplicationStrategyNetwork.monitoringServer.app[0],packetReceived:count,source,packetReceived,,,,,,,
RR_T10-4-20260914-20:19:24-1095,attr,ApplicationStrategyNetwork.monitoringServer.app[0],packetReceived:count,title,"packets received, count",,,,,,,
RR_T10-4-20260914-20:19:24-1095,scalar,ApplicationStrategyNetwork.monitoringServer.app[0],packetSent:count,,,60,,,,,,
RR_T10-4-20260914-20:19:24-1095,attr,ApplicationStrategyNetwork.monitoringServer.app[0],packetSent:count,interpolationmode,none,,,,,,,
RR_T10-4-20260914-20:19:24-1095,attr,ApplicationStrategyNetwork.monitoringServer.app[0],packetSent:count,recordingmode,count,,,,,,,
RR_T10-4-20260914-20:19:24-1095,attr,ApplicationStrategyNetwork.monitoringServer.app[0],packetSent:count,source,packetSent,,,,,,,
RR_T10-4-20260914-20:19:24-1095,attr,ApplicationStrategyNetwork.monitoringServer.app[0],packetSent:count,title,"packets sent, count",,,,,,,
RR_T10-4-20260914-20:19:24-1095,scalar,ApplicationStrategyNetwork.monitoringServer.app[1],packetReceived:count,,,60,,,,,,
RR_T10-4-20260914-20:19:24-1095,attr,ApplicationStrategyNetwork.monitoringServer.app[1],packetReceived:count,interpolationmode,none,,,,,,,
RR_T10-4-20260914-20:19:24-1095,attr,ApplicationStrategyNetwork.monitoringServer.app[1],packetReceived:count,recordingmode,count,,,,,,,
RR_T10-4-20260914-20:19:24-1095,attr,ApplicationStrategyNetwork.monitoringServer.app[1],packetReceived:count,source,packetReceived,,,,,,,
RR_T10-4-20260914-20:19:24-1095,attr,ApplicationStrategyNetwork.monitoringServer.app[1],packetReceived:count,title,"packets received, count",,,,,,,
RR_T10-4-20260914-20:19:24-1095,scalar,ApplicationStrategyNetwork.monitoringServer.app[1],packetSent:count,,,60,,,,,,
RR_T10-4-20260914-20:19:24-1095,attr,ApplicationStrategyNetwork.monitoringServer.app[1],packetSent:count,interpolationmode,none,,,,,,,
RR_T10-4-20260914-20:19:24-1095,attr,ApplicationStrategyNetwork.monitoringServer.app[1],packetSent:count,recordingmode,count,,,,,,,
RR_T10-4-20260914-20:19:24-1095,attr,ApplicationStrategyNetwork.monitoringServer.app[1],packetSent:count,source,packetSent,,,,,,,
RR_T10-4-20260914-20:19:24-1095,attr,ApplicationStrategyNetwork.monitoringServer.app[1],packetSent:count,title,"packets sent, count",,,,,,,
RR_T10-4-20260914-20:19:24-1095,scalar,ApplicationStrategyNetwork.monitoringServer.app[2],packetReceived:count,,,60,,,,,,
RR_T10-4-20260914-20:19:24-1095,attr,ApplicationStrategyNetwork.monitoringServer.app[2],packetReceived:count,interpolationmode,none,,,,,,,
RR_T10-4-20260914-20:19:24-1095,attr,ApplicationStrategyNetwork.monitoringServer.app[2],packetReceived:count,recordingmode,count,,,,,,,
RR_T10-4-20260914-20:19:24-1095,attr,ApplicationStrategyNetwork.monitoringServer.app[2],packetReceived:count,source,packetReceived,,,,,,,
RR_T10-4-20260914-20:19:24-1095,attr,ApplicationStrategyNetwork.monitoringServer.app[2],packetReceived:count,title,"packets received, count",,,,,,,
RR_T10-4-20260914-20:19:24-1095,scalar,ApplicationStrategyNetwork.monitoringServer.app[2],packetSent:count,,,60,,,,,,
RR_T10-4-20260914-20:19:24-1095,attr,ApplicationStrategyNetwork.monitoringServer.app[2],packetSent:count,interpolationmode,none,,,,,,,
RR_T10-4-20260914-20:19:24-1095,attr,ApplicationStrategyNetwork.monitoringServer.app[2],packetSent:count,recordingmode,count,,,,,,,
RR_T10-4-20260914-20:19:24-1095,attr,ApplicationStrategyNetwork.monitoringServer.app[2],packetSent:count,source,packetSent,,,,,,,
RR_T10-4-20260914-20:19:24-1095,attr,ApplicationStrategyNetwork.monitoringServer.app[2],packetSent:count,title,"packets sent, count",,,,,,,
RR_T10-4-20260914-20:19:24-1095,scalar,ApplicationStrategyNetwork.monitoringServer.app[3],packetReceived:count,,,60,,,,,,
RR_T10-4-20260914-20:19:24-1095,attr,ApplicationStrategyNetwork.monitoringServer.app[3],packetReceived:count,interpolationmode,none,,,,,,,
RR_T10-4-20260914-20:19:24-1095,attr,ApplicationStrategyNetwork.monitoringServer.app[3],packetReceived:count,recordingmode,count,,,,,,,
RR_T10-4-20260914-20:19:24-1095,attr,ApplicationStrategyNetwork.monitoringServer.app[3],packetReceived:count,source,packetReceived,,,,,,,
RR_T10-4-20260914-20:19:24-1095,attr,ApplicationStrategyNetwork.monitoringServer.app[3],packetReceived:count,title,"packets received, count",,,,,,,
RR_T10-4-20260914-20:19:24-1095,scalar,ApplicationStrategyNetwork.monitoringServer.app[3],packetSent:count,,,60,,,,,,
RR_T10-4-20260914-20:19:24-1095,attr,ApplicationStrategyNetwork.monitoringServer.app[3],packetSent:count,interpolationmode,none,,,,,,,
RR_T10-4-20260914-20:19:24-1095,attr,ApplicationStrategyNetwork.monitoringServer.app[3],packetSent:count,recordingmode,count,,,,,,,
RR_T10-4-20260914-20:19:24-1095,attr,ApplicationStrategyNetwork.monitoringServer.app[3],packetSent:count,source,packetSent,,,,,,,
RR_T10-4-20260914-20:19:24-1095,attr,ApplicationStrategyNetwork.monitoringServer.app[3],packetSent:count,title,"packets sent, count",,,,,,,
RR_T10-4-20260914-20:19:24-1095,scalar,ApplicationStrategyNetwork.monitoringServer.app[4],packetReceived:count,,,60,,,,,,
RR_T10-4-20260914-20:19:24-1095,attr,ApplicationStrategyNetwork.monitoringServer.app[4],packetReceived:count,interpolationmode,none,,,,,,,
RR_T10-4-20260914-20:19:24-1095,attr,ApplicationStrategyNetwork.monitoringServer.app[4],packetReceived:count,recordingmode,count,,,,,,,
RR_T10-4-20260914-20:19:24-1095,attr,ApplicationStrategyNetwork.monitoringServer.app[4],packetReceived:count,source,packetReceived,,,,,,,
RR_T10-4-20260914-20:19:24-1095,attr,ApplicationStrategyNetwork.monitoringServer.app[4],packetReceived:count,title,"packets received, count",,,,,,,
RR_T10-4-20260914-20:19:24-1095,scalar,ApplicationStrategyNetwork.monitoringServer.app[4],packetSent:count,,,60,,,,,,
RR_T10-4-20260914-20:19:24-1095,attr,ApplicationStrategyNetwork.monitoringServer.app[4],packetSent:count,interpolationmode,none,,,,,,,
RR_T10-4-20260914-20:19:24-1095,attr,ApplicationStrategyNetwork.monitoringServer.app[4],packetSent:count,recordingmode,count,,,,,,,
RR_T10-4-20260914-20:19:24-1095,attr,ApplicationStrategyNetwork.monitoringServer.app[4],packetSent:count,source,packetSent,,,,,,,
RR_T10-4-20260914-20:19:24-1095,attr,ApplicationStrategyNetwork.monitoringServer.app[4],packetSent:count,title,"packets sent, count",,,,,,,
RR_T10-4-20260914-20:19:24-1095,scalar,ApplicationStrategyNetwork.monitoringServer.app[5],packetReceived:count,,,60,,,,,,
RR_T10-4-20260914-20:19:24-1095,attr,ApplicationStrategyNetwork.monitoringServer.app[5],packetReceived:count,interpolationmode,none,,,,,,,
RR_T10-4-20260914-20:19:24-1095,attr,ApplicationStrategyNetwork.monitoringServer.app[5],packetReceived:count,recordingmode,count,,,,,,,
RR_T10-4-20260914-20:19:24-1095,attr,ApplicationStrategyNetwork.monitoringServer.app[5],packetReceived:count,source,packetReceived,,,,,,,
RR_T10-4-20260914-20:19:24-1095,attr,ApplicationStrategyNetwork.monitoringServer.app[5],packetReceived:count,title,"packets received, count",,,,,,,
RR_T10-4-20260914-20:19:24-1095,scalar,ApplicationStrategyNetwork.monitoringServer.app[5],packetSent:count,,,60,,,,,,
RR_T10-4-20260914-20:19:24-1095,attr,ApplicationStrategyNetwork.monitoringServer.app[5],packetSent:count,interpolationmode,none,,,,,,,
RR_T10-4-20260914-20:19:24-1095,attr,ApplicationStrategyNetwork.monitoringServer.app[5],packetSent:count,recordingmode,count,,,,,,,
RR_T10-4-20260914-20:19:24-1095,attr,ApplicationStrategyNetwork.monitoringServer.app[5],packetSent:count,source,packetSent,,,,,,,
RR_T10-4-20260914-20:19:24-1095,attr,ApplicationStrategyNetwork.monitoringServer.app[5],packetSent:count,title,"packets sent, count",,,,,,,
RR_T10-4-20260914-20:19:24-1095,scalar,ApplicationStrategyNetwork.monitoringServer.app[6],packetReceived:count,,,60,,,,,,
RR_T10-4-20260914-20:19:24-1095,attr,ApplicationStrategyNetwork.monitoringServer.app[6],packetReceived:count,interpolationmode,none,,,,,,,
RR_T10-4-20260914-20:19:24-1095,attr,ApplicationStrategyNetwork.monitoringServer.app[6],packetReceived:count,recordingmode,count,,,,,,,
RR_T10-4-20260914-20:19:24-1095,attr,ApplicationStrategyNetwork.monitoringServer.app[6],packetReceived:count,source,packetReceived,,,,,,,
RR_T10-4-20260914-20:19:24-1095,attr,ApplicationStrategyNetwork.monitoringServer.app[6],packetReceived:count,title,"packets received, count",,,,,,,
RR_T10-4-20260914-20:19:24-1095,scalar,ApplicationStrategyNetwork.monitoringServer.app[6],packetSent:count,,,60,,,,,,
RR_T10-4-20260914-20:19:24-1095,attr,ApplicationStrategyNetwork.monitoringServer.app[6],packetSent:count,interpolationmode,none,,,,,,,
RR_T10-4-20260914-20:19:24-1095,attr,ApplicationStrategyNetwork.monitoringServer.app[6],packetSent:count,recordingmode,count,,,,,,,
RR_T10-4-20260914-20:19:24-1095,attr,ApplicationStrategyNetwork.monitoringServer.app[6],packetSent:count,source,packetSent,,,,,,,
RR_T10-4-20260914-20:19:24-1095,attr,ApplicationStrategyNetwork.monitoringServer.app[6],packetSent:count,title,"packets sent, count",,,,,,,
RR_T10-4-20260914-20:19:24-1095,scalar,ApplicationStrategyNetwork.monitoringServer.app[7],packetReceived:count,,,60,,,,,,
RR_T10-4-20260914-20:19:24-1095,attr,ApplicationStrategyNetwork.monitoringServer.app[7],packetReceived:count,interpolationmode,none,,,,,,,
RR_T10-4-20260914-20:19:24-1095,attr,ApplicationStrategyNetwork.monitoringServer.app[7],packetReceived:count,recordingmode,count,,,,,,,
RR_T10-4-20260914-20:19:24-1095,attr,ApplicationStrategyNetwork.monitoringServer.app[7],packetReceived:count,source,packetReceived,,,,,,,
RR_T10-4-20260914-20:19:24-1095,attr,ApplicationStrategyNetwork.monitoringServer.app[7],packetReceived:count,title,"packets received, count",,,,,,,
RR_T10-4-20260914-20:19:24-1095,scalar,ApplicationStrategyNetwork.monitoringServer.app[7],packetSent:count,,,60,,,,,,
RR_T10-4-20260914-20:19:24-1095,attr,ApplicationStrategyNetwork.monitoringServer.app[7],packetSent:count,interpolationmode,none,,,,,,,
RR_T10-4-20260914-20:19:24-1095,attr,ApplicationStrategyNetwork.monitoringServer.app[7],packetSent:count,recordingmode,count,,,,,,,
RR_T10-4-20260914-20:19:24-1095,attr,ApplicationStrategyNetwork.monitoringServer.app[7],packetSent:count,source,packetSent,,,,,,,
RR_T10-4-20260914-20:19:24-1095,attr,ApplicationStrategyNetwork.monitoringServer.app[7],packetSent:count,title,"packets sent, count",,,,,,,
RR_T10-4-20260914-20:19:24-1095,scalar,ApplicationStrategyNetwork.monitoringServer.app[8],packetReceived:count,,,60,,,,,,
RR_T10-4-20260914-20:19:24-1095,attr,ApplicationStrategyNetwork.monitoringServer.app[8],packetReceived:count,interpolationmode,none,,,,,,,
RR_T10-4-20260914-20:19:24-1095,attr,ApplicationStrategyNetwork.monitoringServer.app[8],packetReceived:count,recordingmode,count,,,,,,,
RR_T10-4-20260914-20:19:24-1095,attr,ApplicationStrategyNetwork.monitoringServer.app[8],packetReceived:count,source,packetReceived,,,,,,,
RR_T10-4-20260914-20:19:24-1095,attr,ApplicationStrategyNetwork.monitoringServer.app[8],packetReceived:count,title,"packets received, count",,,,,,,
RR_T10-4-20260914-20:19:24-1095,scalar,ApplicationStrategyNetwork.monitoringServer.app[8],packetSent:count,,,60,,,,,,
RR_T10-4-20260914-20:19:24-1095,attr,ApplicationStrategyNetwork.monitoringServer.app[8],packetSent:count,interpolationmode,none,,,,,,,
RR_T10-4-20260914-20:19:24-1095,attr,ApplicationStrategyNetwork.monitoringServer.app[8],packetSent:count,recordingmode,count,,,,,,,
RR_T10-4-20260914-20:19:24-1095,attr,ApplicationStrategyNetwork.monitoringServer.app[8],packetSent:count,source,packetSent,,,,,,,
RR_T10-4-20260914-20:19:24-1095,attr,ApplicationStrategyNetwork.monitoringServer.app[8],packetSent:count,title,"packets sent, count",,,,,,,
RR_T10-4-20260914-20:19:24-1095,scalar,ApplicationStrategyNetwork.monitoringServer.app[9],packetReceived:count,,,60,,,,,,
RR_T10-4-20260914-20:19:24-1095,attr,ApplicationStrategyNetwork.monitoringServer.app[9],packetReceived:count,interpolationmode,none,,,,,,,
RR_T10-4-20260914-20:19:24-1095,attr,ApplicationStrategyNetwork.monitoringServer.app[9],packetReceived:count,recordingmode,count,,,,,,,
RR_T10-4-20260914-20:19:24-1095,attr,ApplicationStrategyNetwork.monitoringServer.app[9],packetReceived:count,source,packetReceived,,,,,,,
RR_T10-4-20260914-20:19:24-1095,attr,ApplicationStrategyNetwork.monitoringServer.app[9],packetReceived:count,title,"packets received, count",,,,,,,
RR_T10-4-20260914-20:19:24-1095,scalar,ApplicationStrategyNetwork.monitoringServer.app[9],packetSent:count,,,60,,,,,,
RR_T10-4-20260914-20:19:24-1095,attr,ApplicationStrategyNetwork.monitoringServer.app[9],packetSent:count,interpolationmode,none,,,,,,,
RR_T10-4-20260914-20:19:24-1095,attr,ApplicationStrategyNetwork.monitoringServer.app[9],packetSent:count,recordingmode,count,,,,,,,
RR_T10-4-20260914-20:19:24-1095,attr,ApplicationStrategyNetwork.monitoringServer.app[9],packetSent:count,source,packetSent,,,,,,,
RR_T10-4-20260914-20:19:24-1095,attr,ApplicationStrategyNetwork.monitoringServer.app[9],packetSent:count,title,"packets sent, count",,,,,,,
RR_T10-4-20260914-20:19:24-1095,scalar,ApplicationStrategyNetwork.monitoringServer.app[10],packetReceived:count,,,60,,,,,,
RR_T10-4-20260914-20:19:24-1095,attr,ApplicationStrategyNetwork.monitoringServer.app[10],packetReceived:count,interpolationmode,none,,,,,,,
RR_T10-4-20260914-20:19:24-1095,attr,ApplicationStrategyNetwork.monitoringServer.app[10],packetReceived:count,recordingmode,count,,,,,,,
RR_T10-4-20260914-20:19:24-1095,attr,ApplicationStrategyNetwork.monitoringServer.app[10],packetReceived:count,source,packetReceived,,,,,,,
RR_T10-4-20260914-20:19:24-1095,attr,ApplicationStrategyNetwork.monitoringServer.app[10],packetReceived:count,title,"packets received, count",,,,,,,
RR_T10-4-20260914-20:19:24-1095,scalar,ApplicationStrategyNetwork.monitoringServer.app[10],packetSent:count,,,60,,,,,,
RR_T10-4-20260914-20:19:24-1095,attr,ApplicationStrategyNetwork.monitoringServer.app[10],packetSent:count,interpolationmode,none,,,,,,,
RR_T10-4-20260914-20:19:24-1095,attr,ApplicationStrategyNetwork.monitoringServer.app[10],packetSent:count,recordingmode,count,,,,,,,
RR_T10-4-20260914-20:19:24-1095,attr,ApplicationStrategyNetwork.monitoringServer.app[10],packetSent:count,source,packetSent,,,,,,,
RR_T10-4-20260914-20:19:24-1095,attr,ApplicationStrategyNetwork.monitoringServer.app[10],packetSent:count,title,"packets sent, count",,,,,,,
RR_T10-4-20260914-20:19:24-1095,scalar,ApplicationStrategyNetwork.monitoringServer.app[11],packetReceived:count,,,60,,,,,,
RR_T10-4-20260914-20:19:24-1095,attr,ApplicationStrategyNetwork.monitoringServer.app[11],packetReceived:count,interpolationmode,none,,,,,,,
RR_T10-4-20260914-20:19:24-1095,attr,ApplicationStrategyNetwork.monitoringServer.app[11],packetReceived:count,recordingmode,count,,,,,,,
RR_T10-4-20260914-20:19:24-1095,attr,ApplicationStrategyNetwork.monitoringServer.app[11],packetReceived:count,source,packetReceived,,,,,,,
RR_T10-4-20260914-20:19:24-1095,attr,ApplicationStrategyNetwork.monitoringServer.app[11],packetReceived:count,title,"packets received, count",,,,,,,
RR_T10-4-20260914-20:19:24-1095,scalar,ApplicationStrategyNetwork.monitoringServer.app[11],packetSent:count,,,60,,,,,,
RR_T10-4-20260914-20:19:24-1095,attr,ApplicationStrategyNetwork.monitoringServer.app[11],packetSent:count,interpolationmode,none,,,,,,,
RR_T10-4-20260914-20:19:24-1095,attr,ApplicationStrategyNetwork.monitoringServer.app[11],packetSent:count,recordingmode,count,,,,,,,
RR_T10-4-20260914-20:19:24-1095,attr,ApplicationStrategyNetwork.monitoringServer.app[11],packetSent:count,source,packetSent,,,,,,,
RR_T10-4-20260914-20:19:24-1095,attr,ApplicationStrategyNetwork.monitoringServer.app[11],packetSent:count,title,"packets sent, count",,,,,,,
RR_T30-0-20260914-20:19:43-1189,scalar,ApplicationStrategyNetwork.sensor[0].app[0],echoedPk:count,,,20,,,,,,
RR_T30-0-20260914-20:19:43-1189,attr,ApplicationStrategyNetwork.sensor[0].app[0],echoedPk:count,interpolationmode,none,,,,,,,
RR_T30-0-20260914-20:19:43-1189,attr,ApplicationStrategyNetwork.sensor[0].app[0],echoedPk:count,recordingmode,count,,,,,,,
RR_T30-0-20260914-20:19:43-1189,attr,ApplicationStrategyNetwork.sensor[0].app[0],echoedPk:count,source,packetSent,,,,,,,
RR_T30-0-20260914-20:19:43-1189,attr,ApplicationStrategyNetwork.sensor[0].app[0],echoedPk:count,title,"packets echoed, count",,,,,,,
RR_T30-0-20260914-20:19:43-1189,scalar,ApplicationStrategyNetwork.sensor[1].app[0],echoedPk:count,,,20,,,,,,
RR_T30-0-20260914-20:19:43-1189,attr,ApplicationStrategyNetwork.sensor[1].app[0],echoedPk:count,interpolationmode,none,,,,,,,
RR_T30-0-20260914-20:19:43-1189,attr,ApplicationStrategyNetwork.sensor[1].app[0],echoedPk:count,recordingmode,count,,,,,,,
RR_T30-0-20260914-20:19:43-1189,attr,ApplicationStrategyNetwork.sensor[1].app[0],echoedPk:count,source,packetSent,,,,,,,
RR_T30-0-20260914-20:19:43-1189,attr,ApplicationStrategyNetwork.sensor[1].app[0],echoedPk:count,title,"packets echoed, count",,,,,,,
RR_T30-0-20260914-20:19:43-1189,scalar,ApplicationStrategyNetwork.sensor[2].app[0],echoedPk:count,,,20,,,,,,
RR_T30-0-20260914-20:19:43-1189,attr,ApplicationStrategyNetwork.sensor[2].app[0],echoedPk:count,interpolationmode,none,,,,,,,
RR_T30-0-20260914-20:19:43-1189,attr,ApplicationStrategyNetwork.sensor[2].app[0],echoedPk:count,recordingmode,count,,,,,,,
RR_T30-0-20260914-20:19:43-1189,attr,ApplicationStrategyNetwork.sensor[2].app[0],echoedPk:count,source,packetSent,,,,,,,
RR_T30-0-20260914-20:19:43-1189,attr,ApplicationStrategyNetwork.sensor[2].app[0],echoedPk:count,title,"packets echoed, count",,,,,,,
RR_T30-0-20260914-20:19:43-1189,scalar,ApplicationStrategyNetwork.sensor[3].app[0],echoedPk:count,,,20,,,,,,
RR_T30-0-20260914-20:19:43-1189,attr,ApplicationStrategyNetwork.sensor[3].app[0],echoedPk:count,interpolationmode,none,,,,,,,
RR_T30-0-20260914-20:19:43-1189,attr,ApplicationStrategyNetwork.sensor[3].app[0],echoedPk:count,recordingmode,count,,,,,,,
RR_T30-0-20260914-20:19:43-1189,attr,ApplicationStrategyNetwork.sensor[3].app[0],echoedPk:count,source,packetSent,,,,,,,
RR_T30-0-20260914-20:19:43-1189,attr,ApplicationStrategyNetwork.sensor[3].app[0],echoedPk:count,title,"packets echoed, count",,,,,,,
RR_T30-0-20260914-20:19:43-1189,scalar,ApplicationStrategyNetwork.sensor[4].app[0],echoedPk:count,,,20,,,,,,
RR_T30-0-20260914-20:19:43-1189,attr,ApplicationStrategyNetwork.sensor[4].app[0],echoedPk:count,interpolationmode,none,,,,,,,
RR_T30-0-20260914-20:19:43-1189,attr,ApplicationStrategyNetwork.sensor[4].app[0],echoedPk:count,recordingmode,count,,,,,,,
RR_T30-0-20260914-20:19:43-1189,attr,ApplicationStrategyNetwork.sensor[4].app[0],echoedPk:count,source,packetSent,,,,,,,
RR_T30-0-20260914-20:19:43-1189,attr,ApplicationStrategyNetwork.sensor[4].app[0],echoedPk:count,title,"packets echoed, count",,,,,,,
RR_T30-0-20260914-20:19:43-1189,scalar,ApplicationStrategyNetwork.sensor[5].app[0],echoedPk:count,,,20,,,,,,
RR_T30-0-20260914-20:19:43-1189,attr,ApplicationStrategyNetwork.sensor[5].app[0],echoedPk:count,interpolationmode,none,,,,,,,
RR_T30-0-20260914-20:19:43-1189,attr,ApplicationStrategyNetwork.sensor[5].app[0],echoedPk:count,recordingmode,count,,,,,,,
RR_T30-0-20260914-20:19:43-1189,attr,ApplicationStrategyNetwork.sensor[5].app[0],echoedPk:count,source,packetSent,,,,,,,
RR_T30-0-20260914-20:19:43-1189,attr,ApplicationStrategyNetwork.sensor[5].app[0],echoedPk:count,title,"packets echoed, count",,,,,,,
RR_T30-0-20260914-20:19:43-1189,scalar,ApplicationStrategyNetwork.sensor[6].app[0],echoedPk:count,,,20,,,,,,
RR_T30-0-20260914-20:19:43-1189,attr,ApplicationStrategyNetwork.sensor[6].app[0],echoedPk:count,interpolationmode,none,,,,,,,
RR_T30-0-20260914-20:19:43-1189,attr,ApplicationStrategyNetwork.sensor[6].app[0],echoedPk:count,recordingmode,count,,,,,,,
RR_T30-0-20260914-20:19:43-1189,attr,ApplicationStrategyNetwork.sensor[6].app[0],echoedPk:count,source,packetSent,,,,,,,
RR_T30-0-20260914-20:19:43-1189,attr,ApplicationStrategyNetwork.sensor[6].app[0],echoedPk:count,title,"packets echoed, count",,,,,,,
RR_T30-0-20260914-20:19:43-1189,scalar,ApplicationStrategyNetwork.sensor[7].app[0],echoedPk:count,,,20,,,,,,
RR_T30-0-20260914-20:19:43-1189,attr,ApplicationStrategyNetwork.sensor[7].app[0],echoedPk:count,interpolationmode,none,,,,,,,
RR_T30-0-20260914-20:19:43-1189,attr,ApplicationStrategyNetwork.sensor[7].app[0],echoedPk:count,recordingmode,count,,,,,,,
RR_T30-0-20260914-20:19:43-1189,attr,ApplicationStrategyNetwork.sensor[7].app[0],echoedPk:count,source,packetSent,,,,,,,
RR_T30-0-20260914-20:19:43-1189,attr,ApplicationStrategyNetwork.sensor[7].app[0],echoedPk:count,title,"packets echoed, count",,,,,,,
RR_T30-0-20260914-20:19:43-1189,scalar,ApplicationStrategyNetwork.sensor[8].app[0],echoedPk:count,,,20,,,,,,
RR_T30-0-20260914-20:19:43-1189,attr,ApplicationStrategyNetwork.sensor[8].app[0],echoedPk:count,interpolationmode,none,,,,,,,
RR_T30-0-20260914-20:19:43-1189,attr,ApplicationStrategyNetwork.sensor[8].app[0],echoedPk:count,recordingmode,count,,,,,,,
RR_T30-0-20260914-20:19:43-1189,attr,ApplicationStrategyNetwork.sensor[8].app[0],echoedPk:count,source,packetSent,,,,,,,
RR_T30-0-20260914-20:19:43-1189,attr,ApplicationStrategyNetwork.sensor[8].app[0],echoedPk:count,title,"packets echoed, count",,,,,,,
RR_T30-0-20260914-20:19:43-1189,scalar,ApplicationStrategyNetwork.sensor[9].app[0],echoedPk:count,,,20,,,,,,
RR_T30-0-20260914-20:19:43-1189,attr,ApplicationStrategyNetwork.sensor[9].app[0],echoedPk:count,interpolationmode,none,,,,,,,
RR_T30-0-20260914-20:19:43-1189,attr,ApplicationStrategyNetwork.sensor[9].app[0],echoedPk:count,recordingmode,count,,,,,,,
RR_T30-0-20260914-20:19:43-1189,attr,ApplicationStrategyNetwork.sensor[9].app[0],echoedPk:count,source,packetSent,,,,,,,
RR_T30-0-20260914-20:19:43-1189,attr,ApplicationStrategyNetwork.sensor[9].app[0],echoedPk:count,title,"packets echoed, count",,,,,,,
RR_T30-0-20260914-20:19:43-1189,scalar,ApplicationStrategyNetwork.sensor[10].app[0],echoedPk:count,,,20,,,,,,
RR_T30-0-20260914-20:19:43-1189,attr,ApplicationStrategyNetwork.sensor[10].app[0],echoedPk:count,interpolationmode,none,,,,,,,
RR_T30-0-20260914-20:19:43-1189,attr,ApplicationStrategyNetwork.sensor[10].app[0],echoedPk:count,recordingmode,count,,,,,,,
RR_T30-0-20260914-20:19:43-1189,attr,ApplicationStrategyNetwork.sensor[10].app[0],echoedPk:count,source,packetSent,,,,,,,
RR_T30-0-20260914-20:19:43-1189,attr,ApplicationStrategyNetwork.sensor[10].app[0],echoedPk:count,title,"packets echoed, count",,,,,,,
RR_T30-0-20260914-20:19:43-1189,scalar,ApplicationStrategyNetwork.sensor[11].app[0],echoedPk:count,,,20,,,,,,
RR_T30-0-20260914-20:19:43-1189,attr,ApplicationStrategyNetwork.sensor[11].app[0],echoedPk:count,interpolationmode,none,,,,,,,
RR_T30-0-20260914-20:19:43-1189,attr,ApplicationStrategyNetwork.sensor[11].app[0],echoedPk:count,recordingmode,count,,,,,,,
RR_T30-0-20260914-20:19:43-1189,attr,ApplicationStrategyNetwork.sensor[11].app[0],echoedPk:count,source,packetSent,,,,,,,
RR_T30-0-20260914-20:19:43-1189,attr,ApplicationStrategyNetwork.sensor[11].app[0],echoedPk:count,title,"packets echoed, count",,,,,,,
RR_T30-0-20260914-20:19:43-1189,scalar,ApplicationStrategyNetwork.monitoringServer.app[0],packetReceived:count,,,20,,,,,,
RR_T30-0-20260914-20:19:43-1189,attr,ApplicationStrategyNetwork.monitoringServer.app[0],packetReceived:count,interpolationmode,none,,,,,,,
RR_T30-0-20260914-20:19:43-1189,attr,ApplicationStrategyNetwork.monitoringServer.app[0],packetReceived:count,recordingmode,count,,,,,,,
RR_T30-0-20260914-20:19:43-1189,attr,ApplicationStrategyNetwork.monitoringServer.app[0],packetReceived:count,source,packetReceived,,,,,,,
RR_T30-0-20260914-20:19:43-1189,attr,ApplicationStrategyNetwork.monitoringServer.app[0],packetReceived:count,title,"packets received, count",,,,,,,
RR_T30-0-20260914-20:19:43-1189,scalar,ApplicationStrategyNetwork.monitoringServer.app[0],packetSent:count,,,20,,,,,,
RR_T30-0-20260914-20:19:43-1189,attr,ApplicationStrategyNetwork.monitoringServer.app[0],packetSent:count,interpolationmode,none,,,,,,,
RR_T30-0-20260914-20:19:43-1189,attr,ApplicationStrategyNetwork.monitoringServer.app[0],packetSent:count,recordingmode,count,,,,,,,
RR_T30-0-20260914-20:19:43-1189,attr,ApplicationStrategyNetwork.monitoringServer.app[0],packetSent:count,source,packetSent,,,,,,,
RR_T30-0-20260914-20:19:43-1189,attr,ApplicationStrategyNetwork.monitoringServer.app[0],packetSent:count,title,"packets sent, count",,,,,,,
RR_T30-0-20260914-20:19:43-1189,scalar,ApplicationStrategyNetwork.monitoringServer.app[1],packetReceived:count,,,20,,,,,,
RR_T30-0-20260914-20:19:43-1189,attr,ApplicationStrategyNetwork.monitoringServer.app[1],packetReceived:count,interpolationmode,none,,,,,,,
RR_T30-0-20260914-20:19:43-1189,attr,ApplicationStrategyNetwork.monitoringServer.app[1],packetReceived:count,recordingmode,count,,,,,,,
RR_T30-0-20260914-20:19:43-1189,attr,ApplicationStrategyNetwork.monitoringServer.app[1],packetReceived:count,source,packetReceived,,,,,,,
RR_T30-0-20260914-20:19:43-1189,attr,ApplicationStrategyNetwork.monitoringServer.app[1],packetReceived:count,title,"packets received, count",,,,,,,
RR_T30-0-20260914-20:19:43-1189,scalar,ApplicationStrategyNetwork.monitoringServer.app[1],packetSent:count,,,20,,,,,,
RR_T30-0-20260914-20:19:43-1189,attr,ApplicationStrategyNetwork.monitoringServer.app[1],packetSent:count,interpolationmode,none,,,,,,,
RR_T30-0-20260914-20:19:43-1189,attr,ApplicationStrategyNetwork.monitoringServer.app[1],packetSent:count,recordingmode,count,,,,,,,
RR_T30-0-20260914-20:19:43-1189,attr,ApplicationStrategyNetwork.monitoringServer.app[1],packetSent:count,source,packetSent,,,,,,,
RR_T30-0-20260914-20:19:43-1189,attr,ApplicationStrategyNetwork.monitoringServer.app[1],packetSent:count,title,"packets sent, count",,,,,,,
RR_T30-0-20260914-20:19:43-1189,scalar,ApplicationStrategyNetwork.monitoringServer.app[2],packetReceived:count,,,20,,,,,,
RR_T30-0-20260914-20:19:43-1189,attr,ApplicationStrategyNetwork.monitoringServer.app[2],packetReceived:count,interpolationmode,none,,,,,,,
RR_T30-0-20260914-20:19:43-1189,attr,ApplicationStrategyNetwork.monitoringServer.app[2],packetReceived:count,recordingmode,count,,,,,,,
RR_T30-0-20260914-20:19:43-1189,attr,ApplicationStrategyNetwork.monitoringServer.app[2],packetReceived:count,source,packetReceived,,,,,,,
RR_T30-0-20260914-20:19:43-1189,attr,ApplicationStrategyNetwork.monitoringServer.app[2],packetReceived:count,title,"packets received, count",,,,,,,
RR_T30-0-20260914-20:19:43-1189,scalar,ApplicationStrategyNetwork.monitoringServer.app[2],packetSent:count,,,20,,,,,,
RR_T30-0-20260914-20:19:43-1189,attr,ApplicationStrategyNetwork.monitoringServer.app[2],packetSent:count,interpolationmode,none,,,,,,,
RR_T30-0-20260914-20:19:43-1189,attr,ApplicationStrategyNetwork.monitoringServer.app[2],packetSent:count,recordingmode,count,,,,,,,
RR_T30-0-20260914-20:19:43-1189,attr,ApplicationStrategyNetwork.monitoringServer.app[2],packetSent:count,source,packetSent,,,,,,,
RR_T30-0-20260914-20:19:43-1189,attr,ApplicationStrategyNetwork.monitoringServer.app[2],packetSent:count,title,"packets sent, count",,,,,,,
RR_T30-0-20260914-20:19:43-1189,scalar,ApplicationStrategyNetwork.monitoringServer.app[3],packetReceived:count,,,20,,,,,,
RR_T30-0-20260914-20:19:43-1189,attr,ApplicationStrategyNetwork.monitoringServer.app[3],packetReceived:count,interpolationmode,none,,,,,,,
RR_T30-0-20260914-20:19:43-1189,attr,ApplicationStrategyNetwork.monitoringServer.app[3],packetReceived:count,recordingmode,count,,,,,,,
RR_T30-0-20260914-20:19:43-1189,attr,ApplicationStrategyNetwork.monitoringServer.app[3],packetReceived:count,source,packetReceived,,,,,,,
RR_T30-0-20260914-20:19:43-1189,attr,ApplicationStrategyNetwork.monitoringServer.app[3],packetReceived:count,title,"packets received, count",,,,,,,
RR_T30-0-20260914-20:19:43-1189,scalar,ApplicationStrategyNetwork.monitoringServer.app[3],packetSent:count,,,20,,,,,,
RR_T30-0-20260914-20:19:43-1189,attr,ApplicationStrategyNetwork.monitoringServer.app[3],packetSent:count,interpolationmode,none,,,,,,,
RR_T30-0-20260914-20:19:43-1189,attr,ApplicationStrategyNetwork.monitoringServer.app[3],packetSent:count,recordingmode,count,,,,,,,
RR_T30-0-20260914-20:19:43-1189,attr,ApplicationStrategyNetwork.monitoringServer.app[3],packetSent:count,source,packetSent,,,,,,,
RR_T30-0-20260914-20:19:43-1189,attr,ApplicationStrategyNetwork.monitoringServer.app[3],packetSent:count,title,"packets sent, count",,,,,,,
RR_T30-0-20260914-20:19:43-1189,scalar,ApplicationStrategyNetwork.monitoringServer.app[4],packetReceived:count,,,20,,,,,,
RR_T30-0-20260914-20:19:43-1189,attr,ApplicationStrategyNetwork.monitoringServer.app[4],packetReceived:count,interpolationmode,none,,,,,,,
RR_T30-0-20260914-20:19:43-1189,attr,ApplicationStrategyNetwork.monitoringServer.app[4],packetReceived:count,recordingmode,count,,,,,,,
RR_T30-0-20260914-20:19:43-1189,attr,ApplicationStrategyNetwork.monitoringServer.app[4],packetReceived:count,source,packetReceived,,,,,,,
RR_T30-0-20260914-20:19:43-1189,attr,ApplicationStrategyNetwork.monitoringServer.app[4],packetReceived:count,title,"packets received, count",,,,,,,
RR_T30-0-20260914-20:19:43-1189,scalar,ApplicationStrategyNetwork.monitoringServer.app[4],packetSent:count,,,20,,,,,,
RR_T30-0-20260914-20:19:43-1189,attr,ApplicationStrategyNetwork.monitoringServer.app[4],packetSent:count,interpolationmode,none,,,,,,,
RR_T30-0-20260914-20:19:43-1189,attr,ApplicationStrategyNetwork.monitoringServer.app[4],packetSent:count,recordingmode,count,,,,,,,
RR_T30-0-20260914-20:19:43-1189,attr,ApplicationStrategyNetwork.monitoringServer.app[4],packetSent:count,source,packetSent,,,,,,,
RR_T30-0-20260914-20:19:43-1189,attr,ApplicationStrategyNetwork.monitoringServer.app[4],packetSent:count,title,"packets sent, count",,,,,,,
RR_T30-0-20260914-20:19:43-1189,scalar,ApplicationStrategyNetwork.monitoringServer.app[5],packetReceived:count,,,20,,,,,,
RR_T30-0-20260914-20:19:43-1189,attr,ApplicationStrategyNetwork.monitoringServer.app[5],packetReceived:count,interpolationmode,none,,,,,,,
RR_T30-0-20260914-20:19:43-1189,attr,ApplicationStrategyNetwork.monitoringServer.app[5],packetReceived:count,recordingmode,count,,,,,,,
RR_T30-0-20260914-20:19:43-1189,attr,ApplicationStrategyNetwork.monitoringServer.app[5],packetReceived:count,source,packetReceived,,,,,,,
RR_T30-0-20260914-20:19:43-1189,attr,ApplicationStrategyNetwork.monitoringServer.app[5],packetReceived:count,title,"packets received, count",,,,,,,
RR_T30-0-20260914-20:19:43-1189,scalar,ApplicationStrategyNetwork.monitoringServer.app[5],packetSent:count,,,20,,,,,,
RR_T30-0-20260914-20:19:43-1189,attr,ApplicationStrategyNetwork.monitoringServer.app[5],packetSent:count,interpolationmode,none,,,,,,,
RR_T30-0-20260914-20:19:43-1189,attr,ApplicationStrategyNetwork.monitoringServer.app[5],packetSent:count,recordingmode,count,,,,,,,
RR_T30-0-20260914-20:19:43-1189,attr,ApplicationStrategyNetwork.monitoringServer.app[5],packetSent:count,source,packetSent,,,,,,,
RR_T30-0-20260914-20:19:43-1189,attr,ApplicationStrategyNetwork.monitoringServer.app[5],packetSent:count,title,"packets sent, count",,,,,,,
RR_T30-0-20260914-20:19:43-1189,scalar,ApplicationStrategyNetwork.monitoringServer.app[6],packetReceived:count,,,20,,,,,,
RR_T30-0-20260914-20:19:43-1189,attr,ApplicationStrategyNetwork.monitoringServer.app[6],packetReceived:count,interpolationmode,none,,,,,,,
RR_T30-0-20260914-20:19:43-1189,attr,ApplicationStrategyNetwork.monitoringServer.app[6],packetReceived:count,recordingmode,count,,,,,,,
RR_T30-0-20260914-20:19:43-1189,attr,ApplicationStrategyNetwork.monitoringServer.app[6],packetReceived:count,source,packetReceived,,,,,,,
RR_T30-0-20260914-20:19:43-1189,attr,ApplicationStrategyNetwork.monitoringServer.app[6],packetReceived:count,title,"packets received, count",,,,,,,
RR_T30-0-20260914-20:19:43-1189,scalar,ApplicationStrategyNetwork.monitoringServer.app[6],packetSent:count,,,20,,,,,,
RR_T30-0-20260914-20:19:43-1189,attr,ApplicationStrategyNetwork.monitoringServer.app[6],packetSent:count,interpolationmode,none,,,,,,,
RR_T30-0-20260914-20:19:43-1189,attr,ApplicationStrategyNetwork.monitoringServer.app[6],packetSent:count,recordingmode,count,,,,,,,
RR_T30-0-20260914-20:19:43-1189,attr,ApplicationStrategyNetwork.monitoringServer.app[6],packetSent:count,source,packetSent,,,,,,,
RR_T30-0-20260914-20:19:43-1189,attr,ApplicationStrategyNetwork.monitoringServer.app[6],packetSent:count,title,"packets sent, count",,,,,,,
RR_T30-0-20260914-20:19:43-1189,scalar,ApplicationStrategyNetwork.monitoringServer.app[7],packetReceived:count,,,20,,,,,,
RR_T30-0-20260914-20:19:43-1189,attr,ApplicationStrategyNetwork.monitoringServer.app[7],packetReceived:count,interpolationmode,none,,,,,,,
RR_T30-0-20260914-20:19:43-1189,attr,ApplicationStrategyNetwork.monitoringServer.app[7],packetReceived:count,recordingmode,count,,,,,,,
RR_T30-0-20260914-20:19:43-1189,attr,ApplicationStrategyNetwork.monitoringServer.app[7],packetReceived:count,source,packetReceived,,,,,,,
RR_T30-0-20260914-20:19:43-1189,attr,ApplicationStrategyNetwork.monitoringServer.app[7],packetReceived:count,title,"packets received, count",,,,,,,
RR_T30-0-20260914-20:19:43-1189,scalar,ApplicationStrategyNetwork.monitoringServer.app[7],packetSent:count,,,20,,,,,,
RR_T30-0-20260914-20:19:43-1189,attr,ApplicationStrategyNetwork.monitoringServer.app[7],packetSent:count,interpolationmode,none,,,,,,,
RR_T30-0-20260914-20:19:43-1189,attr,ApplicationStrategyNetwork.monitoringServer.app[7],packetSent:count,recordingmode,count,,,,,,,
RR_T30-0-20260914-20:19:43-1189,attr,ApplicationStrategyNetwork.monitoringServer.app[7],packetSent:count,source,packetSent,,,,,,,
RR_T30-0-20260914-20:19:43-1189,attr,ApplicationStrategyNetwork.monitoringServer.app[7],packetSent:count,title,"packets sent, count",,,,,,,
RR_T30-0-20260914-20:19:43-1189,scalar,ApplicationStrategyNetwork.monitoringServer.app[8],packetReceived:count,,,20,,,,,,
RR_T30-0-20260914-20:19:43-1189,attr,ApplicationStrategyNetwork.monitoringServer.app[8],packetReceived:count,interpolationmode,none,,,,,,,
RR_T30-0-20260914-20:19:43-1189,attr,ApplicationStrategyNetwork.monitoringServer.app[8],packetReceived:count,recordingmode,count,,,,,,,
RR_T30-0-20260914-20:19:43-1189,attr,ApplicationStrategyNetwork.monitoringServer.app[8],packetReceived:count,source,packetReceived,,,,,,,
RR_T30-0-20260914-20:19:43-1189,attr,ApplicationStrategyNetwork.monitoringServer.app[8],packetReceived:count,title,"packets received, count",,,,,,,
RR_T30-0-20260914-20:19:43-1189,scalar,ApplicationStrategyNetwork.monitoringServer.app[8],packetSent:count,,,20,,,,,,
RR_T30-0-20260914-20:19:43-1189,attr,ApplicationStrategyNetwork.monitoringServer.app[8],packetSent:count,interpolationmode,none,,,,,,,
RR_T30-0-20260914-20:19:43-1189,attr,ApplicationStrategyNetwork.monitoringServer.app[8],packetSent:count,recordingmode,count,,,,,,,
RR_T30-0-20260914-20:19:43-1189,attr,ApplicationStrategyNetwork.monitoringServer.app[8],packetSent:count,source,packetSent,,,,,,,
RR_T30-0-20260914-20:19:43-1189,attr,ApplicationStrategyNetwork.monitoringServer.app[8],packetSent:count,title,"packets sent, count",,,,,,,
RR_T30-0-20260914-20:19:43-1189,scalar,ApplicationStrategyNetwork.monitoringServer.app[9],packetReceived:count,,,20,,,,,,
RR_T30-0-20260914-20:19:43-1189,attr,ApplicationStrategyNetwork.monitoringServer.app[9],packetReceived:count,interpolationmode,none,,,,,,,
RR_T30-0-20260914-20:19:43-1189,attr,ApplicationStrategyNetwork.monitoringServer.app[9],packetReceived:count,recordingmode,count,,,,,,,
RR_T30-0-20260914-20:19:43-1189,attr,ApplicationStrategyNetwork.monitoringServer.app[9],packetReceived:count,source,packetReceived,,,,,,,
RR_T30-0-20260914-20:19:43-1189,attr,ApplicationStrategyNetwork.monitoringServer.app[9],packetReceived:count,title,"packets received, count",,,,,,,
RR_T30-0-20260914-20:19:43-1189,scalar,ApplicationStrategyNetwork.monitoringServer.app[9],packetSent:count,,,20,,,,,,
RR_T30-0-20260914-20:19:43-1189,attr,ApplicationStrategyNetwork.monitoringServer.app[9],packetSent:count,interpolationmode,none,,,,,,,
RR_T30-0-20260914-20:19:43-1189,attr,ApplicationStrategyNetwork.monitoringServer.app[9],packetSent:count,recordingmode,count,,,,,,,
RR_T30-0-20260914-20:19:43-1189,attr,ApplicationStrategyNetwork.monitoringServer.app[9],packetSent:count,source,packetSent,,,,,,,
RR_T30-0-20260914-20:19:43-1189,attr,ApplicationStrategyNetwork.monitoringServer.app[9],packetSent:count,title,"packets sent, count",,,,,,,
RR_T30-0-20260914-20:19:43-1189,scalar,ApplicationStrategyNetwork.monitoringServer.app[10],packetReceived:count,,,20,,,,,,
RR_T30-0-20260914-20:19:43-1189,attr,ApplicationStrategyNetwork.monitoringServer.app[10],packetReceived:count,interpolationmode,none,,,,,,,
RR_T30-0-20260914-20:19:43-1189,attr,ApplicationStrategyNetwork.monitoringServer.app[10],packetReceived:count,recordingmode,count,,,,,,,
RR_T30-0-20260914-20:19:43-1189,attr,ApplicationStrategyNetwork.monitoringServer.app[10],packetReceived:count,source,packetReceived,,,,,,,
RR_T30-0-20260914-20:19:43-1189,attr,ApplicationStrategyNetwork.monitoringServer.app[10],packetReceived:count,title,"packets received, count",,,,,,,
RR_T30-0-20260914-20:19:43-1189,scalar,ApplicationStrategyNetwork.monitoringServer.app[10],packetSent:count,,,20,,,,,,
RR_T30-0-20260914-20:19:43-1189,attr,ApplicationStrategyNetwork.monitoringServer.app[10],packetSent:count,interpolationmode,none,,,,,,,
RR_T30-0-20260914-20:19:43-1189,attr,ApplicationStrategyNetwork.monitoringServer.app[10],packetSent:count,recordingmode,count,,,,,,,
RR_T30-0-20260914-20:19:43-1189,attr,ApplicationStrategyNetwork.monitoringServer.app[10],packetSent:count,source,packetSent,,,,,,,
RR_T30-0-20260914-20:19:43-1189,attr,ApplicationStrategyNetwork.monitoringServer.app[10],packetSent:count,title,"packets sent, count",,,,,,,
RR_T30-0-20260914-20:19:43-1189,scalar,ApplicationStrategyNetwork.monitoringServer.app[11],packetReceived:count,,,20,,,,,,
RR_T30-0-20260914-20:19:43-1189,attr,ApplicationStrategyNetwork.monitoringServer.app[11],packetReceived:count,interpolationmode,none,,,,,,,
RR_T30-0-20260914-20:19:43-1189,attr,ApplicationStrategyNetwork.monitoringServer.app[11],packetReceived:count,recordingmode,count,,,,,,,
RR_T30-0-20260914-20:19:43-1189,attr,ApplicationStrategyNetwork.monitoringServer.app[11],packetReceived:count,source,packetReceived,,,,,,,
RR_T30-0-20260914-20:19:43-1189,attr,ApplicationStrategyNetwork.monitoringServer.app[11],packetReceived:count,title,"packets received, count",,,,,,,
RR_T30-0-20260914-20:19:43-1189,scalar,ApplicationStrategyNetwork.monitoringServer.app[11],packetSent:count,,,20,,,,,,
RR_T30-0-20260914-20:19:43-1189,attr,ApplicationStrategyNetwork.monitoringServer.app[11],packetSent:count,interpolationmode,none,,,,,,,
RR_T30-0-20260914-20:19:43-1189,attr,ApplicationStrategyNetwork.monitoringServer.app[11],packetSent:count,recordingmode,count,,,,,,,
RR_T30-0-20260914-20:19:43-1189,attr,ApplicationStrategyNetwork.monitoringServer.app[11],packetSent:count,source,packetSent,,,,,,,
RR_T30-0-20260914-20:19:43-1189,attr,ApplicationStrategyNetwork.monitoringServer.app[11],packetSent:count,title,"packets sent, count",,,,,,,
RR_T30-1-20260914-20:19:45-1194,scalar,ApplicationStrategyNetwork.sensor[0].app[0],echoedPk:count,,,20,,,,,,
RR_T30-1-20260914-20:19:45-1194,attr,ApplicationStrategyNetwork.sensor[0].app[0],echoedPk:count,interpolationmode,none,,,,,,,
RR_T30-1-20260914-20:19:45-1194,attr,ApplicationStrategyNetwork.sensor[0].app[0],echoedPk:count,recordingmode,count,,,,,,,
RR_T30-1-20260914-20:19:45-1194,attr,ApplicationStrategyNetwork.sensor[0].app[0],echoedPk:count,source,packetSent,,,,,,,
RR_T30-1-20260914-20:19:45-1194,attr,ApplicationStrategyNetwork.sensor[0].app[0],echoedPk:count,title,"packets echoed, count",,,,,,,
RR_T30-1-20260914-20:19:45-1194,scalar,ApplicationStrategyNetwork.sensor[1].app[0],echoedPk:count,,,20,,,,,,
RR_T30-1-20260914-20:19:45-1194,attr,ApplicationStrategyNetwork.sensor[1].app[0],echoedPk:count,interpolationmode,none,,,,,,,
RR_T30-1-20260914-20:19:45-1194,attr,ApplicationStrategyNetwork.sensor[1].app[0],echoedPk:count,recordingmode,count,,,,,,,
RR_T30-1-20260914-20:19:45-1194,attr,ApplicationStrategyNetwork.sensor[1].app[0],echoedPk:count,source,packetSent,,,,,,,
RR_T30-1-20260914-20:19:45-1194,attr,ApplicationStrategyNetwork.sensor[1].app[0],echoedPk:count,title,"packets echoed, count",,,,,,,
RR_T30-1-20260914-20:19:45-1194,scalar,ApplicationStrategyNetwork.sensor[2].app[0],echoedPk:count,,,20,,,,,,
RR_T30-1-20260914-20:19:45-1194,attr,ApplicationStrategyNetwork.sensor[2].app[0],echoedPk:count,interpolationmode,none,,,,,,,
RR_T30-1-20260914-20:19:45-1194,attr,ApplicationStrategyNetwork.sensor[2].app[0],echoedPk:count,recordingmode,count,,,,,,,
RR_T30-1-20260914-20:19:45-1194,attr,ApplicationStrategyNetwork.sensor[2].app[0],echoedPk:count,source,packetSent,,,,,,,
RR_T30-1-20260914-20:19:45-1194,attr,ApplicationStrategyNetwork.sensor[2].app[0],echoedPk:count,title,"packets echoed, count",,,,,,,
RR_T30-1-20260914-20:19:45-1194,scalar,ApplicationStrategyNetwork.sensor[3].app[0],echoedPk:count,,,20,,,,,,
RR_T30-1-20260914-20:19:45-1194,attr,ApplicationStrategyNetwork.sensor[3].app[0],echoedPk:count,interpolationmode,none,,,,,,,
RR_T30-1-20260914-20:19:45-1194,attr,ApplicationStrategyNetwork.sensor[3].app[0],echoedPk:count,recordingmode,count,,,,,,,
RR_T30-1-20260914-20:19:45-1194,attr,ApplicationStrategyNetwork.sensor[3].app[0],echoedPk:count,source,packetSent,,,,,,,
RR_T30-1-20260914-20:19:45-1194,attr,ApplicationStrategyNetwork.sensor[3].app[0],echoedPk:count,title,"packets echoed, count",,,,,,,
RR_T30-1-20260914-20:19:45-1194,scalar,ApplicationStrategyNetwork.sensor[4].app[0],echoedPk:count,,,20,,,,,,
RR_T30-1-20260914-20:19:45-1194,attr,ApplicationStrategyNetwork.sensor[4].app[0],echoedPk:count,interpolationmode,none,,,,,,,
RR_T30-1-20260914-20:19:45-1194,attr,ApplicationStrategyNetwork.sensor[4].app[0],echoedPk:count,recordingmode,count,,,,,,,
RR_T30-1-20260914-20:19:45-1194,attr,ApplicationStrategyNetwork.sensor[4].app[0],echoedPk:count,source,packetSent,,,,,,,
RR_T30-1-20260914-20:19:45-1194,attr,ApplicationStrategyNetwork.sensor[4].app[0],echoedPk:count,title,"packets echoed, count",,,,,,,
RR_T30-1-20260914-20:19:45-1194,scalar,ApplicationStrategyNetwork.sensor[5].app[0],echoedPk:count,,,20,,,,,,
RR_T30-1-20260914-20:19:45-1194,attr,ApplicationStrategyNetwork.sensor[5].app[0],echoedPk:count,interpolationmode,none,,,,,,,
RR_T30-1-20260914-20:19:45-1194,attr,ApplicationStrategyNetwork.sensor[5].app[0],echoedPk:count,recordingmode,count,,,,,,,
RR_T30-1-20260914-20:19:45-1194,attr,ApplicationStrategyNetwork.sensor[5].app[0],echoedPk:count,source,packetSent,,,,,,,
RR_T30-1-20260914-20:19:45-1194,attr,ApplicationStrategyNetwork.sensor[5].app[0],echoedPk:count,title,"packets echoed, count",,,,,,,
RR_T30-1-20260914-20:19:45-1194,scalar,ApplicationStrategyNetwork.sensor[6].app[0],echoedPk:count,,,20,,,,,,
RR_T30-1-20260914-20:19:45-1194,attr,ApplicationStrategyNetwork.sensor[6].app[0],echoedPk:count,interpolationmode,none,,,,,,,
RR_T30-1-20260914-20:19:45-1194,attr,ApplicationStrategyNetwork.sensor[6].app[0],echoedPk:count,recordingmode,count,,,,,,,
RR_T30-1-20260914-20:19:45-1194,attr,ApplicationStrategyNetwork.sensor[6].app[0],echoedPk:count,source,packetSent,,,,,,,
RR_T30-1-20260914-20:19:45-1194,attr,ApplicationStrategyNetwork.sensor[6].app[0],echoedPk:count,title,"packets echoed, count",,,,,,,
RR_T30-1-20260914-20:19:45-1194,scalar,ApplicationStrategyNetwork.sensor[7].app[0],echoedPk:count,,,20,,,,,,
RR_T30-1-20260914-20:19:45-1194,attr,ApplicationStrategyNetwork.sensor[7].app[0],echoedPk:count,interpolationmode,none,,,,,,,
RR_T30-1-20260914-20:19:45-1194,attr,ApplicationStrategyNetwork.sensor[7].app[0],echoedPk:count,recordingmode,count,,,,,,,
RR_T30-1-20260914-20:19:45-1194,attr,ApplicationStrategyNetwork.sensor[7].app[0],echoedPk:count,source,packetSent,,,,,,,
RR_T30-1-20260914-20:19:45-1194,attr,ApplicationStrategyNetwork.sensor[7].app[0],echoedPk:count,title,"packets echoed, count",,,,,,,
RR_T30-1-20260914-20:19:45-1194,scalar,ApplicationStrategyNetwork.sensor[8].app[0],echoedPk:count,,,20,,,,,,
RR_T30-1-20260914-20:19:45-1194,attr,ApplicationStrategyNetwork.sensor[8].app[0],echoedPk:count,interpolationmode,none,,,,,,,
RR_T30-1-20260914-20:19:45-1194,attr,ApplicationStrategyNetwork.sensor[8].app[0],echoedPk:count,recordingmode,count,,,,,,,
RR_T30-1-20260914-20:19:45-1194,attr,ApplicationStrategyNetwork.sensor[8].app[0],echoedPk:count,source,packetSent,,,,,,,
RR_T30-1-20260914-20:19:45-1194,attr,ApplicationStrategyNetwork.sensor[8].app[0],echoedPk:count,title,"packets echoed, count",,,,,,,
RR_T30-1-20260914-20:19:45-1194,scalar,ApplicationStrategyNetwork.sensor[9].app[0],echoedPk:count,,,20,,,,,,
RR_T30-1-20260914-20:19:45-1194,attr,ApplicationStrategyNetwork.sensor[9].app[0],echoedPk:count,interpolationmode,none,,,,,,,
RR_T30-1-20260914-20:19:45-1194,attr,ApplicationStrategyNetwork.sensor[9].app[0],echoedPk:count,recordingmode,count,,,,,,,
RR_T30-1-20260914-20:19:45-1194,attr,ApplicationStrategyNetwork.sensor[9].app[0],echoedPk:count,source,packetSent,,,,,,,
RR_T30-1-20260914-20:19:45-1194,attr,ApplicationStrategyNetwork.sensor[9].app[0],echoedPk:count,title,"packets echoed, count",,,,,,,
RR_T30-1-20260914-20:19:45-1194,scalar,ApplicationStrategyNetwork.sensor[10].app[0],echoedPk:count,,,20,,,,,,
RR_T30-1-20260914-20:19:45-1194,attr,ApplicationStrategyNetwork.sensor[10].app[0],echoedPk:count,interpolationmode,none,,,,,,,
RR_T30-1-20260914-20:19:45-1194,attr,ApplicationStrategyNetwork.sensor[10].app[0],echoedPk:count,recordingmode,count,,,,,,,
RR_T30-1-20260914-20:19:45-1194,attr,ApplicationStrategyNetwork.sensor[10].app[0],echoedPk:count,source,packetSent,,,,,,,
RR_T30-1-20260914-20:19:45-1194,attr,ApplicationStrategyNetwork.sensor[10].app[0],echoedPk:count,title,"packets echoed, count",,,,,,,
RR_T30-1-20260914-20:19:45-1194,scalar,ApplicationStrategyNetwork.sensor[11].app[0],echoedPk:count,,,20,,,,,,
RR_T30-1-20260914-20:19:45-1194,attr,ApplicationStrategyNetwork.sensor[11].app[0],echoedPk:count,interpolationmode,none,,,,,,,
RR_T30-1-20260914-20:19:45-1194,attr,ApplicationStrategyNetwork.sensor[11].app[0],echoedPk:count,recordingmode,count,,,,,,,
RR_T30-1-20260914-20:19:45-1194,attr,ApplicationStrategyNetwork.sensor[11].app[0],echoedPk:count,source,packetSent,,,,,,,
RR_T30-1-20260914-20:19:45-1194,attr,ApplicationStrategyNetwork.sensor[11].app[0],echoedPk:count,title,"packets echoed, count",,,,,,,
RR_T30-1-20260914-20:19:45-1194,scalar,ApplicationStrategyNetwork.monitoringServer.app[0],packetReceived:count,,,20,,,,,,
RR_T30-1-20260914-20:19:45-1194,attr,ApplicationStrategyNetwork.monitoringServer.app[0],packetReceived:count,interpolationmode,none,,,,,,,
RR_T30-1-20260914-20:19:45-1194,attr,ApplicationStrategyNetwork.monitoringServer.app[0],packetReceived:count,recordingmode,count,,,,,,,
RR_T30-1-20260914-20:19:45-1194,attr,ApplicationStrategyNetwork.monitoringServer.app[0],packetReceived:count,source,packetReceived,,,,,,,
RR_T30-1-20260914-20:19:45-1194,attr,ApplicationStrategyNetwork.monitoringServer.app[0],packetReceived:count,title,"packets received, count",,,,,,,
RR_T30-1-20260914-20:19:45-1194,scalar,ApplicationStrategyNetwork.monitoringServer.app[0],packetSent:count,,,20,,,,,,
RR_T30-1-20260914-20:19:45-1194,attr,ApplicationStrategyNetwork.monitoringServer.app[0],packetSent:count,interpolationmode,none,,,,,,,
RR_T30-1-20260914-20:19:45-1194,attr,ApplicationStrategyNetwork.monitoringServer.app[0],packetSent:count,recordingmode,count,,,,,,,
RR_T30-1-20260914-20:19:45-1194,attr,ApplicationStrategyNetwork.monitoringServer.app[0],packetSent:count,source,packetSent,,,,,,,
RR_T30-1-20260914-20:19:45-1194,attr,ApplicationStrategyNetwork.monitoringServer.app[0],packetSent:count,title,"packets sent, count",,,,,,,
RR_T30-1-20260914-20:19:45-1194,scalar,ApplicationStrategyNetwork.monitoringServer.app[1],packetReceived:count,,,20,,,,,,
RR_T30-1-20260914-20:19:45-1194,attr,ApplicationStrategyNetwork.monitoringServer.app[1],packetReceived:count,interpolationmode,none,,,,,,,
RR_T30-1-20260914-20:19:45-1194,attr,ApplicationStrategyNetwork.monitoringServer.app[1],packetReceived:count,recordingmode,count,,,,,,,
RR_T30-1-20260914-20:19:45-1194,attr,ApplicationStrategyNetwork.monitoringServer.app[1],packetReceived:count,source,packetReceived,,,,,,,
RR_T30-1-20260914-20:19:45-1194,attr,ApplicationStrategyNetwork.monitoringServer.app[1],packetReceived:count,title,"packets received, count",,,,,,,
RR_T30-1-20260914-20:19:45-1194,scalar,ApplicationStrategyNetwork.monitoringServer.app[1],packetSent:count,,,20,,,,,,
RR_T30-1-20260914-20:19:45-1194,attr,ApplicationStrategyNetwork.monitoringServer.app[1],packetSent:count,interpolationmode,none,,,,,,,
RR_T30-1-20260914-20:19:45-1194,attr,ApplicationStrategyNetwork.monitoringServer.app[1],packetSent:count,recordingmode,count,,,,,,,
RR_T30-1-20260914-20:19:45-1194,attr,ApplicationStrategyNetwork.monitoringServer.app[1],packetSent:count,source,packetSent,,,,,,,
RR_T30-1-20260914-20:19:45-1194,attr,ApplicationStrategyNetwork.monitoringServer.app[1],packetSent:count,title,"packets sent, count",,,,,,,
RR_T30-1-20260914-20:19:45-1194,scalar,ApplicationStrategyNetwork.monitoringServer.app[2],packetReceived:count,,,20,,,,,,
RR_T30-1-20260914-20:19:45-1194,attr,ApplicationStrategyNetwork.monitoringServer.app[2],packetReceived:count,interpolationmode,none,,,,,,,
RR_T30-1-20260914-20:19:45-1194,attr,ApplicationStrategyNetwork.monitoringServer.app[2],packetReceived:count,recordingmode,count,,,,,,,
RR_T30-1-20260914-20:19:45-1194,attr,ApplicationStrategyNetwork.monitoringServer.app[2],packetReceived:count,source,packetReceived,,,,,,,
RR_T30-1-20260914-20:19:45-1194,attr,ApplicationStrategyNetwork.monitoringServer.app[2],packetReceived:count,title,"packets received, count",,,,,,,
RR_T30-1-20260914-20:19:45-1194,scalar,ApplicationStrategyNetwork.monitoringServer.app[2],packetSent:count,,,20,,,,,,
RR_T30-1-20260914-20:19:45-1194,attr,ApplicationStrategyNetwork.monitoringServer.app[2],packetSent:count,interpolationmode,none,,,,,,,
RR_T30-1-20260914-20:19:45-1194,attr,ApplicationStrategyNetwork.monitoringServer.app[2],packetSent:count,recordingmode,count,,,,,,,
RR_T30-1-20260914-20:19:45-1194,attr,ApplicationStrategyNetwork.monitoringServer.app[2],packetSent:count,source,packetSent,,,,,,,
RR_T30-1-20260914-20:19:45-1194,attr,ApplicationStrategyNetwork.monitoringServer.app[2],packetSent:count,title,"packets sent, count",,,,,,,
RR_T30-1-20260914-20:19:45-1194,scalar,ApplicationStrategyNetwork.monitoringServer.app[3],packetReceived:count,,,20,,,,,,
RR_T30-1-20260914-20:19:45-1194,attr,ApplicationStrategyNetwork.monitoringServer.app[3],packetReceived:count,interpolationmode,none,,,,,,,
RR_T30-1-20260914-20:19:45-1194,attr,ApplicationStrategyNetwork.monitoringServer.app[3],packetReceived:count,recordingmode,count,,,,,,,
RR_T30-1-20260914-20:19:45-1194,attr,ApplicationStrategyNetwork.monitoringServer.app[3],packetReceived:count,source,packetReceived,,,,,,,
RR_T30-1-20260914-20:19:45-1194,attr,ApplicationStrategyNetwork.monitoringServer.app[3],packetReceived:count,title,"packets received, count",,,,,,,
RR_T30-1-20260914-20:19:45-1194,scalar,ApplicationStrategyNetwork.monitoringServer.app[3],packetSent:count,,,20,,,,,,
RR_T30-1-20260914-20:19:45-1194,attr,ApplicationStrategyNetwork.monitoringServer.app[3],packetSent:count,interpolationmode,none,,,,,,,
RR_T30-1-20260914-20:19:45-1194,attr,ApplicationStrategyNetwork.monitoringServer.app[3],packetSent:count,recordingmode,count,,,,,,,
RR_T30-1-20260914-20:19:45-1194,attr,ApplicationStrategyNetwork.monitoringServer.app[3],packetSent:count,source,packetSent,,,,,,,
RR_T30-1-20260914-20:19:45-1194,attr,ApplicationStrategyNetwork.monitoringServer.app[3],packetSent:count,title,"packets sent, count",,,,,,,
RR_T30-1-20260914-20:19:45-1194,scalar,ApplicationStrategyNetwork.monitoringServer.app[4],packetReceived:count,,,20,,,,,,
RR_T30-1-20260914-20:19:45-1194,attr,ApplicationStrategyNetwork.monitoringServer.app[4],packetReceived:count,interpolationmode,none,,,,,,,
RR_T30-1-20260914-20:19:45-1194,attr,ApplicationStrategyNetwork.monitoringServer.app[4],packetReceived:count,recordingmode,count,,,,,,,
RR_T30-1-20260914-20:19:45-1194,attr,ApplicationStrategyNetwork.monitoringServer.app[4],packetReceived:count,source,packetReceived,,,,,,,
RR_T30-1-20260914-20:19:45-1194,attr,ApplicationStrategyNetwork.monitoringServer.app[4],packetReceived:count,title,"packets received, count",,,,,,,
RR_T30-1-20260914-20:19:45-1194,scalar,ApplicationStrategyNetwork.monitoringServer.app[4],packetSent:count,,,20,,,,,,
RR_T30-1-20260914-20:19:45-1194,attr,ApplicationStrategyNetwork.monitoringServer.app[4],packetSent:count,interpolationmode,none,,,,,,,
RR_T30-1-20260914-20:19:45-1194,attr,ApplicationStrategyNetwork.monitoringServer.app[4],packetSent:count,recordingmode,count,,,,,,,
RR_T30-1-20260914-20:19:45-1194,attr,ApplicationStrategyNetwork.monitoringServer.app[4],packetSent:count,source,packetSent,,,,,,,
RR_T30-1-20260914-20:19:45-1194,attr,ApplicationStrategyNetwork.monitoringServer.app[4],packetSent:count,title,"packets sent, count",,,,,,,
RR_T30-1-20260914-20:19:45-1194,scalar,ApplicationStrategyNetwork.monitoringServer.app[5],packetReceived:count,,,20,,,,,,
RR_T30-1-20260914-20:19:45-1194,attr,ApplicationStrategyNetwork.monitoringServer.app[5],packetReceived:count,interpolationmode,none,,,,,,,
RR_T30-1-20260914-20:19:45-1194,attr,ApplicationStrategyNetwork.monitoringServer.app[5],packetReceived:count,recordingmode,count,,,,,,,
RR_T30-1-20260914-20:19:45-1194,attr,ApplicationStrategyNetwork.monitoringServer.app[5],packetReceived:count,source,packetReceived,,,,,,,
RR_T30-1-20260914-20:19:45-1194,attr,ApplicationStrategyNetwork.monitoringServer.app[5],packetReceived:count,title,"packets received, count",,,,,,,
RR_T30-1-20260914-20:19:45-1194,scalar,ApplicationStrategyNetwork.monitoringServer.app[5],packetSent:count,,,20,,,,,,
RR_T30-1-20260914-20:19:45-1194,attr,ApplicationStrategyNetwork.monitoringServer.app[5],packetSent:count,interpolationmode,none,,,,,,,
RR_T30-1-20260914-20:19:45-1194,attr,ApplicationStrategyNetwork.monitoringServer.app[5],packetSent:count,recordingmode,count,,,,,,,
RR_T30-1-20260914-20:19:45-1194,attr,ApplicationStrategyNetwork.monitoringServer.app[5],packetSent:count,source,packetSent,,,,,,,
RR_T30-1-20260914-20:19:45-1194,attr,ApplicationStrategyNetwork.monitoringServer.app[5],packetSent:count,title,"packets sent, count",,,,,,,
RR_T30-1-20260914-20:19:45-1194,scalar,ApplicationStrategyNetwork.monitoringServer.app[6],packetReceived:count,,,20,,,,,,
RR_T30-1-20260914-20:19:45-1194,attr,ApplicationStrategyNetwork.monitoringServer.app[6],packetReceived:count,interpolationmode,none,,,,,,,
RR_T30-1-20260914-20:19:45-1194,attr,ApplicationStrategyNetwork.monitoringServer.app[6],packetReceived:count,recordingmode,count,,,,,,,
RR_T30-1-20260914-20:19:45-1194,attr,ApplicationStrategyNetwork.monitoringServer.app[6],packetReceived:count,source,packetReceived,,,,,,,
RR_T30-1-20260914-20:19:45-1194,attr,ApplicationStrategyNetwork.monitoringServer.app[6],packetReceived:count,title,"packets received, count",,,,,,,
RR_T30-1-20260914-20:19:45-1194,scalar,ApplicationStrategyNetwork.monitoringServer.app[6],packetSent:count,,,20,,,,,,
RR_T30-1-20260914-20:19:45-1194,attr,ApplicationStrategyNetwork.monitoringServer.app[6],packetSent:count,interpolationmode,none,,,,,,,
RR_T30-1-20260914-20:19:45-1194,attr,ApplicationStrategyNetwork.monitoringServer.app[6],packetSent:count,recordingmode,count,,,,,,,
RR_T30-1-20260914-20:19:45-1194,attr,ApplicationStrategyNetwork.monitoringServer.app[6],packetSent:count,source,packetSent,,,,,,,
RR_T30-1-20260914-20:19:45-1194,attr,ApplicationStrategyNetwork.monitoringServer.app[6],packetSent:count,title,"packets sent, count",,,,,,,
RR_T30-1-20260914-20:19:45-1194,scalar,ApplicationStrategyNetwork.monitoringServer.app[7],packetReceived:count,,,20,,,,,,
RR_T30-1-20260914-20:19:45-1194,attr,ApplicationStrategyNetwork.monitoringServer.app[7],packetReceived:count,interpolationmode,none,,,,,,,
RR_T30-1-20260914-20:19:45-1194,attr,ApplicationStrategyNetwork.monitoringServer.app[7],packetReceived:count,recordingmode,count,,,,,,,
RR_T30-1-20260914-20:19:45-1194,attr,ApplicationStrategyNetwork.monitoringServer.app[7],packetReceived:count,source,packetReceived,,,,,,,
RR_T30-1-20260914-20:19:45-1194,attr,ApplicationStrategyNetwork.monitoringServer.app[7],packetReceived:count,title,"packets received, count",,,,,,,
RR_T30-1-20260914-20:19:45-1194,scalar,ApplicationStrategyNetwork.monitoringServer.app[7],packetSent:count,,,20,,,,,,
RR_T30-1-20260914-20:19:45-1194,attr,ApplicationStrategyNetwork.monitoringServer.app[7],packetSent:count,interpolationmode,none,,,,,,,
RR_T30-1-20260914-20:19:45-1194,attr,ApplicationStrategyNetwork.monitoringServer.app[7],packetSent:count,recordingmode,count,,,,,,,
RR_T30-1-20260914-20:19:45-1194,attr,ApplicationStrategyNetwork.monitoringServer.app[7],packetSent:count,source,packetSent,,,,,,,
RR_T30-1-20260914-20:19:45-1194,attr,ApplicationStrategyNetwork.monitoringServer.app[7],packetSent:count,title,"packets sent, count",,,,,,,
RR_T30-1-20260914-20:19:45-1194,scalar,ApplicationStrategyNetwork.monitoringServer.app[8],packetReceived:count,,,20,,,,,,
RR_T30-1-20260914-20:19:45-1194,attr,ApplicationStrategyNetwork.monitoringServer.app[8],packetReceived:count,interpolationmode,none,,,,,,,
RR_T30-1-20260914-20:19:45-1194,attr,ApplicationStrategyNetwork.monitoringServer.app[8],packetReceived:count,recordingmode,count,,,,,,,
RR_T30-1-20260914-20:19:45-1194,attr,ApplicationStrategyNetwork.monitoringServer.app[8],packetReceived:count,source,packetReceived,,,,,,,
RR_T30-1-20260914-20:19:45-1194,attr,ApplicationStrategyNetwork.monitoringServer.app[8],packetReceived:count,title,"packets received, count",,,,,,,
RR_T30-1-20260914-20:19:45-1194,scalar,ApplicationStrategyNetwork.monitoringServer.app[8],packetSent:count,,,20,,,,,,
RR_T30-1-20260914-20:19:45-1194,attr,ApplicationStrategyNetwork.monitoringServer.app[8],packetSent:count,interpolationmode,none,,,,,,,
RR_T30-1-20260914-20:19:45-1194,attr,ApplicationStrategyNetwork.monitoringServer.app[8],packetSent:count,recordingmode,count,,,,,,,
RR_T30-1-20260914-20:19:45-1194,attr,ApplicationStrategyNetwork.monitoringServer.app[8],packetSent:count,source,packetSent,,,,,,,
RR_T30-1-20260914-20:19:45-1194,attr,ApplicationStrategyNetwork.monitoringServer.app[8],packetSent:count,title,"packets sent, count",,,,,,,
RR_T30-1-20260914-20:19:45-1194,scalar,ApplicationStrategyNetwork.monitoringServer.app[9],packetReceived:count,,,20,,,,,,
RR_T30-1-20260914-20:19:45-1194,attr,ApplicationStrategyNetwork.monitoringServer.app[9],packetReceived:count,interpolationmode,none,,,,,,,
RR_T30-1-20260914-20:19:45-1194,attr,ApplicationStrategyNetwork.monitoringServer.app[9],packetReceived:count,recordingmode,count,,,,,,,
RR_T30-1-20260914-20:19:45-1194,attr,ApplicationStrategyNetwork.monitoringServer.app[9],packetReceived:count,source,packetReceived,,,,,,,
RR_T30-1-20260914-20:19:45-1194,attr,ApplicationStrategyNetwork.monitoringServer.app[9],packetReceived:count,title,"packets received, count",,,,,,,
RR_T30-1-20260914-20:19:45-1194,scalar,ApplicationStrategyNetwork.monitoringServer.app[9],packetSent:count,,,20,,,,,,
RR_T30-1-20260914-20:19:45-1194,attr,ApplicationStrategyNetwork.monitoringServer.app[9],packetSent:count,interpolationmode,none,,,,,,,
RR_T30-1-20260914-20:19:45-1194,attr,ApplicationStrategyNetwork.monitoringServer.app[9],packetSent:count,recordingmode,count,,,,,,,
RR_T30-1-20260914-20:19:45-1194,attr,ApplicationStrategyNetwork.monitoringServer.app[9],packetSent:count,source,packetSent,,,,,,,
RR_T30-1-20260914-20:19:45-1194,attr,ApplicationStrategyNetwork.monitoringServer.app[9],packetSent:count,title,"packets sent, count",,,,,,,
RR_T30-1-20260914-20:19:45-1194,scalar,ApplicationStrategyNetwork.monitoringServer.app[10],packetReceived:count,,,20,,,,,,
RR_T30-1-20260914-20:19:45-1194,attr,ApplicationStrategyNetwork.monitoringServer.app[10],packetReceived:count,interpolationmode,none,,,,,,,
RR_T30-1-20260914-20:19:45-1194,attr,ApplicationStrategyNetwork.monitoringServer.app[10],packetReceived:count,recordingmode,count,,,,,,,
RR_T30-1-20260914-20:19:45-1194,attr,ApplicationStrategyNetwork.monitoringServer.app[10],packetReceived:count,source,packetReceived,,,,,,,
RR_T30-1-20260914-20:19:45-1194,attr,ApplicationStrategyNetwork.monitoringServer.app[10],packetReceived:count,title,"packets received, count",,,,,,,
RR_T30-1-20260914-20:19:45-1194,scalar,ApplicationStrategyNetwork.monitoringServer.app[10],packetSent:count,,,20,,,,,,
RR_T30-1-20260914-20:19:45-1194,attr,ApplicationStrategyNetwork.monitoringServer.app[10],packetSent:count,interpolationmode,none,,,,,,,
RR_T30-1-20260914-20:19:45-1194,attr,ApplicationStrategyNetwork.monitoringServer.app[10],packetSent:count,recordingmode,count,,,,,,,
RR_T30-1-20260914-20:19:45-1194,attr,ApplicationStrategyNetwork.monitoringServer.app[10],packetSent:count,source,packetSent,,,,,,,
RR_T30-1-20260914-20:19:45-1194,attr,ApplicationStrategyNetwork.monitoringServer.app[10],packetSent:count,title,"packets sent, count",,,,,,,
RR_T30-1-20260914-20:19:45-1194,scalar,ApplicationStrategyNetwork.monitoringServer.app[11],packetReceived:count,,,20,,,,,,
RR_T30-1-20260914-20:19:45-1194,attr,ApplicationStrategyNetwork.monitoringServer.app[11],packetReceived:count,interpolationmode,none,,,,,,,
RR_T30-1-20260914-20:19:45-1194,attr,ApplicationStrategyNetwork.monitoringServer.app[11],packetReceived:count,recordingmode,count,,,,,,,
RR_T30-1-20260914-20:19:45-1194,attr,ApplicationStrategyNetwork.monitoringServer.app[11],packetReceived:count,source,packetReceived,,,,,,,
RR_T30-1-20260914-20:19:45-1194,attr,ApplicationStrategyNetwork.monitoringServer.app[11],packetReceived:count,title,"packets received, count",,,,,,,
RR_T30-1-20260914-20:19:45-1194,scalar,ApplicationStrategyNetwork.monitoringServer.app[11],packetSent:count,,,20,,,,,,
RR_T30-1-20260914-20:19:45-1194,attr,ApplicationStrategyNetwork.monitoringServer.app[11],packetSent:count,interpolationmode,none,,,,,,,
RR_T30-1-20260914-20:19:45-1194,attr,ApplicationStrategyNetwork.monitoringServer.app[11],packetSent:count,recordingmode,count,,,,,,,
RR_T30-1-20260914-20:19:45-1194,attr,ApplicationStrategyNetwork.monitoringServer.app[11],packetSent:count,source,packetSent,,,,,,,
RR_T30-1-20260914-20:19:45-1194,attr,ApplicationStrategyNetwork.monitoringServer.app[11],packetSent:count,title,"packets sent, count",,,,,,,
RR_T30-2-20260914-20:19:47-1199,scalar,ApplicationStrategyNetwork.sensor[0].app[0],echoedPk:count,,,20,,,,,,
RR_T30-2-20260914-20:19:47-1199,attr,ApplicationStrategyNetwork.sensor[0].app[0],echoedPk:count,interpolationmode,none,,,,,,,
RR_T30-2-20260914-20:19:47-1199,attr,ApplicationStrategyNetwork.sensor[0].app[0],echoedPk:count,recordingmode,count,,,,,,,
RR_T30-2-20260914-20:19:47-1199,attr,ApplicationStrategyNetwork.sensor[0].app[0],echoedPk:count,source,packetSent,,,,,,,
RR_T30-2-20260914-20:19:47-1199,attr,ApplicationStrategyNetwork.sensor[0].app[0],echoedPk:count,title,"packets echoed, count",,,,,,,
RR_T30-2-20260914-20:19:47-1199,scalar,ApplicationStrategyNetwork.sensor[1].app[0],echoedPk:count,,,20,,,,,,
RR_T30-2-20260914-20:19:47-1199,attr,ApplicationStrategyNetwork.sensor[1].app[0],echoedPk:count,interpolationmode,none,,,,,,,
RR_T30-2-20260914-20:19:47-1199,attr,ApplicationStrategyNetwork.sensor[1].app[0],echoedPk:count,recordingmode,count,,,,,,,
RR_T30-2-20260914-20:19:47-1199,attr,ApplicationStrategyNetwork.sensor[1].app[0],echoedPk:count,source,packetSent,,,,,,,
RR_T30-2-20260914-20:19:47-1199,attr,ApplicationStrategyNetwork.sensor[1].app[0],echoedPk:count,title,"packets echoed, count",,,,,,,
RR_T30-2-20260914-20:19:47-1199,scalar,ApplicationStrategyNetwork.sensor[2].app[0],echoedPk:count,,,20,,,,,,
RR_T30-2-20260914-20:19:47-1199,attr,ApplicationStrategyNetwork.sensor[2].app[0],echoedPk:count,interpolationmode,none,,,,,,,
RR_T30-2-20260914-20:19:47-1199,attr,ApplicationStrategyNetwork.sensor[2].app[0],echoedPk:count,recordingmode,count,,,,,,,
RR_T30-2-20260914-20:19:47-1199,attr,ApplicationStrategyNetwork.sensor[2].app[0],echoedPk:count,source,packetSent,,,,,,,
RR_T30-2-20260914-20:19:47-1199,attr,ApplicationStrategyNetwork.sensor[2].app[0],echoedPk:count,title,"packets echoed, count",,,,,,,
RR_T30-2-20260914-20:19:47-1199,scalar,ApplicationStrategyNetwork.sensor[3].app[0],echoedPk:count,,,20,,,,,,
RR_T30-2-20260914-20:19:47-1199,attr,ApplicationStrategyNetwork.sensor[3].app[0],echoedPk:count,interpolationmode,none,,,,,,,
RR_T30-2-20260914-20:19:47-1199,attr,ApplicationStrategyNetwork.sensor[3].app[0],echoedPk:count,recordingmode,count,,,,,,,
RR_T30-2-20260914-20:19:47-1199,attr,ApplicationStrategyNetwork.sensor[3].app[0],echoedPk:count,source,packetSent,,,,,,,
RR_T30-2-20260914-20:19:47-1199,attr,ApplicationStrategyNetwork.sensor[3].app[0],echoedPk:count,title,"packets echoed, count",,,,,,,
RR_T30-2-20260914-20:19:47-1199,scalar,ApplicationStrategyNetwork.sensor[4].app[0],echoedPk:count,,,20,,,,,,
RR_T30-2-20260914-20:19:47-1199,attr,ApplicationStrategyNetwork.sensor[4].app[0],echoedPk:count,interpolationmode,none,,,,,,,
RR_T30-2-20260914-20:19:47-1199,attr,ApplicationStrategyNetwork.sensor[4].app[0],echoedPk:count,recordingmode,count,,,,,,,
RR_T30-2-20260914-20:19:47-1199,attr,ApplicationStrategyNetwork.sensor[4].app[0],echoedPk:count,source,packetSent,,,,,,,
RR_T30-2-20260914-20:19:47-1199,attr,ApplicationStrategyNetwork.sensor[4].app[0],echoedPk:count,title,"packets echoed, count",,,,,,,
RR_T30-2-20260914-20:19:47-1199,scalar,ApplicationStrategyNetwork.sensor[5].app[0],echoedPk:count,,,20,,,,,,
RR_T30-2-20260914-20:19:47-1199,attr,ApplicationStrategyNetwork.sensor[5].app[0],echoedPk:count,interpolationmode,none,,,,,,,
RR_T30-2-20260914-20:19:47-1199,attr,ApplicationStrategyNetwork.sensor[5].app[0],echoedPk:count,recordingmode,count,,,,,,,
RR_T30-2-20260914-20:19:47-1199,attr,ApplicationStrategyNetwork.sensor[5].app[0],echoedPk:count,source,packetSent,,,,,,,
RR_T30-2-20260914-20:19:47-1199,attr,ApplicationStrategyNetwork.sensor[5].app[0],echoedPk:count,title,"packets echoed, count",,,,,,,
RR_T30-2-20260914-20:19:47-1199,scalar,ApplicationStrategyNetwork.sensor[6].app[0],echoedPk:count,,,20,,,,,,
RR_T30-2-20260914-20:19:47-1199,attr,ApplicationStrategyNetwork.sensor[6].app[0],echoedPk:count,interpolationmode,none,,,,,,,
RR_T30-2-20260914-20:19:47-1199,attr,ApplicationStrategyNetwork.sensor[6].app[0],echoedPk:count,recordingmode,count,,,,,,,
RR_T30-2-20260914-20:19:47-1199,attr,ApplicationStrategyNetwork.sensor[6].app[0],echoedPk:count,source,packetSent,,,,,,,
RR_T30-2-20260914-20:19:47-1199,attr,ApplicationStrategyNetwork.sensor[6].app[0],echoedPk:count,title,"packets echoed, count",,,,,,,
RR_T30-2-20260914-20:19:47-1199,scalar,ApplicationStrategyNetwork.sensor[7].app[0],echoedPk:count,,,20,,,,,,
RR_T30-2-20260914-20:19:47-1199,attr,ApplicationStrategyNetwork.sensor[7].app[0],echoedPk:count,interpolationmode,none,,,,,,,
RR_T30-2-20260914-20:19:47-1199,attr,ApplicationStrategyNetwork.sensor[7].app[0],echoedPk:count,recordingmode,count,,,,,,,
RR_T30-2-20260914-20:19:47-1199,attr,ApplicationStrategyNetwork.sensor[7].app[0],echoedPk:count,source,packetSent,,,,,,,
RR_T30-2-20260914-20:19:47-1199,attr,ApplicationStrategyNetwork.sensor[7].app[0],echoedPk:count,title,"packets echoed, count",,,,,,,
RR_T30-2-20260914-20:19:47-1199,scalar,ApplicationStrategyNetwork.sensor[8].app[0],echoedPk:count,,,20,,,,,,
RR_T30-2-20260914-20:19:47-1199,attr,ApplicationStrategyNetwork.sensor[8].app[0],echoedPk:count,interpolationmode,none,,,,,,,
RR_T30-2-20260914-20:19:47-1199,attr,ApplicationStrategyNetwork.sensor[8].app[0],echoedPk:count,recordingmode,count,,,,,,,
RR_T30-2-20260914-20:19:47-1199,attr,ApplicationStrategyNetwork.sensor[8].app[0],echoedPk:count,source,packetSent,,,,,,,
RR_T30-2-20260914-20:19:47-1199,attr,ApplicationStrategyNetwork.sensor[8].app[0],echoedPk:count,title,"packets echoed, count",,,,,,,
RR_T30-2-20260914-20:19:47-1199,scalar,ApplicationStrategyNetwork.sensor[9].app[0],echoedPk:count,,,20,,,,,,
RR_T30-2-20260914-20:19:47-1199,attr,ApplicationStrategyNetwork.sensor[9].app[0],echoedPk:count,interpolationmode,none,,,,,,,
RR_T30-2-20260914-20:19:47-1199,attr,ApplicationStrategyNetwork.sensor[9].app[0],echoedPk:count,recordingmode,count,,,,,,,
RR_T30-2-20260914-20:19:47-1199,attr,ApplicationStrategyNetwork.sensor[9].app[0],echoedPk:count,source,packetSent,,,,,,,
RR_T30-2-20260914-20:19:47-1199,attr,ApplicationStrategyNetwork.sensor[9].app[0],echoedPk:count,title,"packets echoed, count",,,,,,,
RR_T30-2-20260914-20:19:47-1199,scalar,ApplicationStrategyNetwork.sensor[10].app[0],echoedPk:count,,,20,,,,,,
RR_T30-2-20260914-20:19:47-1199,attr,ApplicationStrategyNetwork.sensor[10].app[0],echoedPk:count,interpolationmode,none,,,,,,,
RR_T30-2-20260914-20:19:47-1199,attr,ApplicationStrategyNetwork.sensor[10].app[0],echoedPk:count,recordingmode,count,,,,,,,
RR_T30-2-20260914-20:19:47-1199,attr,ApplicationStrategyNetwork.sensor[10].app[0],echoedPk:count,source,packetSent,,,,,,,
RR_T30-2-20260914-20:19:47-1199,attr,ApplicationStrategyNetwork.sensor[10].app[0],echoedPk:count,title,"packets echoed, count",,,,,,,
RR_T30-2-20260914-20:19:47-1199,scalar,ApplicationStrategyNetwork.sensor[11].app[0],echoedPk:count,,,20,,,,,,
RR_T30-2-20260914-20:19:47-1199,attr,ApplicationStrategyNetwork.sensor[11].app[0],echoedPk:count,interpolationmode,none,,,,,,,
RR_T30-2-20260914-20:19:47-1199,attr,ApplicationStrategyNetwork.sensor[11].app[0],echoedPk:count,recordingmode,count,,,,,,,
RR_T30-2-20260914-20:19:47-1199,attr,ApplicationStrategyNetwork.sensor[11].app[0],echoedPk:count,source,packetSent,,,,,,,
RR_T30-2-20260914-20:19:47-1199,attr,ApplicationStrategyNetwork.sensor[11].app[0],echoedPk:count,title,"packets echoed, count",,,,,,,
RR_T30-2-20260914-20:19:47-1199,scalar,ApplicationStrategyNetwork.monitoringServer.app[0],packetReceived:count,,,20,,,,,,
RR_T30-2-20260914-20:19:47-1199,attr,ApplicationStrategyNetwork.monitoringServer.app[0],packetReceived:count,interpolationmode,none,,,,,,,
RR_T30-2-20260914-20:19:47-1199,attr,ApplicationStrategyNetwork.monitoringServer.app[0],packetReceived:count,recordingmode,count,,,,,,,
RR_T30-2-20260914-20:19:47-1199,attr,ApplicationStrategyNetwork.monitoringServer.app[0],packetReceived:count,source,packetReceived,,,,,,,
RR_T30-2-20260914-20:19:47-1199,attr,ApplicationStrategyNetwork.monitoringServer.app[0],packetReceived:count,title,"packets received, count",,,,,,,
RR_T30-2-20260914-20:19:47-1199,scalar,ApplicationStrategyNetwork.monitoringServer.app[0],packetSent:count,,,20,,,,,,
RR_T30-2-20260914-20:19:47-1199,attr,ApplicationStrategyNetwork.monitoringServer.app[0],packetSent:count,interpolationmode,none,,,,,,,
RR_T30-2-20260914-20:19:47-1199,attr,ApplicationStrategyNetwork.monitoringServer.app[0],packetSent:count,recordingmode,count,,,,,,,
RR_T30-2-20260914-20:19:47-1199,attr,ApplicationStrategyNetwork.monitoringServer.app[0],packetSent:count,source,packetSent,,,,,,,
RR_T30-2-20260914-20:19:47-1199,attr,ApplicationStrategyNetwork.monitoringServer.app[0],packetSent:count,title,"packets sent, count",,,,,,,
RR_T30-2-20260914-20:19:47-1199,scalar,ApplicationStrategyNetwork.monitoringServer.app[1],packetReceived:count,,,20,,,,,,
RR_T30-2-20260914-20:19:47-1199,attr,ApplicationStrategyNetwork.monitoringServer.app[1],packetReceived:count,interpolationmode,none,,,,,,,
RR_T30-2-20260914-20:19:47-1199,attr,ApplicationStrategyNetwork.monitoringServer.app[1],packetReceived:count,recordingmode,count,,,,,,,
RR_T30-2-20260914-20:19:47-1199,attr,ApplicationStrategyNetwork.monitoringServer.app[1],packetReceived:count,source,packetReceived,,,,,,,
RR_T30-2-20260914-20:19:47-1199,attr,ApplicationStrategyNetwork.monitoringServer.app[1],packetReceived:count,title,"packets received, count",,,,,,,
RR_T30-2-20260914-20:19:47-1199,scalar,ApplicationStrategyNetwork.monitoringServer.app[1],packetSent:count,,,20,,,,,,
RR_T30-2-20260914-20:19:47-1199,attr,ApplicationStrategyNetwork.monitoringServer.app[1],packetSent:count,interpolationmode,none,,,,,,,
RR_T30-2-20260914-20:19:47-1199,attr,ApplicationStrategyNetwork.monitoringServer.app[1],packetSent:count,recordingmode,count,,,,,,,
RR_T30-2-20260914-20:19:47-1199,attr,ApplicationStrategyNetwork.monitoringServer.app[1],packetSent:count,source,packetSent,,,,,,,
RR_T30-2-20260914-20:19:47-1199,attr,ApplicationStrategyNetwork.monitoringServer.app[1],packetSent:count,title,"packets sent, count",,,,,,,
RR_T30-2-20260914-20:19:47-1199,scalar,ApplicationStrategyNetwork.monitoringServer.app[2],packetReceived:count,,,20,,,,,,
RR_T30-2-20260914-20:19:47-1199,attr,ApplicationStrategyNetwork.monitoringServer.app[2],packetReceived:count,interpolationmode,none,,,,,,,
RR_T30-2-20260914-20:19:47-1199,attr,ApplicationStrategyNetwork.monitoringServer.app[2],packetReceived:count,recordingmode,count,,,,,,,
RR_T30-2-20260914-20:19:47-1199,attr,ApplicationStrategyNetwork.monitoringServer.app[2],packetReceived:count,source,packetReceived,,,,,,,
RR_T30-2-20260914-20:19:47-1199,attr,ApplicationStrategyNetwork.monitoringServer.app[2],packetReceived:count,title,"packets received, count",,,,,,,
RR_T30-2-20260914-20:19:47-1199,scalar,ApplicationStrategyNetwork.monitoringServer.app[2],packetSent:count,,,20,,,,,,
RR_T30-2-20260914-20:19:47-1199,attr,ApplicationStrategyNetwork.monitoringServer.app[2],packetSent:count,interpolationmode,none,,,,,,,
RR_T30-2-20260914-20:19:47-1199,attr,ApplicationStrategyNetwork.monitoringServer.app[2],packetSent:count,recordingmode,count,,,,,,,
RR_T30-2-20260914-20:19:47-1199,attr,ApplicationStrategyNetwork.monitoringServer.app[2],packetSent:count,source,packetSent,,,,,,,
RR_T30-2-20260914-20:19:47-1199,attr,ApplicationStrategyNetwork.monitoringServer.app[2],packetSent:count,title,"packets sent, count",,,,,,,
RR_T30-2-20260914-20:19:47-1199,scalar,ApplicationStrategyNetwork.monitoringServer.app[3],packetReceived:count,,,20,,,,,,
RR_T30-2-20260914-20:19:47-1199,attr,ApplicationStrategyNetwork.monitoringServer.app[3],packetReceived:count,interpolationmode,none,,,,,,,
RR_T30-2-20260914-20:19:47-1199,attr,ApplicationStrategyNetwork.monitoringServer.app[3],packetReceived:count,recordingmode,count,,,,,,,
RR_T30-2-20260914-20:19:47-1199,attr,ApplicationStrategyNetwork.monitoringServer.app[3],packetReceived:count,source,packetReceived,,,,,,,
RR_T30-2-20260914-20:19:47-1199,attr,ApplicationStrategyNetwork.monitoringServer.app[3],packetReceived:count,title,"packets received, count",,,,,,,
RR_T30-2-20260914-20:19:47-1199,scalar,ApplicationStrategyNetwork.monitoringServer.app[3],packetSent:count,,,20,,,,,,
RR_T30-2-20260914-20:19:47-1199,attr,ApplicationStrategyNetwork.monitoringServer.app[3],packetSent:count,interpolationmode,none,,,,,,,
RR_T30-2-20260914-20:19:47-1199,attr,ApplicationStrategyNetwork.monitoringServer.app[3],packetSent:count,recordingmode,count,,,,,,,
RR_T30-2-20260914-20:19:47-1199,attr,ApplicationStrategyNetwork.monitoringServer.app[3],packetSent:count,source,packetSent,,,,,,,
RR_T30-2-20260914-20:19:47-1199,attr,ApplicationStrategyNetwork.monitoringServer.app[3],packetSent:count,title,"packets sent, count",,,,,,,
RR_T30-2-20260914-20:19:47-1199,scalar,ApplicationStrategyNetwork.monitoringServer.app[4],packetReceived:count,,,20,,,,,,
RR_T30-2-20260914-20:19:47-1199,attr,ApplicationStrategyNetwork.monitoringServer.app[4],packetReceived:count,interpolationmode,none,,,,,,,
RR_T30-2-20260914-20:19:47-1199,attr,ApplicationStrategyNetwork.monitoringServer.app[4],packetReceived:count,recordingmode,count,,,,,,,
RR_T30-2-20260914-20:19:47-1199,attr,ApplicationStrategyNetwork.monitoringServer.app[4],packetReceived:count,source,packetReceived,,,,,,,
RR_T30-2-20260914-20:19:47-1199,attr,ApplicationStrategyNetwork.monitoringServer.app[4],packetReceived:count,title,"packets received, count",,,,,,,
RR_T30-2-20260914-20:19:47-1199,scalar,ApplicationStrategyNetwork.monitoringServer.app[4],packetSent:count,,,20,,,,,,
RR_T30-2-20260914-20:19:47-1199,attr,ApplicationStrategyNetwork.monitoringServer.app[4],packetSent:count,interpolationmode,none,,,,,,,
RR_T30-2-20260914-20:19:47-1199,attr,ApplicationStrategyNetwork.monitoringServer.app[4],packetSent:count,recordingmode,count,,,,,,,
RR_T30-2-20260914-20:19:47-1199,attr,ApplicationStrategyNetwork.monitoringServer.app[4],packetSent:count,source,packetSent,,,,,,,
RR_T30-2-20260914-20:19:47-1199,attr,ApplicationStrategyNetwork.monitoringServer.app[4],packetSent:count,title,"packets sent, count",,,,,,,
RR_T30-2-20260914-20:19:47-1199,scalar,ApplicationStrategyNetwork.monitoringServer.app[5],packetReceived:count,,,19,,,,,,
RR_T30-2-20260914-20:19:47-1199,attr,ApplicationStrategyNetwork.monitoringServer.app[5],packetReceived:count,interpolationmode,none,,,,,,,
RR_T30-2-20260914-20:19:47-1199,attr,ApplicationStrategyNetwork.monitoringServer.app[5],packetReceived:count,recordingmode,count,,,,,,,
RR_T30-2-20260914-20:19:47-1199,attr,ApplicationStrategyNetwork.monitoringServer.app[5],packetReceived:count,source,packetReceived,,,,,,,
RR_T30-2-20260914-20:19:47-1199,attr,ApplicationStrategyNetwork.monitoringServer.app[5],packetReceived:count,title,"packets received, count",,,,,,,
RR_T30-2-20260914-20:19:47-1199,scalar,ApplicationStrategyNetwork.monitoringServer.app[5],packetSent:count,,,20,,,,,,
RR_T30-2-20260914-20:19:47-1199,attr,ApplicationStrategyNetwork.monitoringServer.app[5],packetSent:count,interpolationmode,none,,,,,,,
RR_T30-2-20260914-20:19:47-1199,attr,ApplicationStrategyNetwork.monitoringServer.app[5],packetSent:count,recordingmode,count,,,,,,,
RR_T30-2-20260914-20:19:47-1199,attr,ApplicationStrategyNetwork.monitoringServer.app[5],packetSent:count,source,packetSent,,,,,,,
RR_T30-2-20260914-20:19:47-1199,attr,ApplicationStrategyNetwork.monitoringServer.app[5],packetSent:count,title,"packets sent, count",,,,,,,
RR_T30-2-20260914-20:19:47-1199,scalar,ApplicationStrategyNetwork.monitoringServer.app[6],packetReceived:count,,,20,,,,,,
RR_T30-2-20260914-20:19:47-1199,attr,ApplicationStrategyNetwork.monitoringServer.app[6],packetReceived:count,interpolationmode,none,,,,,,,
RR_T30-2-20260914-20:19:47-1199,attr,ApplicationStrategyNetwork.monitoringServer.app[6],packetReceived:count,recordingmode,count,,,,,,,
RR_T30-2-20260914-20:19:47-1199,attr,ApplicationStrategyNetwork.monitoringServer.app[6],packetReceived:count,source,packetReceived,,,,,,,
RR_T30-2-20260914-20:19:47-1199,attr,ApplicationStrategyNetwork.monitoringServer.app[6],packetReceived:count,title,"packets received, count",,,,,,,
RR_T30-2-20260914-20:19:47-1199,scalar,ApplicationStrategyNetwork.monitoringServer.app[6],packetSent:count,,,20,,,,,,
RR_T30-2-20260914-20:19:47-1199,attr,ApplicationStrategyNetwork.monitoringServer.app[6],packetSent:count,interpolationmode,none,,,,,,,
RR_T30-2-20260914-20:19:47-1199,attr,ApplicationStrategyNetwork.monitoringServer.app[6],packetSent:count,recordingmode,count,,,,,,,
RR_T30-2-20260914-20:19:47-1199,attr,ApplicationStrategyNetwork.monitoringServer.app[6],packetSent:count,source,packetSent,,,,,,,
RR_T30-2-20260914-20:19:47-1199,attr,ApplicationStrategyNetwork.monitoringServer.app[6],packetSent:count,title,"packets sent, count",,,,,,,
RR_T30-2-20260914-20:19:47-1199,scalar,ApplicationStrategyNetwork.monitoringServer.app[7],packetReceived:count,,,20,,,,,,
RR_T30-2-20260914-20:19:47-1199,attr,ApplicationStrategyNetwork.monitoringServer.app[7],packetReceived:count,interpolationmode,none,,,,,,,
RR_T30-2-20260914-20:19:47-1199,attr,ApplicationStrategyNetwork.monitoringServer.app[7],packetReceived:count,recordingmode,count,,,,,,,
RR_T30-2-20260914-20:19:47-1199,attr,ApplicationStrategyNetwork.monitoringServer.app[7],packetReceived:count,source,packetReceived,,,,,,,
RR_T30-2-20260914-20:19:47-1199,attr,ApplicationStrategyNetwork.monitoringServer.app[7],packetReceived:count,title,"packets received, count",,,,,,,
RR_T30-2-20260914-20:19:47-1199,scalar,ApplicationStrategyNetwork.monitoringServer.app[7],packetSent:count,,,20,,,,,,
RR_T30-2-20260914-20:19:47-1199,attr,ApplicationStrategyNetwork.monitoringServer.app[7],packetSent:count,interpolationmode,none,,,,,,,
RR_T30-2-20260914-20:19:47-1199,attr,ApplicationStrategyNetwork.monitoringServer.app[7],packetSent:count,recordingmode,count,,,,,,,
RR_T30-2-20260914-20:19:47-1199,attr,ApplicationStrategyNetwork.monitoringServer.app[7],packetSent:count,source,packetSent,,,,,,,
RR_T30-2-20260914-20:19:47-1199,attr,ApplicationStrategyNetwork.monitoringServer.app[7],packetSent:count,title,"packets sent, count",,,,,,,
RR_T30-2-20260914-20:19:47-1199,scalar,ApplicationStrategyNetwork.monitoringServer.app[8],packetReceived:count,,,20,,,,,,
RR_T30-2-20260914-20:19:47-1199,attr,ApplicationStrategyNetwork.monitoringServer.app[8],packetReceived:count,interpolationmode,none,,,,,,,
RR_T30-2-20260914-20:19:47-1199,attr,ApplicationStrategyNetwork.monitoringServer.app[8],packetReceived:count,recordingmode,count,,,,,,,
RR_T30-2-20260914-20:19:47-1199,attr,ApplicationStrategyNetwork.monitoringServer.app[8],packetReceived:count,source,packetReceived,,,,,,,
RR_T30-2-20260914-20:19:47-1199,attr,ApplicationStrategyNetwork.monitoringServer.app[8],packetReceived:count,title,"packets received, count",,,,,,,
RR_T30-2-20260914-20:19:47-1199,scalar,ApplicationStrategyNetwork.monitoringServer.app[8],packetSent:count,,,20,,,,,,
RR_T30-2-20260914-20:19:47-1199,attr,ApplicationStrategyNetwork.monitoringServer.app[8],packetSent:count,interpolationmode,none,,,,,,,
RR_T30-2-20260914-20:19:47-1199,attr,ApplicationStrategyNetwork.monitoringServer.app[8],packetSent:count,recordingmode,count,,,,,,,
RR_T30-2-20260914-20:19:47-1199,attr,ApplicationStrategyNetwork.monitoringServer.app[8],packetSent:count,source,packetSent,,,,,,,
RR_T30-2-20260914-20:19:47-1199,attr,ApplicationStrategyNetwork.monitoringServer.app[8],packetSent:count,title,"packets sent, count",,,,,,,
RR_T30-2-20260914-20:19:47-1199,scalar,ApplicationStrategyNetwork.monitoringServer.app[9],packetReceived:count,,,20,,,,,,
RR_T30-2-20260914-20:19:47-1199,attr,ApplicationStrategyNetwork.monitoringServer.app[9],packetReceived:count,interpolationmode,none,,,,,,,
RR_T30-2-20260914-20:19:47-1199,attr,ApplicationStrategyNetwork.monitoringServer.app[9],packetReceived:count,recordingmode,count,,,,,,,
RR_T30-2-20260914-20:19:47-1199,attr,ApplicationStrategyNetwork.monitoringServer.app[9],packetReceived:count,source,packetReceived,,,,,,,
RR_T30-2-20260914-20:19:47-1199,attr,ApplicationStrategyNetwork.monitoringServer.app[9],packetReceived:count,title,"packets received, count",,,,,,,
RR_T30-2-20260914-20:19:47-1199,scalar,ApplicationStrategyNetwork.monitoringServer.app[9],packetSent:count,,,20,,,,,,
RR_T30-2-20260914-20:19:47-1199,attr,ApplicationStrategyNetwork.monitoringServer.app[9],packetSent:count,interpolationmode,none,,,,,,,
RR_T30-2-20260914-20:19:47-1199,attr,ApplicationStrategyNetwork.monitoringServer.app[9],packetSent:count,recordingmode,count,,,,,,,
RR_T30-2-20260914-20:19:47-1199,attr,ApplicationStrategyNetwork.monitoringServer.app[9],packetSent:count,source,packetSent,,,,,,,
RR_T30-2-20260914-20:19:47-1199,attr,ApplicationStrategyNetwork.monitoringServer.app[9],packetSent:count,title,"packets sent, count",,,,,,,
RR_T30-2-20260914-20:19:47-1199,scalar,ApplicationStrategyNetwork.monitoringServer.app[10],packetReceived:count,,,20,,,,,,
RR_T30-2-20260914-20:19:47-1199,attr,ApplicationStrategyNetwork.monitoringServer.app[10],packetReceived:count,interpolationmode,none,,,,,,,
RR_T30-2-20260914-20:19:47-1199,attr,ApplicationStrategyNetwork.monitoringServer.app[10],packetReceived:count,recordingmode,count,,,,,,,
RR_T30-2-20260914-20:19:47-1199,attr,ApplicationStrategyNetwork.monitoringServer.app[10],packetReceived:count,source,packetReceived,,,,,,,
RR_T30-2-20260914-20:19:47-1199,attr,ApplicationStrategyNetwork.monitoringServer.app[10],packetReceived:count,title,"packets received, count",,,,,,,
RR_T30-2-20260914-20:19:47-1199,scalar,ApplicationStrategyNetwork.monitoringServer.app[10],packetSent:count,,,20,,,,,,
RR_T30-2-20260914-20:19:47-1199,attr,ApplicationStrategyNetwork.monitoringServer.app[10],packetSent:count,interpolationmode,none,,,,,,,
RR_T30-2-20260914-20:19:47-1199,attr,ApplicationStrategyNetwork.monitoringServer.app[10],packetSent:count,recordingmode,count,,,,,,,
RR_T30-2-20260914-20:19:47-1199,attr,ApplicationStrategyNetwork.monitoringServer.app[10],packetSent:count,source,packetSent,,,,,,,
RR_T30-2-20260914-20:19:47-1199,attr,ApplicationStrategyNetwork.monitoringServer.app[10],packetSent:count,title,"packets sent, count",,,,,,,
RR_T30-2-20260914-20:19:47-1199,scalar,ApplicationStrategyNetwork.monitoringServer.app[11],packetReceived:count,,,20,,,,,,
RR_T30-2-20260914-20:19:47-1199,attr,ApplicationStrategyNetwork.monitoringServer.app[11],packetReceived:count,interpolationmode,none,,,,,,,
RR_T30-2-20260914-20:19:47-1199,attr,ApplicationStrategyNetwork.monitoringServer.app[11],packetReceived:count,recordingmode,count,,,,,,,
RR_T30-2-20260914-20:19:47-1199,attr,ApplicationStrategyNetwork.monitoringServer.app[11],packetReceived:count,source,packetReceived,,,,,,,
RR_T30-2-20260914-20:19:47-1199,attr,ApplicationStrategyNetwork.monitoringServer.app[11],packetReceived:count,title,"packets received, count",,,,,,,
RR_T30-2-20260914-20:19:47-1199,scalar,ApplicationStrategyNetwork.monitoringServer.app[11],packetSent:count,,,20,,,,,,
RR_T30-2-20260914-20:19:47-1199,attr,ApplicationStrategyNetwork.monitoringServer.app[11],packetSent:count,interpolationmode,none,,,,,,,
RR_T30-2-20260914-20:19:47-1199,attr,ApplicationStrategyNetwork.monitoringServer.app[11],packetSent:count,recordingmode,count,,,,,,,
RR_T30-2-20260914-20:19:47-1199,attr,ApplicationStrategyNetwork.monitoringServer.app[11],packetSent:count,source,packetSent,,,,,,,
RR_T30-2-20260914-20:19:47-1199,attr,ApplicationStrategyNetwork.monitoringServer.app[11],packetSent:count,title,"packets sent, count",,,,,,,
RR_T30-3-20260914-20:19:49-1204,scalar,ApplicationStrategyNetwork.sensor[0].app[0],echoedPk:count,,,20,,,,,,
RR_T30-3-20260914-20:19:49-1204,attr,ApplicationStrategyNetwork.sensor[0].app[0],echoedPk:count,interpolationmode,none,,,,,,,
RR_T30-3-20260914-20:19:49-1204,attr,ApplicationStrategyNetwork.sensor[0].app[0],echoedPk:count,recordingmode,count,,,,,,,
RR_T30-3-20260914-20:19:49-1204,attr,ApplicationStrategyNetwork.sensor[0].app[0],echoedPk:count,source,packetSent,,,,,,,
RR_T30-3-20260914-20:19:49-1204,attr,ApplicationStrategyNetwork.sensor[0].app[0],echoedPk:count,title,"packets echoed, count",,,,,,,
RR_T30-3-20260914-20:19:49-1204,scalar,ApplicationStrategyNetwork.sensor[1].app[0],echoedPk:count,,,20,,,,,,
RR_T30-3-20260914-20:19:49-1204,attr,ApplicationStrategyNetwork.sensor[1].app[0],echoedPk:count,interpolationmode,none,,,,,,,
RR_T30-3-20260914-20:19:49-1204,attr,ApplicationStrategyNetwork.sensor[1].app[0],echoedPk:count,recordingmode,count,,,,,,,
RR_T30-3-20260914-20:19:49-1204,attr,ApplicationStrategyNetwork.sensor[1].app[0],echoedPk:count,source,packetSent,,,,,,,
RR_T30-3-20260914-20:19:49-1204,attr,ApplicationStrategyNetwork.sensor[1].app[0],echoedPk:count,title,"packets echoed, count",,,,,,,
RR_T30-3-20260914-20:19:49-1204,scalar,ApplicationStrategyNetwork.sensor[2].app[0],echoedPk:count,,,20,,,,,,
RR_T30-3-20260914-20:19:49-1204,attr,ApplicationStrategyNetwork.sensor[2].app[0],echoedPk:count,interpolationmode,none,,,,,,,
RR_T30-3-20260914-20:19:49-1204,attr,ApplicationStrategyNetwork.sensor[2].app[0],echoedPk:count,recordingmode,count,,,,,,,
RR_T30-3-20260914-20:19:49-1204,attr,ApplicationStrategyNetwork.sensor[2].app[0],echoedPk:count,source,packetSent,,,,,,,
RR_T30-3-20260914-20:19:49-1204,attr,ApplicationStrategyNetwork.sensor[2].app[0],echoedPk:count,title,"packets echoed, count",,,,,,,
RR_T30-3-20260914-20:19:49-1204,scalar,ApplicationStrategyNetwork.sensor[3].app[0],echoedPk:count,,,20,,,,,,
RR_T30-3-20260914-20:19:49-1204,attr,ApplicationStrategyNetwork.sensor[3].app[0],echoedPk:count,interpolationmode,none,,,,,,,
RR_T30-3-20260914-20:19:49-1204,attr,ApplicationStrategyNetwork.sensor[3].app[0],echoedPk:count,recordingmode,count,,,,,,,
RR_T30-3-20260914-20:19:49-1204,attr,ApplicationStrategyNetwork.sensor[3].app[0],echoedPk:count,source,packetSent,,,,,,,
RR_T30-3-20260914-20:19:49-1204,attr,ApplicationStrategyNetwork.sensor[3].app[0],echoedPk:count,title,"packets echoed, count",,,,,,,
RR_T30-3-20260914-20:19:49-1204,scalar,ApplicationStrategyNetwork.sensor[4].app[0],echoedPk:count,,,20,,,,,,
RR_T30-3-20260914-20:19:49-1204,attr,ApplicationStrategyNetwork.sensor[4].app[0],echoedPk:count,interpolationmode,none,,,,,,,
RR_T30-3-20260914-20:19:49-1204,attr,ApplicationStrategyNetwork.sensor[4].app[0],echoedPk:count,recordingmode,count,,,,,,,
RR_T30-3-20260914-20:19:49-1204,attr,ApplicationStrategyNetwork.sensor[4].app[0],echoedPk:count,source,packetSent,,,,,,,
RR_T30-3-20260914-20:19:49-1204,attr,ApplicationStrategyNetwork.sensor[4].app[0],echoedPk:count,title,"packets echoed, count",,,,,,,
RR_T30-3-20260914-20:19:49-1204,scalar,ApplicationStrategyNetwork.sensor[5].app[0],echoedPk:count,,,20,,,,,,
RR_T30-3-20260914-20:19:49-1204,attr,ApplicationStrategyNetwork.sensor[5].app[0],echoedPk:count,interpolationmode,none,,,,,,,
RR_T30-3-20260914-20:19:49-1204,attr,ApplicationStrategyNetwork.sensor[5].app[0],echoedPk:count,recordingmode,count,,,,,,,
RR_T30-3-20260914-20:19:49-1204,attr,ApplicationStrategyNetwork.sensor[5].app[0],echoedPk:count,source,packetSent,,,,,,,
RR_T30-3-20260914-20:19:49-1204,attr,ApplicationStrategyNetwork.sensor[5].app[0],echoedPk:count,title,"packets echoed, count",,,,,,,
RR_T30-3-20260914-20:19:49-1204,scalar,ApplicationStrategyNetwork.sensor[6].app[0],echoedPk:count,,,20,,,,,,
RR_T30-3-20260914-20:19:49-1204,attr,ApplicationStrategyNetwork.sensor[6].app[0],echoedPk:count,interpolationmode,none,,,,,,,
RR_T30-3-20260914-20:19:49-1204,attr,ApplicationStrategyNetwork.sensor[6].app[0],echoedPk:count,recordingmode,count,,,,,,,
RR_T30-3-20260914-20:19:49-1204,attr,ApplicationStrategyNetwork.sensor[6].app[0],echoedPk:count,source,packetSent,,,,,,,
RR_T30-3-20260914-20:19:49-1204,attr,ApplicationStrategyNetwork.sensor[6].app[0],echoedPk:count,title,"packets echoed, count",,,,,,,
RR_T30-3-20260914-20:19:49-1204,scalar,ApplicationStrategyNetwork.sensor[7].app[0],echoedPk:count,,,20,,,,,,
RR_T30-3-20260914-20:19:49-1204,attr,ApplicationStrategyNetwork.sensor[7].app[0],echoedPk:count,interpolationmode,none,,,,,,,
RR_T30-3-20260914-20:19:49-1204,attr,ApplicationStrategyNetwork.sensor[7].app[0],echoedPk:count,recordingmode,count,,,,,,,
RR_T30-3-20260914-20:19:49-1204,attr,ApplicationStrategyNetwork.sensor[7].app[0],echoedPk:count,source,packetSent,,,,,,,
RR_T30-3-20260914-20:19:49-1204,attr,ApplicationStrategyNetwork.sensor[7].app[0],echoedPk:count,title,"packets echoed, count",,,,,,,
RR_T30-3-20260914-20:19:49-1204,scalar,ApplicationStrategyNetwork.sensor[8].app[0],echoedPk:count,,,20,,,,,,
RR_T30-3-20260914-20:19:49-1204,attr,ApplicationStrategyNetwork.sensor[8].app[0],echoedPk:count,interpolationmode,none,,,,,,,
RR_T30-3-20260914-20:19:49-1204,attr,ApplicationStrategyNetwork.sensor[8].app[0],echoedPk:count,recordingmode,count,,,,,,,
RR_T30-3-20260914-20:19:49-1204,attr,ApplicationStrategyNetwork.sensor[8].app[0],echoedPk:count,source,packetSent,,,,,,,
RR_T30-3-20260914-20:19:49-1204,attr,ApplicationStrategyNetwork.sensor[8].app[0],echoedPk:count,title,"packets echoed, count",,,,,,,
RR_T30-3-20260914-20:19:49-1204,scalar,ApplicationStrategyNetwork.sensor[9].app[0],echoedPk:count,,,20,,,,,,
RR_T30-3-20260914-20:19:49-1204,attr,ApplicationStrategyNetwork.sensor[9].app[0],echoedPk:count,interpolationmode,none,,,,,,,
RR_T30-3-20260914-20:19:49-1204,attr,ApplicationStrategyNetwork.sensor[9].app[0],echoedPk:count,recordingmode,count,,,,,,,
RR_T30-3-20260914-20:19:49-1204,attr,ApplicationStrategyNetwork.sensor[9].app[0],echoedPk:count,source,packetSent,,,,,,,
RR_T30-3-20260914-20:19:49-1204,attr,ApplicationStrategyNetwork.sensor[9].app[0],echoedPk:count,title,"packets echoed, count",,,,,,,
RR_T30-3-20260914-20:19:49-1204,scalar,ApplicationStrategyNetwork.sensor[10].app[0],echoedPk:count,,,20,,,,,,
RR_T30-3-20260914-20:19:49-1204,attr,ApplicationStrategyNetwork.sensor[10].app[0],echoedPk:count,interpolationmode,none,,,,,,,
RR_T30-3-20260914-20:19:49-1204,attr,ApplicationStrategyNetwork.sensor[10].app[0],echoedPk:count,recordingmode,count,,,,,,,
RR_T30-3-20260914-20:19:49-1204,attr,ApplicationStrategyNetwork.sensor[10].app[0],echoedPk:count,source,packetSent,,,,,,,
RR_T30-3-20260914-20:19:49-1204,attr,ApplicationStrategyNetwork.sensor[10].app[0],echoedPk:count,title,"packets echoed, count",,,,,,,
RR_T30-3-20260914-20:19:49-1204,scalar,ApplicationStrategyNetwork.sensor[11].app[0],echoedPk:count,,,20,,,,,,
RR_T30-3-20260914-20:19:49-1204,attr,ApplicationStrategyNetwork.sensor[11].app[0],echoedPk:count,interpolationmode,none,,,,,,,
RR_T30-3-20260914-20:19:49-1204,attr,ApplicationStrategyNetwork.sensor[11].app[0],echoedPk:count,recordingmode,count,,,,,,,
RR_T30-3-20260914-20:19:49-1204,attr,ApplicationStrategyNetwork.sensor[11].app[0],echoedPk:count,source,packetSent,,,,,,,
RR_T30-3-20260914-20:19:49-1204,attr,ApplicationStrategyNetwork.sensor[11].app[0],echoedPk:count,title,"packets echoed, count",,,,,,,
RR_T30-3-20260914-20:19:49-1204,scalar,ApplicationStrategyNetwork.monitoringServer.app[0],packetReceived:count,,,20,,,,,,
RR_T30-3-20260914-20:19:49-1204,attr,ApplicationStrategyNetwork.monitoringServer.app[0],packetReceived:count,interpolationmode,none,,,,,,,
RR_T30-3-20260914-20:19:49-1204,attr,ApplicationStrategyNetwork.monitoringServer.app[0],packetReceived:count,recordingmode,count,,,,,,,
RR_T30-3-20260914-20:19:49-1204,attr,ApplicationStrategyNetwork.monitoringServer.app[0],packetReceived:count,source,packetReceived,,,,,,,
RR_T30-3-20260914-20:19:49-1204,attr,ApplicationStrategyNetwork.monitoringServer.app[0],packetReceived:count,title,"packets received, count",,,,,,,
RR_T30-3-20260914-20:19:49-1204,scalar,ApplicationStrategyNetwork.monitoringServer.app[0],packetSent:count,,,20,,,,,,
RR_T30-3-20260914-20:19:49-1204,attr,ApplicationStrategyNetwork.monitoringServer.app[0],packetSent:count,interpolationmode,none,,,,,,,
RR_T30-3-20260914-20:19:49-1204,attr,ApplicationStrategyNetwork.monitoringServer.app[0],packetSent:count,recordingmode,count,,,,,,,
RR_T30-3-20260914-20:19:49-1204,attr,ApplicationStrategyNetwork.monitoringServer.app[0],packetSent:count,source,packetSent,,,,,,,
RR_T30-3-20260914-20:19:49-1204,attr,ApplicationStrategyNetwork.monitoringServer.app[0],packetSent:count,title,"packets sent, count",,,,,,,
RR_T30-3-20260914-20:19:49-1204,scalar,ApplicationStrategyNetwork.monitoringServer.app[1],packetReceived:count,,,20,,,,,,
RR_T30-3-20260914-20:19:49-1204,attr,ApplicationStrategyNetwork.monitoringServer.app[1],packetReceived:count,interpolationmode,none,,,,,,,
RR_T30-3-20260914-20:19:49-1204,attr,ApplicationStrategyNetwork.monitoringServer.app[1],packetReceived:count,recordingmode,count,,,,,,,
RR_T30-3-20260914-20:19:49-1204,attr,ApplicationStrategyNetwork.monitoringServer.app[1],packetReceived:count,source,packetReceived,,,,,,,
RR_T30-3-20260914-20:19:49-1204,attr,ApplicationStrategyNetwork.monitoringServer.app[1],packetReceived:count,title,"packets received, count",,,,,,,
RR_T30-3-20260914-20:19:49-1204,scalar,ApplicationStrategyNetwork.monitoringServer.app[1],packetSent:count,,,20,,,,,,
RR_T30-3-20260914-20:19:49-1204,attr,ApplicationStrategyNetwork.monitoringServer.app[1],packetSent:count,interpolationmode,none,,,,,,,
RR_T30-3-20260914-20:19:49-1204,attr,ApplicationStrategyNetwork.monitoringServer.app[1],packetSent:count,recordingmode,count,,,,,,,
RR_T30-3-20260914-20:19:49-1204,attr,ApplicationStrategyNetwork.monitoringServer.app[1],packetSent:count,source,packetSent,,,,,,,
RR_T30-3-20260914-20:19:49-1204,attr,ApplicationStrategyNetwork.monitoringServer.app[1],packetSent:count,title,"packets sent, count",,,,,,,
RR_T30-3-20260914-20:19:49-1204,scalar,ApplicationStrategyNetwork.monitoringServer.app[2],packetReceived:count,,,20,,,,,,
RR_T30-3-20260914-20:19:49-1204,attr,ApplicationStrategyNetwork.monitoringServer.app[2],packetReceived:count,interpolationmode,none,,,,,,,
RR_T30-3-20260914-20:19:49-1204,attr,ApplicationStrategyNetwork.monitoringServer.app[2],packetReceived:count,recordingmode,count,,,,,,,
RR_T30-3-20260914-20:19:49-1204,attr,ApplicationStrategyNetwork.monitoringServer.app[2],packetReceived:count,source,packetReceived,,,,,,,
RR_T30-3-20260914-20:19:49-1204,attr,ApplicationStrategyNetwork.monitoringServer.app[2],packetReceived:count,title,"packets received, count",,,,,,,
RR_T30-3-20260914-20:19:49-1204,scalar,ApplicationStrategyNetwork.monitoringServer.app[2],packetSent:count,,,20,,,,,,
RR_T30-3-20260914-20:19:49-1204,attr,ApplicationStrategyNetwork.monitoringServer.app[2],packetSent:count,interpolationmode,none,,,,,,,
RR_T30-3-20260914-20:19:49-1204,attr,ApplicationStrategyNetwork.monitoringServer.app[2],packetSent:count,recordingmode,count,,,,,,,
RR_T30-3-20260914-20:19:49-1204,attr,ApplicationStrategyNetwork.monitoringServer.app[2],packetSent:count,source,packetSent,,,,,,,
RR_T30-3-20260914-20:19:49-1204,attr,ApplicationStrategyNetwork.monitoringServer.app[2],packetSent:count,title,"packets sent, count",,,,,,,
RR_T30-3-20260914-20:19:49-1204,scalar,ApplicationStrategyNetwork.monitoringServer.app[3],packetReceived:count,,,20,,,,,,
RR_T30-3-20260914-20:19:49-1204,attr,ApplicationStrategyNetwork.monitoringServer.app[3],packetReceived:count,interpolationmode,none,,,,,,,
RR_T30-3-20260914-20:19:49-1204,attr,ApplicationStrategyNetwork.monitoringServer.app[3],packetReceived:count,recordingmode,count,,,,,,,
RR_T30-3-20260914-20:19:49-1204,attr,ApplicationStrategyNetwork.monitoringServer.app[3],packetReceived:count,source,packetReceived,,,,,,,
RR_T30-3-20260914-20:19:49-1204,attr,ApplicationStrategyNetwork.monitoringServer.app[3],packetReceived:count,title,"packets received, count",,,,,,,
RR_T30-3-20260914-20:19:49-1204,scalar,ApplicationStrategyNetwork.monitoringServer.app[3],packetSent:count,,,20,,,,,,
RR_T30-3-20260914-20:19:49-1204,attr,ApplicationStrategyNetwork.monitoringServer.app[3],packetSent:count,interpolationmode,none,,,,,,,
RR_T30-3-20260914-20:19:49-1204,attr,ApplicationStrategyNetwork.monitoringServer.app[3],packetSent:count,recordingmode,count,,,,,,,
RR_T30-3-20260914-20:19:49-1204,attr,ApplicationStrategyNetwork.monitoringServer.app[3],packetSent:count,source,packetSent,,,,,,,
RR_T30-3-20260914-20:19:49-1204,attr,ApplicationStrategyNetwork.monitoringServer.app[3],packetSent:count,title,"packets sent, count",,,,,,,
RR_T30-3-20260914-20:19:49-1204,scalar,ApplicationStrategyNetwork.monitoringServer.app[4],packetReceived:count,,,20,,,,,,
RR_T30-3-20260914-20:19:49-1204,attr,ApplicationStrategyNetwork.monitoringServer.app[4],packetReceived:count,interpolationmode,none,,,,,,,
RR_T30-3-20260914-20:19:49-1204,attr,ApplicationStrategyNetwork.monitoringServer.app[4],packetReceived:count,recordingmode,count,,,,,,,
RR_T30-3-20260914-20:19:49-1204,attr,ApplicationStrategyNetwork.monitoringServer.app[4],packetReceived:count,source,packetReceived,,,,,,,
RR_T30-3-20260914-20:19:49-1204,attr,ApplicationStrategyNetwork.monitoringServer.app[4],packetReceived:count,title,"packets received, count",,,,,,,
RR_T30-3-20260914-20:19:49-1204,scalar,ApplicationStrategyNetwork.monitoringServer.app[4],packetSent:count,,,20,,,,,,
RR_T30-3-20260914-20:19:49-1204,attr,ApplicationStrategyNetwork.monitoringServer.app[4],packetSent:count,interpolationmode,none,,,,,,,
RR_T30-3-20260914-20:19:49-1204,attr,ApplicationStrategyNetwork.monitoringServer.app[4],packetSent:count,recordingmode,count,,,,,,,
RR_T30-3-20260914-20:19:49-1204,attr,ApplicationStrategyNetwork.monitoringServer.app[4],packetSent:count,source,packetSent,,,,,,,
RR_T30-3-20260914-20:19:49-1204,attr,ApplicationStrategyNetwork.monitoringServer.app[4],packetSent:count,title,"packets sent, count",,,,,,,
RR_T30-3-20260914-20:19:49-1204,scalar,ApplicationStrategyNetwork.monitoringServer.app[5],packetReceived:count,,,20,,,,,,
RR_T30-3-20260914-20:19:49-1204,attr,ApplicationStrategyNetwork.monitoringServer.app[5],packetReceived:count,interpolationmode,none,,,,,,,
RR_T30-3-20260914-20:19:49-1204,attr,ApplicationStrategyNetwork.monitoringServer.app[5],packetReceived:count,recordingmode,count,,,,,,,
RR_T30-3-20260914-20:19:49-1204,attr,ApplicationStrategyNetwork.monitoringServer.app[5],packetReceived:count,source,packetReceived,,,,,,,
RR_T30-3-20260914-20:19:49-1204,attr,ApplicationStrategyNetwork.monitoringServer.app[5],packetReceived:count,title,"packets received, count",,,,,,,
RR_T30-3-20260914-20:19:49-1204,scalar,ApplicationStrategyNetwork.monitoringServer.app[5],packetSent:count,,,20,,,,,,
RR_T30-3-20260914-20:19:49-1204,attr,ApplicationStrategyNetwork.monitoringServer.app[5],packetSent:count,interpolationmode,none,,,,,,,
RR_T30-3-20260914-20:19:49-1204,attr,ApplicationStrategyNetwork.monitoringServer.app[5],packetSent:count,recordingmode,count,,,,,,,
RR_T30-3-20260914-20:19:49-1204,attr,ApplicationStrategyNetwork.monitoringServer.app[5],packetSent:count,source,packetSent,,,,,,,
RR_T30-3-20260914-20:19:49-1204,attr,ApplicationStrategyNetwork.monitoringServer.app[5],packetSent:count,title,"packets sent, count",,,,,,,
RR_T30-3-20260914-20:19:49-1204,scalar,ApplicationStrategyNetwork.monitoringServer.app[6],packetReceived:count,,,20,,,,,,
RR_T30-3-20260914-20:19:49-1204,attr,ApplicationStrategyNetwork.monitoringServer.app[6],packetReceived:count,interpolationmode,none,,,,,,,
RR_T30-3-20260914-20:19:49-1204,attr,ApplicationStrategyNetwork.monitoringServer.app[6],packetReceived:count,recordingmode,count,,,,,,,
RR_T30-3-20260914-20:19:49-1204,attr,ApplicationStrategyNetwork.monitoringServer.app[6],packetReceived:count,source,packetReceived,,,,,,,
RR_T30-3-20260914-20:19:49-1204,attr,ApplicationStrategyNetwork.monitoringServer.app[6],packetReceived:count,title,"packets received, count",,,,,,,
RR_T30-3-20260914-20:19:49-1204,scalar,ApplicationStrategyNetwork.monitoringServer.app[6],packetSent:count,,,20,,,,,,
RR_T30-3-20260914-20:19:49-1204,attr,ApplicationStrategyNetwork.monitoringServer.app[6],packetSent:count,interpolationmode,none,,,,,,,
RR_T30-3-20260914-20:19:49-1204,attr,ApplicationStrategyNetwork.monitoringServer.app[6],packetSent:count,recordingmode,count,,,,,,,
RR_T30-3-20260914-20:19:49-1204,attr,ApplicationStrategyNetwork.monitoringServer.app[6],packetSent:count,source,packetSent,,,,,,,
RR_T30-3-20260914-20:19:49-1204,attr,ApplicationStrategyNetwork.monitoringServer.app[6],packetSent:count,title,"packets sent, count",,,,,,,
RR_T30-3-20260914-20:19:49-1204,scalar,ApplicationStrategyNetwork.monitoringServer.app[7],packetReceived:count,,,20,,,,,,
RR_T30-3-20260914-20:19:49-1204,attr,ApplicationStrategyNetwork.monitoringServer.app[7],packetReceived:count,interpolationmode,none,,,,,,,
RR_T30-3-20260914-20:19:49-1204,attr,ApplicationStrategyNetwork.monitoringServer.app[7],packetReceived:count,recordingmode,count,,,,,,,
RR_T30-3-20260914-20:19:49-1204,attr,ApplicationStrategyNetwork.monitoringServer.app[7],packetReceived:count,source,packetReceived,,,,,,,
RR_T30-3-20260914-20:19:49-1204,attr,ApplicationStrategyNetwork.monitoringServer.app[7],packetReceived:count,title,"packets received, count",,,,,,,
RR_T30-3-20260914-20:19:49-1204,scalar,ApplicationStrategyNetwork.monitoringServer.app[7],packetSent:count,,,20,,,,,,
RR_T30-3-20260914-20:19:49-1204,attr,ApplicationStrategyNetwork.monitoringServer.app[7],packetSent:count,interpolationmode,none,,,,,,,
RR_T30-3-20260914-20:19:49-1204,attr,ApplicationStrategyNetwork.monitoringServer.app[7],packetSent:count,recordingmode,count,,,,,,,
RR_T30-3-20260914-20:19:49-1204,attr,ApplicationStrategyNetwork.monitoringServer.app[7],packetSent:count,source,packetSent,,,,,,,
RR_T30-3-20260914-20:19:49-1204,attr,ApplicationStrategyNetwork.monitoringServer.app[7],packetSent:count,title,"packets sent, count",,,,,,,
RR_T30-3-20260914-20:19:49-1204,scalar,ApplicationStrategyNetwork.monitoringServer.app[8],packetReceived:count,,,20,,,,,,
RR_T30-3-20260914-20:19:49-1204,attr,ApplicationStrategyNetwork.monitoringServer.app[8],packetReceived:count,interpolationmode,none,,,,,,,
RR_T30-3-20260914-20:19:49-1204,attr,ApplicationStrategyNetwork.monitoringServer.app[8],packetReceived:count,recordingmode,count,,,,,,,
RR_T30-3-20260914-20:19:49-1204,attr,ApplicationStrategyNetwork.monitoringServer.app[8],packetReceived:count,source,packetReceived,,,,,,,
RR_T30-3-20260914-20:19:49-1204,attr,ApplicationStrategyNetwork.monitoringServer.app[8],packetReceived:count,title,"packets received, count",,,,,,,
RR_T30-3-20260914-20:19:49-1204,scalar,ApplicationStrategyNetwork.monitoringServer.app[8],packetSent:count,,,20,,,,,,
RR_T30-3-20260914-20:19:49-1204,attr,ApplicationStrategyNetwork.monitoringServer.app[8],packetSent:count,interpolationmode,none,,,,,,,
RR_T30-3-20260914-20:19:49-1204,attr,ApplicationStrategyNetwork.monitoringServer.app[8],packetSent:count,recordingmode,count,,,,,,,
RR_T30-3-20260914-20:19:49-1204,attr,ApplicationStrategyNetwork.monitoringServer.app[8],packetSent:count,source,packetSent,,,,,,,
RR_T30-3-20260914-20:19:49-1204,attr,ApplicationStrategyNetwork.monitoringServer.app[8],packetSent:count,title,"packets sent, count",,,,,,,
RR_T30-3-20260914-20:19:49-1204,scalar,ApplicationStrategyNetwork.monitoringServer.app[9],packetReceived:count,,,20,,,,,,
RR_T30-3-20260914-20:19:49-1204,attr,ApplicationStrategyNetwork.monitoringServer.app[9],packetReceived:count,interpolationmode,none,,,,,,,
RR_T30-3-20260914-20:19:49-1204,attr,ApplicationStrategyNetwork.monitoringServer.app[9],packetReceived:count,recordingmode,count,,,,,,,
RR_T30-3-20260914-20:19:49-1204,attr,ApplicationStrategyNetwork.monitoringServer.app[9],packetReceived:count,source,packetReceived,,,,,,,
RR_T30-3-20260914-20:19:49-1204,attr,ApplicationStrategyNetwork.monitoringServer.app[9],packetReceived:count,title,"packets received, count",,,,,,,
RR_T30-3-20260914-20:19:49-1204,scalar,ApplicationStrategyNetwork.monitoringServer.app[9],packetSent:count,,,20,,,,,,
RR_T30-3-20260914-20:19:49-1204,attr,ApplicationStrategyNetwork.monitoringServer.app[9],packetSent:count,interpolationmode,none,,,,,,,
RR_T30-3-20260914-20:19:49-1204,attr,ApplicationStrategyNetwork.monitoringServer.app[9],packetSent:count,recordingmode,count,,,,,,,
RR_T30-3-20260914-20:19:49-1204,attr,ApplicationStrategyNetwork.monitoringServer.app[9],packetSent:count,source,packetSent,,,,,,,
RR_T30-3-20260914-20:19:49-1204,attr,ApplicationStrategyNetwork.monitoringServer.app[9],packetSent:count,title,"packets sent, count",,,,,,,
RR_T30-3-20260914-20:19:49-1204,scalar,ApplicationStrategyNetwork.monitoringServer.app[10],packetReceived:count,,,20,,,,,,
RR_T30-3-20260914-20:19:49-1204,attr,ApplicationStrategyNetwork.monitoringServer.app[10],packetReceived:count,interpolationmode,none,,,,,,,
RR_T30-3-20260914-20:19:49-1204,attr,ApplicationStrategyNetwork.monitoringServer.app[10],packetReceived:count,recordingmode,count,,,,,,,
RR_T30-3-20260914-20:19:49-1204,attr,ApplicationStrategyNetwork.monitoringServer.app[10],packetReceived:count,source,packetReceived,,,,,,,
RR_T30-3-20260914-20:19:49-1204,attr,ApplicationStrategyNetwork.monitoringServer.app[10],packetReceived:count,title,"packets received, count",,,,,,,
RR_T30-3-20260914-20:19:49-1204,scalar,ApplicationStrategyNetwork.monitoringServer.app[10],packetSent:count,,,20,,,,,,
RR_T30-3-20260914-20:19:49-1204,attr,ApplicationStrategyNetwork.monitoringServer.app[10],packetSent:count,interpolationmode,none,,,,,,,
RR_T30-3-20260914-20:19:49-1204,attr,ApplicationStrategyNetwork.monitoringServer.app[10],packetSent:count,recordingmode,count,,,,,,,
RR_T30-3-20260914-20:19:49-1204,attr,ApplicationStrategyNetwork.monitoringServer.app[10],packetSent:count,source,packetSent,,,,,,,
RR_T30-3-20260914-20:19:49-1204,attr,ApplicationStrategyNetwork.monitoringServer.app[10],packetSent:count,title,"packets sent, count",,,,,,,
RR_T30-3-20260914-20:19:49-1204,scalar,ApplicationStrategyNetwork.monitoringServer.app[11],packetReceived:count,,,20,,,,,,
RR_T30-3-20260914-20:19:49-1204,attr,ApplicationStrategyNetwork.monitoringServer.app[11],packetReceived:count,interpolationmode,none,,,,,,,
RR_T30-3-20260914-20:19:49-1204,attr,ApplicationStrategyNetwork.monitoringServer.app[11],packetReceived:count,recordingmode,count,,,,,,,
RR_T30-3-20260914-20:19:49-1204,attr,ApplicationStrategyNetwork.monitoringServer.app[11],packetReceived:count,source,packetReceived,,,,,,,
RR_T30-3-20260914-20:19:49-1204,attr,ApplicationStrategyNetwork.monitoringServer.app[11],packetReceived:count,title,"packets received, count",,,,,,,
RR_T30-3-20260914-20:19:49-1204,scalar,ApplicationStrategyNetwork.monitoringServer.app[11],packetSent:count,,,20,,,,,,
RR_T30-3-20260914-20:19:49-1204,attr,ApplicationStrategyNetwork.monitoringServer.app[11],packetSent:count,interpolationmode,none,,,,,,,
RR_T30-3-20260914-20:19:49-1204,attr,ApplicationStrategyNetwork.monitoringServer.app[11],packetSent:count,recordingmode,count,,,,,,,
RR_T30-3-20260914-20:19:49-1204,attr,ApplicationStrategyNetwork.monitoringServer.app[11],packetSent:count,source,packetSent,,,,,,,
RR_T30-3-20260914-20:19:49-1204,attr,ApplicationStrategyNetwork.monitoringServer.app[11],packetSent:count,title,"packets sent, count",,,,,,,
RR_T30-4-20260914-20:19:51-1209,scalar,ApplicationStrategyNetwork.sensor[0].app[0],echoedPk:count,,,20,,,,,,
RR_T30-4-20260914-20:19:51-1209,attr,ApplicationStrategyNetwork.sensor[0].app[0],echoedPk:count,interpolationmode,none,,,,,,,
RR_T30-4-20260914-20:19:51-1209,attr,ApplicationStrategyNetwork.sensor[0].app[0],echoedPk:count,recordingmode,count,,,,,,,
RR_T30-4-20260914-20:19:51-1209,attr,ApplicationStrategyNetwork.sensor[0].app[0],echoedPk:count,source,packetSent,,,,,,,
RR_T30-4-20260914-20:19:51-1209,attr,ApplicationStrategyNetwork.sensor[0].app[0],echoedPk:count,title,"packets echoed, count",,,,,,,
RR_T30-4-20260914-20:19:51-1209,scalar,ApplicationStrategyNetwork.sensor[1].app[0],echoedPk:count,,,20,,,,,,
RR_T30-4-20260914-20:19:51-1209,attr,ApplicationStrategyNetwork.sensor[1].app[0],echoedPk:count,interpolationmode,none,,,,,,,
RR_T30-4-20260914-20:19:51-1209,attr,ApplicationStrategyNetwork.sensor[1].app[0],echoedPk:count,recordingmode,count,,,,,,,
RR_T30-4-20260914-20:19:51-1209,attr,ApplicationStrategyNetwork.sensor[1].app[0],echoedPk:count,source,packetSent,,,,,,,
RR_T30-4-20260914-20:19:51-1209,attr,ApplicationStrategyNetwork.sensor[1].app[0],echoedPk:count,title,"packets echoed, count",,,,,,,
RR_T30-4-20260914-20:19:51-1209,scalar,ApplicationStrategyNetwork.sensor[2].app[0],echoedPk:count,,,20,,,,,,
RR_T30-4-20260914-20:19:51-1209,attr,ApplicationStrategyNetwork.sensor[2].app[0],echoedPk:count,interpolationmode,none,,,,,,,
RR_T30-4-20260914-20:19:51-1209,attr,ApplicationStrategyNetwork.sensor[2].app[0],echoedPk:count,recordingmode,count,,,,,,,
RR_T30-4-20260914-20:19:51-1209,attr,ApplicationStrategyNetwork.sensor[2].app[0],echoedPk:count,source,packetSent,,,,,,,
RR_T30-4-20260914-20:19:51-1209,attr,ApplicationStrategyNetwork.sensor[2].app[0],echoedPk:count,title,"packets echoed, count",,,,,,,
RR_T30-4-20260914-20:19:51-1209,scalar,ApplicationStrategyNetwork.sensor[3].app[0],echoedPk:count,,,20,,,,,,
RR_T30-4-20260914-20:19:51-1209,attr,ApplicationStrategyNetwork.sensor[3].app[0],echoedPk:count,interpolationmode,none,,,,,,,
RR_T30-4-20260914-20:19:51-1209,attr,ApplicationStrategyNetwork.sensor[3].app[0],echoedPk:count,recordingmode,count,,,,,,,
RR_T30-4-20260914-20:19:51-1209,attr,ApplicationStrategyNetwork.sensor[3].app[0],echoedPk:count,source,packetSent,,,,,,,
RR_T30-4-20260914-20:19:51-1209,attr,ApplicationStrategyNetwork.sensor[3].app[0],echoedPk:count,title,"packets echoed, count",,,,,,,
RR_T30-4-20260914-20:19:51-1209,scalar,ApplicationStrategyNetwork.sensor[4].app[0],echoedPk:count,,,20,,,,,,
RR_T30-4-20260914-20:19:51-1209,attr,ApplicationStrategyNetwork.sensor[4].app[0],echoedPk:count,interpolationmode,none,,,,,,,
RR_T30-4-20260914-20:19:51-1209,attr,ApplicationStrategyNetwork.sensor[4].app[0],echoedPk:count,recordingmode,count,,,,,,,
RR_T30-4-20260914-20:19:51-1209,attr,ApplicationStrategyNetwork.sensor[4].app[0],echoedPk:count,source,packetSent,,,,,,,
RR_T30-4-20260914-20:19:51-1209,attr,ApplicationStrategyNetwork.sensor[4].app[0],echoedPk:count,title,"packets echoed, count",,,,,,,
RR_T30-4-20260914-20:19:51-1209,scalar,ApplicationStrategyNetwork.sensor[5].app[0],echoedPk:count,,,20,,,,,,
RR_T30-4-20260914-20:19:51-1209,attr,ApplicationStrategyNetwork.sensor[5].app[0],echoedPk:count,interpolationmode,none,,,,,,,
RR_T30-4-20260914-20:19:51-1209,attr,ApplicationStrategyNetwork.sensor[5].app[0],echoedPk:count,recordingmode,count,,,,,,,
RR_T30-4-20260914-20:19:51-1209,attr,ApplicationStrategyNetwork.sensor[5].app[0],echoedPk:count,source,packetSent,,,,,,,
RR_T30-4-20260914-20:19:51-1209,attr,ApplicationStrategyNetwork.sensor[5].app[0],echoedPk:count,title,"packets echoed, count",,,,,,,
RR_T30-4-20260914-20:19:51-1209,scalar,ApplicationStrategyNetwork.sensor[6].app[0],echoedPk:count,,,20,,,,,,
RR_T30-4-20260914-20:19:51-1209,attr,ApplicationStrategyNetwork.sensor[6].app[0],echoedPk:count,interpolationmode,none,,,,,,,
RR_T30-4-20260914-20:19:51-1209,attr,ApplicationStrategyNetwork.sensor[6].app[0],echoedPk:count,recordingmode,count,,,,,,,
RR_T30-4-20260914-20:19:51-1209,attr,ApplicationStrategyNetwork.sensor[6].app[0],echoedPk:count,source,packetSent,,,,,,,
RR_T30-4-20260914-20:19:51-1209,attr,ApplicationStrategyNetwork.sensor[6].app[0],echoedPk:count,title,"packets echoed, count",,,,,,,
RR_T30-4-20260914-20:19:51-1209,scalar,ApplicationStrategyNetwork.sensor[7].app[0],echoedPk:count,,,20,,,,,,
RR_T30-4-20260914-20:19:51-1209,attr,ApplicationStrategyNetwork.sensor[7].app[0],echoedPk:count,interpolationmode,none,,,,,,,
RR_T30-4-20260914-20:19:51-1209,attr,ApplicationStrategyNetwork.sensor[7].app[0],echoedPk:count,recordingmode,count,,,,,,,
RR_T30-4-20260914-20:19:51-1209,attr,ApplicationStrategyNetwork.sensor[7].app[0],echoedPk:count,source,packetSent,,,,,,,
RR_T30-4-20260914-20:19:51-1209,attr,ApplicationStrategyNetwork.sensor[7].app[0],echoedPk:count,title,"packets echoed, count",,,,,,,
RR_T30-4-20260914-20:19:51-1209,scalar,ApplicationStrategyNetwork.sensor[8].app[0],echoedPk:count,,,20,,,,,,
RR_T30-4-20260914-20:19:51-1209,attr,ApplicationStrategyNetwork.sensor[8].app[0],echoedPk:count,interpolationmode,none,,,,,,,
RR_T30-4-20260914-20:19:51-1209,attr,ApplicationStrategyNetwork.sensor[8].app[0],echoedPk:count,recordingmode,count,,,,,,,
RR_T30-4-20260914-20:19:51-1209,attr,ApplicationStrategyNetwork.sensor[8].app[0],echoedPk:count,source,packetSent,,,,,,,
RR_T30-4-20260914-20:19:51-1209,attr,ApplicationStrategyNetwork.sensor[8].app[0],echoedPk:count,title,"packets echoed, count",,,,,,,
RR_T30-4-20260914-20:19:51-1209,scalar,ApplicationStrategyNetwork.sensor[9].app[0],echoedPk:count,,,20,,,,,,
RR_T30-4-20260914-20:19:51-1209,attr,ApplicationStrategyNetwork.sensor[9].app[0],echoedPk:count,interpolationmode,none,,,,,,,
RR_T30-4-20260914-20:19:51-1209,attr,ApplicationStrategyNetwork.sensor[9].app[0],echoedPk:count,recordingmode,count,,,,,,,
RR_T30-4-20260914-20:19:51-1209,attr,ApplicationStrategyNetwork.sensor[9].app[0],echoedPk:count,source,packetSent,,,,,,,
RR_T30-4-20260914-20:19:51-1209,attr,ApplicationStrategyNetwork.sensor[9].app[0],echoedPk:count,title,"packets echoed, count",,,,,,,
RR_T30-4-20260914-20:19:51-1209,scalar,ApplicationStrategyNetwork.sensor[10].app[0],echoedPk:count,,,20,,,,,,
RR_T30-4-20260914-20:19:51-1209,attr,ApplicationStrategyNetwork.sensor[10].app[0],echoedPk:count,interpolationmode,none,,,,,,,
RR_T30-4-20260914-20:19:51-1209,attr,ApplicationStrategyNetwork.sensor[10].app[0],echoedPk:count,recordingmode,count,,,,,,,
RR_T30-4-20260914-20:19:51-1209,attr,ApplicationStrategyNetwork.sensor[10].app[0],echoedPk:count,source,packetSent,,,,,,,
RR_T30-4-20260914-20:19:51-1209,attr,ApplicationStrategyNetwork.sensor[10].app[0],echoedPk:count,title,"packets echoed, count",,,,,,,
RR_T30-4-20260914-20:19:51-1209,scalar,ApplicationStrategyNetwork.sensor[11].app[0],echoedPk:count,,,20,,,,,,
RR_T30-4-20260914-20:19:51-1209,attr,ApplicationStrategyNetwork.sensor[11].app[0],echoedPk:count,interpolationmode,none,,,,,,,
RR_T30-4-20260914-20:19:51-1209,attr,ApplicationStrategyNetwork.sensor[11].app[0],echoedPk:count,recordingmode,count,,,,,,,
RR_T30-4-20260914-20:19:51-1209,attr,ApplicationStrategyNetwork.sensor[11].app[0],echoedPk:count,source,packetSent,,,,,,,
RR_T30-4-20260914-20:19:51-1209,attr,ApplicationStrategyNetwork.sensor[11].app[0],echoedPk:count,title,"packets echoed, count",,,,,,,
RR_T30-4-20260914-20:19:51-1209,scalar,ApplicationStrategyNetwork.monitoringServer.app[0],packetReceived:count,,,20,,,,,,
RR_T30-4-20260914-20:19:51-1209,attr,ApplicationStrategyNetwork.monitoringServer.app[0],packetReceived:count,interpolationmode,none,,,,,,,
RR_T30-4-20260914-20:19:51-1209,attr,ApplicationStrategyNetwork.monitoringServer.app[0],packetReceived:count,recordingmode,count,,,,,,,
RR_T30-4-20260914-20:19:51-1209,attr,ApplicationStrategyNetwork.monitoringServer.app[0],packetReceived:count,source,packetReceived,,,,,,,
RR_T30-4-20260914-20:19:51-1209,attr,ApplicationStrategyNetwork.monitoringServer.app[0],packetReceived:count,title,"packets received, count",,,,,,,
RR_T30-4-20260914-20:19:51-1209,scalar,ApplicationStrategyNetwork.monitoringServer.app[0],packetSent:count,,,20,,,,,,
RR_T30-4-20260914-20:19:51-1209,attr,ApplicationStrategyNetwork.monitoringServer.app[0],packetSent:count,interpolationmode,none,,,,,,,
RR_T30-4-20260914-20:19:51-1209,attr,ApplicationStrategyNetwork.monitoringServer.app[0],packetSent:count,recordingmode,count,,,,,,,
RR_T30-4-20260914-20:19:51-1209,attr,ApplicationStrategyNetwork.monitoringServer.app[0],packetSent:count,source,packetSent,,,,,,,
RR_T30-4-20260914-20:19:51-1209,attr,ApplicationStrategyNetwork.monitoringServer.app[0],packetSent:count,title,"packets sent, count",,,,,,,
RR_T30-4-20260914-20:19:51-1209,scalar,ApplicationStrategyNetwork.monitoringServer.app[1],packetReceived:count,,,20,,,,,,
RR_T30-4-20260914-20:19:51-1209,attr,ApplicationStrategyNetwork.monitoringServer.app[1],packetReceived:count,interpolationmode,none,,,,,,,
RR_T30-4-20260914-20:19:51-1209,attr,ApplicationStrategyNetwork.monitoringServer.app[1],packetReceived:count,recordingmode,count,,,,,,,
RR_T30-4-20260914-20:19:51-1209,attr,ApplicationStrategyNetwork.monitoringServer.app[1],packetReceived:count,source,packetReceived,,,,,,,
RR_T30-4-20260914-20:19:51-1209,attr,ApplicationStrategyNetwork.monitoringServer.app[1],packetReceived:count,title,"packets received, count",,,,,,,
RR_T30-4-20260914-20:19:51-1209,scalar,ApplicationStrategyNetwork.monitoringServer.app[1],packetSent:count,,,20,,,,,,
RR_T30-4-20260914-20:19:51-1209,attr,ApplicationStrategyNetwork.monitoringServer.app[1],packetSent:count,interpolationmode,none,,,,,,,
RR_T30-4-20260914-20:19:51-1209,attr,ApplicationStrategyNetwork.monitoringServer.app[1],packetSent:count,recordingmode,count,,,,,,,
RR_T30-4-20260914-20:19:51-1209,attr,ApplicationStrategyNetwork.monitoringServer.app[1],packetSent:count,source,packetSent,,,,,,,
RR_T30-4-20260914-20:19:51-1209,attr,ApplicationStrategyNetwork.monitoringServer.app[1],packetSent:count,title,"packets sent, count",,,,,,,
RR_T30-4-20260914-20:19:51-1209,scalar,ApplicationStrategyNetwork.monitoringServer.app[2],packetReceived:count,,,20,,,,,,
RR_T30-4-20260914-20:19:51-1209,attr,ApplicationStrategyNetwork.monitoringServer.app[2],packetReceived:count,interpolationmode,none,,,,,,,
RR_T30-4-20260914-20:19:51-1209,attr,ApplicationStrategyNetwork.monitoringServer.app[2],packetReceived:count,recordingmode,count,,,,,,,
RR_T30-4-20260914-20:19:51-1209,attr,ApplicationStrategyNetwork.monitoringServer.app[2],packetReceived:count,source,packetReceived,,,,,,,
RR_T30-4-20260914-20:19:51-1209,attr,ApplicationStrategyNetwork.monitoringServer.app[2],packetReceived:count,title,"packets received, count",,,,,,,
RR_T30-4-20260914-20:19:51-1209,scalar,ApplicationStrategyNetwork.monitoringServer.app[2],packetSent:count,,,20,,,,,,
RR_T30-4-20260914-20:19:51-1209,attr,ApplicationStrategyNetwork.monitoringServer.app[2],packetSent:count,interpolationmode,none,,,,,,,
RR_T30-4-20260914-20:19:51-1209,attr,ApplicationStrategyNetwork.monitoringServer.app[2],packetSent:count,recordingmode,count,,,,,,,
RR_T30-4-20260914-20:19:51-1209,attr,ApplicationStrategyNetwork.monitoringServer.app[2],packetSent:count,source,packetSent,,,,,,,
RR_T30-4-20260914-20:19:51-1209,attr,ApplicationStrategyNetwork.monitoringServer.app[2],packetSent:count,title,"packets sent, count",,,,,,,
RR_T30-4-20260914-20:19:51-1209,scalar,ApplicationStrategyNetwork.monitoringServer.app[3],packetReceived:count,,,20,,,,,,
RR_T30-4-20260914-20:19:51-1209,attr,ApplicationStrategyNetwork.monitoringServer.app[3],packetReceived:count,interpolationmode,none,,,,,,,
RR_T30-4-20260914-20:19:51-1209,attr,ApplicationStrategyNetwork.monitoringServer.app[3],packetReceived:count,recordingmode,count,,,,,,,
RR_T30-4-20260914-20:19:51-1209,attr,ApplicationStrategyNetwork.monitoringServer.app[3],packetReceived:count,source,packetReceived,,,,,,,
RR_T30-4-20260914-20:19:51-1209,attr,ApplicationStrategyNetwork.monitoringServer.app[3],packetReceived:count,title,"packets received, count",,,,,,,
RR_T30-4-20260914-20:19:51-1209,scalar,ApplicationStrategyNetwork.monitoringServer.app[3],packetSent:count,,,20,,,,,,
RR_T30-4-20260914-20:19:51-1209,attr,ApplicationStrategyNetwork.monitoringServer.app[3],packetSent:count,interpolationmode,none,,,,,,,
RR_T30-4-20260914-20:19:51-1209,attr,ApplicationStrategyNetwork.monitoringServer.app[3],packetSent:count,recordingmode,count,,,,,,,
RR_T30-4-20260914-20:19:51-1209,attr,ApplicationStrategyNetwork.monitoringServer.app[3],packetSent:count,source,packetSent,,,,,,,
RR_T30-4-20260914-20:19:51-1209,attr,ApplicationStrategyNetwork.monitoringServer.app[3],packetSent:count,title,"packets sent, count",,,,,,,
RR_T30-4-20260914-20:19:51-1209,scalar,ApplicationStrategyNetwork.monitoringServer.app[4],packetReceived:count,,,20,,,,,,
RR_T30-4-20260914-20:19:51-1209,attr,ApplicationStrategyNetwork.monitoringServer.app[4],packetReceived:count,interpolationmode,none,,,,,,,
RR_T30-4-20260914-20:19:51-1209,attr,ApplicationStrategyNetwork.monitoringServer.app[4],packetReceived:count,recordingmode,count,,,,,,,
RR_T30-4-20260914-20:19:51-1209,attr,ApplicationStrategyNetwork.monitoringServer.app[4],packetReceived:count,source,packetReceived,,,,,,,
RR_T30-4-20260914-20:19:51-1209,attr,ApplicationStrategyNetwork.monitoringServer.app[4],packetReceived:count,title,"packets received, count",,,,,,,
RR_T30-4-20260914-20:19:51-1209,scalar,ApplicationStrategyNetwork.monitoringServer.app[4],packetSent:count,,,20,,,,,,
RR_T30-4-20260914-20:19:51-1209,attr,ApplicationStrategyNetwork.monitoringServer.app[4],packetSent:count,interpolationmode,none,,,,,,,
RR_T30-4-20260914-20:19:51-1209,attr,ApplicationStrategyNetwork.monitoringServer.app[4],packetSent:count,recordingmode,count,,,,,,,
RR_T30-4-20260914-20:19:51-1209,attr,ApplicationStrategyNetwork.monitoringServer.app[4],packetSent:count,source,packetSent,,,,,,,
RR_T30-4-20260914-20:19:51-1209,attr,ApplicationStrategyNetwork.monitoringServer.app[4],packetSent:count,title,"packets sent, count",,,,,,,
RR_T30-4-20260914-20:19:51-1209,scalar,ApplicationStrategyNetwork.monitoringServer.app[5],packetReceived:count,,,20,,,,,,
RR_T30-4-20260914-20:19:51-1209,attr,ApplicationStrategyNetwork.monitoringServer.app[5],packetReceived:count,interpolationmode,none,,,,,,,
RR_T30-4-20260914-20:19:51-1209,attr,ApplicationStrategyNetwork.monitoringServer.app[5],packetReceived:count,recordingmode,count,,,,,,,
RR_T30-4-20260914-20:19:51-1209,attr,ApplicationStrategyNetwork.monitoringServer.app[5],packetReceived:count,source,packetReceived,,,,,,,
RR_T30-4-20260914-20:19:51-1209,attr,ApplicationStrategyNetwork.monitoringServer.app[5],packetReceived:count,title,"packets received, count",,,,,,,
RR_T30-4-20260914-20:19:51-1209,scalar,ApplicationStrategyNetwork.monitoringServer.app[5],packetSent:count,,,20,,,,,,
RR_T30-4-20260914-20:19:51-1209,attr,ApplicationStrategyNetwork.monitoringServer.app[5],packetSent:count,interpolationmode,none,,,,,,,
RR_T30-4-20260914-20:19:51-1209,attr,ApplicationStrategyNetwork.monitoringServer.app[5],packetSent:count,recordingmode,count,,,,,,,
RR_T30-4-20260914-20:19:51-1209,attr,ApplicationStrategyNetwork.monitoringServer.app[5],packetSent:count,source,packetSent,,,,,,,
RR_T30-4-20260914-20:19:51-1209,attr,ApplicationStrategyNetwork.monitoringServer.app[5],packetSent:count,title,"packets sent, count",,,,,,,
RR_T30-4-20260914-20:19:51-1209,scalar,ApplicationStrategyNetwork.monitoringServer.app[6],packetReceived:count,,,20,,,,,,
RR_T30-4-20260914-20:19:51-1209,attr,ApplicationStrategyNetwork.monitoringServer.app[6],packetReceived:count,interpolationmode,none,,,,,,,
RR_T30-4-20260914-20:19:51-1209,attr,ApplicationStrategyNetwork.monitoringServer.app[6],packetReceived:count,recordingmode,count,,,,,,,
RR_T30-4-20260914-20:19:51-1209,attr,ApplicationStrategyNetwork.monitoringServer.app[6],packetReceived:count,source,packetReceived,,,,,,,
RR_T30-4-20260914-20:19:51-1209,attr,ApplicationStrategyNetwork.monitoringServer.app[6],packetReceived:count,title,"packets received, count",,,,,,,
RR_T30-4-20260914-20:19:51-1209,scalar,ApplicationStrategyNetwork.monitoringServer.app[6],packetSent:count,,,20,,,,,,
RR_T30-4-20260914-20:19:51-1209,attr,ApplicationStrategyNetwork.monitoringServer.app[6],packetSent:count,interpolationmode,none,,,,,,,
RR_T30-4-20260914-20:19:51-1209,attr,ApplicationStrategyNetwork.monitoringServer.app[6],packetSent:count,recordingmode,count,,,,,,,
RR_T30-4-20260914-20:19:51-1209,attr,ApplicationStrategyNetwork.monitoringServer.app[6],packetSent:count,source,packetSent,,,,,,,
RR_T30-4-20260914-20:19:51-1209,attr,ApplicationStrategyNetwork.monitoringServer.app[6],packetSent:count,title,"packets sent, count",,,,,,,
RR_T30-4-20260914-20:19:51-1209,scalar,ApplicationStrategyNetwork.monitoringServer.app[7],packetReceived:count,,,20,,,,,,
RR_T30-4-20260914-20:19:51-1209,attr,ApplicationStrategyNetwork.monitoringServer.app[7],packetReceived:count,interpolationmode,none,,,,,,,
RR_T30-4-20260914-20:19:51-1209,attr,ApplicationStrategyNetwork.monitoringServer.app[7],packetReceived:count,recordingmode,count,,,,,,,
RR_T30-4-20260914-20:19:51-1209,attr,ApplicationStrategyNetwork.monitoringServer.app[7],packetReceived:count,source,packetReceived,,,,,,,
RR_T30-4-20260914-20:19:51-1209,attr,ApplicationStrategyNetwork.monitoringServer.app[7],packetReceived:count,title,"packets received, count",,,,,,,
RR_T30-4-20260914-20:19:51-1209,scalar,ApplicationStrategyNetwork.monitoringServer.app[7],packetSent:count,,,20,,,,,,
RR_T30-4-20260914-20:19:51-1209,attr,ApplicationStrategyNetwork.monitoringServer.app[7],packetSent:count,interpolationmode,none,,,,,,,
RR_T30-4-20260914-20:19:51-1209,attr,ApplicationStrategyNetwork.monitoringServer.app[7],packetSent:count,recordingmode,count,,,,,,,
RR_T30-4-20260914-20:19:51-1209,attr,ApplicationStrategyNetwork.monitoringServer.app[7],packetSent:count,source,packetSent,,,,,,,
RR_T30-4-20260914-20:19:51-1209,attr,ApplicationStrategyNetwork.monitoringServer.app[7],packetSent:count,title,"packets sent, count",,,,,,,
RR_T30-4-20260914-20:19:51-1209,scalar,ApplicationStrategyNetwork.monitoringServer.app[8],packetReceived:count,,,20,,,,,,
RR_T30-4-20260914-20:19:51-1209,attr,ApplicationStrategyNetwork.monitoringServer.app[8],packetReceived:count,interpolationmode,none,,,,,,,
RR_T30-4-20260914-20:19:51-1209,attr,ApplicationStrategyNetwork.monitoringServer.app[8],packetReceived:count,recordingmode,count,,,,,,,
RR_T30-4-20260914-20:19:51-1209,attr,ApplicationStrategyNetwork.monitoringServer.app[8],packetReceived:count,source,packetReceived,,,,,,,
RR_T30-4-20260914-20:19:51-1209,attr,ApplicationStrategyNetwork.monitoringServer.app[8],packetReceived:count,title,"packets received, count",,,,,,,
RR_T30-4-20260914-20:19:51-1209,scalar,ApplicationStrategyNetwork.monitoringServer.app[8],packetSent:count,,,20,,,,,,
RR_T30-4-20260914-20:19:51-1209,attr,ApplicationStrategyNetwork.monitoringServer.app[8],packetSent:count,interpolationmode,none,,,,,,,
RR_T30-4-20260914-20:19:51-1209,attr,ApplicationStrategyNetwork.monitoringServer.app[8],packetSent:count,recordingmode,count,,,,,,,
RR_T30-4-20260914-20:19:51-1209,attr,ApplicationStrategyNetwork.monitoringServer.app[8],packetSent:count,source,packetSent,,,,,,,
RR_T30-4-20260914-20:19:51-1209,attr,ApplicationStrategyNetwork.monitoringServer.app[8],packetSent:count,title,"packets sent, count",,,,,,,
RR_T30-4-20260914-20:19:51-1209,scalar,ApplicationStrategyNetwork.monitoringServer.app[9],packetReceived:count,,,20,,,,,,
RR_T30-4-20260914-20:19:51-1209,attr,ApplicationStrategyNetwork.monitoringServer.app[9],packetReceived:count,interpolationmode,none,,,,,,,
RR_T30-4-20260914-20:19:51-1209,attr,ApplicationStrategyNetwork.monitoringServer.app[9],packetReceived:count,recordingmode,count,,,,,,,
RR_T30-4-20260914-20:19:51-1209,attr,ApplicationStrategyNetwork.monitoringServer.app[9],packetReceived:count,source,packetReceived,,,,,,,
RR_T30-4-20260914-20:19:51-1209,attr,ApplicationStrategyNetwork.monitoringServer.app[9],packetReceived:count,title,"packets received, count",,,,,,,
RR_T30-4-20260914-20:19:51-1209,scalar,ApplicationStrategyNetwork.monitoringServer.app[9],packetSent:count,,,20,,,,,,
RR_T30-4-20260914-20:19:51-1209,attr,ApplicationStrategyNetwork.monitoringServer.app[9],packetSent:count,interpolationmode,none,,,,,,,
RR_T30-4-20260914-20:19:51-1209,attr,ApplicationStrategyNetwork.monitoringServer.app[9],packetSent:count,recordingmode,count,,,,,,,
RR_T30-4-20260914-20:19:51-1209,attr,ApplicationStrategyNetwork.monitoringServer.app[9],packetSent:count,source,packetSent,,,,,,,
RR_T30-4-20260914-20:19:51-1209,attr,ApplicationStrategyNetwork.monitoringServer.app[9],packetSent:count,title,"packets sent, count",,,,,,,
RR_T30-4-20260914-20:19:51-1209,scalar,ApplicationStrategyNetwork.monitoringServer.app[10],packetReceived:count,,,20,,,,,,
RR_T30-4-20260914-20:19:51-1209,attr,ApplicationStrategyNetwork.monitoringServer.app[10],packetReceived:count,interpolationmode,none,,,,,,,
RR_T30-4-20260914-20:19:51-1209,attr,ApplicationStrategyNetwork.monitoringServer.app[10],packetReceived:count,recordingmode,count,,,,,,,
RR_T30-4-20260914-20:19:51-1209,attr,ApplicationStrategyNetwork.monitoringServer.app[10],packetReceived:count,source,packetReceived,,,,,,,
RR_T30-4-20260914-20:19:51-1209,attr,ApplicationStrategyNetwork.monitoringServer.app[10],packetReceived:count,title,"packets received, count",,,,,,,
RR_T30-4-20260914-20:19:51-1209,scalar,ApplicationStrategyNetwork.monitoringServer.app[10],packetSent:count,,,20,,,,,,
RR_T30-4-20260914-20:19:51-1209,attr,ApplicationStrategyNetwork.monitoringServer.app[10],packetSent:count,interpolationmode,none,,,,,,,
RR_T30-4-20260914-20:19:51-1209,attr,ApplicationStrategyNetwork.monitoringServer.app[10],packetSent:count,recordingmode,count,,,,,,,
RR_T30-4-20260914-20:19:51-1209,attr,ApplicationStrategyNetwork.monitoringServer.app[10],packetSent:count,source,packetSent,,,,,,,
RR_T30-4-20260914-20:19:51-1209,attr,ApplicationStrategyNetwork.monitoringServer.app[10],packetSent:count,title,"packets sent, count",,,,,,,
RR_T30-4-20260914-20:19:51-1209,scalar,ApplicationStrategyNetwork.monitoringServer.app[11],packetReceived:count,,,20,,,,,,
RR_T30-4-20260914-20:19:51-1209,attr,ApplicationStrategyNetwork.monitoringServer.app[11],packetReceived:count,interpolationmode,none,,,,,,,
RR_T30-4-20260914-20:19:51-1209,attr,ApplicationStrategyNetwork.monitoringServer.app[11],packetReceived:count,recordingmode,count,,,,,,,
RR_T30-4-20260914-20:19:51-1209,attr,ApplicationStrategyNetwork.monitoringServer.app[11],packetReceived:count,source,packetReceived,,,,,,,
RR_T30-4-20260914-20:19:51-1209,attr,ApplicationStrategyNetwork.monitoringServer.app[11],packetReceived:count,title,"packets received, count",,,,,,,
RR_T30-4-20260914-20:19:51-1209,scalar,ApplicationStrategyNetwork.monitoringServer.app[11],packetSent:count,,,20,,,,,,
RR_T30-4-20260914-20:19:51-1209,attr,ApplicationStrategyNetwork.monitoringServer.app[11],packetSent:count,interpolationmode,none,,,,,,,
RR_T30-4-20260914-20:19:51-1209,attr,ApplicationStrategyNetwork.monitoringServer.app[11],packetSent:count,recordingmode,count,,,,,,,
RR_T30-4-20260914-20:19:51-1209,attr,ApplicationStrategyNetwork.monitoringServer.app[11],packetSent:count,source,packetSent,,,,,,,
RR_T30-4-20260914-20:19:51-1209,attr,ApplicationStrategyNetwork.monitoringServer.app[11],packetSent:count,title,"packets sent, count",,,,,,,
RR_T5-0-20260914-20:18:21-957,scalar,ApplicationStrategyNetwork.sensor[0].app[0],echoedPk:count,,,120,,,,,,
RR_T5-0-20260914-20:18:21-957,attr,ApplicationStrategyNetwork.sensor[0].app[0],echoedPk:count,interpolationmode,none,,,,,,,
RR_T5-0-20260914-20:18:21-957,attr,ApplicationStrategyNetwork.sensor[0].app[0],echoedPk:count,recordingmode,count,,,,,,,
RR_T5-0-20260914-20:18:21-957,attr,ApplicationStrategyNetwork.sensor[0].app[0],echoedPk:count,source,packetSent,,,,,,,
RR_T5-0-20260914-20:18:21-957,attr,ApplicationStrategyNetwork.sensor[0].app[0],echoedPk:count,title,"packets echoed, count",,,,,,,
RR_T5-0-20260914-20:18:21-957,scalar,ApplicationStrategyNetwork.sensor[1].app[0],echoedPk:count,,,120,,,,,,
RR_T5-0-20260914-20:18:21-957,attr,ApplicationStrategyNetwork.sensor[1].app[0],echoedPk:count,interpolationmode,none,,,,,,,
RR_T5-0-20260914-20:18:21-957,attr,ApplicationStrategyNetwork.sensor[1].app[0],echoedPk:count,recordingmode,count,,,,,,,
RR_T5-0-20260914-20:18:21-957,attr,ApplicationStrategyNetwork.sensor[1].app[0],echoedPk:count,source,packetSent,,,,,,,
RR_T5-0-20260914-20:18:21-957,attr,ApplicationStrategyNetwork.sensor[1].app[0],echoedPk:count,title,"packets echoed, count",,,,,,,
RR_T5-0-20260914-20:18:21-957,scalar,ApplicationStrategyNetwork.sensor[2].app[0],echoedPk:count,,,120,,,,,,
RR_T5-0-20260914-20:18:21-957,attr,ApplicationStrategyNetwork.sensor[2].app[0],echoedPk:count,interpolationmode,none,,,,,,,
RR_T5-0-20260914-20:18:21-957,attr,ApplicationStrategyNetwork.sensor[2].app[0],echoedPk:count,recordingmode,count,,,,,,,
RR_T5-0-20260914-20:18:21-957,attr,ApplicationStrategyNetwork.sensor[2].app[0],echoedPk:count,source,packetSent,,,,,,,
RR_T5-0-20260914-20:18:21-957,attr,ApplicationStrategyNetwork.sensor[2].app[0],echoedPk:count,title,"packets echoed, count",,,,,,,
RR_T5-0-20260914-20:18:21-957,scalar,ApplicationStrategyNetwork.sensor[3].app[0],echoedPk:count,,,120,,,,,,
RR_T5-0-20260914-20:18:21-957,attr,ApplicationStrategyNetwork.sensor[3].app[0],echoedPk:count,interpolationmode,none,,,,,,,
RR_T5-0-20260914-20:18:21-957,attr,ApplicationStrategyNetwork.sensor[3].app[0],echoedPk:count,recordingmode,count,,,,,,,
RR_T5-0-20260914-20:18:21-957,attr,ApplicationStrategyNetwork.sensor[3].app[0],echoedPk:count,source,packetSent,,,,,,,
RR_T5-0-20260914-20:18:21-957,attr,ApplicationStrategyNetwork.sensor[3].app[0],echoedPk:count,title,"packets echoed, count",,,,,,,
RR_T5-0-20260914-20:18:21-957,scalar,ApplicationStrategyNetwork.sensor[4].app[0],echoedPk:count,,,120,,,,,,
RR_T5-0-20260914-20:18:21-957,attr,ApplicationStrategyNetwork.sensor[4].app[0],echoedPk:count,interpolationmode,none,,,,,,,
RR_T5-0-20260914-20:18:21-957,attr,ApplicationStrategyNetwork.sensor[4].app[0],echoedPk:count,recordingmode,count,,,,,,,
RR_T5-0-20260914-20:18:21-957,attr,ApplicationStrategyNetwork.sensor[4].app[0],echoedPk:count,source,packetSent,,,,,,,
RR_T5-0-20260914-20:18:21-957,attr,ApplicationStrategyNetwork.sensor[4].app[0],echoedPk:count,title,"packets echoed, count",,,,,,,
RR_T5-0-20260914-20:18:21-957,scalar,ApplicationStrategyNetwork.sensor[5].app[0],echoedPk:count,,,120,,,,,,
RR_T5-0-20260914-20:18:21-957,attr,ApplicationStrategyNetwork.sensor[5].app[0],echoedPk:count,interpolationmode,none,,,,,,,
RR_T5-0-20260914-20:18:21-957,attr,ApplicationStrategyNetwork.sensor[5].app[0],echoedPk:count,recordingmode,count,,,,,,,
RR_T5-0-20260914-20:18:21-957,attr,ApplicationStrategyNetwork.sensor[5].app[0],echoedPk:count,source,packetSent,,,,,,,
RR_T5-0-20260914-20:18:21-957,attr,ApplicationStrategyNetwork.sensor[5].app[0],echoedPk:count,title,"packets echoed, count",,,,,,,
RR_T5-0-20260914-20:18:21-957,scalar,ApplicationStrategyNetwork.sensor[6].app[0],echoedPk:count,,,120,,,,,,
RR_T5-0-20260914-20:18:21-957,attr,ApplicationStrategyNetwork.sensor[6].app[0],echoedPk:count,interpolationmode,none,,,,,,,
RR_T5-0-20260914-20:18:21-957,attr,ApplicationStrategyNetwork.sensor[6].app[0],echoedPk:count,recordingmode,count,,,,,,,
RR_T5-0-20260914-20:18:21-957,attr,ApplicationStrategyNetwork.sensor[6].app[0],echoedPk:count,source,packetSent,,,,,,,
RR_T5-0-20260914-20:18:21-957,attr,ApplicationStrategyNetwork.sensor[6].app[0],echoedPk:count,title,"packets echoed, count",,,,,,,
RR_T5-0-20260914-20:18:21-957,scalar,ApplicationStrategyNetwork.sensor[7].app[0],echoedPk:count,,,120,,,,,,
RR_T5-0-20260914-20:18:21-957,attr,ApplicationStrategyNetwork.sensor[7].app[0],echoedPk:count,interpolationmode,none,,,,,,,
RR_T5-0-20260914-20:18:21-957,attr,ApplicationStrategyNetwork.sensor[7].app[0],echoedPk:count,recordingmode,count,,,,,,,
RR_T5-0-20260914-20:18:21-957,attr,ApplicationStrategyNetwork.sensor[7].app[0],echoedPk:count,source,packetSent,,,,,,,
RR_T5-0-20260914-20:18:21-957,attr,ApplicationStrategyNetwork.sensor[7].app[0],echoedPk:count,title,"packets echoed, count",,,,,,,
RR_T5-0-20260914-20:18:21-957,scalar,ApplicationStrategyNetwork.sensor[8].app[0],echoedPk:count,,,120,,,,,,
RR_T5-0-20260914-20:18:21-957,attr,ApplicationStrategyNetwork.sensor[8].app[0],echoedPk:count,interpolationmode,none,,,,,,,
RR_T5-0-20260914-20:18:21-957,attr,ApplicationStrategyNetwork.sensor[8].app[0],echoedPk:count,recordingmode,count,,,,,,,
RR_T5-0-20260914-20:18:21-957,attr,ApplicationStrategyNetwork.sensor[8].app[0],echoedPk:count,source,packetSent,,,,,,,
RR_T5-0-20260914-20:18:21-957,attr,ApplicationStrategyNetwork.sensor[8].app[0],echoedPk:count,title,"packets echoed, count",,,,,,,
RR_T5-0-20260914-20:18:21-957,scalar,ApplicationStrategyNetwork.sensor[9].app[0],echoedPk:count,,,120,,,,,,
RR_T5-0-20260914-20:18:21-957,attr,ApplicationStrategyNetwork.sensor[9].app[0],echoedPk:count,interpolationmode,none,,,,,,,
RR_T5-0-20260914-20:18:21-957,attr,ApplicationStrategyNetwork.sensor[9].app[0],echoedPk:count,recordingmode,count,,,,,,,
RR_T5-0-20260914-20:18:21-957,attr,ApplicationStrategyNetwork.sensor[9].app[0],echoedPk:count,source,packetSent,,,,,,,
RR_T5-0-20260914-20:18:21-957,attr,ApplicationStrategyNetwork.sensor[9].app[0],echoedPk:count,title,"packets echoed, count",,,,,,,
RR_T5-0-20260914-20:18:21-957,scalar,ApplicationStrategyNetwork.sensor[10].app[0],echoedPk:count,,,120,,,,,,
RR_T5-0-20260914-20:18:21-957,attr,ApplicationStrategyNetwork.sensor[10].app[0],echoedPk:count,interpolationmode,none,,,,,,,
RR_T5-0-20260914-20:18:21-957,attr,ApplicationStrategyNetwork.sensor[10].app[0],echoedPk:count,recordingmode,count,,,,,,,
RR_T5-0-20260914-20:18:21-957,attr,ApplicationStrategyNetwork.sensor[10].app[0],echoedPk:count,source,packetSent,,,,,,,
RR_T5-0-20260914-20:18:21-957,attr,ApplicationStrategyNetwork.sensor[10].app[0],echoedPk:count,title,"packets echoed, count",,,,,,,
RR_T5-0-20260914-20:18:21-957,scalar,ApplicationStrategyNetwork.sensor[11].app[0],echoedPk:count,,,120,,,,,,
RR_T5-0-20260914-20:18:21-957,attr,ApplicationStrategyNetwork.sensor[11].app[0],echoedPk:count,interpolationmode,none,,,,,,,
RR_T5-0-20260914-20:18:21-957,attr,ApplicationStrategyNetwork.sensor[11].app[0],echoedPk:count,recordingmode,count,,,,,,,
RR_T5-0-20260914-20:18:21-957,attr,ApplicationStrategyNetwork.sensor[11].app[0],echoedPk:count,source,packetSent,,,,,,,
RR_T5-0-20260914-20:18:21-957,attr,ApplicationStrategyNetwork.sensor[11].app[0],echoedPk:count,title,"packets echoed, count",,,,,,,
RR_T5-0-20260914-20:18:21-957,scalar,ApplicationStrategyNetwork.monitoringServer.app[0],packetReceived:count,,,120,,,,,,
RR_T5-0-20260914-20:18:21-957,attr,ApplicationStrategyNetwork.monitoringServer.app[0],packetReceived:count,interpolationmode,none,,,,,,,
RR_T5-0-20260914-20:18:21-957,attr,ApplicationStrategyNetwork.monitoringServer.app[0],packetReceived:count,recordingmode,count,,,,,,,
RR_T5-0-20260914-20:18:21-957,attr,ApplicationStrategyNetwork.monitoringServer.app[0],packetReceived:count,source,packetReceived,,,,,,,
RR_T5-0-20260914-20:18:21-957,attr,ApplicationStrategyNetwork.monitoringServer.app[0],packetReceived:count,title,"packets received, count",,,,,,,
RR_T5-0-20260914-20:18:21-957,scalar,ApplicationStrategyNetwork.monitoringServer.app[0],packetSent:count,,,120,,,,,,
RR_T5-0-20260914-20:18:21-957,attr,ApplicationStrategyNetwork.monitoringServer.app[0],packetSent:count,interpolationmode,none,,,,,,,
RR_T5-0-20260914-20:18:21-957,attr,ApplicationStrategyNetwork.monitoringServer.app[0],packetSent:count,recordingmode,count,,,,,,,
RR_T5-0-20260914-20:18:21-957,attr,ApplicationStrategyNetwork.monitoringServer.app[0],packetSent:count,source,packetSent,,,,,,,
RR_T5-0-20260914-20:18:21-957,attr,ApplicationStrategyNetwork.monitoringServer.app[0],packetSent:count,title,"packets sent, count",,,,,,,
RR_T5-0-20260914-20:18:21-957,scalar,ApplicationStrategyNetwork.monitoringServer.app[1],packetReceived:count,,,120,,,,,,
RR_T5-0-20260914-20:18:21-957,attr,ApplicationStrategyNetwork.monitoringServer.app[1],packetReceived:count,interpolationmode,none,,,,,,,
RR_T5-0-20260914-20:18:21-957,attr,ApplicationStrategyNetwork.monitoringServer.app[1],packetReceived:count,recordingmode,count,,,,,,,
RR_T5-0-20260914-20:18:21-957,attr,ApplicationStrategyNetwork.monitoringServer.app[1],packetReceived:count,source,packetReceived,,,,,,,
RR_T5-0-20260914-20:18:21-957,attr,ApplicationStrategyNetwork.monitoringServer.app[1],packetReceived:count,title,"packets received, count",,,,,,,
RR_T5-0-20260914-20:18:21-957,scalar,ApplicationStrategyNetwork.monitoringServer.app[1],packetSent:count,,,120,,,,,,
RR_T5-0-20260914-20:18:21-957,attr,ApplicationStrategyNetwork.monitoringServer.app[1],packetSent:count,interpolationmode,none,,,,,,,
RR_T5-0-20260914-20:18:21-957,attr,ApplicationStrategyNetwork.monitoringServer.app[1],packetSent:count,recordingmode,count,,,,,,,
RR_T5-0-20260914-20:18:21-957,attr,ApplicationStrategyNetwork.monitoringServer.app[1],packetSent:count,source,packetSent,,,,,,,
RR_T5-0-20260914-20:18:21-957,attr,ApplicationStrategyNetwork.monitoringServer.app[1],packetSent:count,title,"packets sent, count",,,,,,,
RR_T5-0-20260914-20:18:21-957,scalar,ApplicationStrategyNetwork.monitoringServer.app[2],packetReceived:count,,,120,,,,,,
RR_T5-0-20260914-20:18:21-957,attr,ApplicationStrategyNetwork.monitoringServer.app[2],packetReceived:count,interpolationmode,none,,,,,,,
RR_T5-0-20260914-20:18:21-957,attr,ApplicationStrategyNetwork.monitoringServer.app[2],packetReceived:count,recordingmode,count,,,,,,,
RR_T5-0-20260914-20:18:21-957,attr,ApplicationStrategyNetwork.monitoringServer.app[2],packetReceived:count,source,packetReceived,,,,,,,
RR_T5-0-20260914-20:18:21-957,attr,ApplicationStrategyNetwork.monitoringServer.app[2],packetReceived:count,title,"packets received, count",,,,,,,
RR_T5-0-20260914-20:18:21-957,scalar,ApplicationStrategyNetwork.monitoringServer.app[2],packetSent:count,,,120,,,,,,
RR_T5-0-20260914-20:18:21-957,attr,ApplicationStrategyNetwork.monitoringServer.app[2],packetSent:count,interpolationmode,none,,,,,,,
RR_T5-0-20260914-20:18:21-957,attr,ApplicationStrategyNetwork.monitoringServer.app[2],packetSent:count,recordingmode,count,,,,,,,
RR_T5-0-20260914-20:18:21-957,attr,ApplicationStrategyNetwork.monitoringServer.app[2],packetSent:count,source,packetSent,,,,,,,
RR_T5-0-20260914-20:18:21-957,attr,ApplicationStrategyNetwork.monitoringServer.app[2],packetSent:count,title,"packets sent, count",,,,,,,
RR_T5-0-20260914-20:18:21-957,scalar,ApplicationStrategyNetwork.monitoringServer.app[3],packetReceived:count,,,120,,,,,,
RR_T5-0-20260914-20:18:21-957,attr,ApplicationStrategyNetwork.monitoringServer.app[3],packetReceived:count,interpolationmode,none,,,,,,,
RR_T5-0-20260914-20:18:21-957,attr,ApplicationStrategyNetwork.monitoringServer.app[3],packetReceived:count,recordingmode,count,,,,,,,
RR_T5-0-20260914-20:18:21-957,attr,ApplicationStrategyNetwork.monitoringServer.app[3],packetReceived:count,source,packetReceived,,,,,,,
RR_T5-0-20260914-20:18:21-957,attr,ApplicationStrategyNetwork.monitoringServer.app[3],packetReceived:count,title,"packets received, count",,,,,,,
RR_T5-0-20260914-20:18:21-957,scalar,ApplicationStrategyNetwork.monitoringServer.app[3],packetSent:count,,,120,,,,,,
RR_T5-0-20260914-20:18:21-957,attr,ApplicationStrategyNetwork.monitoringServer.app[3],packetSent:count,interpolationmode,none,,,,,,,
RR_T5-0-20260914-20:18:21-957,attr,ApplicationStrategyNetwork.monitoringServer.app[3],packetSent:count,recordingmode,count,,,,,,,
RR_T5-0-20260914-20:18:21-957,attr,ApplicationStrategyNetwork.monitoringServer.app[3],packetSent:count,source,packetSent,,,,,,,
RR_T5-0-20260914-20:18:21-957,attr,ApplicationStrategyNetwork.monitoringServer.app[3],packetSent:count,title,"packets sent, count",,,,,,,
RR_T5-0-20260914-20:18:21-957,scalar,ApplicationStrategyNetwork.monitoringServer.app[4],packetReceived:count,,,120,,,,,,
RR_T5-0-20260914-20:18:21-957,attr,ApplicationStrategyNetwork.monitoringServer.app[4],packetReceived:count,interpolationmode,none,,,,,,,
RR_T5-0-20260914-20:18:21-957,attr,ApplicationStrategyNetwork.monitoringServer.app[4],packetReceived:count,recordingmode,count,,,,,,,
RR_T5-0-20260914-20:18:21-957,attr,ApplicationStrategyNetwork.monitoringServer.app[4],packetReceived:count,source,packetReceived,,,,,,,
RR_T5-0-20260914-20:18:21-957,attr,ApplicationStrategyNetwork.monitoringServer.app[4],packetReceived:count,title,"packets received, count",,,,,,,
RR_T5-0-20260914-20:18:21-957,scalar,ApplicationStrategyNetwork.monitoringServer.app[4],packetSent:count,,,120,,,,,,
RR_T5-0-20260914-20:18:21-957,attr,ApplicationStrategyNetwork.monitoringServer.app[4],packetSent:count,interpolationmode,none,,,,,,,
RR_T5-0-20260914-20:18:21-957,attr,ApplicationStrategyNetwork.monitoringServer.app[4],packetSent:count,recordingmode,count,,,,,,,
RR_T5-0-20260914-20:18:21-957,attr,ApplicationStrategyNetwork.monitoringServer.app[4],packetSent:count,source,packetSent,,,,,,,
RR_T5-0-20260914-20:18:21-957,attr,ApplicationStrategyNetwork.monitoringServer.app[4],packetSent:count,title,"packets sent, count",,,,,,,
RR_T5-0-20260914-20:18:21-957,scalar,ApplicationStrategyNetwork.monitoringServer.app[5],packetReceived:count,,,120,,,,,,
RR_T5-0-20260914-20:18:21-957,attr,ApplicationStrategyNetwork.monitoringServer.app[5],packetReceived:count,interpolationmode,none,,,,,,,
RR_T5-0-20260914-20:18:21-957,attr,ApplicationStrategyNetwork.monitoringServer.app[5],packetReceived:count,recordingmode,count,,,,,,,
RR_T5-0-20260914-20:18:21-957,attr,ApplicationStrategyNetwork.monitoringServer.app[5],packetReceived:count,source,packetReceived,,,,,,,
RR_T5-0-20260914-20:18:21-957,attr,ApplicationStrategyNetwork.monitoringServer.app[5],packetReceived:count,title,"packets received, count",,,,,,,
RR_T5-0-20260914-20:18:21-957,scalar,ApplicationStrategyNetwork.monitoringServer.app[5],packetSent:count,,,120,,,,,,
RR_T5-0-20260914-20:18:21-957,attr,ApplicationStrategyNetwork.monitoringServer.app[5],packetSent:count,interpolationmode,none,,,,,,,
RR_T5-0-20260914-20:18:21-957,attr,ApplicationStrategyNetwork.monitoringServer.app[5],packetSent:count,recordingmode,count,,,,,,,
RR_T5-0-20260914-20:18:21-957,attr,ApplicationStrategyNetwork.monitoringServer.app[5],packetSent:count,source,packetSent,,,,,,,
RR_T5-0-20260914-20:18:21-957,attr,ApplicationStrategyNetwork.monitoringServer.app[5],packetSent:count,title,"packets sent, count",,,,,,,
RR_T5-0-20260914-20:18:21-957,scalar,ApplicationStrategyNetwork.monitoringServer.app[6],packetReceived:count,,,120,,,,,,
RR_T5-0-20260914-20:18:21-957,attr,ApplicationStrategyNetwork.monitoringServer.app[6],packetReceived:count,interpolationmode,none,,,,,,,
RR_T5-0-20260914-20:18:21-957,attr,ApplicationStrategyNetwork.monitoringServer.app[6],packetReceived:count,recordingmode,count,,,,,,,
RR_T5-0-20260914-20:18:21-957,attr,ApplicationStrategyNetwork.monitoringServer.app[6],packetReceived:count,source,packetReceived,,,,,,,
RR_T5-0-20260914-20:18:21-957,attr,ApplicationStrategyNetwork.monitoringServer.app[6],packetReceived:count,title,"packets received, count",,,,,,,
RR_T5-0-20260914-20:18:21-957,scalar,ApplicationStrategyNetwork.monitoringServer.app[6],packetSent:count,,,120,,,,,,
RR_T5-0-20260914-20:18:21-957,attr,ApplicationStrategyNetwork.monitoringServer.app[6],packetSent:count,interpolationmode,none,,,,,,,
RR_T5-0-20260914-20:18:21-957,attr,ApplicationStrategyNetwork.monitoringServer.app[6],packetSent:count,recordingmode,count,,,,,,,
RR_T5-0-20260914-20:18:21-957,attr,ApplicationStrategyNetwork.monitoringServer.app[6],packetSent:count,source,packetSent,,,,,,,
RR_T5-0-20260914-20:18:21-957,attr,ApplicationStrategyNetwork.monitoringServer.app[6],packetSent:count,title,"packets sent, count",,,,,,,
RR_T5-0-20260914-20:18:21-957,scalar,ApplicationStrategyNetwork.monitoringServer.app[7],packetReceived:count,,,120,,,,,,
RR_T5-0-20260914-20:18:21-957,attr,ApplicationStrategyNetwork.monitoringServer.app[7],packetReceived:count,interpolationmode,none,,,,,,,
RR_T5-0-20260914-20:18:21-957,attr,ApplicationStrategyNetwork.monitoringServer.app[7],packetReceived:count,recordingmode,count,,,,,,,
RR_T5-0-20260914-20:18:21-957,attr,ApplicationStrategyNetwork.monitoringServer.app[7],packetReceived:count,source,packetReceived,,,,,,,
RR_T5-0-20260914-20:18:21-957,attr,ApplicationStrategyNetwork.monitoringServer.app[7],packetReceived:count,title,"packets received, count",,,,,,,
RR_T5-0-20260914-20:18:21-957,scalar,ApplicationStrategyNetwork.monitoringServer.app[7],packetSent:count,,,120,,,,,,
RR_T5-0-20260914-20:18:21-957,attr,ApplicationStrategyNetwork.monitoringServer.app[7],packetSent:count,interpolationmode,none,,,,,,,
RR_T5-0-20260914-20:18:21-957,attr,ApplicationStrategyNetwork.monitoringServer.app[7],packetSent:count,recordingmode,count,,,,,,,
RR_T5-0-20260914-20:18:21-957,attr,ApplicationStrategyNetwork.monitoringServer.app[7],packetSent:count,source,packetSent,,,,,,,
RR_T5-0-20260914-20:18:21-957,attr,ApplicationStrategyNetwork.monitoringServer.app[7],packetSent:count,title,"packets sent, count",,,,,,,
RR_T5-0-20260914-20:18:21-957,scalar,ApplicationStrategyNetwork.monitoringServer.app[8],packetReceived:count,,,120,,,,,,
RR_T5-0-20260914-20:18:21-957,attr,ApplicationStrategyNetwork.monitoringServer.app[8],packetReceived:count,interpolationmode,none,,,,,,,
RR_T5-0-20260914-20:18:21-957,attr,ApplicationStrategyNetwork.monitoringServer.app[8],packetReceived:count,recordingmode,count,,,,,,,
RR_T5-0-20260914-20:18:21-957,attr,ApplicationStrategyNetwork.monitoringServer.app[8],packetReceived:count,source,packetReceived,,,,,,,
RR_T5-0-20260914-20:18:21-957,attr,ApplicationStrategyNetwork.monitoringServer.app[8],packetReceived:count,title,"packets received, count",,,,,,,
RR_T5-0-20260914-20:18:21-957,scalar,ApplicationStrategyNetwork.monitoringServer.app[8],packetSent:count,,,120,,,,,,
RR_T5-0-20260914-20:18:21-957,attr,ApplicationStrategyNetwork.monitoringServer.app[8],packetSent:count,interpolationmode,none,,,,,,,
RR_T5-0-20260914-20:18:21-957,attr,ApplicationStrategyNetwork.monitoringServer.app[8],packetSent:count,recordingmode,count,,,,,,,
RR_T5-0-20260914-20:18:21-957,attr,ApplicationStrategyNetwork.monitoringServer.app[8],packetSent:count,source,packetSent,,,,,,,
RR_T5-0-20260914-20:18:21-957,attr,ApplicationStrategyNetwork.monitoringServer.app[8],packetSent:count,title,"packets sent, count",,,,,,,
RR_T5-0-20260914-20:18:21-957,scalar,ApplicationStrategyNetwork.monitoringServer.app[9],packetReceived:count,,,120,,,,,,
RR_T5-0-20260914-20:18:21-957,attr,ApplicationStrategyNetwork.monitoringServer.app[9],packetReceived:count,interpolationmode,none,,,,,,,
RR_T5-0-20260914-20:18:21-957,attr,ApplicationStrategyNetwork.monitoringServer.app[9],packetReceived:count,recordingmode,count,,,,,,,
RR_T5-0-20260914-20:18:21-957,attr,ApplicationStrategyNetwork.monitoringServer.app[9],packetReceived:count,source,packetReceived,,,,,,,
RR_T5-0-20260914-20:18:21-957,attr,ApplicationStrategyNetwork.monitoringServer.app[9],packetReceived:count,title,"packets received, count",,,,,,,
RR_T5-0-20260914-20:18:21-957,scalar,ApplicationStrategyNetwork.monitoringServer.app[9],packetSent:count,,,120,,,,,,
RR_T5-0-20260914-20:18:21-957,attr,ApplicationStrategyNetwork.monitoringServer.app[9],packetSent:count,interpolationmode,none,,,,,,,
RR_T5-0-20260914-20:18:21-957,attr,ApplicationStrategyNetwork.monitoringServer.app[9],packetSent:count,recordingmode,count,,,,,,,
RR_T5-0-20260914-20:18:21-957,attr,ApplicationStrategyNetwork.monitoringServer.app[9],packetSent:count,source,packetSent,,,,,,,
RR_T5-0-20260914-20:18:21-957,attr,ApplicationStrategyNetwork.monitoringServer.app[9],packetSent:count,title,"packets sent, count",,,,,,,
RR_T5-0-20260914-20:18:21-957,scalar,ApplicationStrategyNetwork.monitoringServer.app[10],packetReceived:count,,,120,,,,,,
RR_T5-0-20260914-20:18:21-957,attr,ApplicationStrategyNetwork.monitoringServer.app[10],packetReceived:count,interpolationmode,none,,,,,,,
RR_T5-0-20260914-20:18:21-957,attr,ApplicationStrategyNetwork.monitoringServer.app[10],packetReceived:count,recordingmode,count,,,,,,,
RR_T5-0-20260914-20:18:21-957,attr,ApplicationStrategyNetwork.monitoringServer.app[10],packetReceived:count,source,packetReceived,,,,,,,
RR_T5-0-20260914-20:18:21-957,attr,ApplicationStrategyNetwork.monitoringServer.app[10],packetReceived:count,title,"packets received, count",,,,,,,
RR_T5-0-20260914-20:18:21-957,scalar,ApplicationStrategyNetwork.monitoringServer.app[10],packetSent:count,,,120,,,,,,
RR_T5-0-20260914-20:18:21-957,attr,ApplicationStrategyNetwork.monitoringServer.app[10],packetSent:count,interpolationmode,none,,,,,,,
RR_T5-0-20260914-20:18:21-957,attr,ApplicationStrategyNetwork.monitoringServer.app[10],packetSent:count,recordingmode,count,,,,,,,
RR_T5-0-20260914-20:18:21-957,attr,ApplicationStrategyNetwork.monitoringServer.app[10],packetSent:count,source,packetSent,,,,,,,
RR_T5-0-20260914-20:18:21-957,attr,ApplicationStrategyNetwork.monitoringServer.app[10],packetSent:count,title,"packets sent, count",,,,,,,
RR_T5-0-20260914-20:18:21-957,scalar,ApplicationStrategyNetwork.monitoringServer.app[11],packetReceived:count,,,120,,,,,,
RR_T5-0-20260914-20:18:21-957,attr,ApplicationStrategyNetwork.monitoringServer.app[11],packetReceived:count,interpolationmode,none,,,,,,,
RR_T5-0-20260914-20:18:21-957,attr,ApplicationStrategyNetwork.monitoringServer.app[11],packetReceived:count,recordingmode,count,,,,,,,
RR_T5-0-20260914-20:18:21-957,attr,ApplicationStrategyNetwork.monitoringServer.app[11],packetReceived:count,source,packetReceived,,,,,,,
RR_T5-0-20260914-20:18:21-957,attr,ApplicationStrategyNetwork.monitoringServer.app[11],packetReceived:count,title,"packets received, count",,,,,,,
RR_T5-0-20260914-20:18:21-957,scalar,ApplicationStrategyNetwork.monitoringServer.app[11],packetSent:count,,,120,,,,,,
RR_T5-0-20260914-20:18:21-957,attr,ApplicationStrategyNetwork.monitoringServer.app[11],packetSent:count,interpolationmode,none,,,,,,,
RR_T5-0-20260914-20:18:21-957,attr,ApplicationStrategyNetwork.monitoringServer.app[11],packetSent:count,recordingmode,count,,,,,,,
RR_T5-0-20260914-20:18:21-957,attr,ApplicationStrategyNetwork.monitoringServer.app[11],packetSent:count,source,packetSent,,,,,,,
RR_T5-0-20260914-20:18:21-957,attr,ApplicationStrategyNetwork.monitoringServer.app[11],packetSent:count,title,"packets sent, count",,,,,,,
RR_T5-1-20260914-20:18:30-964,scalar,ApplicationStrategyNetwork.sensor[0].app[0],echoedPk:count,,,120,,,,,,
RR_T5-1-20260914-20:18:30-964,attr,ApplicationStrategyNetwork.sensor[0].app[0],echoedPk:count,interpolationmode,none,,,,,,,
RR_T5-1-20260914-20:18:30-964,attr,ApplicationStrategyNetwork.sensor[0].app[0],echoedPk:count,recordingmode,count,,,,,,,
RR_T5-1-20260914-20:18:30-964,attr,ApplicationStrategyNetwork.sensor[0].app[0],echoedPk:count,source,packetSent,,,,,,,
RR_T5-1-20260914-20:18:30-964,attr,ApplicationStrategyNetwork.sensor[0].app[0],echoedPk:count,title,"packets echoed, count",,,,,,,
RR_T5-1-20260914-20:18:30-964,scalar,ApplicationStrategyNetwork.sensor[1].app[0],echoedPk:count,,,120,,,,,,
RR_T5-1-20260914-20:18:30-964,attr,ApplicationStrategyNetwork.sensor[1].app[0],echoedPk:count,interpolationmode,none,,,,,,,
RR_T5-1-20260914-20:18:30-964,attr,ApplicationStrategyNetwork.sensor[1].app[0],echoedPk:count,recordingmode,count,,,,,,,
RR_T5-1-20260914-20:18:30-964,attr,ApplicationStrategyNetwork.sensor[1].app[0],echoedPk:count,source,packetSent,,,,,,,
RR_T5-1-20260914-20:18:30-964,attr,ApplicationStrategyNetwork.sensor[1].app[0],echoedPk:count,title,"packets echoed, count",,,,,,,
RR_T5-1-20260914-20:18:30-964,scalar,ApplicationStrategyNetwork.sensor[2].app[0],echoedPk:count,,,120,,,,,,
RR_T5-1-20260914-20:18:30-964,attr,ApplicationStrategyNetwork.sensor[2].app[0],echoedPk:count,interpolationmode,none,,,,,,,
RR_T5-1-20260914-20:18:30-964,attr,ApplicationStrategyNetwork.sensor[2].app[0],echoedPk:count,recordingmode,count,,,,,,,
RR_T5-1-20260914-20:18:30-964,attr,ApplicationStrategyNetwork.sensor[2].app[0],echoedPk:count,source,packetSent,,,,,,,
RR_T5-1-20260914-20:18:30-964,attr,ApplicationStrategyNetwork.sensor[2].app[0],echoedPk:count,title,"packets echoed, count",,,,,,,
RR_T5-1-20260914-20:18:30-964,scalar,ApplicationStrategyNetwork.sensor[3].app[0],echoedPk:count,,,120,,,,,,
RR_T5-1-20260914-20:18:30-964,attr,ApplicationStrategyNetwork.sensor[3].app[0],echoedPk:count,interpolationmode,none,,,,,,,
RR_T5-1-20260914-20:18:30-964,attr,ApplicationStrategyNetwork.sensor[3].app[0],echoedPk:count,recordingmode,count,,,,,,,
RR_T5-1-20260914-20:18:30-964,attr,ApplicationStrategyNetwork.sensor[3].app[0],echoedPk:count,source,packetSent,,,,,,,
RR_T5-1-20260914-20:18:30-964,attr,ApplicationStrategyNetwork.sensor[3].app[0],echoedPk:count,title,"packets echoed, count",,,,,,,
RR_T5-1-20260914-20:18:30-964,scalar,ApplicationStrategyNetwork.sensor[4].app[0],echoedPk:count,,,120,,,,,,
RR_T5-1-20260914-20:18:30-964,attr,ApplicationStrategyNetwork.sensor[4].app[0],echoedPk:count,interpolationmode,none,,,,,,,
RR_T5-1-20260914-20:18:30-964,attr,ApplicationStrategyNetwork.sensor[4].app[0],echoedPk:count,recordingmode,count,,,,,,,
RR_T5-1-20260914-20:18:30-964,attr,ApplicationStrategyNetwork.sensor[4].app[0],echoedPk:count,source,packetSent,,,,,,,
RR_T5-1-20260914-20:18:30-964,attr,ApplicationStrategyNetwork.sensor[4].app[0],echoedPk:count,title,"packets echoed, count",,,,,,,
RR_T5-1-20260914-20:18:30-964,scalar,ApplicationStrategyNetwork.sensor[5].app[0],echoedPk:count,,,120,,,,,,
RR_T5-1-20260914-20:18:30-964,attr,ApplicationStrategyNetwork.sensor[5].app[0],echoedPk:count,interpolationmode,none,,,,,,,
RR_T5-1-20260914-20:18:30-964,attr,ApplicationStrategyNetwork.sensor[5].app[0],echoedPk:count,recordingmode,count,,,,,,,
RR_T5-1-20260914-20:18:30-964,attr,ApplicationStrategyNetwork.sensor[5].app[0],echoedPk:count,source,packetSent,,,,,,,
RR_T5-1-20260914-20:18:30-964,attr,ApplicationStrategyNetwork.sensor[5].app[0],echoedPk:count,title,"packets echoed, count",,,,,,,
RR_T5-1-20260914-20:18:30-964,scalar,ApplicationStrategyNetwork.sensor[6].app[0],echoedPk:count,,,120,,,,,,
RR_T5-1-20260914-20:18:30-964,attr,ApplicationStrategyNetwork.sensor[6].app[0],echoedPk:count,interpolationmode,none,,,,,,,
RR_T5-1-20260914-20:18:30-964,attr,ApplicationStrategyNetwork.sensor[6].app[0],echoedPk:count,recordingmode,count,,,,,,,
RR_T5-1-20260914-20:18:30-964,attr,ApplicationStrategyNetwork.sensor[6].app[0],echoedPk:count,source,packetSent,,,,,,,
RR_T5-1-20260914-20:18:30-964,attr,ApplicationStrategyNetwork.sensor[6].app[0],echoedPk:count,title,"packets echoed, count",,,,,,,
RR_T5-1-20260914-20:18:30-964,scalar,ApplicationStrategyNetwork.sensor[7].app[0],echoedPk:count,,,120,,,,,,
RR_T5-1-20260914-20:18:30-964,attr,ApplicationStrategyNetwork.sensor[7].app[0],echoedPk:count,interpolationmode,none,,,,,,,
RR_T5-1-20260914-20:18:30-964,attr,ApplicationStrategyNetwork.sensor[7].app[0],echoedPk:count,recordingmode,count,,,,,,,
RR_T5-1-20260914-20:18:30-964,attr,ApplicationStrategyNetwork.sensor[7].app[0],echoedPk:count,source,packetSent,,,,,,,
RR_T5-1-20260914-20:18:30-964,attr,ApplicationStrategyNetwork.sensor[7].app[0],echoedPk:count,title,"packets echoed, count",,,,,,,
RR_T5-1-20260914-20:18:30-964,scalar,ApplicationStrategyNetwork.sensor[8].app[0],echoedPk:count,,,120,,,,,,
RR_T5-1-20260914-20:18:30-964,attr,ApplicationStrategyNetwork.sensor[8].app[0],echoedPk:count,interpolationmode,none,,,,,,,
RR_T5-1-20260914-20:18:30-964,attr,ApplicationStrategyNetwork.sensor[8].app[0],echoedPk:count,recordingmode,count,,,,,,,
RR_T5-1-20260914-20:18:30-964,attr,ApplicationStrategyNetwork.sensor[8].app[0],echoedPk:count,source,packetSent,,,,,,,
RR_T5-1-20260914-20:18:30-964,attr,ApplicationStrategyNetwork.sensor[8].app[0],echoedPk:count,title,"packets echoed, count",,,,,,,
RR_T5-1-20260914-20:18:30-964,scalar,ApplicationStrategyNetwork.sensor[9].app[0],echoedPk:count,,,120,,,,,,
RR_T5-1-20260914-20:18:30-964,attr,ApplicationStrategyNetwork.sensor[9].app[0],echoedPk:count,interpolationmode,none,,,,,,,
RR_T5-1-20260914-20:18:30-964,attr,ApplicationStrategyNetwork.sensor[9].app[0],echoedPk:count,recordingmode,count,,,,,,,
RR_T5-1-20260914-20:18:30-964,attr,ApplicationStrategyNetwork.sensor[9].app[0],echoedPk:count,source,packetSent,,,,,,,
RR_T5-1-20260914-20:18:30-964,attr,ApplicationStrategyNetwork.sensor[9].app[0],echoedPk:count,title,"packets echoed, count",,,,,,,
RR_T5-1-20260914-20:18:30-964,scalar,ApplicationStrategyNetwork.sensor[10].app[0],echoedPk:count,,,120,,,,,,
RR_T5-1-20260914-20:18:30-964,attr,ApplicationStrategyNetwork.sensor[10].app[0],echoedPk:count,interpolationmode,none,,,,,,,
RR_T5-1-20260914-20:18:30-964,attr,ApplicationStrategyNetwork.sensor[10].app[0],echoedPk:count,recordingmode,count,,,,,,,
RR_T5-1-20260914-20:18:30-964,attr,ApplicationStrategyNetwork.sensor[10].app[0],echoedPk:count,source,packetSent,,,,,,,
RR_T5-1-20260914-20:18:30-964,attr,ApplicationStrategyNetwork.sensor[10].app[0],echoedPk:count,title,"packets echoed, count",,,,,,,
RR_T5-1-20260914-20:18:30-964,scalar,ApplicationStrategyNetwork.sensor[11].app[0],echoedPk:count,,,120,,,,,,
RR_T5-1-20260914-20:18:30-964,attr,ApplicationStrategyNetwork.sensor[11].app[0],echoedPk:count,interpolationmode,none,,,,,,,
RR_T5-1-20260914-20:18:30-964,attr,ApplicationStrategyNetwork.sensor[11].app[0],echoedPk:count,recordingmode,count,,,,,,,
RR_T5-1-20260914-20:18:30-964,attr,ApplicationStrategyNetwork.sensor[11].app[0],echoedPk:count,source,packetSent,,,,,,,
RR_T5-1-20260914-20:18:30-964,attr,ApplicationStrategyNetwork.sensor[11].app[0],echoedPk:count,title,"packets echoed, count",,,,,,,
RR_T5-1-20260914-20:18:30-964,scalar,ApplicationStrategyNetwork.monitoringServer.app[0],packetReceived:count,,,120,,,,,,
RR_T5-1-20260914-20:18:30-964,attr,ApplicationStrategyNetwork.monitoringServer.app[0],packetReceived:count,interpolationmode,none,,,,,,,
RR_T5-1-20260914-20:18:30-964,attr,ApplicationStrategyNetwork.monitoringServer.app[0],packetReceived:count,recordingmode,count,,,,,,,
RR_T5-1-20260914-20:18:30-964,attr,ApplicationStrategyNetwork.monitoringServer.app[0],packetReceived:count,source,packetReceived,,,,,,,
RR_T5-1-20260914-20:18:30-964,attr,ApplicationStrategyNetwork.monitoringServer.app[0],packetReceived:count,title,"packets received, count",,,,,,,
RR_T5-1-20260914-20:18:30-964,scalar,ApplicationStrategyNetwork.monitoringServer.app[0],packetSent:count,,,120,,,,,,
RR_T5-1-20260914-20:18:30-964,attr,ApplicationStrategyNetwork.monitoringServer.app[0],packetSent:count,interpolationmode,none,,,,,,,
RR_T5-1-20260914-20:18:30-964,attr,ApplicationStrategyNetwork.monitoringServer.app[0],packetSent:count,recordingmode,count,,,,,,,
RR_T5-1-20260914-20:18:30-964,attr,ApplicationStrategyNetwork.monitoringServer.app[0],packetSent:count,source,packetSent,,,,,,,
RR_T5-1-20260914-20:18:30-964,attr,ApplicationStrategyNetwork.monitoringServer.app[0],packetSent:count,title,"packets sent, count",,,,,,,
RR_T5-1-20260914-20:18:30-964,scalar,ApplicationStrategyNetwork.monitoringServer.app[1],packetReceived:count,,,120,,,,,,
RR_T5-1-20260914-20:18:30-964,attr,ApplicationStrategyNetwork.monitoringServer.app[1],packetReceived:count,interpolationmode,none,,,,,,,
RR_T5-1-20260914-20:18:30-964,attr,ApplicationStrategyNetwork.monitoringServer.app[1],packetReceived:count,recordingmode,count,,,,,,,
RR_T5-1-20260914-20:18:30-964,attr,ApplicationStrategyNetwork.monitoringServer.app[1],packetReceived:count,source,packetReceived,,,,,,,
RR_T5-1-20260914-20:18:30-964,attr,ApplicationStrategyNetwork.monitoringServer.app[1],packetReceived:count,title,"packets received, count",,,,,,,
RR_T5-1-20260914-20:18:30-964,scalar,ApplicationStrategyNetwork.monitoringServer.app[1],packetSent:count,,,120,,,,,,
RR_T5-1-20260914-20:18:30-964,attr,ApplicationStrategyNetwork.monitoringServer.app[1],packetSent:count,interpolationmode,none,,,,,,,
RR_T5-1-20260914-20:18:30-964,attr,ApplicationStrategyNetwork.monitoringServer.app[1],packetSent:count,recordingmode,count,,,,,,,
RR_T5-1-20260914-20:18:30-964,attr,ApplicationStrategyNetwork.monitoringServer.app[1],packetSent:count,source,packetSent,,,,,,,
RR_T5-1-20260914-20:18:30-964,attr,ApplicationStrategyNetwork.monitoringServer.app[1],packetSent:count,title,"packets sent, count",,,,,,,
RR_T5-1-20260914-20:18:30-964,scalar,ApplicationStrategyNetwork.monitoringServer.app[2],packetReceived:count,,,120,,,,,,
RR_T5-1-20260914-20:18:30-964,attr,ApplicationStrategyNetwork.monitoringServer.app[2],packetReceived:count,interpolationmode,none,,,,,,,
RR_T5-1-20260914-20:18:30-964,attr,ApplicationStrategyNetwork.monitoringServer.app[2],packetReceived:count,recordingmode,count,,,,,,,
RR_T5-1-20260914-20:18:30-964,attr,ApplicationStrategyNetwork.monitoringServer.app[2],packetReceived:count,source,packetReceived,,,,,,,
RR_T5-1-20260914-20:18:30-964,attr,ApplicationStrategyNetwork.monitoringServer.app[2],packetReceived:count,title,"packets received, count",,,,,,,
RR_T5-1-20260914-20:18:30-964,scalar,ApplicationStrategyNetwork.monitoringServer.app[2],packetSent:count,,,120,,,,,,
RR_T5-1-20260914-20:18:30-964,attr,ApplicationStrategyNetwork.monitoringServer.app[2],packetSent:count,interpolationmode,none,,,,,,,
RR_T5-1-20260914-20:18:30-964,attr,ApplicationStrategyNetwork.monitoringServer.app[2],packetSent:count,recordingmode,count,,,,,,,
RR_T5-1-20260914-20:18:30-964,attr,ApplicationStrategyNetwork.monitoringServer.app[2],packetSent:count,source,packetSent,,,,,,,
RR_T5-1-20260914-20:18:30-964,attr,ApplicationStrategyNetwork.monitoringServer.app[2],packetSent:count,title,"packets sent, count",,,,,,,
RR_T5-1-20260914-20:18:30-964,scalar,ApplicationStrategyNetwork.monitoringServer.app[3],packetReceived:count,,,120,,,,,,
RR_T5-1-20260914-20:18:30-964,attr,ApplicationStrategyNetwork.monitoringServer.app[3],packetReceived:count,interpolationmode,none,,,,,,,
RR_T5-1-20260914-20:18:30-964,attr,ApplicationStrategyNetwork.monitoringServer.app[3],packetReceived:count,recordingmode,count,,,,,,,
RR_T5-1-20260914-20:18:30-964,attr,ApplicationStrategyNetwork.monitoringServer.app[3],packetReceived:count,source,packetReceived,,,,,,,
RR_T5-1-20260914-20:18:30-964,attr,ApplicationStrategyNetwork.monitoringServer.app[3],packetReceived:count,title,"packets received, count",,,,,,,
RR_T5-1-20260914-20:18:30-964,scalar,ApplicationStrategyNetwork.monitoringServer.app[3],packetSent:count,,,120,,,,,,
RR_T5-1-20260914-20:18:30-964,attr,ApplicationStrategyNetwork.monitoringServer.app[3],packetSent:count,interpolationmode,none,,,,,,,
RR_T5-1-20260914-20:18:30-964,attr,ApplicationStrategyNetwork.monitoringServer.app[3],packetSent:count,recordingmode,count,,,,,,,
RR_T5-1-20260914-20:18:30-964,attr,ApplicationStrategyNetwork.monitoringServer.app[3],packetSent:count,source,packetSent,,,,,,,
RR_T5-1-20260914-20:18:30-964,attr,ApplicationStrategyNetwork.monitoringServer.app[3],packetSent:count,title,"packets sent, count",,,,,,,
RR_T5-1-20260914-20:18:30-964,scalar,ApplicationStrategyNetwork.monitoringServer.app[4],packetReceived:count,,,120,,,,,,
RR_T5-1-20260914-20:18:30-964,attr,ApplicationStrategyNetwork.monitoringServer.app[4],packetReceived:count,interpolationmode,none,,,,,,,
RR_T5-1-20260914-20:18:30-964,attr,ApplicationStrategyNetwork.monitoringServer.app[4],packetReceived:count,recordingmode,count,,,,,,,
RR_T5-1-20260914-20:18:30-964,attr,ApplicationStrategyNetwork.monitoringServer.app[4],packetReceived:count,source,packetReceived,,,,,,,
RR_T5-1-20260914-20:18:30-964,attr,ApplicationStrategyNetwork.monitoringServer.app[4],packetReceived:count,title,"packets received, count",,,,,,,
RR_T5-1-20260914-20:18:30-964,scalar,ApplicationStrategyNetwork.monitoringServer.app[4],packetSent:count,,,120,,,,,,
RR_T5-1-20260914-20:18:30-964,attr,ApplicationStrategyNetwork.monitoringServer.app[4],packetSent:count,interpolationmode,none,,,,,,,
RR_T5-1-20260914-20:18:30-964,attr,ApplicationStrategyNetwork.monitoringServer.app[4],packetSent:count,recordingmode,count,,,,,,,
RR_T5-1-20260914-20:18:30-964,attr,ApplicationStrategyNetwork.monitoringServer.app[4],packetSent:count,source,packetSent,,,,,,,
RR_T5-1-20260914-20:18:30-964,attr,ApplicationStrategyNetwork.monitoringServer.app[4],packetSent:count,title,"packets sent, count",,,,,,,
RR_T5-1-20260914-20:18:30-964,scalar,ApplicationStrategyNetwork.monitoringServer.app[5],packetReceived:count,,,120,,,,,,
RR_T5-1-20260914-20:18:30-964,attr,ApplicationStrategyNetwork.monitoringServer.app[5],packetReceived:count,interpolationmode,none,,,,,,,
RR_T5-1-20260914-20:18:30-964,attr,ApplicationStrategyNetwork.monitoringServer.app[5],packetReceived:count,recordingmode,count,,,,,,,
RR_T5-1-20260914-20:18:30-964,attr,ApplicationStrategyNetwork.monitoringServer.app[5],packetReceived:count,source,packetReceived,,,,,,,
RR_T5-1-20260914-20:18:30-964,attr,ApplicationStrategyNetwork.monitoringServer.app[5],packetReceived:count,title,"packets received, count",,,,,,,
RR_T5-1-20260914-20:18:30-964,scalar,ApplicationStrategyNetwork.monitoringServer.app[5],packetSent:count,,,120,,,,,,
RR_T5-1-20260914-20:18:30-964,attr,ApplicationStrategyNetwork.monitoringServer.app[5],packetSent:count,interpolationmode,none,,,,,,,
RR_T5-1-20260914-20:18:30-964,attr,ApplicationStrategyNetwork.monitoringServer.app[5],packetSent:count,recordingmode,count,,,,,,,
RR_T5-1-20260914-20:18:30-964,attr,ApplicationStrategyNetwork.monitoringServer.app[5],packetSent:count,source,packetSent,,,,,,,
RR_T5-1-20260914-20:18:30-964,attr,ApplicationStrategyNetwork.monitoringServer.app[5],packetSent:count,title,"packets sent, count",,,,,,,
RR_T5-1-20260914-20:18:30-964,scalar,ApplicationStrategyNetwork.monitoringServer.app[6],packetReceived:count,,,120,,,,,,
RR_T5-1-20260914-20:18:30-964,attr,ApplicationStrategyNetwork.monitoringServer.app[6],packetReceived:count,interpolationmode,none,,,,,,,
RR_T5-1-20260914-20:18:30-964,attr,ApplicationStrategyNetwork.monitoringServer.app[6],packetReceived:count,recordingmode,count,,,,,,,
RR_T5-1-20260914-20:18:30-964,attr,ApplicationStrategyNetwork.monitoringServer.app[6],packetReceived:count,source,packetReceived,,,,,,,
RR_T5-1-20260914-20:18:30-964,attr,ApplicationStrategyNetwork.monitoringServer.app[6],packetReceived:count,title,"packets received, count",,,,,,,
RR_T5-1-20260914-20:18:30-964,scalar,ApplicationStrategyNetwork.monitoringServer.app[6],packetSent:count,,,120,,,,,,
RR_T5-1-20260914-20:18:30-964,attr,ApplicationStrategyNetwork.monitoringServer.app[6],packetSent:count,interpolationmode,none,,,,,,,
RR_T5-1-20260914-20:18:30-964,attr,ApplicationStrategyNetwork.monitoringServer.app[6],packetSent:count,recordingmode,count,,,,,,,
RR_T5-1-20260914-20:18:30-964,attr,ApplicationStrategyNetwork.monitoringServer.app[6],packetSent:count,source,packetSent,,,,,,,
RR_T5-1-20260914-20:18:30-964,attr,ApplicationStrategyNetwork.monitoringServer.app[6],packetSent:count,title,"packets sent, count",,,,,,,
RR_T5-1-20260914-20:18:30-964,scalar,ApplicationStrategyNetwork.monitoringServer.app[7],packetReceived:count,,,120,,,,,,
RR_T5-1-20260914-20:18:30-964,attr,ApplicationStrategyNetwork.monitoringServer.app[7],packetReceived:count,interpolationmode,none,,,,,,,
RR_T5-1-20260914-20:18:30-964,attr,ApplicationStrategyNetwork.monitoringServer.app[7],packetReceived:count,recordingmode,count,,,,,,,
RR_T5-1-20260914-20:18:30-964,attr,ApplicationStrategyNetwork.monitoringServer.app[7],packetReceived:count,source,packetReceived,,,,,,,
RR_T5-1-20260914-20:18:30-964,attr,ApplicationStrategyNetwork.monitoringServer.app[7],packetReceived:count,title,"packets received, count",,,,,,,
RR_T5-1-20260914-20:18:30-964,scalar,ApplicationStrategyNetwork.monitoringServer.app[7],packetSent:count,,,120,,,,,,
RR_T5-1-20260914-20:18:30-964,attr,ApplicationStrategyNetwork.monitoringServer.app[7],packetSent:count,interpolationmode,none,,,,,,,
RR_T5-1-20260914-20:18:30-964,attr,ApplicationStrategyNetwork.monitoringServer.app[7],packetSent:count,recordingmode,count,,,,,,,
RR_T5-1-20260914-20:18:30-964,attr,ApplicationStrategyNetwork.monitoringServer.app[7],packetSent:count,source,packetSent,,,,,,,
RR_T5-1-20260914-20:18:30-964,attr,ApplicationStrategyNetwork.monitoringServer.app[7],packetSent:count,title,"packets sent, count",,,,,,,
RR_T5-1-20260914-20:18:30-964,scalar,ApplicationStrategyNetwork.monitoringServer.app[8],packetReceived:count,,,120,,,,,,
RR_T5-1-20260914-20:18:30-964,attr,ApplicationStrategyNetwork.monitoringServer.app[8],packetReceived:count,interpolationmode,none,,,,,,,
RR_T5-1-20260914-20:18:30-964,attr,ApplicationStrategyNetwork.monitoringServer.app[8],packetReceived:count,recordingmode,count,,,,,,,
RR_T5-1-20260914-20:18:30-964,attr,ApplicationStrategyNetwork.monitoringServer.app[8],packetReceived:count,source,packetReceived,,,,,,,
RR_T5-1-20260914-20:18:30-964,attr,ApplicationStrategyNetwork.monitoringServer.app[8],packetReceived:count,title,"packets received, count",,,,,,,
RR_T5-1-20260914-20:18:30-964,scalar,ApplicationStrategyNetwork.monitoringServer.app[8],packetSent:count,,,120,,,,,,
RR_T5-1-20260914-20:18:30-964,attr,ApplicationStrategyNetwork.monitoringServer.app[8],packetSent:count,interpolationmode,none,,,,,,,
RR_T5-1-20260914-20:18:30-964,attr,ApplicationStrategyNetwork.monitoringServer.app[8],packetSent:count,recordingmode,count,,,,,,,
RR_T5-1-20260914-20:18:30-964,attr,ApplicationStrategyNetwork.monitoringServer.app[8],packetSent:count,source,packetSent,,,,,,,
RR_T5-1-20260914-20:18:30-964,attr,ApplicationStrategyNetwork.monitoringServer.app[8],packetSent:count,title,"packets sent, count",,,,,,,
RR_T5-1-20260914-20:18:30-964,scalar,ApplicationStrategyNetwork.monitoringServer.app[9],packetReceived:count,,,120,,,,,,
RR_T5-1-20260914-20:18:30-964,attr,ApplicationStrategyNetwork.monitoringServer.app[9],packetReceived:count,interpolationmode,none,,,,,,,
RR_T5-1-20260914-20:18:30-964,attr,ApplicationStrategyNetwork.monitoringServer.app[9],packetReceived:count,recordingmode,count,,,,,,,
RR_T5-1-20260914-20:18:30-964,attr,ApplicationStrategyNetwork.monitoringServer.app[9],packetReceived:count,source,packetReceived,,,,,,,
RR_T5-1-20260914-20:18:30-964,attr,ApplicationStrategyNetwork.monitoringServer.app[9],packetReceived:count,title,"packets received, count",,,,,,,
RR_T5-1-20260914-20:18:30-964,scalar,ApplicationStrategyNetwork.monitoringServer.app[9],packetSent:count,,,120,,,,,,
RR_T5-1-20260914-20:18:30-964,attr,ApplicationStrategyNetwork.monitoringServer.app[9],packetSent:count,interpolationmode,none,,,,,,,
RR_T5-1-20260914-20:18:30-964,attr,ApplicationStrategyNetwork.monitoringServer.app[9],packetSent:count,recordingmode,count,,,,,,,
RR_T5-1-20260914-20:18:30-964,attr,ApplicationStrategyNetwork.monitoringServer.app[9],packetSent:count,source,packetSent,,,,,,,
RR_T5-1-20260914-20:18:30-964,attr,ApplicationStrategyNetwork.monitoringServer.app[9],packetSent:count,title,"packets sent, count",,,,,,,
RR_T5-1-20260914-20:18:30-964,scalar,ApplicationStrategyNetwork.monitoringServer.app[10],packetReceived:count,,,120,,,,,,
RR_T5-1-20260914-20:18:30-964,attr,ApplicationStrategyNetwork.monitoringServer.app[10],packetReceived:count,interpolationmode,none,,,,,,,
RR_T5-1-20260914-20:18:30-964,attr,ApplicationStrategyNetwork.monitoringServer.app[10],packetReceived:count,recordingmode,count,,,,,,,
RR_T5-1-20260914-20:18:30-964,attr,ApplicationStrategyNetwork.monitoringServer.app[10],packetReceived:count,source,packetReceived,,,,,,,
RR_T5-1-20260914-20:18:30-964,attr,ApplicationStrategyNetwork.monitoringServer.app[10],packetReceived:count,title,"packets received, count",,,,,,,
RR_T5-1-20260914-20:18:30-964,scalar,ApplicationStrategyNetwork.monitoringServer.app[10],packetSent:count,,,120,,,,,,
RR_T5-1-20260914-20:18:30-964,attr,ApplicationStrategyNetwork.monitoringServer.app[10],packetSent:count,interpolationmode,none,,,,,,,
RR_T5-1-20260914-20:18:30-964,attr,ApplicationStrategyNetwork.monitoringServer.app[10],packetSent:count,recordingmode,count,,,,,,,
RR_T5-1-20260914-20:18:30-964,attr,ApplicationStrategyNetwork.monitoringServer.app[10],packetSent:count,source,packetSent,,,,,,,
RR_T5-1-20260914-20:18:30-964,attr,ApplicationStrategyNetwork.monitoringServer.app[10],packetSent:count,title,"packets sent, count",,,,,,,
RR_T5-1-20260914-20:18:30-964,scalar,ApplicationStrategyNetwork.monitoringServer.app[11],packetReceived:count,,,120,,,,,,
RR_T5-1-20260914-20:18:30-964,attr,ApplicationStrategyNetwork.monitoringServer.app[11],packetReceived:count,interpolationmode,none,,,,,,,
RR_T5-1-20260914-20:18:30-964,attr,ApplicationStrategyNetwork.monitoringServer.app[11],packetReceived:count,recordingmode,count,,,,,,,
RR_T5-1-20260914-20:18:30-964,attr,ApplicationStrategyNetwork.monitoringServer.app[11],packetReceived:count,source,packetReceived,,,,,,,
RR_T5-1-20260914-20:18:30-964,attr,ApplicationStrategyNetwork.monitoringServer.app[11],packetReceived:count,title,"packets received, count",,,,,,,
RR_T5-1-20260914-20:18:30-964,scalar,ApplicationStrategyNetwork.monitoringServer.app[11],packetSent:count,,,120,,,,,,
RR_T5-1-20260914-20:18:30-964,attr,ApplicationStrategyNetwork.monitoringServer.app[11],packetSent:count,interpolationmode,none,,,,,,,
RR_T5-1-20260914-20:18:30-964,attr,ApplicationStrategyNetwork.monitoringServer.app[11],packetSent:count,recordingmode,count,,,,,,,
RR_T5-1-20260914-20:18:30-964,attr,ApplicationStrategyNetwork.monitoringServer.app[11],packetSent:count,source,packetSent,,,,,,,
RR_T5-1-20260914-20:18:30-964,attr,ApplicationStrategyNetwork.monitoringServer.app[11],packetSent:count,title,"packets sent, count",,,,,,,
RR_T5-2-20260914-20:18:37-970,scalar,ApplicationStrategyNetwork.sensor[0].app[0],echoedPk:count,,,120,,,,,,
RR_T5-2-20260914-20:18:37-970,attr,ApplicationStrategyNetwork.sensor[0].app[0],echoedPk:count,interpolationmode,none,,,,,,,
RR_T5-2-20260914-20:18:37-970,attr,ApplicationStrategyNetwork.sensor[0].app[0],echoedPk:count,recordingmode,count,,,,,,,
RR_T5-2-20260914-20:18:37-970,attr,ApplicationStrategyNetwork.sensor[0].app[0],echoedPk:count,source,packetSent,,,,,,,
RR_T5-2-20260914-20:18:37-970,attr,ApplicationStrategyNetwork.sensor[0].app[0],echoedPk:count,title,"packets echoed, count",,,,,,,
RR_T5-2-20260914-20:18:37-970,scalar,ApplicationStrategyNetwork.sensor[1].app[0],echoedPk:count,,,120,,,,,,
RR_T5-2-20260914-20:18:37-970,attr,ApplicationStrategyNetwork.sensor[1].app[0],echoedPk:count,interpolationmode,none,,,,,,,
RR_T5-2-20260914-20:18:37-970,attr,ApplicationStrategyNetwork.sensor[1].app[0],echoedPk:count,recordingmode,count,,,,,,,
RR_T5-2-20260914-20:18:37-970,attr,ApplicationStrategyNetwork.sensor[1].app[0],echoedPk:count,source,packetSent,,,,,,,
RR_T5-2-20260914-20:18:37-970,attr,ApplicationStrategyNetwork.sensor[1].app[0],echoedPk:count,title,"packets echoed, count",,,,,,,
RR_T5-2-20260914-20:18:37-970,scalar,ApplicationStrategyNetwork.sensor[2].app[0],echoedPk:count,,,120,,,,,,
RR_T5-2-20260914-20:18:37-970,attr,ApplicationStrategyNetwork.sensor[2].app[0],echoedPk:count,interpolationmode,none,,,,,,,
RR_T5-2-20260914-20:18:37-970,attr,ApplicationStrategyNetwork.sensor[2].app[0],echoedPk:count,recordingmode,count,,,,,,,
RR_T5-2-20260914-20:18:37-970,attr,ApplicationStrategyNetwork.sensor[2].app[0],echoedPk:count,source,packetSent,,,,,,,
RR_T5-2-20260914-20:18:37-970,attr,ApplicationStrategyNetwork.sensor[2].app[0],echoedPk:count,title,"packets echoed, count",,,,,,,
RR_T5-2-20260914-20:18:37-970,scalar,ApplicationStrategyNetwork.sensor[3].app[0],echoedPk:count,,,120,,,,,,
RR_T5-2-20260914-20:18:37-970,attr,ApplicationStrategyNetwork.sensor[3].app[0],echoedPk:count,interpolationmode,none,,,,,,,
RR_T5-2-20260914-20:18:37-970,attr,ApplicationStrategyNetwork.sensor[3].app[0],echoedPk:count,recordingmode,count,,,,,,,
RR_T5-2-20260914-20:18:37-970,attr,ApplicationStrategyNetwork.sensor[3].app[0],echoedPk:count,source,packetSent,,,,,,,
RR_T5-2-20260914-20:18:37-970,attr,ApplicationStrategyNetwork.sensor[3].app[0],echoedPk:count,title,"packets echoed, count",,,,,,,
RR_T5-2-20260914-20:18:37-970,scalar,ApplicationStrategyNetwork.sensor[4].app[0],echoedPk:count,,,120,,,,,,
RR_T5-2-20260914-20:18:37-970,attr,ApplicationStrategyNetwork.sensor[4].app[0],echoedPk:count,interpolationmode,none,,,,,,,
RR_T5-2-20260914-20:18:37-970,attr,ApplicationStrategyNetwork.sensor[4].app[0],echoedPk:count,recordingmode,count,,,,,,,
RR_T5-2-20260914-20:18:37-970,attr,ApplicationStrategyNetwork.sensor[4].app[0],echoedPk:count,source,packetSent,,,,,,,
RR_T5-2-20260914-20:18:37-970,attr,ApplicationStrategyNetwork.sensor[4].app[0],echoedPk:count,title,"packets echoed, count",,,,,,,
RR_T5-2-20260914-20:18:37-970,scalar,ApplicationStrategyNetwork.sensor[5].app[0],echoedPk:count,,,120,,,,,,
RR_T5-2-20260914-20:18:37-970,attr,ApplicationStrategyNetwork.sensor[5].app[0],echoedPk:count,interpolationmode,none,,,,,,,
RR_T5-2-20260914-20:18:37-970,attr,ApplicationStrategyNetwork.sensor[5].app[0],echoedPk:count,recordingmode,count,,,,,,,
RR_T5-2-20260914-20:18:37-970,attr,ApplicationStrategyNetwork.sensor[5].app[0],echoedPk:count,source,packetSent,,,,,,,
RR_T5-2-20260914-20:18:37-970,attr,ApplicationStrategyNetwork.sensor[5].app[0],echoedPk:count,title,"packets echoed, count",,,,,,,
RR_T5-2-20260914-20:18:37-970,scalar,ApplicationStrategyNetwork.sensor[6].app[0],echoedPk:count,,,120,,,,,,
RR_T5-2-20260914-20:18:37-970,attr,ApplicationStrategyNetwork.sensor[6].app[0],echoedPk:count,interpolationmode,none,,,,,,,
RR_T5-2-20260914-20:18:37-970,attr,ApplicationStrategyNetwork.sensor[6].app[0],echoedPk:count,recordingmode,count,,,,,,,
RR_T5-2-20260914-20:18:37-970,attr,ApplicationStrategyNetwork.sensor[6].app[0],echoedPk:count,source,packetSent,,,,,,,
RR_T5-2-20260914-20:18:37-970,attr,ApplicationStrategyNetwork.sensor[6].app[0],echoedPk:count,title,"packets echoed, count",,,,,,,
RR_T5-2-20260914-20:18:37-970,scalar,ApplicationStrategyNetwork.sensor[7].app[0],echoedPk:count,,,120,,,,,,
RR_T5-2-20260914-20:18:37-970,attr,ApplicationStrategyNetwork.sensor[7].app[0],echoedPk:count,interpolationmode,none,,,,,,,
RR_T5-2-20260914-20:18:37-970,attr,ApplicationStrategyNetwork.sensor[7].app[0],echoedPk:count,recordingmode,count,,,,,,,
RR_T5-2-20260914-20:18:37-970,attr,ApplicationStrategyNetwork.sensor[7].app[0],echoedPk:count,source,packetSent,,,,,,,
RR_T5-2-20260914-20:18:37-970,attr,ApplicationStrategyNetwork.sensor[7].app[0],echoedPk:count,title,"packets echoed, count",,,,,,,
RR_T5-2-20260914-20:18:37-970,scalar,ApplicationStrategyNetwork.sensor[8].app[0],echoedPk:count,,,120,,,,,,
RR_T5-2-20260914-20:18:37-970,attr,ApplicationStrategyNetwork.sensor[8].app[0],echoedPk:count,interpolationmode,none,,,,,,,
RR_T5-2-20260914-20:18:37-970,attr,ApplicationStrategyNetwork.sensor[8].app[0],echoedPk:count,recordingmode,count,,,,,,,
RR_T5-2-20260914-20:18:37-970,attr,ApplicationStrategyNetwork.sensor[8].app[0],echoedPk:count,source,packetSent,,,,,,,
RR_T5-2-20260914-20:18:37-970,attr,ApplicationStrategyNetwork.sensor[8].app[0],echoedPk:count,title,"packets echoed, count",,,,,,,
RR_T5-2-20260914-20:18:37-970,scalar,ApplicationStrategyNetwork.sensor[9].app[0],echoedPk:count,,,120,,,,,,
RR_T5-2-20260914-20:18:37-970,attr,ApplicationStrategyNetwork.sensor[9].app[0],echoedPk:count,interpolationmode,none,,,,,,,
RR_T5-2-20260914-20:18:37-970,attr,ApplicationStrategyNetwork.sensor[9].app[0],echoedPk:count,recordingmode,count,,,,,,,
RR_T5-2-20260914-20:18:37-970,attr,ApplicationStrategyNetwork.sensor[9].app[0],echoedPk:count,source,packetSent,,,,,,,
RR_T5-2-20260914-20:18:37-970,attr,ApplicationStrategyNetwork.sensor[9].app[0],echoedPk:count,title,"packets echoed, count",,,,,,,
RR_T5-2-20260914-20:18:37-970,scalar,ApplicationStrategyNetwork.sensor[10].app[0],echoedPk:count,,,120,,,,,,
RR_T5-2-20260914-20:18:37-970,attr,ApplicationStrategyNetwork.sensor[10].app[0],echoedPk:count,interpolationmode,none,,,,,,,
RR_T5-2-20260914-20:18:37-970,attr,ApplicationStrategyNetwork.sensor[10].app[0],echoedPk:count,recordingmode,count,,,,,,,
RR_T5-2-20260914-20:18:37-970,attr,ApplicationStrategyNetwork.sensor[10].app[0],echoedPk:count,source,packetSent,,,,,,,
RR_T5-2-20260914-20:18:37-970,attr,ApplicationStrategyNetwork.sensor[10].app[0],echoedPk:count,title,"packets echoed, count",,,,,,,
RR_T5-2-20260914-20:18:37-970,scalar,ApplicationStrategyNetwork.sensor[11].app[0],echoedPk:count,,,120,,,,,,
RR_T5-2-20260914-20:18:37-970,attr,ApplicationStrategyNetwork.sensor[11].app[0],echoedPk:count,interpolationmode,none,,,,,,,
RR_T5-2-20260914-20:18:37-970,attr,ApplicationStrategyNetwork.sensor[11].app[0],echoedPk:count,recordingmode,count,,,,,,,
RR_T5-2-20260914-20:18:37-970,attr,ApplicationStrategyNetwork.sensor[11].app[0],echoedPk:count,source,packetSent,,,,,,,
RR_T5-2-20260914-20:18:37-970,attr,ApplicationStrategyNetwork.sensor[11].app[0],echoedPk:count,title,"packets echoed, count",,,,,,,
RR_T5-2-20260914-20:18:37-970,scalar,ApplicationStrategyNetwork.monitoringServer.app[0],packetReceived:count,,,120,,,,,,
RR_T5-2-20260914-20:18:37-970,attr,ApplicationStrategyNetwork.monitoringServer.app[0],packetReceived:count,interpolationmode,none,,,,,,,
RR_T5-2-20260914-20:18:37-970,attr,ApplicationStrategyNetwork.monitoringServer.app[0],packetReceived:count,recordingmode,count,,,,,,,
RR_T5-2-20260914-20:18:37-970,attr,ApplicationStrategyNetwork.monitoringServer.app[0],packetReceived:count,source,packetReceived,,,,,,,
RR_T5-2-20260914-20:18:37-970,attr,ApplicationStrategyNetwork.monitoringServer.app[0],packetReceived:count,title,"packets received, count",,,,,,,
RR_T5-2-20260914-20:18:37-970,scalar,ApplicationStrategyNetwork.monitoringServer.app[0],packetSent:count,,,120,,,,,,
RR_T5-2-20260914-20:18:37-970,attr,ApplicationStrategyNetwork.monitoringServer.app[0],packetSent:count,interpolationmode,none,,,,,,,
RR_T5-2-20260914-20:18:37-970,attr,ApplicationStrategyNetwork.monitoringServer.app[0],packetSent:count,recordingmode,count,,,,,,,
RR_T5-2-20260914-20:18:37-970,attr,ApplicationStrategyNetwork.monitoringServer.app[0],packetSent:count,source,packetSent,,,,,,,
RR_T5-2-20260914-20:18:37-970,attr,ApplicationStrategyNetwork.monitoringServer.app[0],packetSent:count,title,"packets sent, count",,,,,,,
RR_T5-2-20260914-20:18:37-970,scalar,ApplicationStrategyNetwork.monitoringServer.app[1],packetReceived:count,,,120,,,,,,
RR_T5-2-20260914-20:18:37-970,attr,ApplicationStrategyNetwork.monitoringServer.app[1],packetReceived:count,interpolationmode,none,,,,,,,
RR_T5-2-20260914-20:18:37-970,attr,ApplicationStrategyNetwork.monitoringServer.app[1],packetReceived:count,recordingmode,count,,,,,,,
RR_T5-2-20260914-20:18:37-970,attr,ApplicationStrategyNetwork.monitoringServer.app[1],packetReceived:count,source,packetReceived,,,,,,,
RR_T5-2-20260914-20:18:37-970,attr,ApplicationStrategyNetwork.monitoringServer.app[1],packetReceived:count,title,"packets received, count",,,,,,,
RR_T5-2-20260914-20:18:37-970,scalar,ApplicationStrategyNetwork.monitoringServer.app[1],packetSent:count,,,120,,,,,,
RR_T5-2-20260914-20:18:37-970,attr,ApplicationStrategyNetwork.monitoringServer.app[1],packetSent:count,interpolationmode,none,,,,,,,
RR_T5-2-20260914-20:18:37-970,attr,ApplicationStrategyNetwork.monitoringServer.app[1],packetSent:count,recordingmode,count,,,,,,,
RR_T5-2-20260914-20:18:37-970,attr,ApplicationStrategyNetwork.monitoringServer.app[1],packetSent:count,source,packetSent,,,,,,,
RR_T5-2-20260914-20:18:37-970,attr,ApplicationStrategyNetwork.monitoringServer.app[1],packetSent:count,title,"packets sent, count",,,,,,,
RR_T5-2-20260914-20:18:37-970,scalar,ApplicationStrategyNetwork.monitoringServer.app[2],packetReceived:count,,,119,,,,,,
RR_T5-2-20260914-20:18:37-970,attr,ApplicationStrategyNetwork.monitoringServer.app[2],packetReceived:count,interpolationmode,none,,,,,,,
RR_T5-2-20260914-20:18:37-970,attr,ApplicationStrategyNetwork.monitoringServer.app[2],packetReceived:count,recordingmode,count,,,,,,,
RR_T5-2-20260914-20:18:37-970,attr,ApplicationStrategyNetwork.monitoringServer.app[2],packetReceived:count,source,packetReceived,,,,,,,
RR_T5-2-20260914-20:18:37-970,attr,ApplicationStrategyNetwork.monitoringServer.app[2],packetReceived:count,title,"packets received, count",,,,,,,
RR_T5-2-20260914-20:18:37-970,scalar,ApplicationStrategyNetwork.monitoringServer.app[2],packetSent:count,,,120,,,,,,
RR_T5-2-20260914-20:18:37-970,attr,ApplicationStrategyNetwork.monitoringServer.app[2],packetSent:count,interpolationmode,none,,,,,,,
RR_T5-2-20260914-20:18:37-970,attr,ApplicationStrategyNetwork.monitoringServer.app[2],packetSent:count,recordingmode,count,,,,,,,
RR_T5-2-20260914-20:18:37-970,attr,ApplicationStrategyNetwork.monitoringServer.app[2],packetSent:count,source,packetSent,,,,,,,
RR_T5-2-20260914-20:18:37-970,attr,ApplicationStrategyNetwork.monitoringServer.app[2],packetSent:count,title,"packets sent, count",,,,,,,
RR_T5-2-20260914-20:18:37-970,scalar,ApplicationStrategyNetwork.monitoringServer.app[3],packetReceived:count,,,120,,,,,,
RR_T5-2-20260914-20:18:37-970,attr,ApplicationStrategyNetwork.monitoringServer.app[3],packetReceived:count,interpolationmode,none,,,,,,,
RR_T5-2-20260914-20:18:37-970,attr,ApplicationStrategyNetwork.monitoringServer.app[3],packetReceived:count,recordingmode,count,,,,,,,
RR_T5-2-20260914-20:18:37-970,attr,ApplicationStrategyNetwork.monitoringServer.app[3],packetReceived:count,source,packetReceived,,,,,,,
RR_T5-2-20260914-20:18:37-970,attr,ApplicationStrategyNetwork.monitoringServer.app[3],packetReceived:count,title,"packets received, count",,,,,,,
RR_T5-2-20260914-20:18:37-970,scalar,ApplicationStrategyNetwork.monitoringServer.app[3],packetSent:count,,,120,,,,,,
RR_T5-2-20260914-20:18:37-970,attr,ApplicationStrategyNetwork.monitoringServer.app[3],packetSent:count,interpolationmode,none,,,,,,,
RR_T5-2-20260914-20:18:37-970,attr,ApplicationStrategyNetwork.monitoringServer.app[3],packetSent:count,recordingmode,count,,,,,,,
RR_T5-2-20260914-20:18:37-970,attr,ApplicationStrategyNetwork.monitoringServer.app[3],packetSent:count,source,packetSent,,,,,,,
RR_T5-2-20260914-20:18:37-970,attr,ApplicationStrategyNetwork.monitoringServer.app[3],packetSent:count,title,"packets sent, count",,,,,,,
RR_T5-2-20260914-20:18:37-970,scalar,ApplicationStrategyNetwork.monitoringServer.app[4],packetReceived:count,,,120,,,,,,
RR_T5-2-20260914-20:18:37-970,attr,ApplicationStrategyNetwork.monitoringServer.app[4],packetReceived:count,interpolationmode,none,,,,,,,
RR_T5-2-20260914-20:18:37-970,attr,ApplicationStrategyNetwork.monitoringServer.app[4],packetReceived:count,recordingmode,count,,,,,,,
RR_T5-2-20260914-20:18:37-970,attr,ApplicationStrategyNetwork.monitoringServer.app[4],packetReceived:count,source,packetReceived,,,,,,,
RR_T5-2-20260914-20:18:37-970,attr,ApplicationStrategyNetwork.monitoringServer.app[4],packetReceived:count,title,"packets received, count",,,,,,,
RR_T5-2-20260914-20:18:37-970,scalar,ApplicationStrategyNetwork.monitoringServer.app[4],packetSent:count,,,120,,,,,,
RR_T5-2-20260914-20:18:37-970,attr,ApplicationStrategyNetwork.monitoringServer.app[4],packetSent:count,interpolationmode,none,,,,,,,
RR_T5-2-20260914-20:18:37-970,attr,ApplicationStrategyNetwork.monitoringServer.app[4],packetSent:count,recordingmode,count,,,,,,,
RR_T5-2-20260914-20:18:37-970,attr,ApplicationStrategyNetwork.monitoringServer.app[4],packetSent:count,source,packetSent,,,,,,,
RR_T5-2-20260914-20:18:37-970,attr,ApplicationStrategyNetwork.monitoringServer.app[4],packetSent:count,title,"packets sent, count",,,,,,,
RR_T5-2-20260914-20:18:37-970,scalar,ApplicationStrategyNetwork.monitoringServer.app[5],packetReceived:count,,,119,,,,,,
RR_T5-2-20260914-20:18:37-970,attr,ApplicationStrategyNetwork.monitoringServer.app[5],packetReceived:count,interpolationmode,none,,,,,,,
RR_T5-2-20260914-20:18:37-970,attr,ApplicationStrategyNetwork.monitoringServer.app[5],packetReceived:count,recordingmode,count,,,,,,,
RR_T5-2-20260914-20:18:37-970,attr,ApplicationStrategyNetwork.monitoringServer.app[5],packetReceived:count,source,packetReceived,,,,,,,
RR_T5-2-20260914-20:18:37-970,attr,ApplicationStrategyNetwork.monitoringServer.app[5],packetReceived:count,title,"packets received, count",,,,,,,
RR_T5-2-20260914-20:18:37-970,scalar,ApplicationStrategyNetwork.monitoringServer.app[5],packetSent:count,,,120,,,,,,
RR_T5-2-20260914-20:18:37-970,attr,ApplicationStrategyNetwork.monitoringServer.app[5],packetSent:count,interpolationmode,none,,,,,,,
RR_T5-2-20260914-20:18:37-970,attr,ApplicationStrategyNetwork.monitoringServer.app[5],packetSent:count,recordingmode,count,,,,,,,
RR_T5-2-20260914-20:18:37-970,attr,ApplicationStrategyNetwork.monitoringServer.app[5],packetSent:count,source,packetSent,,,,,,,
RR_T5-2-20260914-20:18:37-970,attr,ApplicationStrategyNetwork.monitoringServer.app[5],packetSent:count,title,"packets sent, count",,,,,,,
RR_T5-2-20260914-20:18:37-970,scalar,ApplicationStrategyNetwork.monitoringServer.app[6],packetReceived:count,,,120,,,,,,
RR_T5-2-20260914-20:18:37-970,attr,ApplicationStrategyNetwork.monitoringServer.app[6],packetReceived:count,interpolationmode,none,,,,,,,
RR_T5-2-20260914-20:18:37-970,attr,ApplicationStrategyNetwork.monitoringServer.app[6],packetReceived:count,recordingmode,count,,,,,,,
RR_T5-2-20260914-20:18:37-970,attr,ApplicationStrategyNetwork.monitoringServer.app[6],packetReceived:count,source,packetReceived,,,,,,,
RR_T5-2-20260914-20:18:37-970,attr,ApplicationStrategyNetwork.monitoringServer.app[6],packetReceived:count,title,"packets received, count",,,,,,,
RR_T5-2-20260914-20:18:37-970,scalar,ApplicationStrategyNetwork.monitoringServer.app[6],packetSent:count,,,120,,,,,,
RR_T5-2-20260914-20:18:37-970,attr,ApplicationStrategyNetwork.monitoringServer.app[6],packetSent:count,interpolationmode,none,,,,,,,
RR_T5-2-20260914-20:18:37-970,attr,ApplicationStrategyNetwork.monitoringServer.app[6],packetSent:count,recordingmode,count,,,,,,,
RR_T5-2-20260914-20:18:37-970,attr,ApplicationStrategyNetwork.monitoringServer.app[6],packetSent:count,source,packetSent,,,,,,,
RR_T5-2-20260914-20:18:37-970,attr,ApplicationStrategyNetwork.monitoringServer.app[6],packetSent:count,title,"packets sent, count",,,,,,,
RR_T5-2-20260914-20:18:37-970,scalar,ApplicationStrategyNetwork.monitoringServer.app[7],packetReceived:count,,,120,,,,,,
RR_T5-2-20260914-20:18:37-970,attr,ApplicationStrategyNetwork.monitoringServer.app[7],packetReceived:count,interpolationmode,none,,,,,,,
RR_T5-2-20260914-20:18:37-970,attr,ApplicationStrategyNetwork.monitoringServer.app[7],packetReceived:count,recordingmode,count,,,,,,,
RR_T5-2-20260914-20:18:37-970,attr,ApplicationStrategyNetwork.monitoringServer.app[7],packetReceived:count,source,packetReceived,,,,,,,
RR_T5-2-20260914-20:18:37-970,attr,ApplicationStrategyNetwork.monitoringServer.app[7],packetReceived:count,title,"packets received, count",,,,,,,
RR_T5-2-20260914-20:18:37-970,scalar,ApplicationStrategyNetwork.monitoringServer.app[7],packetSent:count,,,120,,,,,,
RR_T5-2-20260914-20:18:37-970,attr,ApplicationStrategyNetwork.monitoringServer.app[7],packetSent:count,interpolationmode,none,,,,,,,
RR_T5-2-20260914-20:18:37-970,attr,ApplicationStrategyNetwork.monitoringServer.app[7],packetSent:count,recordingmode,count,,,,,,,
RR_T5-2-20260914-20:18:37-970,attr,ApplicationStrategyNetwork.monitoringServer.app[7],packetSent:count,source,packetSent,,,,,,,
RR_T5-2-20260914-20:18:37-970,attr,ApplicationStrategyNetwork.monitoringServer.app[7],packetSent:count,title,"packets sent, count",,,,,,,
RR_T5-2-20260914-20:18:37-970,scalar,ApplicationStrategyNetwork.monitoringServer.app[8],packetReceived:count,,,120,,,,,,
RR_T5-2-20260914-20:18:37-970,attr,ApplicationStrategyNetwork.monitoringServer.app[8],packetReceived:count,interpolationmode,none,,,,,,,
RR_T5-2-20260914-20:18:37-970,attr,ApplicationStrategyNetwork.monitoringServer.app[8],packetReceived:count,recordingmode,count,,,,,,,
RR_T5-2-20260914-20:18:37-970,attr,ApplicationStrategyNetwork.monitoringServer.app[8],packetReceived:count,source,packetReceived,,,,,,,
RR_T5-2-20260914-20:18:37-970,attr,ApplicationStrategyNetwork.monitoringServer.app[8],packetReceived:count,title,"packets received, count",,,,,,,
RR_T5-2-20260914-20:18:37-970,scalar,ApplicationStrategyNetwork.monitoringServer.app[8],packetSent:count,,,120,,,,,,
RR_T5-2-20260914-20:18:37-970,attr,ApplicationStrategyNetwork.monitoringServer.app[8],packetSent:count,interpolationmode,none,,,,,,,
RR_T5-2-20260914-20:18:37-970,attr,ApplicationStrategyNetwork.monitoringServer.app[8],packetSent:count,recordingmode,count,,,,,,,
RR_T5-2-20260914-20:18:37-970,attr,ApplicationStrategyNetwork.monitoringServer.app[8],packetSent:count,source,packetSent,,,,,,,
RR_T5-2-20260914-20:18:37-970,attr,ApplicationStrategyNetwork.monitoringServer.app[8],packetSent:count,title,"packets sent, count",,,,,,,
RR_T5-2-20260914-20:18:37-970,scalar,ApplicationStrategyNetwork.monitoringServer.app[9],packetReceived:count,,,120,,,,,,
RR_T5-2-20260914-20:18:37-970,attr,ApplicationStrategyNetwork.monitoringServer.app[9],packetReceived:count,interpolationmode,none,,,,,,,
RR_T5-2-20260914-20:18:37-970,attr,ApplicationStrategyNetwork.monitoringServer.app[9],packetReceived:count,recordingmode,count,,,,,,,
RR_T5-2-20260914-20:18:37-970,attr,ApplicationStrategyNetwork.monitoringServer.app[9],packetReceived:count,source,packetReceived,,,,,,,
RR_T5-2-20260914-20:18:37-970,attr,ApplicationStrategyNetwork.monitoringServer.app[9],packetReceived:count,title,"packets received, count",,,,,,,
RR_T5-2-20260914-20:18:37-970,scalar,ApplicationStrategyNetwork.monitoringServer.app[9],packetSent:count,,,120,,,,,,
RR_T5-2-20260914-20:18:37-970,attr,ApplicationStrategyNetwork.monitoringServer.app[9],packetSent:count,interpolationmode,none,,,,,,,
RR_T5-2-20260914-20:18:37-970,attr,ApplicationStrategyNetwork.monitoringServer.app[9],packetSent:count,recordingmode,count,,,,,,,
RR_T5-2-20260914-20:18:37-970,attr,ApplicationStrategyNetwork.monitoringServer.app[9],packetSent:count,source,packetSent,,,,,,,
RR_T5-2-20260914-20:18:37-970,attr,ApplicationStrategyNetwork.monitoringServer.app[9],packetSent:count,title,"packets sent, count",,,,,,,
RR_T5-2-20260914-20:18:37-970,scalar,ApplicationStrategyNetwork.monitoringServer.app[10],packetReceived:count,,,120,,,,,,
RR_T5-2-20260914-20:18:37-970,attr,ApplicationStrategyNetwork.monitoringServer.app[10],packetReceived:count,interpolationmode,none,,,,,,,
RR_T5-2-20260914-20:18:37-970,attr,ApplicationStrategyNetwork.monitoringServer.app[10],packetReceived:count,recordingmode,count,,,,,,,
RR_T5-2-20260914-20:18:37-970,attr,ApplicationStrategyNetwork.monitoringServer.app[10],packetReceived:count,source,packetReceived,,,,,,,
RR_T5-2-20260914-20:18:37-970,attr,ApplicationStrategyNetwork.monitoringServer.app[10],packetReceived:count,title,"packets received, count",,,,,,,
RR_T5-2-20260914-20:18:37-970,scalar,ApplicationStrategyNetwork.monitoringServer.app[10],packetSent:count,,,120,,,,,,
RR_T5-2-20260914-20:18:37-970,attr,ApplicationStrategyNetwork.monitoringServer.app[10],packetSent:count,interpolationmode,none,,,,,,,
RR_T5-2-20260914-20:18:37-970,attr,ApplicationStrategyNetwork.monitoringServer.app[10],packetSent:count,recordingmode,count,,,,,,,
RR_T5-2-20260914-20:18:37-970,attr,ApplicationStrategyNetwork.monitoringServer.app[10],packetSent:count,source,packetSent,,,,,,,
RR_T5-2-20260914-20:18:37-970,attr,ApplicationStrategyNetwork.monitoringServer.app[10],packetSent:count,title,"packets sent, count",,,,,,,
RR_T5-2-20260914-20:18:37-970,scalar,ApplicationStrategyNetwork.monitoringServer.app[11],packetReceived:count,,,120,,,,,,
RR_T5-2-20260914-20:18:37-970,attr,ApplicationStrategyNetwork.monitoringServer.app[11],packetReceived:count,interpolationmode,none,,,,,,,
RR_T5-2-20260914-20:18:37-970,attr,ApplicationStrategyNetwork.monitoringServer.app[11],packetReceived:count,recordingmode,count,,,,,,,
RR_T5-2-20260914-20:18:37-970,attr,ApplicationStrategyNetwork.monitoringServer.app[11],packetReceived:count,source,packetReceived,,,,,,,
RR_T5-2-20260914-20:18:37-970,attr,ApplicationStrategyNetwork.monitoringServer.app[11],packetReceived:count,title,"packets received, count",,,,,,,
RR_T5-2-20260914-20:18:37-970,scalar,ApplicationStrategyNetwork.monitoringServer.app[11],packetSent:count,,,120,,,,,,
RR_T5-2-20260914-20:18:37-970,attr,ApplicationStrategyNetwork.monitoringServer.app[11],packetSent:count,interpolationmode,none,,,,,,,
RR_T5-2-20260914-20:18:37-970,attr,ApplicationStrategyNetwork.monitoringServer.app[11],packetSent:count,recordingmode,count,,,,,,,
RR_T5-2-20260914-20:18:37-970,attr,ApplicationStrategyNetwork.monitoringServer.app[11],packetSent:count,source,packetSent,,,,,,,
RR_T5-2-20260914-20:18:37-970,attr,ApplicationStrategyNetwork.monitoringServer.app[11],packetSent:count,title,"packets sent, count",,,,,,,
RR_T5-3-20260914-20:18:42-975,scalar,ApplicationStrategyNetwork.sensor[0].app[0],echoedPk:count,,,120,,,,,,
RR_T5-3-20260914-20:18:42-975,attr,ApplicationStrategyNetwork.sensor[0].app[0],echoedPk:count,interpolationmode,none,,,,,,,
RR_T5-3-20260914-20:18:42-975,attr,ApplicationStrategyNetwork.sensor[0].app[0],echoedPk:count,recordingmode,count,,,,,,,
RR_T5-3-20260914-20:18:42-975,attr,ApplicationStrategyNetwork.sensor[0].app[0],echoedPk:count,source,packetSent,,,,,,,
RR_T5-3-20260914-20:18:42-975,attr,ApplicationStrategyNetwork.sensor[0].app[0],echoedPk:count,title,"packets echoed, count",,,,,,,
RR_T5-3-20260914-20:18:42-975,scalar,ApplicationStrategyNetwork.sensor[1].app[0],echoedPk:count,,,120,,,,,,
RR_T5-3-20260914-20:18:42-975,attr,ApplicationStrategyNetwork.sensor[1].app[0],echoedPk:count,interpolationmode,none,,,,,,,
RR_T5-3-20260914-20:18:42-975,attr,ApplicationStrategyNetwork.sensor[1].app[0],echoedPk:count,recordingmode,count,,,,,,,
RR_T5-3-20260914-20:18:42-975,attr,ApplicationStrategyNetwork.sensor[1].app[0],echoedPk:count,source,packetSent,,,,,,,
RR_T5-3-20260914-20:18:42-975,attr,ApplicationStrategyNetwork.sensor[1].app[0],echoedPk:count,title,"packets echoed, count",,,,,,,
RR_T5-3-20260914-20:18:42-975,scalar,ApplicationStrategyNetwork.sensor[2].app[0],echoedPk:count,,,120,,,,,,
RR_T5-3-20260914-20:18:42-975,attr,ApplicationStrategyNetwork.sensor[2].app[0],echoedPk:count,interpolationmode,none,,,,,,,
RR_T5-3-20260914-20:18:42-975,attr,ApplicationStrategyNetwork.sensor[2].app[0],echoedPk:count,recordingmode,count,,,,,,,
RR_T5-3-20260914-20:18:42-975,attr,ApplicationStrategyNetwork.sensor[2].app[0],echoedPk:count,source,packetSent,,,,,,,
RR_T5-3-20260914-20:18:42-975,attr,ApplicationStrategyNetwork.sensor[2].app[0],echoedPk:count,title,"packets echoed, count",,,,,,,
RR_T5-3-20260914-20:18:42-975,scalar,ApplicationStrategyNetwork.sensor[3].app[0],echoedPk:count,,,120,,,,,,
RR_T5-3-20260914-20:18:42-975,attr,ApplicationStrategyNetwork.sensor[3].app[0],echoedPk:count,interpolationmode,none,,,,,,,
RR_T5-3-20260914-20:18:42-975,attr,ApplicationStrategyNetwork.sensor[3].app[0],echoedPk:count,recordingmode,count,,,,,,,
RR_T5-3-20260914-20:18:42-975,attr,ApplicationStrategyNetwork.sensor[3].app[0],echoedPk:count,source,packetSent,,,,,,,
RR_T5-3-20260914-20:18:42-975,attr,ApplicationStrategyNetwork.sensor[3].app[0],echoedPk:count,title,"packets echoed, count",,,,,,,
RR_T5-3-20260914-20:18:42-975,scalar,ApplicationStrategyNetwork.sensor[4].app[0],echoedPk:count,,,120,,,,,,
RR_T5-3-20260914-20:18:42-975,attr,ApplicationStrategyNetwork.sensor[4].app[0],echoedPk:count,interpolationmode,none,,,,,,,
RR_T5-3-20260914-20:18:42-975,attr,ApplicationStrategyNetwork.sensor[4].app[0],echoedPk:count,recordingmode,count,,,,,,,
RR_T5-3-20260914-20:18:42-975,attr,ApplicationStrategyNetwork.sensor[4].app[0],echoedPk:count,source,packetSent,,,,,,,
RR_T5-3-20260914-20:18:42-975,attr,ApplicationStrategyNetwork.sensor[4].app[0],echoedPk:count,title,"packets echoed, count",,,,,,,
RR_T5-3-20260914-20:18:42-975,scalar,ApplicationStrategyNetwork.sensor[5].app[0],echoedPk:count,,,120,,,,,,
RR_T5-3-20260914-20:18:42-975,attr,ApplicationStrategyNetwork.sensor[5].app[0],echoedPk:count,interpolationmode,none,,,,,,,
RR_T5-3-20260914-20:18:42-975,attr,ApplicationStrategyNetwork.sensor[5].app[0],echoedPk:count,recordingmode,count,,,,,,,
RR_T5-3-20260914-20:18:42-975,attr,ApplicationStrategyNetwork.sensor[5].app[0],echoedPk:count,source,packetSent,,,,,,,
RR_T5-3-20260914-20:18:42-975,attr,ApplicationStrategyNetwork.sensor[5].app[0],echoedPk:count,title,"packets echoed, count",,,,,,,
RR_T5-3-20260914-20:18:42-975,scalar,ApplicationStrategyNetwork.sensor[6].app[0],echoedPk:count,,,120,,,,,,
RR_T5-3-20260914-20:18:42-975,attr,ApplicationStrategyNetwork.sensor[6].app[0],echoedPk:count,interpolationmode,none,,,,,,,
RR_T5-3-20260914-20:18:42-975,attr,ApplicationStrategyNetwork.sensor[6].app[0],echoedPk:count,recordingmode,count,,,,,,,
RR_T5-3-20260914-20:18:42-975,attr,ApplicationStrategyNetwork.sensor[6].app[0],echoedPk:count,source,packetSent,,,,,,,
RR_T5-3-20260914-20:18:42-975,attr,ApplicationStrategyNetwork.sensor[6].app[0],echoedPk:count,title,"packets echoed, count",,,,,,,
RR_T5-3-20260914-20:18:42-975,scalar,ApplicationStrategyNetwork.sensor[7].app[0],echoedPk:count,,,120,,,,,,
RR_T5-3-20260914-20:18:42-975,attr,ApplicationStrategyNetwork.sensor[7].app[0],echoedPk:count,interpolationmode,none,,,,,,,
RR_T5-3-20260914-20:18:42-975,attr,ApplicationStrategyNetwork.sensor[7].app[0],echoedPk:count,recordingmode,count,,,,,,,
RR_T5-3-20260914-20:18:42-975,attr,ApplicationStrategyNetwork.sensor[7].app[0],echoedPk:count,source,packetSent,,,,,,,
RR_T5-3-20260914-20:18:42-975,attr,ApplicationStrategyNetwork.sensor[7].app[0],echoedPk:count,title,"packets echoed, count",,,,,,,
RR_T5-3-20260914-20:18:42-975,scalar,ApplicationStrategyNetwork.sensor[8].app[0],echoedPk:count,,,120,,,,,,
RR_T5-3-20260914-20:18:42-975,attr,ApplicationStrategyNetwork.sensor[8].app[0],echoedPk:count,interpolationmode,none,,,,,,,
RR_T5-3-20260914-20:18:42-975,attr,ApplicationStrategyNetwork.sensor[8].app[0],echoedPk:count,recordingmode,count,,,,,,,
RR_T5-3-20260914-20:18:42-975,attr,ApplicationStrategyNetwork.sensor[8].app[0],echoedPk:count,source,packetSent,,,,,,,
RR_T5-3-20260914-20:18:42-975,attr,ApplicationStrategyNetwork.sensor[8].app[0],echoedPk:count,title,"packets echoed, count",,,,,,,
RR_T5-3-20260914-20:18:42-975,scalar,ApplicationStrategyNetwork.sensor[9].app[0],echoedPk:count,,,120,,,,,,
RR_T5-3-20260914-20:18:42-975,attr,ApplicationStrategyNetwork.sensor[9].app[0],echoedPk:count,interpolationmode,none,,,,,,,
RR_T5-3-20260914-20:18:42-975,attr,ApplicationStrategyNetwork.sensor[9].app[0],echoedPk:count,recordingmode,count,,,,,,,
RR_T5-3-20260914-20:18:42-975,attr,ApplicationStrategyNetwork.sensor[9].app[0],echoedPk:count,source,packetSent,,,,,,,
RR_T5-3-20260914-20:18:42-975,attr,ApplicationStrategyNetwork.sensor[9].app[0],echoedPk:count,title,"packets echoed, count",,,,,,,
RR_T5-3-20260914-20:18:42-975,scalar,ApplicationStrategyNetwork.sensor[10].app[0],echoedPk:count,,,120,,,,,,
RR_T5-3-20260914-20:18:42-975,attr,ApplicationStrategyNetwork.sensor[10].app[0],echoedPk:count,interpolationmode,none,,,,,,,
RR_T5-3-20260914-20:18:42-975,attr,ApplicationStrategyNetwork.sensor[10].app[0],echoedPk:count,recordingmode,count,,,,,,,
RR_T5-3-20260914-20:18:42-975,attr,ApplicationStrategyNetwork.sensor[10].app[0],echoedPk:count,source,packetSent,,,,,,,
RR_T5-3-20260914-20:18:42-975,attr,ApplicationStrategyNetwork.sensor[10].app[0],echoedPk:count,title,"packets echoed, count",,,,,,,
RR_T5-3-20260914-20:18:42-975,scalar,ApplicationStrategyNetwork.sensor[11].app[0],echoedPk:count,,,120,,,,,,
RR_T5-3-20260914-20:18:42-975,attr,ApplicationStrategyNetwork.sensor[11].app[0],echoedPk:count,interpolationmode,none,,,,,,,
RR_T5-3-20260914-20:18:42-975,attr,ApplicationStrategyNetwork.sensor[11].app[0],echoedPk:count,recordingmode,count,,,,,,,
RR_T5-3-20260914-20:18:42-975,attr,ApplicationStrategyNetwork.sensor[11].app[0],echoedPk:count,source,packetSent,,,,,,,
RR_T5-3-20260914-20:18:42-975,attr,ApplicationStrategyNetwork.sensor[11].app[0],echoedPk:count,title,"packets echoed, count",,,,,,,
RR_T5-3-20260914-20:18:42-975,scalar,ApplicationStrategyNetwork.monitoringServer.app[0],packetReceived:count,,,120,,,,,,
RR_T5-3-20260914-20:18:42-975,attr,ApplicationStrategyNetwork.monitoringServer.app[0],packetReceived:count,interpolationmode,none,,,,,,,
RR_T5-3-20260914-20:18:42-975,attr,ApplicationStrategyNetwork.monitoringServer.app[0],packetReceived:count,recordingmode,count,,,,,,,
RR_T5-3-20260914-20:18:42-975,attr,ApplicationStrategyNetwork.monitoringServer.app[0],packetReceived:count,source,packetReceived,,,,,,,
RR_T5-3-20260914-20:18:42-975,attr,ApplicationStrategyNetwork.monitoringServer.app[0],packetReceived:count,title,"packets received, count",,,,,,,
RR_T5-3-20260914-20:18:42-975,scalar,ApplicationStrategyNetwork.monitoringServer.app[0],packetSent:count,,,120,,,,,,
RR_T5-3-20260914-20:18:42-975,attr,ApplicationStrategyNetwork.monitoringServer.app[0],packetSent:count,interpolationmode,none,,,,,,,
RR_T5-3-20260914-20:18:42-975,attr,ApplicationStrategyNetwork.monitoringServer.app[0],packetSent:count,recordingmode,count,,,,,,,
RR_T5-3-20260914-20:18:42-975,attr,ApplicationStrategyNetwork.monitoringServer.app[0],packetSent:count,source,packetSent,,,,,,,
RR_T5-3-20260914-20:18:42-975,attr,ApplicationStrategyNetwork.monitoringServer.app[0],packetSent:count,title,"packets sent, count",,,,,,,
RR_T5-3-20260914-20:18:42-975,scalar,ApplicationStrategyNetwork.monitoringServer.app[1],packetReceived:count,,,120,,,,,,
RR_T5-3-20260914-20:18:42-975,attr,ApplicationStrategyNetwork.monitoringServer.app[1],packetReceived:count,interpolationmode,none,,,,,,,
RR_T5-3-20260914-20:18:42-975,attr,ApplicationStrategyNetwork.monitoringServer.app[1],packetReceived:count,recordingmode,count,,,,,,,
RR_T5-3-20260914-20:18:42-975,attr,ApplicationStrategyNetwork.monitoringServer.app[1],packetReceived:count,source,packetReceived,,,,,,,
RR_T5-3-20260914-20:18:42-975,attr,ApplicationStrategyNetwork.monitoringServer.app[1],packetReceived:count,title,"packets received, count",,,,,,,
RR_T5-3-20260914-20:18:42-975,scalar,ApplicationStrategyNetwork.monitoringServer.app[1],packetSent:count,,,120,,,,,,
RR_T5-3-20260914-20:18:42-975,attr,ApplicationStrategyNetwork.monitoringServer.app[1],packetSent:count,interpolationmode,none,,,,,,,
RR_T5-3-20260914-20:18:42-975,attr,ApplicationStrategyNetwork.monitoringServer.app[1],packetSent:count,recordingmode,count,,,,,,,
RR_T5-3-20260914-20:18:42-975,attr,ApplicationStrategyNetwork.monitoringServer.app[1],packetSent:count,source,packetSent,,,,,,,
RR_T5-3-20260914-20:18:42-975,attr,ApplicationStrategyNetwork.monitoringServer.app[1],packetSent:count,title,"packets sent, count",,,,,,,
RR_T5-3-20260914-20:18:42-975,scalar,ApplicationStrategyNetwork.monitoringServer.app[2],packetReceived:count,,,120,,,,,,
RR_T5-3-20260914-20:18:42-975,attr,ApplicationStrategyNetwork.monitoringServer.app[2],packetReceived:count,interpolationmode,none,,,,,,,
RR_T5-3-20260914-20:18:42-975,attr,ApplicationStrategyNetwork.monitoringServer.app[2],packetReceived:count,recordingmode,count,,,,,,,
RR_T5-3-20260914-20:18:42-975,attr,ApplicationStrategyNetwork.monitoringServer.app[2],packetReceived:count,source,packetReceived,,,,,,,
RR_T5-3-20260914-20:18:42-975,attr,ApplicationStrategyNetwork.monitoringServer.app[2],packetReceived:count,title,"packets received, count",,,,,,,
RR_T5-3-20260914-20:18:42-975,scalar,ApplicationStrategyNetwork.monitoringServer.app[2],packetSent:count,,,120,,,,,,
RR_T5-3-20260914-20:18:42-975,attr,ApplicationStrategyNetwork.monitoringServer.app[2],packetSent:count,interpolationmode,none,,,,,,,
RR_T5-3-20260914-20:18:42-975,attr,ApplicationStrategyNetwork.monitoringServer.app[2],packetSent:count,recordingmode,count,,,,,,,
RR_T5-3-20260914-20:18:42-975,attr,ApplicationStrategyNetwork.monitoringServer.app[2],packetSent:count,source,packetSent,,,,,,,
RR_T5-3-20260914-20:18:42-975,attr,ApplicationStrategyNetwork.monitoringServer.app[2],packetSent:count,title,"packets sent, count",,,,,,,
RR_T5-3-20260914-20:18:42-975,scalar,ApplicationStrategyNetwork.monitoringServer.app[3],packetReceived:count,,,120,,,,,,
RR_T5-3-20260914-20:18:42-975,attr,ApplicationStrategyNetwork.monitoringServer.app[3],packetReceived:count,interpolationmode,none,,,,,,,
RR_T5-3-20260914-20:18:42-975,attr,ApplicationStrategyNetwork.monitoringServer.app[3],packetReceived:count,recordingmode,count,,,,,,,
RR_T5-3-20260914-20:18:42-975,attr,ApplicationStrategyNetwork.monitoringServer.app[3],packetReceived:count,source,packetReceived,,,,,,,
RR_T5-3-20260914-20:18:42-975,attr,ApplicationStrategyNetwork.monitoringServer.app[3],packetReceived:count,title,"packets received, count",,,,,,,
RR_T5-3-20260914-20:18:42-975,scalar,ApplicationStrategyNetwork.monitoringServer.app[3],packetSent:count,,,120,,,,,,
RR_T5-3-20260914-20:18:42-975,attr,ApplicationStrategyNetwork.monitoringServer.app[3],packetSent:count,interpolationmode,none,,,,,,,
RR_T5-3-20260914-20:18:42-975,attr,ApplicationStrategyNetwork.monitoringServer.app[3],packetSent:count,recordingmode,count,,,,,,,
RR_T5-3-20260914-20:18:42-975,attr,ApplicationStrategyNetwork.monitoringServer.app[3],packetSent:count,source,packetSent,,,,,,,
RR_T5-3-20260914-20:18:42-975,attr,ApplicationStrategyNetwork.monitoringServer.app[3],packetSent:count,title,"packets sent, count",,,,,,,
RR_T5-3-20260914-20:18:42-975,scalar,ApplicationStrategyNetwork.monitoringServer.app[4],packetReceived:count,,,120,,,,,,
RR_T5-3-20260914-20:18:42-975,attr,ApplicationStrategyNetwork.monitoringServer.app[4],packetReceived:count,interpolationmode,none,,,,,,,
RR_T5-3-20260914-20:18:42-975,attr,ApplicationStrategyNetwork.monitoringServer.app[4],packetReceived:count,recordingmode,count,,,,,,,
RR_T5-3-20260914-20:18:42-975,attr,ApplicationStrategyNetwork.monitoringServer.app[4],packetReceived:count,source,packetReceived,,,,,,,
RR_T5-3-20260914-20:18:42-975,attr,ApplicationStrategyNetwork.monitoringServer.app[4],packetReceived:count,title,"packets received, count",,,,,,,
RR_T5-3-20260914-20:18:42-975,scalar,ApplicationStrategyNetwork.monitoringServer.app[4],packetSent:count,,,120,,,,,,
RR_T5-3-20260914-20:18:42-975,attr,ApplicationStrategyNetwork.monitoringServer.app[4],packetSent:count,interpolationmode,none,,,,,,,
RR_T5-3-20260914-20:18:42-975,attr,ApplicationStrategyNetwork.monitoringServer.app[4],packetSent:count,recordingmode,count,,,,,,,
RR_T5-3-20260914-20:18:42-975,attr,ApplicationStrategyNetwork.monitoringServer.app[4],packetSent:count,source,packetSent,,,,,,,
RR_T5-3-20260914-20:18:42-975,attr,ApplicationStrategyNetwork.monitoringServer.app[4],packetSent:count,title,"packets sent, count",,,,,,,
RR_T5-3-20260914-20:18:42-975,scalar,ApplicationStrategyNetwork.monitoringServer.app[5],packetReceived:count,,,120,,,,,,
RR_T5-3-20260914-20:18:42-975,attr,ApplicationStrategyNetwork.monitoringServer.app[5],packetReceived:count,interpolationmode,none,,,,,,,
RR_T5-3-20260914-20:18:42-975,attr,ApplicationStrategyNetwork.monitoringServer.app[5],packetReceived:count,recordingmode,count,,,,,,,
RR_T5-3-20260914-20:18:42-975,attr,ApplicationStrategyNetwork.monitoringServer.app[5],packetReceived:count,source,packetReceived,,,,,,,
RR_T5-3-20260914-20:18:42-975,attr,ApplicationStrategyNetwork.monitoringServer.app[5],packetReceived:count,title,"packets received, count",,,,,,,
RR_T5-3-20260914-20:18:42-975,scalar,ApplicationStrategyNetwork.monitoringServer.app[5],packetSent:count,,,120,,,,,,
RR_T5-3-20260914-20:18:42-975,attr,ApplicationStrategyNetwork.monitoringServer.app[5],packetSent:count,interpolationmode,none,,,,,,,
RR_T5-3-20260914-20:18:42-975,attr,ApplicationStrategyNetwork.monitoringServer.app[5],packetSent:count,recordingmode,count,,,,,,,
RR_T5-3-20260914-20:18:42-975,attr,ApplicationStrategyNetwork.monitoringServer.app[5],packetSent:count,source,packetSent,,,,,,,
RR_T5-3-20260914-20:18:42-975,attr,ApplicationStrategyNetwork.monitoringServer.app[5],packetSent:count,title,"packets sent, count",,,,,,,
RR_T5-3-20260914-20:18:42-975,scalar,ApplicationStrategyNetwork.monitoringServer.app[6],packetReceived:count,,,120,,,,,,
RR_T5-3-20260914-20:18:42-975,attr,ApplicationStrategyNetwork.monitoringServer.app[6],packetReceived:count,interpolationmode,none,,,,,,,
RR_T5-3-20260914-20:18:42-975,attr,ApplicationStrategyNetwork.monitoringServer.app[6],packetReceived:count,recordingmode,count,,,,,,,
RR_T5-3-20260914-20:18:42-975,attr,ApplicationStrategyNetwork.monitoringServer.app[6],packetReceived:count,source,packetReceived,,,,,,,
RR_T5-3-20260914-20:18:42-975,attr,ApplicationStrategyNetwork.monitoringServer.app[6],packetReceived:count,title,"packets received, count",,,,,,,
RR_T5-3-20260914-20:18:42-975,scalar,ApplicationStrategyNetwork.monitoringServer.app[6],packetSent:count,,,120,,,,,,
RR_T5-3-20260914-20:18:42-975,attr,ApplicationStrategyNetwork.monitoringServer.app[6],packetSent:count,interpolationmode,none,,,,,,,
RR_T5-3-20260914-20:18:42-975,attr,ApplicationStrategyNetwork.monitoringServer.app[6],packetSent:count,recordingmode,count,,,,,,,
RR_T5-3-20260914-20:18:42-975,attr,ApplicationStrategyNetwork.monitoringServer.app[6],packetSent:count,source,packetSent,,,,,,,
RR_T5-3-20260914-20:18:42-975,attr,ApplicationStrategyNetwork.monitoringServer.app[6],packetSent:count,title,"packets sent, count",,,,,,,
RR_T5-3-20260914-20:18:42-975,scalar,ApplicationStrategyNetwork.monitoringServer.app[7],packetReceived:count,,,120,,,,,,
RR_T5-3-20260914-20:18:42-975,attr,ApplicationStrategyNetwork.monitoringServer.app[7],packetReceived:count,interpolationmode,none,,,,,,,
RR_T5-3-20260914-20:18:42-975,attr,ApplicationStrategyNetwork.monitoringServer.app[7],packetReceived:count,recordingmode,count,,,,,,,
RR_T5-3-20260914-20:18:42-975,attr,ApplicationStrategyNetwork.monitoringServer.app[7],packetReceived:count,source,packetReceived,,,,,,,
RR_T5-3-20260914-20:18:42-975,attr,ApplicationStrategyNetwork.monitoringServer.app[7],packetReceived:count,title,"packets received, count",,,,,,,
RR_T5-3-20260914-20:18:42-975,scalar,ApplicationStrategyNetwork.monitoringServer.app[7],packetSent:count,,,120,,,,,,
RR_T5-3-20260914-20:18:42-975,attr,ApplicationStrategyNetwork.monitoringServer.app[7],packetSent:count,interpolationmode,none,,,,,,,
RR_T5-3-20260914-20:18:42-975,attr,ApplicationStrategyNetwork.monitoringServer.app[7],packetSent:count,recordingmode,count,,,,,,,
RR_T5-3-20260914-20:18:42-975,attr,ApplicationStrategyNetwork.monitoringServer.app[7],packetSent:count,source,packetSent,,,,,,,
RR_T5-3-20260914-20:18:42-975,attr,ApplicationStrategyNetwork.monitoringServer.app[7],packetSent:count,title,"packets sent, count",,,,,,,
RR_T5-3-20260914-20:18:42-975,scalar,ApplicationStrategyNetwork.monitoringServer.app[8],packetReceived:count,,,120,,,,,,
RR_T5-3-20260914-20:18:42-975,attr,ApplicationStrategyNetwork.monitoringServer.app[8],packetReceived:count,interpolationmode,none,,,,,,,
RR_T5-3-20260914-20:18:42-975,attr,ApplicationStrategyNetwork.monitoringServer.app[8],packetReceived:count,recordingmode,count,,,,,,,
RR_T5-3-20260914-20:18:42-975,attr,ApplicationStrategyNetwork.monitoringServer.app[8],packetReceived:count,source,packetReceived,,,,,,,
RR_T5-3-20260914-20:18:42-975,attr,ApplicationStrategyNetwork.monitoringServer.app[8],packetReceived:count,title,"packets received, count",,,,,,,
RR_T5-3-20260914-20:18:42-975,scalar,ApplicationStrategyNetwork.monitoringServer.app[8],packetSent:count,,,120,,,,,,
RR_T5-3-20260914-20:18:42-975,attr,ApplicationStrategyNetwork.monitoringServer.app[8],packetSent:count,interpolationmode,none,,,,,,,
RR_T5-3-20260914-20:18:42-975,attr,ApplicationStrategyNetwork.monitoringServer.app[8],packetSent:count,recordingmode,count,,,,,,,
RR_T5-3-20260914-20:18:42-975,attr,ApplicationStrategyNetwork.monitoringServer.app[8],packetSent:count,source,packetSent,,,,,,,
RR_T5-3-20260914-20:18:42-975,attr,ApplicationStrategyNetwork.monitoringServer.app[8],packetSent:count,title,"packets sent, count",,,,,,,
RR_T5-3-20260914-20:18:42-975,scalar,ApplicationStrategyNetwork.monitoringServer.app[9],packetReceived:count,,,120,,,,,,
RR_T5-3-20260914-20:18:42-975,attr,ApplicationStrategyNetwork.monitoringServer.app[9],packetReceived:count,interpolationmode,none,,,,,,,
RR_T5-3-20260914-20:18:42-975,attr,ApplicationStrategyNetwork.monitoringServer.app[9],packetReceived:count,recordingmode,count,,,,,,,
RR_T5-3-20260914-20:18:42-975,attr,ApplicationStrategyNetwork.monitoringServer.app[9],packetReceived:count,source,packetReceived,,,,,,,
RR_T5-3-20260914-20:18:42-975,attr,ApplicationStrategyNetwork.monitoringServer.app[9],packetReceived:count,title,"packets received, count",,,,,,,
RR_T5-3-20260914-20:18:42-975,scalar,ApplicationStrategyNetwork.monitoringServer.app[9],packetSent:count,,,120,,,,,,
RR_T5-3-20260914-20:18:42-975,attr,ApplicationStrategyNetwork.monitoringServer.app[9],packetSent:count,interpolationmode,none,,,,,,,
RR_T5-3-20260914-20:18:42-975,attr,ApplicationStrategyNetwork.monitoringServer.app[9],packetSent:count,recordingmode,count,,,,,,,
RR_T5-3-20260914-20:18:42-975,attr,ApplicationStrategyNetwork.monitoringServer.app[9],packetSent:count,source,packetSent,,,,,,,
RR_T5-3-20260914-20:18:42-975,attr,ApplicationStrategyNetwork.monitoringServer.app[9],packetSent:count,title,"packets sent, count",,,,,,,
RR_T5-3-20260914-20:18:42-975,scalar,ApplicationStrategyNetwork.monitoringServer.app[10],packetReceived:count,,,120,,,,,,
RR_T5-3-20260914-20:18:42-975,attr,ApplicationStrategyNetwork.monitoringServer.app[10],packetReceived:count,interpolationmode,none,,,,,,,
RR_T5-3-20260914-20:18:42-975,attr,ApplicationStrategyNetwork.monitoringServer.app[10],packetReceived:count,recordingmode,count,,,,,,,
RR_T5-3-20260914-20:18:42-975,attr,ApplicationStrategyNetwork.monitoringServer.app[10],packetReceived:count,source,packetReceived,,,,,,,
RR_T5-3-20260914-20:18:42-975,attr,ApplicationStrategyNetwork.monitoringServer.app[10],packetReceived:count,title,"packets received, count",,,,,,,
RR_T5-3-20260914-20:18:42-975,scalar,ApplicationStrategyNetwork.monitoringServer.app[10],packetSent:count,,,120,,,,,,
RR_T5-3-20260914-20:18:42-975,attr,ApplicationStrategyNetwork.monitoringServer.app[10],packetSent:count,interpolationmode,none,,,,,,,
RR_T5-3-20260914-20:18:42-975,attr,ApplicationStrategyNetwork.monitoringServer.app[10],packetSent:count,recordingmode,count,,,,,,,
RR_T5-3-20260914-20:18:42-975,attr,ApplicationStrategyNetwork.monitoringServer.app[10],packetSent:count,source,packetSent,,,,,,,
RR_T5-3-20260914-20:18:42-975,attr,ApplicationStrategyNetwork.monitoringServer.app[10],packetSent:count,title,"packets sent, count",,,,,,,
RR_T5-3-20260914-20:18:42-975,scalar,ApplicationStrategyNetwork.monitoringServer.app[11],packetReceived:count,,,120,,,,,,
RR_T5-3-20260914-20:18:42-975,attr,ApplicationStrategyNetwork.monitoringServer.app[11],packetReceived:count,interpolationmode,none,,,,,,,
RR_T5-3-20260914-20:18:42-975,attr,ApplicationStrategyNetwork.monitoringServer.app[11],packetReceived:count,recordingmode,count,,,,,,,
RR_T5-3-20260914-20:18:42-975,attr,ApplicationStrategyNetwork.monitoringServer.app[11],packetReceived:count,source,packetReceived,,,,,,,
RR_T5-3-20260914-20:18:42-975,attr,ApplicationStrategyNetwork.monitoringServer.app[11],packetReceived:count,title,"packets received, count",,,,,,,
RR_T5-3-20260914-20:18:42-975,scalar,ApplicationStrategyNetwork.monitoringServer.app[11],packetSent:count,,,120,,,,,,
RR_T5-3-20260914-20:18:42-975,attr,ApplicationStrategyNetwork.monitoringServer.app[11],packetSent:count,interpolationmode,none,,,,,,,
RR_T5-3-20260914-20:18:42-975,attr,ApplicationStrategyNetwork.monitoringServer.app[11],packetSent:count,recordingmode,count,,,,,,,
RR_T5-3-20260914-20:18:42-975,attr,ApplicationStrategyNetwork.monitoringServer.app[11],packetSent:count,source,packetSent,,,,,,,
RR_T5-3-20260914-20:18:42-975,attr,ApplicationStrategyNetwork.monitoringServer.app[11],packetSent:count,title,"packets sent, count",,,,,,,
RR_T5-4-20260914-20:18:47-980,scalar,ApplicationStrategyNetwork.sensor[0].app[0],echoedPk:count,,,120,,,,,,
RR_T5-4-20260914-20:18:47-980,attr,ApplicationStrategyNetwork.sensor[0].app[0],echoedPk:count,interpolationmode,none,,,,,,,
RR_T5-4-20260914-20:18:47-980,attr,ApplicationStrategyNetwork.sensor[0].app[0],echoedPk:count,recordingmode,count,,,,,,,
RR_T5-4-20260914-20:18:47-980,attr,ApplicationStrategyNetwork.sensor[0].app[0],echoedPk:count,source,packetSent,,,,,,,
RR_T5-4-20260914-20:18:47-980,attr,ApplicationStrategyNetwork.sensor[0].app[0],echoedPk:count,title,"packets echoed, count",,,,,,,
RR_T5-4-20260914-20:18:47-980,scalar,ApplicationStrategyNetwork.sensor[1].app[0],echoedPk:count,,,120,,,,,,
RR_T5-4-20260914-20:18:47-980,attr,ApplicationStrategyNetwork.sensor[1].app[0],echoedPk:count,interpolationmode,none,,,,,,,
RR_T5-4-20260914-20:18:47-980,attr,ApplicationStrategyNetwork.sensor[1].app[0],echoedPk:count,recordingmode,count,,,,,,,
RR_T5-4-20260914-20:18:47-980,attr,ApplicationStrategyNetwork.sensor[1].app[0],echoedPk:count,source,packetSent,,,,,,,
RR_T5-4-20260914-20:18:47-980,attr,ApplicationStrategyNetwork.sensor[1].app[0],echoedPk:count,title,"packets echoed, count",,,,,,,
RR_T5-4-20260914-20:18:47-980,scalar,ApplicationStrategyNetwork.sensor[2].app[0],echoedPk:count,,,120,,,,,,
RR_T5-4-20260914-20:18:47-980,attr,ApplicationStrategyNetwork.sensor[2].app[0],echoedPk:count,interpolationmode,none,,,,,,,
RR_T5-4-20260914-20:18:47-980,attr,ApplicationStrategyNetwork.sensor[2].app[0],echoedPk:count,recordingmode,count,,,,,,,
RR_T5-4-20260914-20:18:47-980,attr,ApplicationStrategyNetwork.sensor[2].app[0],echoedPk:count,source,packetSent,,,,,,,
RR_T5-4-20260914-20:18:47-980,attr,ApplicationStrategyNetwork.sensor[2].app[0],echoedPk:count,title,"packets echoed, count",,,,,,,
RR_T5-4-20260914-20:18:47-980,scalar,ApplicationStrategyNetwork.sensor[3].app[0],echoedPk:count,,,120,,,,,,
RR_T5-4-20260914-20:18:47-980,attr,ApplicationStrategyNetwork.sensor[3].app[0],echoedPk:count,interpolationmode,none,,,,,,,
RR_T5-4-20260914-20:18:47-980,attr,ApplicationStrategyNetwork.sensor[3].app[0],echoedPk:count,recordingmode,count,,,,,,,
RR_T5-4-20260914-20:18:47-980,attr,ApplicationStrategyNetwork.sensor[3].app[0],echoedPk:count,source,packetSent,,,,,,,
RR_T5-4-20260914-20:18:47-980,attr,ApplicationStrategyNetwork.sensor[3].app[0],echoedPk:count,title,"packets echoed, count",,,,,,,
RR_T5-4-20260914-20:18:47-980,scalar,ApplicationStrategyNetwork.sensor[4].app[0],echoedPk:count,,,120,,,,,,
RR_T5-4-20260914-20:18:47-980,attr,ApplicationStrategyNetwork.sensor[4].app[0],echoedPk:count,interpolationmode,none,,,,,,,
RR_T5-4-20260914-20:18:47-980,attr,ApplicationStrategyNetwork.sensor[4].app[0],echoedPk:count,recordingmode,count,,,,,,,
RR_T5-4-20260914-20:18:47-980,attr,ApplicationStrategyNetwork.sensor[4].app[0],echoedPk:count,source,packetSent,,,,,,,
RR_T5-4-20260914-20:18:47-980,attr,ApplicationStrategyNetwork.sensor[4].app[0],echoedPk:count,title,"packets echoed, count",,,,,,,
RR_T5-4-20260914-20:18:47-980,scalar,ApplicationStrategyNetwork.sensor[5].app[0],echoedPk:count,,,120,,,,,,
RR_T5-4-20260914-20:18:47-980,attr,ApplicationStrategyNetwork.sensor[5].app[0],echoedPk:count,interpolationmode,none,,,,,,,
RR_T5-4-20260914-20:18:47-980,attr,ApplicationStrategyNetwork.sensor[5].app[0],echoedPk:count,recordingmode,count,,,,,,,
RR_T5-4-20260914-20:18:47-980,attr,ApplicationStrategyNetwork.sensor[5].app[0],echoedPk:count,source,packetSent,,,,,,,
RR_T5-4-20260914-20:18:47-980,attr,ApplicationStrategyNetwork.sensor[5].app[0],echoedPk:count,title,"packets echoed, count",,,,,,,
RR_T5-4-20260914-20:18:47-980,scalar,ApplicationStrategyNetwork.sensor[6].app[0],echoedPk:count,,,120,,,,,,
RR_T5-4-20260914-20:18:47-980,attr,ApplicationStrategyNetwork.sensor[6].app[0],echoedPk:count,interpolationmode,none,,,,,,,
RR_T5-4-20260914-20:18:47-980,attr,ApplicationStrategyNetwork.sensor[6].app[0],echoedPk:count,recordingmode,count,,,,,,,
RR_T5-4-20260914-20:18:47-980,attr,ApplicationStrategyNetwork.sensor[6].app[0],echoedPk:count,source,packetSent,,,,,,,
RR_T5-4-20260914-20:18:47-980,attr,ApplicationStrategyNetwork.sensor[6].app[0],echoedPk:count,title,"packets echoed, count",,,,,,,
RR_T5-4-20260914-20:18:47-980,scalar,ApplicationStrategyNetwork.sensor[7].app[0],echoedPk:count,,,120,,,,,,
RR_T5-4-20260914-20:18:47-980,attr,ApplicationStrategyNetwork.sensor[7].app[0],echoedPk:count,interpolationmode,none,,,,,,,
RR_T5-4-20260914-20:18:47-980,attr,ApplicationStrategyNetwork.sensor[7].app[0],echoedPk:count,recordingmode,count,,,,,,,
RR_T5-4-20260914-20:18:47-980,attr,ApplicationStrategyNetwork.sensor[7].app[0],echoedPk:count,source,packetSent,,,,,,,
RR_T5-4-20260914-20:18:47-980,attr,ApplicationStrategyNetwork.sensor[7].app[0],echoedPk:count,title,"packets echoed, count",,,,,,,
RR_T5-4-20260914-20:18:47-980,scalar,ApplicationStrategyNetwork.sensor[8].app[0],echoedPk:count,,,120,,,,,,
RR_T5-4-20260914-20:18:47-980,attr,ApplicationStrategyNetwork.sensor[8].app[0],echoedPk:count,interpolationmode,none,,,,,,,
RR_T5-4-20260914-20:18:47-980,attr,ApplicationStrategyNetwork.sensor[8].app[0],echoedPk:count,recordingmode,count,,,,,,,
RR_T5-4-20260914-20:18:47-980,attr,ApplicationStrategyNetwork.sensor[8].app[0],echoedPk:count,source,packetSent,,,,,,,
RR_T5-4-20260914-20:18:47-980,attr,ApplicationStrategyNetwork.sensor[8].app[0],echoedPk:count,title,"packets echoed, count",,,,,,,
RR_T5-4-20260914-20:18:47-980,scalar,ApplicationStrategyNetwork.sensor[9].app[0],echoedPk:count,,,120,,,,,,
RR_T5-4-20260914-20:18:47-980,attr,ApplicationStrategyNetwork.sensor[9].app[0],echoedPk:count,interpolationmode,none,,,,,,,
RR_T5-4-20260914-20:18:47-980,attr,ApplicationStrategyNetwork.sensor[9].app[0],echoedPk:count,recordingmode,count,,,,,,,
RR_T5-4-20260914-20:18:47-980,attr,ApplicationStrategyNetwork.sensor[9].app[0],echoedPk:count,source,packetSent,,,,,,,
RR_T5-4-20260914-20:18:47-980,attr,ApplicationStrategyNetwork.sensor[9].app[0],echoedPk:count,title,"packets echoed, count",,,,,,,
RR_T5-4-20260914-20:18:47-980,scalar,ApplicationStrategyNetwork.sensor[10].app[0],echoedPk:count,,,120,,,,,,
RR_T5-4-20260914-20:18:47-980,attr,ApplicationStrategyNetwork.sensor[10].app[0],echoedPk:count,interpolationmode,none,,,,,,,
RR_T5-4-20260914-20:18:47-980,attr,ApplicationStrategyNetwork.sensor[10].app[0],echoedPk:count,recordingmode,count,,,,,,,
RR_T5-4-20260914-20:18:47-980,attr,ApplicationStrategyNetwork.sensor[10].app[0],echoedPk:count,source,packetSent,,,,,,,
RR_T5-4-20260914-20:18:47-980,attr,ApplicationStrategyNetwork.sensor[10].app[0],echoedPk:count,title,"packets echoed, count",,,,,,,
RR_T5-4-20260914-20:18:47-980,scalar,ApplicationStrategyNetwork.sensor[11].app[0],echoedPk:count,,,120,,,,,,
RR_T5-4-20260914-20:18:47-980,attr,ApplicationStrategyNetwork.sensor[11].app[0],echoedPk:count,interpolationmode,none,,,,,,,
RR_T5-4-20260914-20:18:47-980,attr,ApplicationStrategyNetwork.sensor[11].app[0],echoedPk:count,recordingmode,count,,,,,,,
RR_T5-4-20260914-20:18:47-980,attr,ApplicationStrategyNetwork.sensor[11].app[0],echoedPk:count,source,packetSent,,,,,,,
RR_T5-4-20260914-20:18:47-980,attr,ApplicationStrategyNetwork.sensor[11].app[0],echoedPk:count,title,"packets echoed, count",,,,,,,
RR_T5-4-20260914-20:18:47-980,scalar,ApplicationStrategyNetwork.monitoringServer.app[0],packetReceived:count,,,120,,,,,,
RR_T5-4-20260914-20:18:47-980,attr,ApplicationStrategyNetwork.monitoringServer.app[0],packetReceived:count,interpolationmode,none,,,,,,,
RR_T5-4-20260914-20:18:47-980,attr,ApplicationStrategyNetwork.monitoringServer.app[0],packetReceived:count,recordingmode,count,,,,,,,
RR_T5-4-20260914-20:18:47-980,attr,ApplicationStrategyNetwork.monitoringServer.app[0],packetReceived:count,source,packetReceived,,,,,,,
RR_T5-4-20260914-20:18:47-980,attr,ApplicationStrategyNetwork.monitoringServer.app[0],packetReceived:count,title,"packets received, count",,,,,,,
RR_T5-4-20260914-20:18:47-980,scalar,ApplicationStrategyNetwork.monitoringServer.app[0],packetSent:count,,,120,,,,,,
RR_T5-4-20260914-20:18:47-980,attr,ApplicationStrategyNetwork.monitoringServer.app[0],packetSent:count,interpolationmode,none,,,,,,,
RR_T5-4-20260914-20:18:47-980,attr,ApplicationStrategyNetwork.monitoringServer.app[0],packetSent:count,recordingmode,count,,,,,,,
RR_T5-4-20260914-20:18:47-980,attr,ApplicationStrategyNetwork.monitoringServer.app[0],packetSent:count,source,packetSent,,,,,,,
RR_T5-4-20260914-20:18:47-980,attr,ApplicationStrategyNetwork.monitoringServer.app[0],packetSent:count,title,"packets sent, count",,,,,,,
RR_T5-4-20260914-20:18:47-980,scalar,ApplicationStrategyNetwork.monitoringServer.app[1],packetReceived:count,,,120,,,,,,
RR_T5-4-20260914-20:18:47-980,attr,ApplicationStrategyNetwork.monitoringServer.app[1],packetReceived:count,interpolationmode,none,,,,,,,
RR_T5-4-20260914-20:18:47-980,attr,ApplicationStrategyNetwork.monitoringServer.app[1],packetReceived:count,recordingmode,count,,,,,,,
RR_T5-4-20260914-20:18:47-980,attr,ApplicationStrategyNetwork.monitoringServer.app[1],packetReceived:count,source,packetReceived,,,,,,,
RR_T5-4-20260914-20:18:47-980,attr,ApplicationStrategyNetwork.monitoringServer.app[1],packetReceived:count,title,"packets received, count",,,,,,,
RR_T5-4-20260914-20:18:47-980,scalar,ApplicationStrategyNetwork.monitoringServer.app[1],packetSent:count,,,120,,,,,,
RR_T5-4-20260914-20:18:47-980,attr,ApplicationStrategyNetwork.monitoringServer.app[1],packetSent:count,interpolationmode,none,,,,,,,
RR_T5-4-20260914-20:18:47-980,attr,ApplicationStrategyNetwork.monitoringServer.app[1],packetSent:count,recordingmode,count,,,,,,,
RR_T5-4-20260914-20:18:47-980,attr,ApplicationStrategyNetwork.monitoringServer.app[1],packetSent:count,source,packetSent,,,,,,,
RR_T5-4-20260914-20:18:47-980,attr,ApplicationStrategyNetwork.monitoringServer.app[1],packetSent:count,title,"packets sent, count",,,,,,,
RR_T5-4-20260914-20:18:47-980,scalar,ApplicationStrategyNetwork.monitoringServer.app[2],packetReceived:count,,,120,,,,,,
RR_T5-4-20260914-20:18:47-980,attr,ApplicationStrategyNetwork.monitoringServer.app[2],packetReceived:count,interpolationmode,none,,,,,,,
RR_T5-4-20260914-20:18:47-980,attr,ApplicationStrategyNetwork.monitoringServer.app[2],packetReceived:count,recordingmode,count,,,,,,,
RR_T5-4-20260914-20:18:47-980,attr,ApplicationStrategyNetwork.monitoringServer.app[2],packetReceived:count,source,packetReceived,,,,,,,
RR_T5-4-20260914-20:18:47-980,attr,ApplicationStrategyNetwork.monitoringServer.app[2],packetReceived:count,title,"packets received, count",,,,,,,
RR_T5-4-20260914-20:18:47-980,scalar,ApplicationStrategyNetwork.monitoringServer.app[2],packetSent:count,,,120,,,,,,
RR_T5-4-20260914-20:18:47-980,attr,ApplicationStrategyNetwork.monitoringServer.app[2],packetSent:count,interpolationmode,none,,,,,,,
RR_T5-4-20260914-20:18:47-980,attr,ApplicationStrategyNetwork.monitoringServer.app[2],packetSent:count,recordingmode,count,,,,,,,
RR_T5-4-20260914-20:18:47-980,attr,ApplicationStrategyNetwork.monitoringServer.app[2],packetSent:count,source,packetSent,,,,,,,
RR_T5-4-20260914-20:18:47-980,attr,ApplicationStrategyNetwork.monitoringServer.app[2],packetSent:count,title,"packets sent, count",,,,,,,
RR_T5-4-20260914-20:18:47-980,scalar,ApplicationStrategyNetwork.monitoringServer.app[3],packetReceived:count,,,120,,,,,,
RR_T5-4-20260914-20:18:47-980,attr,ApplicationStrategyNetwork.monitoringServer.app[3],packetReceived:count,interpolationmode,none,,,,,,,
RR_T5-4-20260914-20:18:47-980,attr,ApplicationStrategyNetwork.monitoringServer.app[3],packetReceived:count,recordingmode,count,,,,,,,
RR_T5-4-20260914-20:18:47-980,attr,ApplicationStrategyNetwork.monitoringServer.app[3],packetReceived:count,source,packetReceived,,,,,,,
RR_T5-4-20260914-20:18:47-980,attr,ApplicationStrategyNetwork.monitoringServer.app[3],packetReceived:count,title,"packets received, count",,,,,,,
RR_T5-4-20260914-20:18:47-980,scalar,ApplicationStrategyNetwork.monitoringServer.app[3],packetSent:count,,,120,,,,,,
RR_T5-4-20260914-20:18:47-980,attr,ApplicationStrategyNetwork.monitoringServer.app[3],packetSent:count,interpolationmode,none,,,,,,,
RR_T5-4-20260914-20:18:47-980,attr,ApplicationStrategyNetwork.monitoringServer.app[3],packetSent:count,recordingmode,count,,,,,,,
RR_T5-4-20260914-20:18:47-980,attr,ApplicationStrategyNetwork.monitoringServer.app[3],packetSent:count,source,packetSent,,,,,,,
RR_T5-4-20260914-20:18:47-980,attr,ApplicationStrategyNetwork.monitoringServer.app[3],packetSent:count,title,"packets sent, count",,,,,,,
RR_T5-4-20260914-20:18:47-980,scalar,ApplicationStrategyNetwork.monitoringServer.app[4],packetReceived:count,,,119,,,,,,
RR_T5-4-20260914-20:18:47-980,attr,ApplicationStrategyNetwork.monitoringServer.app[4],packetReceived:count,interpolationmode,none,,,,,,,
RR_T5-4-20260914-20:18:47-980,attr,ApplicationStrategyNetwork.monitoringServer.app[4],packetReceived:count,recordingmode,count,,,,,,,
RR_T5-4-20260914-20:18:47-980,attr,ApplicationStrategyNetwork.monitoringServer.app[4],packetReceived:count,source,packetReceived,,,,,,,
RR_T5-4-20260914-20:18:47-980,attr,ApplicationStrategyNetwork.monitoringServer.app[4],packetReceived:count,title,"packets received, count",,,,,,,
RR_T5-4-20260914-20:18:47-980,scalar,ApplicationStrategyNetwork.monitoringServer.app[4],packetSent:count,,,120,,,,,,
RR_T5-4-20260914-20:18:47-980,attr,ApplicationStrategyNetwork.monitoringServer.app[4],packetSent:count,interpolationmode,none,,,,,,,
RR_T5-4-20260914-20:18:47-980,attr,ApplicationStrategyNetwork.monitoringServer.app[4],packetSent:count,recordingmode,count,,,,,,,
RR_T5-4-20260914-20:18:47-980,attr,ApplicationStrategyNetwork.monitoringServer.app[4],packetSent:count,source,packetSent,,,,,,,
RR_T5-4-20260914-20:18:47-980,attr,ApplicationStrategyNetwork.monitoringServer.app[4],packetSent:count,title,"packets sent, count",,,,,,,
RR_T5-4-20260914-20:18:47-980,scalar,ApplicationStrategyNetwork.monitoringServer.app[5],packetReceived:count,,,120,,,,,,
RR_T5-4-20260914-20:18:47-980,attr,ApplicationStrategyNetwork.monitoringServer.app[5],packetReceived:count,interpolationmode,none,,,,,,,
RR_T5-4-20260914-20:18:47-980,attr,ApplicationStrategyNetwork.monitoringServer.app[5],packetReceived:count,recordingmode,count,,,,,,,
RR_T5-4-20260914-20:18:47-980,attr,ApplicationStrategyNetwork.monitoringServer.app[5],packetReceived:count,source,packetReceived,,,,,,,
RR_T5-4-20260914-20:18:47-980,attr,ApplicationStrategyNetwork.monitoringServer.app[5],packetReceived:count,title,"packets received, count",,,,,,,
RR_T5-4-20260914-20:18:47-980,scalar,ApplicationStrategyNetwork.monitoringServer.app[5],packetSent:count,,,120,,,,,,
RR_T5-4-20260914-20:18:47-980,attr,ApplicationStrategyNetwork.monitoringServer.app[5],packetSent:count,interpolationmode,none,,,,,,,
RR_T5-4-20260914-20:18:47-980,attr,ApplicationStrategyNetwork.monitoringServer.app[5],packetSent:count,recordingmode,count,,,,,,,
RR_T5-4-20260914-20:18:47-980,attr,ApplicationStrategyNetwork.monitoringServer.app[5],packetSent:count,source,packetSent,,,,,,,
RR_T5-4-20260914-20:18:47-980,attr,ApplicationStrategyNetwork.monitoringServer.app[5],packetSent:count,title,"packets sent, count",,,,,,,
RR_T5-4-20260914-20:18:47-980,scalar,ApplicationStrategyNetwork.monitoringServer.app[6],packetReceived:count,,,120,,,,,,
RR_T5-4-20260914-20:18:47-980,attr,ApplicationStrategyNetwork.monitoringServer.app[6],packetReceived:count,interpolationmode,none,,,,,,,
RR_T5-4-20260914-20:18:47-980,attr,ApplicationStrategyNetwork.monitoringServer.app[6],packetReceived:count,recordingmode,count,,,,,,,
RR_T5-4-20260914-20:18:47-980,attr,ApplicationStrategyNetwork.monitoringServer.app[6],packetReceived:count,source,packetReceived,,,,,,,
RR_T5-4-20260914-20:18:47-980,attr,ApplicationStrategyNetwork.monitoringServer.app[6],packetReceived:count,title,"packets received, count",,,,,,,
RR_T5-4-20260914-20:18:47-980,scalar,ApplicationStrategyNetwork.monitoringServer.app[6],packetSent:count,,,120,,,,,,
RR_T5-4-20260914-20:18:47-980,attr,ApplicationStrategyNetwork.monitoringServer.app[6],packetSent:count,interpolationmode,none,,,,,,,
RR_T5-4-20260914-20:18:47-980,attr,ApplicationStrategyNetwork.monitoringServer.app[6],packetSent:count,recordingmode,count,,,,,,,
RR_T5-4-20260914-20:18:47-980,attr,ApplicationStrategyNetwork.monitoringServer.app[6],packetSent:count,source,packetSent,,,,,,,
RR_T5-4-20260914-20:18:47-980,attr,ApplicationStrategyNetwork.monitoringServer.app[6],packetSent:count,title,"packets sent, count",,,,,,,
RR_T5-4-20260914-20:18:47-980,scalar,ApplicationStrategyNetwork.monitoringServer.app[7],packetReceived:count,,,120,,,,,,
RR_T5-4-20260914-20:18:47-980,attr,ApplicationStrategyNetwork.monitoringServer.app[7],packetReceived:count,interpolationmode,none,,,,,,,
RR_T5-4-20260914-20:18:47-980,attr,ApplicationStrategyNetwork.monitoringServer.app[7],packetReceived:count,recordingmode,count,,,,,,,
RR_T5-4-20260914-20:18:47-980,attr,ApplicationStrategyNetwork.monitoringServer.app[7],packetReceived:count,source,packetReceived,,,,,,,
RR_T5-4-20260914-20:18:47-980,attr,ApplicationStrategyNetwork.monitoringServer.app[7],packetReceived:count,title,"packets received, count",,,,,,,
RR_T5-4-20260914-20:18:47-980,scalar,ApplicationStrategyNetwork.monitoringServer.app[7],packetSent:count,,,120,,,,,,
RR_T5-4-20260914-20:18:47-980,attr,ApplicationStrategyNetwork.monitoringServer.app[7],packetSent:count,interpolationmode,none,,,,,,,
RR_T5-4-20260914-20:18:47-980,attr,ApplicationStrategyNetwork.monitoringServer.app[7],packetSent:count,recordingmode,count,,,,,,,
RR_T5-4-20260914-20:18:47-980,attr,ApplicationStrategyNetwork.monitoringServer.app[7],packetSent:count,source,packetSent,,,,,,,
RR_T5-4-20260914-20:18:47-980,attr,ApplicationStrategyNetwork.monitoringServer.app[7],packetSent:count,title,"packets sent, count",,,,,,,
RR_T5-4-20260914-20:18:47-980,scalar,ApplicationStrategyNetwork.monitoringServer.app[8],packetReceived:count,,,120,,,,,,
RR_T5-4-20260914-20:18:47-980,attr,ApplicationStrategyNetwork.monitoringServer.app[8],packetReceived:count,interpolationmode,none,,,,,,,
RR_T5-4-20260914-20:18:47-980,attr,ApplicationStrategyNetwork.monitoringServer.app[8],packetReceived:count,recordingmode,count,,,,,,,
RR_T5-4-20260914-20:18:47-980,attr,ApplicationStrategyNetwork.monitoringServer.app[8],packetReceived:count,source,packetReceived,,,,,,,
RR_T5-4-20260914-20:18:47-980,attr,ApplicationStrategyNetwork.monitoringServer.app[8],packetReceived:count,title,"packets received, count",,,,,,,
RR_T5-4-20260914-20:18:47-980,scalar,ApplicationStrategyNetwork.monitoringServer.app[8],packetSent:count,,,120,,,,,,
RR_T5-4-20260914-20:18:47-980,attr,ApplicationStrategyNetwork.monitoringServer.app[8],packetSent:count,interpolationmode,none,,,,,,,
RR_T5-4-20260914-20:18:47-980,attr,ApplicationStrategyNetwork.monitoringServer.app[8],packetSent:count,recordingmode,count,,,,,,,
RR_T5-4-20260914-20:18:47-980,attr,ApplicationStrategyNetwork.monitoringServer.app[8],packetSent:count,source,packetSent,,,,,,,
RR_T5-4-20260914-20:18:47-980,attr,ApplicationStrategyNetwork.monitoringServer.app[8],packetSent:count,title,"packets sent, count",,,,,,,
RR_T5-4-20260914-20:18:47-980,scalar,ApplicationStrategyNetwork.monitoringServer.app[9],packetReceived:count,,,120,,,,,,
RR_T5-4-20260914-20:18:47-980,attr,ApplicationStrategyNetwork.monitoringServer.app[9],packetReceived:count,interpolationmode,none,,,,,,,
RR_T5-4-20260914-20:18:47-980,attr,ApplicationStrategyNetwork.monitoringServer.app[9],packetReceived:count,recordingmode,count,,,,,,,
RR_T5-4-20260914-20:18:47-980,attr,ApplicationStrategyNetwork.monitoringServer.app[9],packetReceived:count,source,packetReceived,,,,,,,
RR_T5-4-20260914-20:18:47-980,attr,ApplicationStrategyNetwork.monitoringServer.app[9],packetReceived:count,title,"packets received, count",,,,,,,
RR_T5-4-20260914-20:18:47-980,scalar,ApplicationStrategyNetwork.monitoringServer.app[9],packetSent:count,,,120,,,,,,
RR_T5-4-20260914-20:18:47-980,attr,ApplicationStrategyNetwork.monitoringServer.app[9],packetSent:count,interpolationmode,none,,,,,,,
RR_T5-4-20260914-20:18:47-980,attr,ApplicationStrategyNetwork.monitoringServer.app[9],packetSent:count,recordingmode,count,,,,,,,
RR_T5-4-20260914-20:18:47-980,attr,ApplicationStrategyNetwork.monitoringServer.app[9],packetSent:count,source,packetSent,,,,,,,
RR_T5-4-20260914-20:18:47-980,attr,ApplicationStrategyNetwork.monitoringServer.app[9],packetSent:count,title,"packets sent, count",,,,,,,
RR_T5-4-20260914-20:18:47-980,scalar,ApplicationStrategyNetwork.monitoringServer.app[10],packetReceived:count,,,120,,,,,,
RR_T5-4-20260914-20:18:47-980,attr,ApplicationStrategyNetwork.monitoringServer.app[10],packetReceived:count,interpolationmode,none,,,,,,,
RR_T5-4-20260914-20:18:47-980,attr,ApplicationStrategyNetwork.monitoringServer.app[10],packetReceived:count,recordingmode,count,,,,,,,
RR_T5-4-20260914-20:18:47-980,attr,ApplicationStrategyNetwork.monitoringServer.app[10],packetReceived:count,source,packetReceived,,,,,,,
RR_T5-4-20260914-20:18:47-980,attr,ApplicationStrategyNetwork.monitoringServer.app[10],packetReceived:count,title,"packets received, count",,,,,,,
RR_T5-4-20260914-20:18:47-980,scalar,ApplicationStrategyNetwork.monitoringServer.app[10],packetSent:count,,,120,,,,,,
RR_T5-4-20260914-20:18:47-980,attr,ApplicationStrategyNetwork.monitoringServer.app[10],packetSent:count,interpolationmode,none,,,,,,,
RR_T5-4-20260914-20:18:47-980,attr,ApplicationStrategyNetwork.monitoringServer.app[10],packetSent:count,recordingmode,count,,,,,,,
RR_T5-4-20260914-20:18:47-980,attr,ApplicationStrategyNetwork.monitoringServer.app[10],packetSent:count,source,packetSent,,,,,,,
RR_T5-4-20260914-20:18:47-980,attr,ApplicationStrategyNetwork.monitoringServer.app[10],packetSent:count,title,"packets sent, count",,,,,,,
RR_T5-4-20260914-20:18:47-980,scalar,ApplicationStrategyNetwork.monitoringServer.app[11],packetReceived:count,,,120,,,,,,
RR_T5-4-20260914-20:18:47-980,attr,ApplicationStrategyNetwork.monitoringServer.app[11],packetReceived:count,interpolationmode,none,,,,,,,
RR_T5-4-20260914-20:18:47-980,attr,ApplicationStrategyNetwork.monitoringServer.app[11],packetReceived:count,recordingmode,count,,,,,,,
RR_T5-4-20260914-20:18:47-980,attr,ApplicationStrategyNetwork.monitoringServer.app[11],packetReceived:count,source,packetReceived,,,,,,,
RR_T5-4-20260914-20:18:47-980,attr,ApplicationStrategyNetwork.monitoringServer.app[11],packetReceived:count,title,"packets received, count",,,,,,,
RR_T5-4-20260914-20:18:47-980,scalar,ApplicationStrategyNetwork.monitoringServer.app[11],packetSent:count,,,120,,,,,,
RR_T5-4-20260914-20:18:47-980,attr,ApplicationStrategyNetwork.monitoringServer.app[11],packetSent:count,interpolationmode,none,,,,,,,
RR_T5-4-20260914-20:18:47-980,attr,ApplicationStrategyNetwork.monitoringServer.app[11],packetSent:count,recordingmode,count,,,,,,,
RR_T5-4-20260914-20:18:47-980,attr,ApplicationStrategyNetwork.monitoringServer.app[11],packetSent:count,source,packetSent,,,,,,,
RR_T5-4-20260914-20:18:47-980,attr,ApplicationStrategyNetwork.monitoringServer.app[11],packetSent:count,title,"packets sent, count",,,,,,,
RR_T60-0-20260914-20:21:30-1541,scalar,ApplicationStrategyNetwork.sensor[0].app[0],echoedPk:count,,,10,,,,,,
RR_T60-0-20260914-20:21:30-1541,attr,ApplicationStrategyNetwork.sensor[0].app[0],echoedPk:count,interpolationmode,none,,,,,,,
RR_T60-0-20260914-20:21:30-1541,attr,ApplicationStrategyNetwork.sensor[0].app[0],echoedPk:count,recordingmode,count,,,,,,,
RR_T60-0-20260914-20:21:30-1541,attr,ApplicationStrategyNetwork.sensor[0].app[0],echoedPk:count,source,packetSent,,,,,,,
RR_T60-0-20260914-20:21:30-1541,attr,ApplicationStrategyNetwork.sensor[0].app[0],echoedPk:count,title,"packets echoed, count",,,,,,,
RR_T60-0-20260914-20:21:30-1541,scalar,ApplicationStrategyNetwork.sensor[1].app[0],echoedPk:count,,,10,,,,,,
RR_T60-0-20260914-20:21:30-1541,attr,ApplicationStrategyNetwork.sensor[1].app[0],echoedPk:count,interpolationmode,none,,,,,,,
RR_T60-0-20260914-20:21:30-1541,attr,ApplicationStrategyNetwork.sensor[1].app[0],echoedPk:count,recordingmode,count,,,,,,,
RR_T60-0-20260914-20:21:30-1541,attr,ApplicationStrategyNetwork.sensor[1].app[0],echoedPk:count,source,packetSent,,,,,,,
RR_T60-0-20260914-20:21:30-1541,attr,ApplicationStrategyNetwork.sensor[1].app[0],echoedPk:count,title,"packets echoed, count",,,,,,,
RR_T60-0-20260914-20:21:30-1541,scalar,ApplicationStrategyNetwork.sensor[2].app[0],echoedPk:count,,,10,,,,,,
RR_T60-0-20260914-20:21:30-1541,attr,ApplicationStrategyNetwork.sensor[2].app[0],echoedPk:count,interpolationmode,none,,,,,,,
RR_T60-0-20260914-20:21:30-1541,attr,ApplicationStrategyNetwork.sensor[2].app[0],echoedPk:count,recordingmode,count,,,,,,,
RR_T60-0-20260914-20:21:30-1541,attr,ApplicationStrategyNetwork.sensor[2].app[0],echoedPk:count,source,packetSent,,,,,,,
RR_T60-0-20260914-20:21:30-1541,attr,ApplicationStrategyNetwork.sensor[2].app[0],echoedPk:count,title,"packets echoed, count",,,,,,,
RR_T60-0-20260914-20:21:30-1541,scalar,ApplicationStrategyNetwork.sensor[3].app[0],echoedPk:count,,,10,,,,,,
RR_T60-0-20260914-20:21:30-1541,attr,ApplicationStrategyNetwork.sensor[3].app[0],echoedPk:count,interpolationmode,none,,,,,,,
RR_T60-0-20260914-20:21:30-1541,attr,ApplicationStrategyNetwork.sensor[3].app[0],echoedPk:count,recordingmode,count,,,,,,,
RR_T60-0-20260914-20:21:30-1541,attr,ApplicationStrategyNetwork.sensor[3].app[0],echoedPk:count,source,packetSent,,,,,,,
RR_T60-0-20260914-20:21:30-1541,attr,ApplicationStrategyNetwork.sensor[3].app[0],echoedPk:count,title,"packets echoed, count",,,,,,,
RR_T60-0-20260914-20:21:30-1541,scalar,ApplicationStrategyNetwork.sensor[4].app[0],echoedPk:count,,,10,,,,,,
RR_T60-0-20260914-20:21:30-1541,attr,ApplicationStrategyNetwork.sensor[4].app[0],echoedPk:count,interpolationmode,none,,,,,,,
RR_T60-0-20260914-20:21:30-1541,attr,ApplicationStrategyNetwork.sensor[4].app[0],echoedPk:count,recordingmode,count,,,,,,,
RR_T60-0-20260914-20:21:30-1541,attr,ApplicationStrategyNetwork.sensor[4].app[0],echoedPk:count,source,packetSent,,,,,,,
RR_T60-0-20260914-20:21:30-1541,attr,ApplicationStrategyNetwork.sensor[4].app[0],echoedPk:count,title,"packets echoed, count",,,,,,,
RR_T60-0-20260914-20:21:30-1541,scalar,ApplicationStrategyNetwork.sensor[5].app[0],echoedPk:count,,,10,,,,,,
RR_T60-0-20260914-20:21:30-1541,attr,ApplicationStrategyNetwork.sensor[5].app[0],echoedPk:count,interpolationmode,none,,,,,,,
RR_T60-0-20260914-20:21:30-1541,attr,ApplicationStrategyNetwork.sensor[5].app[0],echoedPk:count,recordingmode,count,,,,,,,
RR_T60-0-20260914-20:21:30-1541,attr,ApplicationStrategyNetwork.sensor[5].app[0],echoedPk:count,source,packetSent,,,,,,,
RR_T60-0-20260914-20:21:30-1541,attr,ApplicationStrategyNetwork.sensor[5].app[0],echoedPk:count,title,"packets echoed, count",,,,,,,
RR_T60-0-20260914-20:21:30-1541,scalar,ApplicationStrategyNetwork.sensor[6].app[0],echoedPk:count,,,10,,,,,,
RR_T60-0-20260914-20:21:30-1541,attr,ApplicationStrategyNetwork.sensor[6].app[0],echoedPk:count,interpolationmode,none,,,,,,,
RR_T60-0-20260914-20:21:30-1541,attr,ApplicationStrategyNetwork.sensor[6].app[0],echoedPk:count,recordingmode,count,,,,,,,
RR_T60-0-20260914-20:21:30-1541,attr,ApplicationStrategyNetwork.sensor[6].app[0],echoedPk:count,source,packetSent,,,,,,,
RR_T60-0-20260914-20:21:30-1541,attr,ApplicationStrategyNetwork.sensor[6].app[0],echoedPk:count,title,"packets echoed, count",,,,,,,
RR_T60-0-20260914-20:21:30-1541,scalar,ApplicationStrategyNetwork.sensor[7].app[0],echoedPk:count,,,10,,,,,,
RR_T60-0-20260914-20:21:30-1541,attr,ApplicationStrategyNetwork.sensor[7].app[0],echoedPk:count,interpolationmode,none,,,,,,,
RR_T60-0-20260914-20:21:30-1541,attr,ApplicationStrategyNetwork.sensor[7].app[0],echoedPk:count,recordingmode,count,,,,,,,
RR_T60-0-20260914-20:21:30-1541,attr,ApplicationStrategyNetwork.sensor[7].app[0],echoedPk:count,source,packetSent,,,,,,,
RR_T60-0-20260914-20:21:30-1541,attr,ApplicationStrategyNetwork.sensor[7].app[0],echoedPk:count,title,"packets echoed, count",,,,,,,
RR_T60-0-20260914-20:21:30-1541,scalar,ApplicationStrategyNetwork.sensor[8].app[0],echoedPk:count,,,10,,,,,,
RR_T60-0-20260914-20:21:30-1541,attr,ApplicationStrategyNetwork.sensor[8].app[0],echoedPk:count,interpolationmode,none,,,,,,,
RR_T60-0-20260914-20:21:30-1541,attr,ApplicationStrategyNetwork.sensor[8].app[0],echoedPk:count,recordingmode,count,,,,,,,
RR_T60-0-20260914-20:21:30-1541,attr,ApplicationStrategyNetwork.sensor[8].app[0],echoedPk:count,source,packetSent,,,,,,,
RR_T60-0-20260914-20:21:30-1541,attr,ApplicationStrategyNetwork.sensor[8].app[0],echoedPk:count,title,"packets echoed, count",,,,,,,
RR_T60-0-20260914-20:21:30-1541,scalar,ApplicationStrategyNetwork.sensor[9].app[0],echoedPk:count,,,10,,,,,,
RR_T60-0-20260914-20:21:30-1541,attr,ApplicationStrategyNetwork.sensor[9].app[0],echoedPk:count,interpolationmode,none,,,,,,,
RR_T60-0-20260914-20:21:30-1541,attr,ApplicationStrategyNetwork.sensor[9].app[0],echoedPk:count,recordingmode,count,,,,,,,
RR_T60-0-20260914-20:21:30-1541,attr,ApplicationStrategyNetwork.sensor[9].app[0],echoedPk:count,source,packetSent,,,,,,,
RR_T60-0-20260914-20:21:30-1541,attr,ApplicationStrategyNetwork.sensor[9].app[0],echoedPk:count,title,"packets echoed, count",,,,,,,
RR_T60-0-20260914-20:21:30-1541,scalar,ApplicationStrategyNetwork.sensor[10].app[0],echoedPk:count,,,10,,,,,,
RR_T60-0-20260914-20:21:30-1541,attr,ApplicationStrategyNetwork.sensor[10].app[0],echoedPk:count,interpolationmode,none,,,,,,,
RR_T60-0-20260914-20:21:30-1541,attr,ApplicationStrategyNetwork.sensor[10].app[0],echoedPk:count,recordingmode,count,,,,,,,
RR_T60-0-20260914-20:21:30-1541,attr,ApplicationStrategyNetwork.sensor[10].app[0],echoedPk:count,source,packetSent,,,,,,,
RR_T60-0-20260914-20:21:30-1541,attr,ApplicationStrategyNetwork.sensor[10].app[0],echoedPk:count,title,"packets echoed, count",,,,,,,
RR_T60-0-20260914-20:21:30-1541,scalar,ApplicationStrategyNetwork.sensor[11].app[0],echoedPk:count,,,10,,,,,,
RR_T60-0-20260914-20:21:30-1541,attr,ApplicationStrategyNetwork.sensor[11].app[0],echoedPk:count,interpolationmode,none,,,,,,,
RR_T60-0-20260914-20:21:30-1541,attr,ApplicationStrategyNetwork.sensor[11].app[0],echoedPk:count,recordingmode,count,,,,,,,
RR_T60-0-20260914-20:21:30-1541,attr,ApplicationStrategyNetwork.sensor[11].app[0],echoedPk:count,source,packetSent,,,,,,,
RR_T60-0-20260914-20:21:30-1541,attr,ApplicationStrategyNetwork.sensor[11].app[0],echoedPk:count,title,"packets echoed, count",,,,,,,
RR_T60-0-20260914-20:21:30-1541,scalar,ApplicationStrategyNetwork.monitoringServer.app[0],packetReceived:count,,,10,,,,,,
RR_T60-0-20260914-20:21:30-1541,attr,ApplicationStrategyNetwork.monitoringServer.app[0],packetReceived:count,interpolationmode,none,,,,,,,
RR_T60-0-20260914-20:21:30-1541,attr,ApplicationStrategyNetwork.monitoringServer.app[0],packetReceived:count,recordingmode,count,,,,,,,
RR_T60-0-20260914-20:21:30-1541,attr,ApplicationStrategyNetwork.monitoringServer.app[0],packetReceived:count,source,packetReceived,,,,,,,
RR_T60-0-20260914-20:21:30-1541,attr,ApplicationStrategyNetwork.monitoringServer.app[0],packetReceived:count,title,"packets received, count",,,,,,,
RR_T60-0-20260914-20:21:30-1541,scalar,ApplicationStrategyNetwork.monitoringServer.app[0],packetSent:count,,,10,,,,,,
RR_T60-0-20260914-20:21:30-1541,attr,ApplicationStrategyNetwork.monitoringServer.app[0],packetSent:count,interpolationmode,none,,,,,,,
RR_T60-0-20260914-20:21:30-1541,attr,ApplicationStrategyNetwork.monitoringServer.app[0],packetSent:count,recordingmode,count,,,,,,,
RR_T60-0-20260914-20:21:30-1541,attr,ApplicationStrategyNetwork.monitoringServer.app[0],packetSent:count,source,packetSent,,,,,,,
RR_T60-0-20260914-20:21:30-1541,attr,ApplicationStrategyNetwork.monitoringServer.app[0],packetSent:count,title,"packets sent, count",,,,,,,
RR_T60-0-20260914-20:21:30-1541,scalar,ApplicationStrategyNetwork.monitoringServer.app[1],packetReceived:count,,,10,,,,,,
RR_T60-0-20260914-20:21:30-1541,attr,ApplicationStrategyNetwork.monitoringServer.app[1],packetReceived:count,interpolationmode,none,,,,,,,
RR_T60-0-20260914-20:21:30-1541,attr,ApplicationStrategyNetwork.monitoringServer.app[1],packetReceived:count,recordingmode,count,,,,,,,
RR_T60-0-20260914-20:21:30-1541,attr,ApplicationStrategyNetwork.monitoringServer.app[1],packetReceived:count,source,packetReceived,,,,,,,
RR_T60-0-20260914-20:21:30-1541,attr,ApplicationStrategyNetwork.monitoringServer.app[1],packetReceived:count,title,"packets received, count",,,,,,,
RR_T60-0-20260914-20:21:30-1541,scalar,ApplicationStrategyNetwork.monitoringServer.app[1],packetSent:count,,,10,,,,,,
RR_T60-0-20260914-20:21:30-1541,attr,ApplicationStrategyNetwork.monitoringServer.app[1],packetSent:count,interpolationmode,none,,,,,,,
RR_T60-0-20260914-20:21:30-1541,attr,ApplicationStrategyNetwork.monitoringServer.app[1],packetSent:count,recordingmode,count,,,,,,,
RR_T60-0-20260914-20:21:30-1541,attr,ApplicationStrategyNetwork.monitoringServer.app[1],packetSent:count,source,packetSent,,,,,,,
RR_T60-0-20260914-20:21:30-1541,attr,ApplicationStrategyNetwork.monitoringServer.app[1],packetSent:count,title,"packets sent, count",,,,,,,
RR_T60-0-20260914-20:21:30-1541,scalar,ApplicationStrategyNetwork.monitoringServer.app[2],packetReceived:count,,,10,,,,,,
RR_T60-0-20260914-20:21:30-1541,attr,ApplicationStrategyNetwork.monitoringServer.app[2],packetReceived:count,interpolationmode,none,,,,,,,
RR_T60-0-20260914-20:21:30-1541,attr,ApplicationStrategyNetwork.monitoringServer.app[2],packetReceived:count,recordingmode,count,,,,,,,
RR_T60-0-20260914-20:21:30-1541,attr,ApplicationStrategyNetwork.monitoringServer.app[2],packetReceived:count,source,packetReceived,,,,,,,
RR_T60-0-20260914-20:21:30-1541,attr,ApplicationStrategyNetwork.monitoringServer.app[2],packetReceived:count,title,"packets received, count",,,,,,,
RR_T60-0-20260914-20:21:30-1541,scalar,ApplicationStrategyNetwork.monitoringServer.app[2],packetSent:count,,,10,,,,,,
RR_T60-0-20260914-20:21:30-1541,attr,ApplicationStrategyNetwork.monitoringServer.app[2],packetSent:count,interpolationmode,none,,,,,,,
RR_T60-0-20260914-20:21:30-1541,attr,ApplicationStrategyNetwork.monitoringServer.app[2],packetSent:count,recordingmode,count,,,,,,,
RR_T60-0-20260914-20:21:30-1541,attr,ApplicationStrategyNetwork.monitoringServer.app[2],packetSent:count,source,packetSent,,,,,,,
RR_T60-0-20260914-20:21:30-1541,attr,ApplicationStrategyNetwork.monitoringServer.app[2],packetSent:count,title,"packets sent, count",,,,,,,
RR_T60-0-20260914-20:21:30-1541,scalar,ApplicationStrategyNetwork.monitoringServer.app[3],packetReceived:count,,,10,,,,,,
RR_T60-0-20260914-20:21:30-1541,attr,ApplicationStrategyNetwork.monitoringServer.app[3],packetReceived:count,interpolationmode,none,,,,,,,
RR_T60-0-20260914-20:21:30-1541,attr,ApplicationStrategyNetwork.monitoringServer.app[3],packetReceived:count,recordingmode,count,,,,,,,
RR_T60-0-20260914-20:21:30-1541,attr,ApplicationStrategyNetwork.monitoringServer.app[3],packetReceived:count,source,packetReceived,,,,,,,
RR_T60-0-20260914-20:21:30-1541,attr,ApplicationStrategyNetwork.monitoringServer.app[3],packetReceived:count,title,"packets received, count",,,,,,,
RR_T60-0-20260914-20:21:30-1541,scalar,ApplicationStrategyNetwork.monitoringServer.app[3],packetSent:count,,,10,,,,,,
RR_T60-0-20260914-20:21:30-1541,attr,ApplicationStrategyNetwork.monitoringServer.app[3],packetSent:count,interpolationmode,none,,,,,,,
RR_T60-0-20260914-20:21:30-1541,attr,ApplicationStrategyNetwork.monitoringServer.app[3],packetSent:count,recordingmode,count,,,,,,,
RR_T60-0-20260914-20:21:30-1541,attr,ApplicationStrategyNetwork.monitoringServer.app[3],packetSent:count,source,packetSent,,,,,,,
RR_T60-0-20260914-20:21:30-1541,attr,ApplicationStrategyNetwork.monitoringServer.app[3],packetSent:count,title,"packets sent, count",,,,,,,
RR_T60-0-20260914-20:21:30-1541,scalar,ApplicationStrategyNetwork.monitoringServer.app[4],packetReceived:count,,,10,,,,,,
RR_T60-0-20260914-20:21:30-1541,attr,ApplicationStrategyNetwork.monitoringServer.app[4],packetReceived:count,interpolationmode,none,,,,,,,
RR_T60-0-20260914-20:21:30-1541,attr,ApplicationStrategyNetwork.monitoringServer.app[4],packetReceived:count,recordingmode,count,,,,,,,
RR_T60-0-20260914-20:21:30-1541,attr,ApplicationStrategyNetwork.monitoringServer.app[4],packetReceived:count,source,packetReceived,,,,,,,
RR_T60-0-20260914-20:21:30-1541,attr,ApplicationStrategyNetwork.monitoringServer.app[4],packetReceived:count,title,"packets received, count",,,,,,,
RR_T60-0-20260914-20:21:30-1541,scalar,ApplicationStrategyNetwork.monitoringServer.app[4],packetSent:count,,,10,,,,,,
RR_T60-0-20260914-20:21:30-1541,attr,ApplicationStrategyNetwork.monitoringServer.app[4],packetSent:count,interpolationmode,none,,,,,,,
RR_T60-0-20260914-20:21:30-1541,attr,ApplicationStrategyNetwork.monitoringServer.app[4],packetSent:count,recordingmode,count,,,,,,,
RR_T60-0-20260914-20:21:30-1541,attr,ApplicationStrategyNetwork.monitoringServer.app[4],packetSent:count,source,packetSent,,,,,,,
RR_T60-0-20260914-20:21:30-1541,attr,ApplicationStrategyNetwork.monitoringServer.app[4],packetSent:count,title,"packets sent, count",,,,,,,
RR_T60-0-20260914-20:21:30-1541,scalar,ApplicationStrategyNetwork.monitoringServer.app[5],packetReceived:count,,,10,,,,,,
RR_T60-0-20260914-20:21:30-1541,attr,ApplicationStrategyNetwork.monitoringServer.app[5],packetReceived:count,interpolationmode,none,,,,,,,
RR_T60-0-20260914-20:21:30-1541,attr,ApplicationStrategyNetwork.monitoringServer.app[5],packetReceived:count,recordingmode,count,,,,,,,
RR_T60-0-20260914-20:21:30-1541,attr,ApplicationStrategyNetwork.monitoringServer.app[5],packetReceived:count,source,packetReceived,,,,,,,
RR_T60-0-20260914-20:21:30-1541,attr,ApplicationStrategyNetwork.monitoringServer.app[5],packetReceived:count,title,"packets received, count",,,,,,,
RR_T60-0-20260914-20:21:30-1541,scalar,ApplicationStrategyNetwork.monitoringServer.app[5],packetSent:count,,,10,,,,,,
RR_T60-0-20260914-20:21:30-1541,attr,ApplicationStrategyNetwork.monitoringServer.app[5],packetSent:count,interpolationmode,none,,,,,,,
RR_T60-0-20260914-20:21:30-1541,attr,ApplicationStrategyNetwork.monitoringServer.app[5],packetSent:count,recordingmode,count,,,,,,,
RR_T60-0-20260914-20:21:30-1541,attr,ApplicationStrategyNetwork.monitoringServer.app[5],packetSent:count,source,packetSent,,,,,,,
RR_T60-0-20260914-20:21:30-1541,attr,ApplicationStrategyNetwork.monitoringServer.app[5],packetSent:count,title,"packets sent, count",,,,,,,
RR_T60-0-20260914-20:21:30-1541,scalar,ApplicationStrategyNetwork.monitoringServer.app[6],packetReceived:count,,,10,,,,,,
RR_T60-0-20260914-20:21:30-1541,attr,ApplicationStrategyNetwork.monitoringServer.app[6],packetReceived:count,interpolationmode,none,,,,,,,
RR_T60-0-20260914-20:21:30-1541,attr,ApplicationStrategyNetwork.monitoringServer.app[6],packetReceived:count,recordingmode,count,,,,,,,
RR_T60-0-20260914-20:21:30-1541,attr,ApplicationStrategyNetwork.monitoringServer.app[6],packetReceived:count,source,packetReceived,,,,,,,
RR_T60-0-20260914-20:21:30-1541,attr,ApplicationStrategyNetwork.monitoringServer.app[6],packetReceived:count,title,"packets received, count",,,,,,,
RR_T60-0-20260914-20:21:30-1541,scalar,ApplicationStrategyNetwork.monitoringServer.app[6],packetSent:count,,,10,,,,,,
RR_T60-0-20260914-20:21:30-1541,attr,ApplicationStrategyNetwork.monitoringServer.app[6],packetSent:count,interpolationmode,none,,,,,,,
RR_T60-0-20260914-20:21:30-1541,attr,ApplicationStrategyNetwork.monitoringServer.app[6],packetSent:count,recordingmode,count,,,,,,,
RR_T60-0-20260914-20:21:30-1541,attr,ApplicationStrategyNetwork.monitoringServer.app[6],packetSent:count,source,packetSent,,,,,,,
RR_T60-0-20260914-20:21:30-1541,attr,ApplicationStrategyNetwork.monitoringServer.app[6],packetSent:count,title,"packets sent, count",,,,,,,
RR_T60-0-20260914-20:21:30-1541,scalar,ApplicationStrategyNetwork.monitoringServer.app[7],packetReceived:count,,,10,,,,,,
RR_T60-0-20260914-20:21:30-1541,attr,ApplicationStrategyNetwork.monitoringServer.app[7],packetReceived:count,interpolationmode,none,,,,,,,
RR_T60-0-20260914-20:21:30-1541,attr,ApplicationStrategyNetwork.monitoringServer.app[7],packetReceived:count,recordingmode,count,,,,,,,
RR_T60-0-20260914-20:21:30-1541,attr,ApplicationStrategyNetwork.monitoringServer.app[7],packetReceived:count,source,packetReceived,,,,,,,
RR_T60-0-20260914-20:21:30-1541,attr,ApplicationStrategyNetwork.monitoringServer.app[7],packetReceived:count,title,"packets received, count",,,,,,,
RR_T60-0-20260914-20:21:30-1541,scalar,ApplicationStrategyNetwork.monitoringServer.app[7],packetSent:count,,,10,,,,,,
RR_T60-0-20260914-20:21:30-1541,attr,ApplicationStrategyNetwork.monitoringServer.app[7],packetSent:count,interpolationmode,none,,,,,,,
RR_T60-0-20260914-20:21:30-1541,attr,ApplicationStrategyNetwork.monitoringServer.app[7],packetSent:count,recordingmode,count,,,,,,,
RR_T60-0-20260914-20:21:30-1541,attr,ApplicationStrategyNetwork.monitoringServer.app[7],packetSent:count,source,packetSent,,,,,,,
RR_T60-0-20260914-20:21:30-1541,attr,ApplicationStrategyNetwork.monitoringServer.app[7],packetSent:count,title,"packets sent, count",,,,,,,
RR_T60-0-20260914-20:21:30-1541,scalar,ApplicationStrategyNetwork.monitoringServer.app[8],packetReceived:count,,,10,,,,,,
RR_T60-0-20260914-20:21:30-1541,attr,ApplicationStrategyNetwork.monitoringServer.app[8],packetReceived:count,interpolationmode,none,,,,,,,
RR_T60-0-20260914-20:21:30-1541,attr,ApplicationStrategyNetwork.monitoringServer.app[8],packetReceived:count,recordingmode,count,,,,,,,
RR_T60-0-20260914-20:21:30-1541,attr,ApplicationStrategyNetwork.monitoringServer.app[8],packetReceived:count,source,packetReceived,,,,,,,
RR_T60-0-20260914-20:21:30-1541,attr,ApplicationStrategyNetwork.monitoringServer.app[8],packetReceived:count,title,"packets received, count",,,,,,,
RR_T60-0-20260914-20:21:30-1541,scalar,ApplicationStrategyNetwork.monitoringServer.app[8],packetSent:count,,,10,,,,,,
RR_T60-0-20260914-20:21:30-1541,attr,ApplicationStrategyNetwork.monitoringServer.app[8],packetSent:count,interpolationmode,none,,,,,,,
RR_T60-0-20260914-20:21:30-1541,attr,ApplicationStrategyNetwork.monitoringServer.app[8],packetSent:count,recordingmode,count,,,,,,,
RR_T60-0-20260914-20:21:30-1541,attr,ApplicationStrategyNetwork.monitoringServer.app[8],packetSent:count,source,packetSent,,,,,,,
RR_T60-0-20260914-20:21:30-1541,attr,ApplicationStrategyNetwork.monitoringServer.app[8],packetSent:count,title,"packets sent, count",,,,,,,
RR_T60-0-20260914-20:21:30-1541,scalar,ApplicationStrategyNetwork.monitoringServer.app[9],packetReceived:count,,,10,,,,,,
RR_T60-0-20260914-20:21:30-1541,attr,ApplicationStrategyNetwork.monitoringServer.app[9],packetReceived:count,interpolationmode,none,,,,,,,
RR_T60-0-20260914-20:21:30-1541,attr,ApplicationStrategyNetwork.monitoringServer.app[9],packetReceived:count,recordingmode,count,,,,,,,
RR_T60-0-20260914-20:21:30-1541,attr,ApplicationStrategyNetwork.monitoringServer.app[9],packetReceived:count,source,packetReceived,,,,,,,
RR_T60-0-20260914-20:21:30-1541,attr,ApplicationStrategyNetwork.monitoringServer.app[9],packetReceived:count,title,"packets received, count",,,,,,,
RR_T60-0-20260914-20:21:30-1541,scalar,ApplicationStrategyNetwork.monitoringServer.app[9],packetSent:count,,,10,,,,,,
RR_T60-0-20260914-20:21:30-1541,attr,ApplicationStrategyNetwork.monitoringServer.app[9],packetSent:count,interpolationmode,none,,,,,,,
RR_T60-0-20260914-20:21:30-1541,attr,ApplicationStrategyNetwork.monitoringServer.app[9],packetSent:count,recordingmode,count,,,,,,,
RR_T60-0-20260914-20:21:30-1541,attr,ApplicationStrategyNetwork.monitoringServer.app[9],packetSent:count,source,packetSent,,,,,,,
RR_T60-0-20260914-20:21:30-1541,attr,ApplicationStrategyNetwork.monitoringServer.app[9],packetSent:count,title,"packets sent, count",,,,,,,
RR_T60-0-20260914-20:21:30-1541,scalar,ApplicationStrategyNetwork.monitoringServer.app[10],packetReceived:count,,,10,,,,,,
RR_T60-0-20260914-20:21:30-1541,attr,ApplicationStrategyNetwork.monitoringServer.app[10],packetReceived:count,interpolationmode,none,,,,,,,
RR_T60-0-20260914-20:21:30-1541,attr,ApplicationStrategyNetwork.monitoringServer.app[10],packetReceived:count,recordingmode,count,,,,,,,
RR_T60-0-20260914-20:21:30-1541,attr,ApplicationStrategyNetwork.monitoringServer.app[10],packetReceived:count,source,packetReceived,,,,,,,
RR_T60-0-20260914-20:21:30-1541,attr,ApplicationStrategyNetwork.monitoringServer.app[10],packetReceived:count,title,"packets received, count",,,,,,,
RR_T60-0-20260914-20:21:30-1541,scalar,ApplicationStrategyNetwork.monitoringServer.app[10],packetSent:count,,,10,,,,,,
RR_T60-0-20260914-20:21:30-1541,attr,ApplicationStrategyNetwork.monitoringServer.app[10],packetSent:count,interpolationmode,none,,,,,,,
RR_T60-0-20260914-20:21:30-1541,attr,ApplicationStrategyNetwork.monitoringServer.app[10],packetSent:count,recordingmode,count,,,,,,,
RR_T60-0-20260914-20:21:30-1541,attr,ApplicationStrategyNetwork.monitoringServer.app[10],packetSent:count,source,packetSent,,,,,,,
RR_T60-0-20260914-20:21:30-1541,attr,ApplicationStrategyNetwork.monitoringServer.app[10],packetSent:count,title,"packets sent, count",,,,,,,
RR_T60-0-20260914-20:21:30-1541,scalar,ApplicationStrategyNetwork.monitoringServer.app[11],packetReceived:count,,,10,,,,,,
RR_T60-0-20260914-20:21:30-1541,attr,ApplicationStrategyNetwork.monitoringServer.app[11],packetReceived:count,interpolationmode,none,,,,,,,
RR_T60-0-20260914-20:21:30-1541,attr,ApplicationStrategyNetwork.monitoringServer.app[11],packetReceived:count,recordingmode,count,,,,,,,
RR_T60-0-20260914-20:21:30-1541,attr,ApplicationStrategyNetwork.monitoringServer.app[11],packetReceived:count,source,packetReceived,,,,,,,
RR_T60-0-20260914-20:21:30-1541,attr,ApplicationStrategyNetwork.monitoringServer.app[11],packetReceived:count,title,"packets received, count",,,,,,,
RR_T60-0-20260914-20:21:30-1541,scalar,ApplicationStrategyNetwork.monitoringServer.app[11],packetSent:count,,,10,,,,,,
RR_T60-0-20260914-20:21:30-1541,attr,ApplicationStrategyNetwork.monitoringServer.app[11],packetSent:count,interpolationmode,none,,,,,,,
RR_T60-0-20260914-20:21:30-1541,attr,ApplicationStrategyNetwork.monitoringServer.app[11],packetSent:count,recordingmode,count,,,,,,,
RR_T60-0-20260914-20:21:30-1541,attr,ApplicationStrategyNetwork.monitoringServer.app[11],packetSent:count,source,packetSent,,,,,,,
RR_T60-0-20260914-20:21:30-1541,attr,ApplicationStrategyNetwork.monitoringServer.app[11],packetSent:count,title,"packets sent, count",,,,,,,
RR_T60-1-20260914-20:21:32-1546,scalar,ApplicationStrategyNetwork.sensor[0].app[0],echoedPk:count,,,10,,,,,,
RR_T60-1-20260914-20:21:32-1546,attr,ApplicationStrategyNetwork.sensor[0].app[0],echoedPk:count,interpolationmode,none,,,,,,,
RR_T60-1-20260914-20:21:32-1546,attr,ApplicationStrategyNetwork.sensor[0].app[0],echoedPk:count,recordingmode,count,,,,,,,
RR_T60-1-20260914-20:21:32-1546,attr,ApplicationStrategyNetwork.sensor[0].app[0],echoedPk:count,source,packetSent,,,,,,,
RR_T60-1-20260914-20:21:32-1546,attr,ApplicationStrategyNetwork.sensor[0].app[0],echoedPk:count,title,"packets echoed, count",,,,,,,
RR_T60-1-20260914-20:21:32-1546,scalar,ApplicationStrategyNetwork.sensor[1].app[0],echoedPk:count,,,10,,,,,,
RR_T60-1-20260914-20:21:32-1546,attr,ApplicationStrategyNetwork.sensor[1].app[0],echoedPk:count,interpolationmode,none,,,,,,,
RR_T60-1-20260914-20:21:32-1546,attr,ApplicationStrategyNetwork.sensor[1].app[0],echoedPk:count,recordingmode,count,,,,,,,
RR_T60-1-20260914-20:21:32-1546,attr,ApplicationStrategyNetwork.sensor[1].app[0],echoedPk:count,source,packetSent,,,,,,,
RR_T60-1-20260914-20:21:32-1546,attr,ApplicationStrategyNetwork.sensor[1].app[0],echoedPk:count,title,"packets echoed, count",,,,,,,
RR_T60-1-20260914-20:21:32-1546,scalar,ApplicationStrategyNetwork.sensor[2].app[0],echoedPk:count,,,10,,,,,,
RR_T60-1-20260914-20:21:32-1546,attr,ApplicationStrategyNetwork.sensor[2].app[0],echoedPk:count,interpolationmode,none,,,,,,,
RR_T60-1-20260914-20:21:32-1546,attr,ApplicationStrategyNetwork.sensor[2].app[0],echoedPk:count,recordingmode,count,,,,,,,
RR_T60-1-20260914-20:21:32-1546,attr,ApplicationStrategyNetwork.sensor[2].app[0],echoedPk:count,source,packetSent,,,,,,,
RR_T60-1-20260914-20:21:32-1546,attr,ApplicationStrategyNetwork.sensor[2].app[0],echoedPk:count,title,"packets echoed, count",,,,,,,
RR_T60-1-20260914-20:21:32-1546,scalar,ApplicationStrategyNetwork.sensor[3].app[0],echoedPk:count,,,10,,,,,,
RR_T60-1-20260914-20:21:32-1546,attr,ApplicationStrategyNetwork.sensor[3].app[0],echoedPk:count,interpolationmode,none,,,,,,,
RR_T60-1-20260914-20:21:32-1546,attr,ApplicationStrategyNetwork.sensor[3].app[0],echoedPk:count,recordingmode,count,,,,,,,
RR_T60-1-20260914-20:21:32-1546,attr,ApplicationStrategyNetwork.sensor[3].app[0],echoedPk:count,source,packetSent,,,,,,,
RR_T60-1-20260914-20:21:32-1546,attr,ApplicationStrategyNetwork.sensor[3].app[0],echoedPk:count,title,"packets echoed, count",,,,,,,
RR_T60-1-20260914-20:21:32-1546,scalar,ApplicationStrategyNetwork.sensor[4].app[0],echoedPk:count,,,10,,,,,,
RR_T60-1-20260914-20:21:32-1546,attr,ApplicationStrategyNetwork.sensor[4].app[0],echoedPk:count,interpolationmode,none,,,,,,,
RR_T60-1-20260914-20:21:32-1546,attr,ApplicationStrategyNetwork.sensor[4].app[0],echoedPk:count,recordingmode,count,,,,,,,
RR_T60-1-20260914-20:21:32-1546,attr,ApplicationStrategyNetwork.sensor[4].app[0],echoedPk:count,source,packetSent,,,,,,,
RR_T60-1-20260914-20:21:32-1546,attr,ApplicationStrategyNetwork.sensor[4].app[0],echoedPk:count,title,"packets echoed, count",,,,,,,
RR_T60-1-20260914-20:21:32-1546,scalar,ApplicationStrategyNetwork.sensor[5].app[0],echoedPk:count,,,10,,,,,,
RR_T60-1-20260914-20:21:32-1546,attr,ApplicationStrategyNetwork.sensor[5].app[0],echoedPk:count,interpolationmode,none,,,,,,,
RR_T60-1-20260914-20:21:32-1546,attr,ApplicationStrategyNetwork.sensor[5].app[0],echoedPk:count,recordingmode,count,,,,,,,
RR_T60-1-20260914-20:21:32-1546,attr,ApplicationStrategyNetwork.sensor[5].app[0],echoedPk:count,source,packetSent,,,,,,,
RR_T60-1-20260914-20:21:32-1546,attr,ApplicationStrategyNetwork.sensor[5].app[0],echoedPk:count,title,"packets echoed, count",,,,,,,
RR_T60-1-20260914-20:21:32-1546,scalar,ApplicationStrategyNetwork.sensor[6].app[0],echoedPk:count,,,10,,,,,,
RR_T60-1-20260914-20:21:32-1546,attr,ApplicationStrategyNetwork.sensor[6].app[0],echoedPk:count,interpolationmode,none,,,,,,,
RR_T60-1-20260914-20:21:32-1546,attr,ApplicationStrategyNetwork.sensor[6].app[0],echoedPk:count,recordingmode,count,,,,,,,
RR_T60-1-20260914-20:21:32-1546,attr,ApplicationStrategyNetwork.sensor[6].app[0],echoedPk:count,source,packetSent,,,,,,,
RR_T60-1-20260914-20:21:32-1546,attr,ApplicationStrategyNetwork.sensor[6].app[0],echoedPk:count,title,"packets echoed, count",,,,,,,
RR_T60-1-20260914-20:21:32-1546,scalar,ApplicationStrategyNetwork.sensor[7].app[0],echoedPk:count,,,10,,,,,,
RR_T60-1-20260914-20:21:32-1546,attr,ApplicationStrategyNetwork.sensor[7].app[0],echoedPk:count,interpolationmode,none,,,,,,,
RR_T60-1-20260914-20:21:32-1546,attr,ApplicationStrategyNetwork.sensor[7].app[0],echoedPk:count,recordingmode,count,,,,,,,
RR_T60-1-20260914-20:21:32-1546,attr,ApplicationStrategyNetwork.sensor[7].app[0],echoedPk:count,source,packetSent,,,,,,,
RR_T60-1-20260914-20:21:32-1546,attr,ApplicationStrategyNetwork.sensor[7].app[0],echoedPk:count,title,"packets echoed, count",,,,,,,
RR_T60-1-20260914-20:21:32-1546,scalar,ApplicationStrategyNetwork.sensor[8].app[0],echoedPk:count,,,10,,,,,,
RR_T60-1-20260914-20:21:32-1546,attr,ApplicationStrategyNetwork.sensor[8].app[0],echoedPk:count,interpolationmode,none,,,,,,,
RR_T60-1-20260914-20:21:32-1546,attr,ApplicationStrategyNetwork.sensor[8].app[0],echoedPk:count,recordingmode,count,,,,,,,
RR_T60-1-20260914-20:21:32-1546,attr,ApplicationStrategyNetwork.sensor[8].app[0],echoedPk:count,source,packetSent,,,,,,,
RR_T60-1-20260914-20:21:32-1546,attr,ApplicationStrategyNetwork.sensor[8].app[0],echoedPk:count,title,"packets echoed, count",,,,,,,
RR_T60-1-20260914-20:21:32-1546,scalar,ApplicationStrategyNetwork.sensor[9].app[0],echoedPk:count,,,10,,,,,,
RR_T60-1-20260914-20:21:32-1546,attr,ApplicationStrategyNetwork.sensor[9].app[0],echoedPk:count,interpolationmode,none,,,,,,,
RR_T60-1-20260914-20:21:32-1546,attr,ApplicationStrategyNetwork.sensor[9].app[0],echoedPk:count,recordingmode,count,,,,,,,
RR_T60-1-20260914-20:21:32-1546,attr,ApplicationStrategyNetwork.sensor[9].app[0],echoedPk:count,source,packetSent,,,,,,,
RR_T60-1-20260914-20:21:32-1546,attr,ApplicationStrategyNetwork.sensor[9].app[0],echoedPk:count,title,"packets echoed, count",,,,,,,
RR_T60-1-20260914-20:21:32-1546,scalar,ApplicationStrategyNetwork.sensor[10].app[0],echoedPk:count,,,10,,,,,,
RR_T60-1-20260914-20:21:32-1546,attr,ApplicationStrategyNetwork.sensor[10].app[0],echoedPk:count,interpolationmode,none,,,,,,,
RR_T60-1-20260914-20:21:32-1546,attr,ApplicationStrategyNetwork.sensor[10].app[0],echoedPk:count,recordingmode,count,,,,,,,
RR_T60-1-20260914-20:21:32-1546,attr,ApplicationStrategyNetwork.sensor[10].app[0],echoedPk:count,source,packetSent,,,,,,,
RR_T60-1-20260914-20:21:32-1546,attr,ApplicationStrategyNetwork.sensor[10].app[0],echoedPk:count,title,"packets echoed, count",,,,,,,
RR_T60-1-20260914-20:21:32-1546,scalar,ApplicationStrategyNetwork.sensor[11].app[0],echoedPk:count,,,10,,,,,,
RR_T60-1-20260914-20:21:32-1546,attr,ApplicationStrategyNetwork.sensor[11].app[0],echoedPk:count,interpolationmode,none,,,,,,,
RR_T60-1-20260914-20:21:32-1546,attr,ApplicationStrategyNetwork.sensor[11].app[0],echoedPk:count,recordingmode,count,,,,,,,
RR_T60-1-20260914-20:21:32-1546,attr,ApplicationStrategyNetwork.sensor[11].app[0],echoedPk:count,source,packetSent,,,,,,,
RR_T60-1-20260914-20:21:32-1546,attr,ApplicationStrategyNetwork.sensor[11].app[0],echoedPk:count,title,"packets echoed, count",,,,,,,
RR_T60-1-20260914-20:21:32-1546,scalar,ApplicationStrategyNetwork.monitoringServer.app[0],packetReceived:count,,,10,,,,,,
RR_T60-1-20260914-20:21:32-1546,attr,ApplicationStrategyNetwork.monitoringServer.app[0],packetReceived:count,interpolationmode,none,,,,,,,
RR_T60-1-20260914-20:21:32-1546,attr,ApplicationStrategyNetwork.monitoringServer.app[0],packetReceived:count,recordingmode,count,,,,,,,
RR_T60-1-20260914-20:21:32-1546,attr,ApplicationStrategyNetwork.monitoringServer.app[0],packetReceived:count,source,packetReceived,,,,,,,
RR_T60-1-20260914-20:21:32-1546,attr,ApplicationStrategyNetwork.monitoringServer.app[0],packetReceived:count,title,"packets received, count",,,,,,,
RR_T60-1-20260914-20:21:32-1546,scalar,ApplicationStrategyNetwork.monitoringServer.app[0],packetSent:count,,,10,,,,,,
RR_T60-1-20260914-20:21:32-1546,attr,ApplicationStrategyNetwork.monitoringServer.app[0],packetSent:count,interpolationmode,none,,,,,,,
RR_T60-1-20260914-20:21:32-1546,attr,ApplicationStrategyNetwork.monitoringServer.app[0],packetSent:count,recordingmode,count,,,,,,,
RR_T60-1-20260914-20:21:32-1546,attr,ApplicationStrategyNetwork.monitoringServer.app[0],packetSent:count,source,packetSent,,,,,,,
RR_T60-1-20260914-20:21:32-1546,attr,ApplicationStrategyNetwork.monitoringServer.app[0],packetSent:count,title,"packets sent, count",,,,,,,
RR_T60-1-20260914-20:21:32-1546,scalar,ApplicationStrategyNetwork.monitoringServer.app[1],packetReceived:count,,,10,,,,,,
RR_T60-1-20260914-20:21:32-1546,attr,ApplicationStrategyNetwork.monitoringServer.app[1],packetReceived:count,interpolationmode,none,,,,,,,
RR_T60-1-20260914-20:21:32-1546,attr,ApplicationStrategyNetwork.monitoringServer.app[1],packetReceived:count,recordingmode,count,,,,,,,
RR_T60-1-20260914-20:21:32-1546,attr,ApplicationStrategyNetwork.monitoringServer.app[1],packetReceived:count,source,packetReceived,,,,,,,
RR_T60-1-20260914-20:21:32-1546,attr,ApplicationStrategyNetwork.monitoringServer.app[1],packetReceived:count,title,"packets received, count",,,,,,,
RR_T60-1-20260914-20:21:32-1546,scalar,ApplicationStrategyNetwork.monitoringServer.app[1],packetSent:count,,,10,,,,,,
RR_T60-1-20260914-20:21:32-1546,attr,ApplicationStrategyNetwork.monitoringServer.app[1],packetSent:count,interpolationmode,none,,,,,,,
RR_T60-1-20260914-20:21:32-1546,attr,ApplicationStrategyNetwork.monitoringServer.app[1],packetSent:count,recordingmode,count,,,,,,,
RR_T60-1-20260914-20:21:32-1546,attr,ApplicationStrategyNetwork.monitoringServer.app[1],packetSent:count,source,packetSent,,,,,,,
RR_T60-1-20260914-20:21:32-1546,attr,ApplicationStrategyNetwork.monitoringServer.app[1],packetSent:count,title,"packets sent, count",,,,,,,
RR_T60-1-20260914-20:21:32-1546,scalar,ApplicationStrategyNetwork.monitoringServer.app[2],packetReceived:count,,,10,,,,,,
RR_T60-1-20260914-20:21:32-1546,attr,ApplicationStrategyNetwork.monitoringServer.app[2],packetReceived:count,interpolationmode,none,,,,,,,
RR_T60-1-20260914-20:21:32-1546,attr,ApplicationStrategyNetwork.monitoringServer.app[2],packetReceived:count,recordingmode,count,,,,,,,
RR_T60-1-20260914-20:21:32-1546,attr,ApplicationStrategyNetwork.monitoringServer.app[2],packetReceived:count,source,packetReceived,,,,,,,
RR_T60-1-20260914-20:21:32-1546,attr,ApplicationStrategyNetwork.monitoringServer.app[2],packetReceived:count,title,"packets received, count",,,,,,,
RR_T60-1-20260914-20:21:32-1546,scalar,ApplicationStrategyNetwork.monitoringServer.app[2],packetSent:count,,,10,,,,,,
RR_T60-1-20260914-20:21:32-1546,attr,ApplicationStrategyNetwork.monitoringServer.app[2],packetSent:count,interpolationmode,none,,,,,,,
RR_T60-1-20260914-20:21:32-1546,attr,ApplicationStrategyNetwork.monitoringServer.app[2],packetSent:count,recordingmode,count,,,,,,,
RR_T60-1-20260914-20:21:32-1546,attr,ApplicationStrategyNetwork.monitoringServer.app[2],packetSent:count,source,packetSent,,,,,,,
RR_T60-1-20260914-20:21:32-1546,attr,ApplicationStrategyNetwork.monitoringServer.app[2],packetSent:count,title,"packets sent, count",,,,,,,
RR_T60-1-20260914-20:21:32-1546,scalar,ApplicationStrategyNetwork.monitoringServer.app[3],packetReceived:count,,,10,,,,,,
RR_T60-1-20260914-20:21:32-1546,attr,ApplicationStrategyNetwork.monitoringServer.app[3],packetReceived:count,interpolationmode,none,,,,,,,
RR_T60-1-20260914-20:21:32-1546,attr,ApplicationStrategyNetwork.monitoringServer.app[3],packetReceived:count,recordingmode,count,,,,,,,
RR_T60-1-20260914-20:21:32-1546,attr,ApplicationStrategyNetwork.monitoringServer.app[3],packetReceived:count,source,packetReceived,,,,,,,
RR_T60-1-20260914-20:21:32-1546,attr,ApplicationStrategyNetwork.monitoringServer.app[3],packetReceived:count,title,"packets received, count",,,,,,,
RR_T60-1-20260914-20:21:32-1546,scalar,ApplicationStrategyNetwork.monitoringServer.app[3],packetSent:count,,,10,,,,,,
RR_T60-1-20260914-20:21:32-1546,attr,ApplicationStrategyNetwork.monitoringServer.app[3],packetSent:count,interpolationmode,none,,,,,,,
RR_T60-1-20260914-20:21:32-1546,attr,ApplicationStrategyNetwork.monitoringServer.app[3],packetSent:count,recordingmode,count,,,,,,,
RR_T60-1-20260914-20:21:32-1546,attr,ApplicationStrategyNetwork.monitoringServer.app[3],packetSent:count,source,packetSent,,,,,,,
RR_T60-1-20260914-20:21:32-1546,attr,ApplicationStrategyNetwork.monitoringServer.app[3],packetSent:count,title,"packets sent, count",,,,,,,
RR_T60-1-20260914-20:21:32-1546,scalar,ApplicationStrategyNetwork.monitoringServer.app[4],packetReceived:count,,,10,,,,,,
RR_T60-1-20260914-20:21:32-1546,attr,ApplicationStrategyNetwork.monitoringServer.app[4],packetReceived:count,interpolationmode,none,,,,,,,
RR_T60-1-20260914-20:21:32-1546,attr,ApplicationStrategyNetwork.monitoringServer.app[4],packetReceived:count,recordingmode,count,,,,,,,
RR_T60-1-20260914-20:21:32-1546,attr,ApplicationStrategyNetwork.monitoringServer.app[4],packetReceived:count,source,packetReceived,,,,,,,
RR_T60-1-20260914-20:21:32-1546,attr,ApplicationStrategyNetwork.monitoringServer.app[4],packetReceived:count,title,"packets received, count",,,,,,,
RR_T60-1-20260914-20:21:32-1546,scalar,ApplicationStrategyNetwork.monitoringServer.app[4],packetSent:count,,,10,,,,,,
RR_T60-1-20260914-20:21:32-1546,attr,ApplicationStrategyNetwork.monitoringServer.app[4],packetSent:count,interpolationmode,none,,,,,,,
RR_T60-1-20260914-20:21:32-1546,attr,ApplicationStrategyNetwork.monitoringServer.app[4],packetSent:count,recordingmode,count,,,,,,,
RR_T60-1-20260914-20:21:32-1546,attr,ApplicationStrategyNetwork.monitoringServer.app[4],packetSent:count,source,packetSent,,,,,,,
RR_T60-1-20260914-20:21:32-1546,attr,ApplicationStrategyNetwork.monitoringServer.app[4],packetSent:count,title,"packets sent, count",,,,,,,
RR_T60-1-20260914-20:21:32-1546,scalar,ApplicationStrategyNetwork.monitoringServer.app[5],packetReceived:count,,,10,,,,,,
RR_T60-1-20260914-20:21:32-1546,attr,ApplicationStrategyNetwork.monitoringServer.app[5],packetReceived:count,interpolationmode,none,,,,,,,
RR_T60-1-20260914-20:21:32-1546,attr,ApplicationStrategyNetwork.monitoringServer.app[5],packetReceived:count,recordingmode,count,,,,,,,
RR_T60-1-20260914-20:21:32-1546,attr,ApplicationStrategyNetwork.monitoringServer.app[5],packetReceived:count,source,packetReceived,,,,,,,
RR_T60-1-20260914-20:21:32-1546,attr,ApplicationStrategyNetwork.monitoringServer.app[5],packetReceived:count,title,"packets received, count",,,,,,,
RR_T60-1-20260914-20:21:32-1546,scalar,ApplicationStrategyNetwork.monitoringServer.app[5],packetSent:count,,,10,,,,,,
RR_T60-1-20260914-20:21:32-1546,attr,ApplicationStrategyNetwork.monitoringServer.app[5],packetSent:count,interpolationmode,none,,,,,,,
RR_T60-1-20260914-20:21:32-1546,attr,ApplicationStrategyNetwork.monitoringServer.app[5],packetSent:count,recordingmode,count,,,,,,,
RR_T60-1-20260914-20:21:32-1546,attr,ApplicationStrategyNetwork.monitoringServer.app[5],packetSent:count,source,packetSent,,,,,,,
RR_T60-1-20260914-20:21:32-1546,attr,ApplicationStrategyNetwork.monitoringServer.app[5],packetSent:count,title,"packets sent, count",,,,,,,
RR_T60-1-20260914-20:21:32-1546,scalar,ApplicationStrategyNetwork.monitoringServer.app[6],packetReceived:count,,,10,,,,,,
RR_T60-1-20260914-20:21:32-1546,attr,ApplicationStrategyNetwork.monitoringServer.app[6],packetReceived:count,interpolationmode,none,,,,,,,
RR_T60-1-20260914-20:21:32-1546,attr,ApplicationStrategyNetwork.monitoringServer.app[6],packetReceived:count,recordingmode,count,,,,,,,
RR_T60-1-20260914-20:21:32-1546,attr,ApplicationStrategyNetwork.monitoringServer.app[6],packetReceived:count,source,packetReceived,,,,,,,
RR_T60-1-20260914-20:21:32-1546,attr,ApplicationStrategyNetwork.monitoringServer.app[6],packetReceived:count,title,"packets received, count",,,,,,,
RR_T60-1-20260914-20:21:32-1546,scalar,ApplicationStrategyNetwork.monitoringServer.app[6],packetSent:count,,,10,,,,,,
RR_T60-1-20260914-20:21:32-1546,attr,ApplicationStrategyNetwork.monitoringServer.app[6],packetSent:count,interpolationmode,none,,,,,,,
RR_T60-1-20260914-20:21:32-1546,attr,ApplicationStrategyNetwork.monitoringServer.app[6],packetSent:count,recordingmode,count,,,,,,,
RR_T60-1-20260914-20:21:32-1546,attr,ApplicationStrategyNetwork.monitoringServer.app[6],packetSent:count,source,packetSent,,,,,,,
RR_T60-1-20260914-20:21:32-1546,attr,ApplicationStrategyNetwork.monitoringServer.app[6],packetSent:count,title,"packets sent, count",,,,,,,
RR_T60-1-20260914-20:21:32-1546,scalar,ApplicationStrategyNetwork.monitoringServer.app[7],packetReceived:count,,,10,,,,,,
RR_T60-1-20260914-20:21:32-1546,attr,ApplicationStrategyNetwork.monitoringServer.app[7],packetReceived:count,interpolationmode,none,,,,,,,
RR_T60-1-20260914-20:21:32-1546,attr,ApplicationStrategyNetwork.monitoringServer.app[7],packetReceived:count,recordingmode,count,,,,,,,
RR_T60-1-20260914-20:21:32-1546,attr,ApplicationStrategyNetwork.monitoringServer.app[7],packetReceived:count,source,packetReceived,,,,,,,
RR_T60-1-20260914-20:21:32-1546,attr,ApplicationStrategyNetwork.monitoringServer.app[7],packetReceived:count,title,"packets received, count",,,,,,,
RR_T60-1-20260914-20:21:32-1546,scalar,ApplicationStrategyNetwork.monitoringServer.app[7],packetSent:count,,,10,,,,,,
RR_T60-1-20260914-20:21:32-1546,attr,ApplicationStrategyNetwork.monitoringServer.app[7],packetSent:count,interpolationmode,none,,,,,,,
RR_T60-1-20260914-20:21:32-1546,attr,ApplicationStrategyNetwork.monitoringServer.app[7],packetSent:count,recordingmode,count,,,,,,,
RR_T60-1-20260914-20:21:32-1546,attr,ApplicationStrategyNetwork.monitoringServer.app[7],packetSent:count,source,packetSent,,,,,,,
RR_T60-1-20260914-20:21:32-1546,attr,ApplicationStrategyNetwork.monitoringServer.app[7],packetSent:count,title,"packets sent, count",,,,,,,
RR_T60-1-20260914-20:21:32-1546,scalar,ApplicationStrategyNetwork.monitoringServer.app[8],packetReceived:count,,,10,,,,,,
RR_T60-1-20260914-20:21:32-1546,attr,ApplicationStrategyNetwork.monitoringServer.app[8],packetReceived:count,interpolationmode,none,,,,,,,
RR_T60-1-20260914-20:21:32-1546,attr,ApplicationStrategyNetwork.monitoringServer.app[8],packetReceived:count,recordingmode,count,,,,,,,
RR_T60-1-20260914-20:21:32-1546,attr,ApplicationStrategyNetwork.monitoringServer.app[8],packetReceived:count,source,packetReceived,,,,,,,
RR_T60-1-20260914-20:21:32-1546,attr,ApplicationStrategyNetwork.monitoringServer.app[8],packetReceived:count,title,"packets received, count",,,,,,,
RR_T60-1-20260914-20:21:32-1546,scalar,ApplicationStrategyNetwork.monitoringServer.app[8],packetSent:count,,,10,,,,,,
RR_T60-1-20260914-20:21:32-1546,attr,ApplicationStrategyNetwork.monitoringServer.app[8],packetSent:count,interpolationmode,none,,,,,,,
RR_T60-1-20260914-20:21:32-1546,attr,ApplicationStrategyNetwork.monitoringServer.app[8],packetSent:count,recordingmode,count,,,,,,,
RR_T60-1-20260914-20:21:32-1546,attr,ApplicationStrategyNetwork.monitoringServer.app[8],packetSent:count,source,packetSent,,,,,,,
RR_T60-1-20260914-20:21:32-1546,attr,ApplicationStrategyNetwork.monitoringServer.app[8],packetSent:count,title,"packets sent, count",,,,,,,
RR_T60-1-20260914-20:21:32-1546,scalar,ApplicationStrategyNetwork.monitoringServer.app[9],packetReceived:count,,,10,,,,,,
RR_T60-1-20260914-20:21:32-1546,attr,ApplicationStrategyNetwork.monitoringServer.app[9],packetReceived:count,interpolationmode,none,,,,,,,
RR_T60-1-20260914-20:21:32-1546,attr,ApplicationStrategyNetwork.monitoringServer.app[9],packetReceived:count,recordingmode,count,,,,,,,
RR_T60-1-20260914-20:21:32-1546,attr,ApplicationStrategyNetwork.monitoringServer.app[9],packetReceived:count,source,packetReceived,,,,,,,
RR_T60-1-20260914-20:21:32-1546,attr,ApplicationStrategyNetwork.monitoringServer.app[9],packetReceived:count,title,"packets received, count",,,,,,,
RR_T60-1-20260914-20:21:32-1546,scalar,ApplicationStrategyNetwork.monitoringServer.app[9],packetSent:count,,,10,,,,,,
RR_T60-1-20260914-20:21:32-1546,attr,ApplicationStrategyNetwork.monitoringServer.app[9],packetSent:count,interpolationmode,none,,,,,,,
RR_T60-1-20260914-20:21:32-1546,attr,ApplicationStrategyNetwork.monitoringServer.app[9],packetSent:count,recordingmode,count,,,,,,,
RR_T60-1-20260914-20:21:32-1546,attr,ApplicationStrategyNetwork.monitoringServer.app[9],packetSent:count,source,packetSent,,,,,,,
RR_T60-1-20260914-20:21:32-1546,attr,ApplicationStrategyNetwork.monitoringServer.app[9],packetSent:count,title,"packets sent, count",,,,,,,
RR_T60-1-20260914-20:21:32-1546,scalar,ApplicationStrategyNetwork.monitoringServer.app[10],packetReceived:count,,,10,,,,,,
RR_T60-1-20260914-20:21:32-1546,attr,ApplicationStrategyNetwork.monitoringServer.app[10],packetReceived:count,interpolationmode,none,,,,,,,
RR_T60-1-20260914-20:21:32-1546,attr,ApplicationStrategyNetwork.monitoringServer.app[10],packetReceived:count,recordingmode,count,,,,,,,
RR_T60-1-20260914-20:21:32-1546,attr,ApplicationStrategyNetwork.monitoringServer.app[10],packetReceived:count,source,packetReceived,,,,,,,
RR_T60-1-20260914-20:21:32-1546,attr,ApplicationStrategyNetwork.monitoringServer.app[10],packetReceived:count,title,"packets received, count",,,,,,,
RR_T60-1-20260914-20:21:32-1546,scalar,ApplicationStrategyNetwork.monitoringServer.app[10],packetSent:count,,,10,,,,,,
RR_T60-1-20260914-20:21:32-1546,attr,ApplicationStrategyNetwork.monitoringServer.app[10],packetSent:count,interpolationmode,none,,,,,,,
RR_T60-1-20260914-20:21:32-1546,attr,ApplicationStrategyNetwork.monitoringServer.app[10],packetSent:count,recordingmode,count,,,,,,,
RR_T60-1-20260914-20:21:32-1546,attr,ApplicationStrategyNetwork.monitoringServer.app[10],packetSent:count,source,packetSent,,,,,,,
RR_T60-1-20260914-20:21:32-1546,attr,ApplicationStrategyNetwork.monitoringServer.app[10],packetSent:count,title,"packets sent, count",,,,,,,
RR_T60-1-20260914-20:21:32-1546,scalar,ApplicationStrategyNetwork.monitoringServer.app[11],packetReceived:count,,,10,,,,,,
RR_T60-1-20260914-20:21:32-1546,attr,ApplicationStrategyNetwork.monitoringServer.app[11],packetReceived:count,interpolationmode,none,,,,,,,
RR_T60-1-20260914-20:21:32-1546,attr,ApplicationStrategyNetwork.monitoringServer.app[11],packetReceived:count,recordingmode,count,,,,,,,
RR_T60-1-20260914-20:21:32-1546,attr,ApplicationStrategyNetwork.monitoringServer.app[11],packetReceived:count,source,packetReceived,,,,,,,
RR_T60-1-20260914-20:21:32-1546,attr,ApplicationStrategyNetwork.monitoringServer.app[11],packetReceived:count,title,"packets received, count",,,,,,,
RR_T60-1-20260914-20:21:32-1546,scalar,ApplicationStrategyNetwork.monitoringServer.app[11],packetSent:count,,,10,,,,,,
RR_T60-1-20260914-20:21:32-1546,attr,ApplicationStrategyNetwork.monitoringServer.app[11],packetSent:count,interpolationmode,none,,,,,,,
RR_T60-1-20260914-20:21:32-1546,attr,ApplicationStrategyNetwork.monitoringServer.app[11],packetSent:count,recordingmode,count,,,,,,,
RR_T60-1-20260914-20:21:32-1546,attr,ApplicationStrategyNetwork.monitoringServer.app[11],packetSent:count,source,packetSent,,,,,,,
RR_T60-1-20260914-20:21:32-1546,attr,ApplicationStrategyNetwork.monitoringServer.app[11],packetSent:count,title,"packets sent, count",,,,,,,
RR_T60-2-20260914-20:21:34-1551,scalar,ApplicationStrategyNetwork.sensor[0].app[0],echoedPk:count,,,10,,,,,,
RR_T60-2-20260914-20:21:34-1551,attr,ApplicationStrategyNetwork.sensor[0].app[0],echoedPk:count,interpolationmode,none,,,,,,,
RR_T60-2-20260914-20:21:34-1551,attr,ApplicationStrategyNetwork.sensor[0].app[0],echoedPk:count,recordingmode,count,,,,,,,
RR_T60-2-20260914-20:21:34-1551,attr,ApplicationStrategyNetwork.sensor[0].app[0],echoedPk:count,source,packetSent,,,,,,,
RR_T60-2-20260914-20:21:34-1551,attr,ApplicationStrategyNetwork.sensor[0].app[0],echoedPk:count,title,"packets echoed, count",,,,,,,
RR_T60-2-20260914-20:21:34-1551,scalar,ApplicationStrategyNetwork.sensor[1].app[0],echoedPk:count,,,10,,,,,,
RR_T60-2-20260914-20:21:34-1551,attr,ApplicationStrategyNetwork.sensor[1].app[0],echoedPk:count,interpolationmode,none,,,,,,,
RR_T60-2-20260914-20:21:34-1551,attr,ApplicationStrategyNetwork.sensor[1].app[0],echoedPk:count,recordingmode,count,,,,,,,
RR_T60-2-20260914-20:21:34-1551,attr,ApplicationStrategyNetwork.sensor[1].app[0],echoedPk:count,source,packetSent,,,,,,,
RR_T60-2-20260914-20:21:34-1551,attr,ApplicationStrategyNetwork.sensor[1].app[0],echoedPk:count,title,"packets echoed, count",,,,,,,
RR_T60-2-20260914-20:21:34-1551,scalar,ApplicationStrategyNetwork.sensor[2].app[0],echoedPk:count,,,10,,,,,,
RR_T60-2-20260914-20:21:34-1551,attr,ApplicationStrategyNetwork.sensor[2].app[0],echoedPk:count,interpolationmode,none,,,,,,,
RR_T60-2-20260914-20:21:34-1551,attr,ApplicationStrategyNetwork.sensor[2].app[0],echoedPk:count,recordingmode,count,,,,,,,
RR_T60-2-20260914-20:21:34-1551,attr,ApplicationStrategyNetwork.sensor[2].app[0],echoedPk:count,source,packetSent,,,,,,,
RR_T60-2-20260914-20:21:34-1551,attr,ApplicationStrategyNetwork.sensor[2].app[0],echoedPk:count,title,"packets echoed, count",,,,,,,
RR_T60-2-20260914-20:21:34-1551,scalar,ApplicationStrategyNetwork.sensor[3].app[0],echoedPk:count,,,10,,,,,,
RR_T60-2-20260914-20:21:34-1551,attr,ApplicationStrategyNetwork.sensor[3].app[0],echoedPk:count,interpolationmode,none,,,,,,,
RR_T60-2-20260914-20:21:34-1551,attr,ApplicationStrategyNetwork.sensor[3].app[0],echoedPk:count,recordingmode,count,,,,,,,
RR_T60-2-20260914-20:21:34-1551,attr,ApplicationStrategyNetwork.sensor[3].app[0],echoedPk:count,source,packetSent,,,,,,,
RR_T60-2-20260914-20:21:34-1551,attr,ApplicationStrategyNetwork.sensor[3].app[0],echoedPk:count,title,"packets echoed, count",,,,,,,
RR_T60-2-20260914-20:21:34-1551,scalar,ApplicationStrategyNetwork.sensor[4].app[0],echoedPk:count,,,10,,,,,,
RR_T60-2-20260914-20:21:34-1551,attr,ApplicationStrategyNetwork.sensor[4].app[0],echoedPk:count,interpolationmode,none,,,,,,,
RR_T60-2-20260914-20:21:34-1551,attr,ApplicationStrategyNetwork.sensor[4].app[0],echoedPk:count,recordingmode,count,,,,,,,
RR_T60-2-20260914-20:21:34-1551,attr,ApplicationStrategyNetwork.sensor[4].app[0],echoedPk:count,source,packetSent,,,,,,,
RR_T60-2-20260914-20:21:34-1551,attr,ApplicationStrategyNetwork.sensor[4].app[0],echoedPk:count,title,"packets echoed, count",,,,,,,
RR_T60-2-20260914-20:21:34-1551,scalar,ApplicationStrategyNetwork.sensor[5].app[0],echoedPk:count,,,10,,,,,,
RR_T60-2-20260914-20:21:34-1551,attr,ApplicationStrategyNetwork.sensor[5].app[0],echoedPk:count,interpolationmode,none,,,,,,,
RR_T60-2-20260914-20:21:34-1551,attr,ApplicationStrategyNetwork.sensor[5].app[0],echoedPk:count,recordingmode,count,,,,,,,
RR_T60-2-20260914-20:21:34-1551,attr,ApplicationStrategyNetwork.sensor[5].app[0],echoedPk:count,source,packetSent,,,,,,,
RR_T60-2-20260914-20:21:34-1551,attr,ApplicationStrategyNetwork.sensor[5].app[0],echoedPk:count,title,"packets echoed, count",,,,,,,
RR_T60-2-20260914-20:21:34-1551,scalar,ApplicationStrategyNetwork.sensor[6].app[0],echoedPk:count,,,10,,,,,,
RR_T60-2-20260914-20:21:34-1551,attr,ApplicationStrategyNetwork.sensor[6].app[0],echoedPk:count,interpolationmode,none,,,,,,,
RR_T60-2-20260914-20:21:34-1551,attr,ApplicationStrategyNetwork.sensor[6].app[0],echoedPk:count,recordingmode,count,,,,,,,
RR_T60-2-20260914-20:21:34-1551,attr,ApplicationStrategyNetwork.sensor[6].app[0],echoedPk:count,source,packetSent,,,,,,,
RR_T60-2-20260914-20:21:34-1551,attr,ApplicationStrategyNetwork.sensor[6].app[0],echoedPk:count,title,"packets echoed, count",,,,,,,
RR_T60-2-20260914-20:21:34-1551,scalar,ApplicationStrategyNetwork.sensor[7].app[0],echoedPk:count,,,10,,,,,,
RR_T60-2-20260914-20:21:34-1551,attr,ApplicationStrategyNetwork.sensor[7].app[0],echoedPk:count,interpolationmode,none,,,,,,,
RR_T60-2-20260914-20:21:34-1551,attr,ApplicationStrategyNetwork.sensor[7].app[0],echoedPk:count,recordingmode,count,,,,,,,
RR_T60-2-20260914-20:21:34-1551,attr,ApplicationStrategyNetwork.sensor[7].app[0],echoedPk:count,source,packetSent,,,,,,,
RR_T60-2-20260914-20:21:34-1551,attr,ApplicationStrategyNetwork.sensor[7].app[0],echoedPk:count,title,"packets echoed, count",,,,,,,
RR_T60-2-20260914-20:21:34-1551,scalar,ApplicationStrategyNetwork.sensor[8].app[0],echoedPk:count,,,10,,,,,,
RR_T60-2-20260914-20:21:34-1551,attr,ApplicationStrategyNetwork.sensor[8].app[0],echoedPk:count,interpolationmode,none,,,,,,,
RR_T60-2-20260914-20:21:34-1551,attr,ApplicationStrategyNetwork.sensor[8].app[0],echoedPk:count,recordingmode,count,,,,,,,
RR_T60-2-20260914-20:21:34-1551,attr,ApplicationStrategyNetwork.sensor[8].app[0],echoedPk:count,source,packetSent,,,,,,,
RR_T60-2-20260914-20:21:34-1551,attr,ApplicationStrategyNetwork.sensor[8].app[0],echoedPk:count,title,"packets echoed, count",,,,,,,
RR_T60-2-20260914-20:21:34-1551,scalar,ApplicationStrategyNetwork.sensor[9].app[0],echoedPk:count,,,10,,,,,,
RR_T60-2-20260914-20:21:34-1551,attr,ApplicationStrategyNetwork.sensor[9].app[0],echoedPk:count,interpolationmode,none,,,,,,,
RR_T60-2-20260914-20:21:34-1551,attr,ApplicationStrategyNetwork.sensor[9].app[0],echoedPk:count,recordingmode,count,,,,,,,
RR_T60-2-20260914-20:21:34-1551,attr,ApplicationStrategyNetwork.sensor[9].app[0],echoedPk:count,source,packetSent,,,,,,,
RR_T60-2-20260914-20:21:34-1551,attr,ApplicationStrategyNetwork.sensor[9].app[0],echoedPk:count,title,"packets echoed, count",,,,,,,
RR_T60-2-20260914-20:21:34-1551,scalar,ApplicationStrategyNetwork.sensor[10].app[0],echoedPk:count,,,10,,,,,,
RR_T60-2-20260914-20:21:34-1551,attr,ApplicationStrategyNetwork.sensor[10].app[0],echoedPk:count,interpolationmode,none,,,,,,,
RR_T60-2-20260914-20:21:34-1551,attr,ApplicationStrategyNetwork.sensor[10].app[0],echoedPk:count,recordingmode,count,,,,,,,
RR_T60-2-20260914-20:21:34-1551,attr,ApplicationStrategyNetwork.sensor[10].app[0],echoedPk:count,source,packetSent,,,,,,,
RR_T60-2-20260914-20:21:34-1551,attr,ApplicationStrategyNetwork.sensor[10].app[0],echoedPk:count,title,"packets echoed, count",,,,,,,
RR_T60-2-20260914-20:21:34-1551,scalar,ApplicationStrategyNetwork.sensor[11].app[0],echoedPk:count,,,10,,,,,,
RR_T60-2-20260914-20:21:34-1551,attr,ApplicationStrategyNetwork.sensor[11].app[0],echoedPk:count,interpolationmode,none,,,,,,,
RR_T60-2-20260914-20:21:34-1551,attr,ApplicationStrategyNetwork.sensor[11].app[0],echoedPk:count,recordingmode,count,,,,,,,
RR_T60-2-20260914-20:21:34-1551,attr,ApplicationStrategyNetwork.sensor[11].app[0],echoedPk:count,source,packetSent,,,,,,,
RR_T60-2-20260914-20:21:34-1551,attr,ApplicationStrategyNetwork.sensor[11].app[0],echoedPk:count,title,"packets echoed, count",,,,,,,
RR_T60-2-20260914-20:21:34-1551,scalar,ApplicationStrategyNetwork.monitoringServer.app[0],packetReceived:count,,,10,,,,,,
RR_T60-2-20260914-20:21:34-1551,attr,ApplicationStrategyNetwork.monitoringServer.app[0],packetReceived:count,interpolationmode,none,,,,,,,
RR_T60-2-20260914-20:21:34-1551,attr,ApplicationStrategyNetwork.monitoringServer.app[0],packetReceived:count,recordingmode,count,,,,,,,
RR_T60-2-20260914-20:21:34-1551,attr,ApplicationStrategyNetwork.monitoringServer.app[0],packetReceived:count,source,packetReceived,,,,,,,
RR_T60-2-20260914-20:21:34-1551,attr,ApplicationStrategyNetwork.monitoringServer.app[0],packetReceived:count,title,"packets received, count",,,,,,,
RR_T60-2-20260914-20:21:34-1551,scalar,ApplicationStrategyNetwork.monitoringServer.app[0],packetSent:count,,,10,,,,,,
RR_T60-2-20260914-20:21:34-1551,attr,ApplicationStrategyNetwork.monitoringServer.app[0],packetSent:count,interpolationmode,none,,,,,,,
RR_T60-2-20260914-20:21:34-1551,attr,ApplicationStrategyNetwork.monitoringServer.app[0],packetSent:count,recordingmode,count,,,,,,,
RR_T60-2-20260914-20:21:34-1551,attr,ApplicationStrategyNetwork.monitoringServer.app[0],packetSent:count,source,packetSent,,,,,,,
RR_T60-2-20260914-20:21:34-1551,attr,ApplicationStrategyNetwork.monitoringServer.app[0],packetSent:count,title,"packets sent, count",,,,,,,
RR_T60-2-20260914-20:21:34-1551,scalar,ApplicationStrategyNetwork.monitoringServer.app[1],packetReceived:count,,,10,,,,,,
RR_T60-2-20260914-20:21:34-1551,attr,ApplicationStrategyNetwork.monitoringServer.app[1],packetReceived:count,interpolationmode,none,,,,,,,
RR_T60-2-20260914-20:21:34-1551,attr,ApplicationStrategyNetwork.monitoringServer.app[1],packetReceived:count,recordingmode,count,,,,,,,
RR_T60-2-20260914-20:21:34-1551,attr,ApplicationStrategyNetwork.monitoringServer.app[1],packetReceived:count,source,packetReceived,,,,,,,
RR_T60-2-20260914-20:21:34-1551,attr,ApplicationStrategyNetwork.monitoringServer.app[1],packetReceived:count,title,"packets received, count",,,,,,,
RR_T60-2-20260914-20:21:34-1551,scalar,ApplicationStrategyNetwork.monitoringServer.app[1],packetSent:count,,,10,,,,,,
RR_T60-2-20260914-20:21:34-1551,attr,ApplicationStrategyNetwork.monitoringServer.app[1],packetSent:count,interpolationmode,none,,,,,,,
RR_T60-2-20260914-20:21:34-1551,attr,ApplicationStrategyNetwork.monitoringServer.app[1],packetSent:count,recordingmode,count,,,,,,,
RR_T60-2-20260914-20:21:34-1551,attr,ApplicationStrategyNetwork.monitoringServer.app[1],packetSent:count,source,packetSent,,,,,,,
RR_T60-2-20260914-20:21:34-1551,attr,ApplicationStrategyNetwork.monitoringServer.app[1],packetSent:count,title,"packets sent, count",,,,,,,
RR_T60-2-20260914-20:21:34-1551,scalar,ApplicationStrategyNetwork.monitoringServer.app[2],packetReceived:count,,,10,,,,,,
RR_T60-2-20260914-20:21:34-1551,attr,ApplicationStrategyNetwork.monitoringServer.app[2],packetReceived:count,interpolationmode,none,,,,,,,
RR_T60-2-20260914-20:21:34-1551,attr,ApplicationStrategyNetwork.monitoringServer.app[2],packetReceived:count,recordingmode,count,,,,,,,
RR_T60-2-20260914-20:21:34-1551,attr,ApplicationStrategyNetwork.monitoringServer.app[2],packetReceived:count,source,packetReceived,,,,,,,
RR_T60-2-20260914-20:21:34-1551,attr,ApplicationStrategyNetwork.monitoringServer.app[2],packetReceived:count,title,"packets received, count",,,,,,,
RR_T60-2-20260914-20:21:34-1551,scalar,ApplicationStrategyNetwork.monitoringServer.app[2],packetSent:count,,,10,,,,,,
RR_T60-2-20260914-20:21:34-1551,attr,ApplicationStrategyNetwork.monitoringServer.app[2],packetSent:count,interpolationmode,none,,,,,,,
RR_T60-2-20260914-20:21:34-1551,attr,ApplicationStrategyNetwork.monitoringServer.app[2],packetSent:count,recordingmode,count,,,,,,,
RR_T60-2-20260914-20:21:34-1551,attr,ApplicationStrategyNetwork.monitoringServer.app[2],packetSent:count,source,packetSent,,,,,,,
RR_T60-2-20260914-20:21:34-1551,attr,ApplicationStrategyNetwork.monitoringServer.app[2],packetSent:count,title,"packets sent, count",,,,,,,
RR_T60-2-20260914-20:21:34-1551,scalar,ApplicationStrategyNetwork.monitoringServer.app[3],packetReceived:count,,,10,,,,,,
RR_T60-2-20260914-20:21:34-1551,attr,ApplicationStrategyNetwork.monitoringServer.app[3],packetReceived:count,interpolationmode,none,,,,,,,
RR_T60-2-20260914-20:21:34-1551,attr,ApplicationStrategyNetwork.monitoringServer.app[3],packetReceived:count,recordingmode,count,,,,,,,
RR_T60-2-20260914-20:21:34-1551,attr,ApplicationStrategyNetwork.monitoringServer.app[3],packetReceived:count,source,packetReceived,,,,,,,
RR_T60-2-20260914-20:21:34-1551,attr,ApplicationStrategyNetwork.monitoringServer.app[3],packetReceived:count,title,"packets received, count",,,,,,,
RR_T60-2-20260914-20:21:34-1551,scalar,ApplicationStrategyNetwork.monitoringServer.app[3],packetSent:count,,,10,,,,,,
RR_T60-2-20260914-20:21:34-1551,attr,ApplicationStrategyNetwork.monitoringServer.app[3],packetSent:count,interpolationmode,none,,,,,,,
RR_T60-2-20260914-20:21:34-1551,attr,ApplicationStrategyNetwork.monitoringServer.app[3],packetSent:count,recordingmode,count,,,,,,,
RR_T60-2-20260914-20:21:34-1551,attr,ApplicationStrategyNetwork.monitoringServer.app[3],packetSent:count,source,packetSent,,,,,,,
RR_T60-2-20260914-20:21:34-1551,attr,ApplicationStrategyNetwork.monitoringServer.app[3],packetSent:count,title,"packets sent, count",,,,,,,
RR_T60-2-20260914-20:21:34-1551,scalar,ApplicationStrategyNetwork.monitoringServer.app[4],packetReceived:count,,,10,,,,,,
RR_T60-2-20260914-20:21:34-1551,attr,ApplicationStrategyNetwork.monitoringServer.app[4],packetReceived:count,interpolationmode,none,,,,,,,
RR_T60-2-20260914-20:21:34-1551,attr,ApplicationStrategyNetwork.monitoringServer.app[4],packetReceived:count,recordingmode,count,,,,,,,
RR_T60-2-20260914-20:21:34-1551,attr,ApplicationStrategyNetwork.monitoringServer.app[4],packetReceived:count,source,packetReceived,,,,,,,
RR_T60-2-20260914-20:21:34-1551,attr,ApplicationStrategyNetwork.monitoringServer.app[4],packetReceived:count,title,"packets received, count",,,,,,,
RR_T60-2-20260914-20:21:34-1551,scalar,ApplicationStrategyNetwork.monitoringServer.app[4],packetSent:count,,,10,,,,,,
RR_T60-2-20260914-20:21:34-1551,attr,ApplicationStrategyNetwork.monitoringServer.app[4],packetSent:count,interpolationmode,none,,,,,,,
RR_T60-2-20260914-20:21:34-1551,attr,ApplicationStrategyNetwork.monitoringServer.app[4],packetSent:count,recordingmode,count,,,,,,,
RR_T60-2-20260914-20:21:34-1551,attr,ApplicationStrategyNetwork.monitoringServer.app[4],packetSent:count,source,packetSent,,,,,,,
RR_T60-2-20260914-20:21:34-1551,attr,ApplicationStrategyNetwork.monitoringServer.app[4],packetSent:count,title,"packets sent, count",,,,,,,
RR_T60-2-20260914-20:21:34-1551,scalar,ApplicationStrategyNetwork.monitoringServer.app[5],packetReceived:count,,,9,,,,,,
RR_T60-2-20260914-20:21:34-1551,attr,ApplicationStrategyNetwork.monitoringServer.app[5],packetReceived:count,interpolationmode,none,,,,,,,
RR_T60-2-20260914-20:21:34-1551,attr,ApplicationStrategyNetwork.monitoringServer.app[5],packetReceived:count,recordingmode,count,,,,,,,
RR_T60-2-20260914-20:21:34-1551,attr,ApplicationStrategyNetwork.monitoringServer.app[5],packetReceived:count,source,packetReceived,,,,,,,
RR_T60-2-20260914-20:21:34-1551,attr,ApplicationStrategyNetwork.monitoringServer.app[5],packetReceived:count,title,"packets received, count",,,,,,,
RR_T60-2-20260914-20:21:34-1551,scalar,ApplicationStrategyNetwork.monitoringServer.app[5],packetSent:count,,,10,,,,,,
RR_T60-2-20260914-20:21:34-1551,attr,ApplicationStrategyNetwork.monitoringServer.app[5],packetSent:count,interpolationmode,none,,,,,,,
RR_T60-2-20260914-20:21:34-1551,attr,ApplicationStrategyNetwork.monitoringServer.app[5],packetSent:count,recordingmode,count,,,,,,,
RR_T60-2-20260914-20:21:34-1551,attr,ApplicationStrategyNetwork.monitoringServer.app[5],packetSent:count,source,packetSent,,,,,,,
RR_T60-2-20260914-20:21:34-1551,attr,ApplicationStrategyNetwork.monitoringServer.app[5],packetSent:count,title,"packets sent, count",,,,,,,
RR_T60-2-20260914-20:21:34-1551,scalar,ApplicationStrategyNetwork.monitoringServer.app[6],packetReceived:count,,,10,,,,,,
RR_T60-2-20260914-20:21:34-1551,attr,ApplicationStrategyNetwork.monitoringServer.app[6],packetReceived:count,interpolationmode,none,,,,,,,
RR_T60-2-20260914-20:21:34-1551,attr,ApplicationStrategyNetwork.monitoringServer.app[6],packetReceived:count,recordingmode,count,,,,,,,
RR_T60-2-20260914-20:21:34-1551,attr,ApplicationStrategyNetwork.monitoringServer.app[6],packetReceived:count,source,packetReceived,,,,,,,
RR_T60-2-20260914-20:21:34-1551,attr,ApplicationStrategyNetwork.monitoringServer.app[6],packetReceived:count,title,"packets received, count",,,,,,,
RR_T60-2-20260914-20:21:34-1551,scalar,ApplicationStrategyNetwork.monitoringServer.app[6],packetSent:count,,,10,,,,,,
RR_T60-2-20260914-20:21:34-1551,attr,ApplicationStrategyNetwork.monitoringServer.app[6],packetSent:count,interpolationmode,none,,,,,,,
RR_T60-2-20260914-20:21:34-1551,attr,ApplicationStrategyNetwork.monitoringServer.app[6],packetSent:count,recordingmode,count,,,,,,,
RR_T60-2-20260914-20:21:34-1551,attr,ApplicationStrategyNetwork.monitoringServer.app[6],packetSent:count,source,packetSent,,,,,,,
RR_T60-2-20260914-20:21:34-1551,attr,ApplicationStrategyNetwork.monitoringServer.app[6],packetSent:count,title,"packets sent, count",,,,,,,
RR_T60-2-20260914-20:21:34-1551,scalar,ApplicationStrategyNetwork.monitoringServer.app[7],packetReceived:count,,,10,,,,,,
RR_T60-2-20260914-20:21:34-1551,attr,ApplicationStrategyNetwork.monitoringServer.app[7],packetReceived:count,interpolationmode,none,,,,,,,
RR_T60-2-20260914-20:21:34-1551,attr,ApplicationStrategyNetwork.monitoringServer.app[7],packetReceived:count,recordingmode,count,,,,,,,
RR_T60-2-20260914-20:21:34-1551,attr,ApplicationStrategyNetwork.monitoringServer.app[7],packetReceived:count,source,packetReceived,,,,,,,
RR_T60-2-20260914-20:21:34-1551,attr,ApplicationStrategyNetwork.monitoringServer.app[7],packetReceived:count,title,"packets received, count",,,,,,,
RR_T60-2-20260914-20:21:34-1551,scalar,ApplicationStrategyNetwork.monitoringServer.app[7],packetSent:count,,,10,,,,,,
RR_T60-2-20260914-20:21:34-1551,attr,ApplicationStrategyNetwork.monitoringServer.app[7],packetSent:count,interpolationmode,none,,,,,,,
RR_T60-2-20260914-20:21:34-1551,attr,ApplicationStrategyNetwork.monitoringServer.app[7],packetSent:count,recordingmode,count,,,,,,,
RR_T60-2-20260914-20:21:34-1551,attr,ApplicationStrategyNetwork.monitoringServer.app[7],packetSent:count,source,packetSent,,,,,,,
RR_T60-2-20260914-20:21:34-1551,attr,ApplicationStrategyNetwork.monitoringServer.app[7],packetSent:count,title,"packets sent, count",,,,,,,
RR_T60-2-20260914-20:21:34-1551,scalar,ApplicationStrategyNetwork.monitoringServer.app[8],packetReceived:count,,,10,,,,,,
RR_T60-2-20260914-20:21:34-1551,attr,ApplicationStrategyNetwork.monitoringServer.app[8],packetReceived:count,interpolationmode,none,,,,,,,
RR_T60-2-20260914-20:21:34-1551,attr,ApplicationStrategyNetwork.monitoringServer.app[8],packetReceived:count,recordingmode,count,,,,,,,
RR_T60-2-20260914-20:21:34-1551,attr,ApplicationStrategyNetwork.monitoringServer.app[8],packetReceived:count,source,packetReceived,,,,,,,
RR_T60-2-20260914-20:21:34-1551,attr,ApplicationStrategyNetwork.monitoringServer.app[8],packetReceived:count,title,"packets received, count",,,,,,,
RR_T60-2-20260914-20:21:34-1551,scalar,ApplicationStrategyNetwork.monitoringServer.app[8],packetSent:count,,,10,,,,,,
RR_T60-2-20260914-20:21:34-1551,attr,ApplicationStrategyNetwork.monitoringServer.app[8],packetSent:count,interpolationmode,none,,,,,,,
RR_T60-2-20260914-20:21:34-1551,attr,ApplicationStrategyNetwork.monitoringServer.app[8],packetSent:count,recordingmode,count,,,,,,,
RR_T60-2-20260914-20:21:34-1551,attr,ApplicationStrategyNetwork.monitoringServer.app[8],packetSent:count,source,packetSent,,,,,,,
RR_T60-2-20260914-20:21:34-1551,attr,ApplicationStrategyNetwork.monitoringServer.app[8],packetSent:count,title,"packets sent, count",,,,,,,
RR_T60-2-20260914-20:21:34-1551,scalar,ApplicationStrategyNetwork.monitoringServer.app[9],packetReceived:count,,,10,,,,,,
RR_T60-2-20260914-20:21:34-1551,attr,ApplicationStrategyNetwork.monitoringServer.app[9],packetReceived:count,interpolationmode,none,,,,,,,
RR_T60-2-20260914-20:21:34-1551,attr,ApplicationStrategyNetwork.monitoringServer.app[9],packetReceived:count,recordingmode,count,,,,,,,
RR_T60-2-20260914-20:21:34-1551,attr,ApplicationStrategyNetwork.monitoringServer.app[9],packetReceived:count,source,packetReceived,,,,,,,
RR_T60-2-20260914-20:21:34-1551,attr,ApplicationStrategyNetwork.monitoringServer.app[9],packetReceived:count,title,"packets received, count",,,,,,,
RR_T60-2-20260914-20:21:34-1551,scalar,ApplicationStrategyNetwork.monitoringServer.app[9],packetSent:count,,,10,,,,,,
RR_T60-2-20260914-20:21:34-1551,attr,ApplicationStrategyNetwork.monitoringServer.app[9],packetSent:count,interpolationmode,none,,,,,,,
RR_T60-2-20260914-20:21:34-1551,attr,ApplicationStrategyNetwork.monitoringServer.app[9],packetSent:count,recordingmode,count,,,,,,,
RR_T60-2-20260914-20:21:34-1551,attr,ApplicationStrategyNetwork.monitoringServer.app[9],packetSent:count,source,packetSent,,,,,,,
RR_T60-2-20260914-20:21:34-1551,attr,ApplicationStrategyNetwork.monitoringServer.app[9],packetSent:count,title,"packets sent, count",,,,,,,
RR_T60-2-20260914-20:21:34-1551,scalar,ApplicationStrategyNetwork.monitoringServer.app[10],packetReceived:count,,,10,,,,,,
RR_T60-2-20260914-20:21:34-1551,attr,ApplicationStrategyNetwork.monitoringServer.app[10],packetReceived:count,interpolationmode,none,,,,,,,
RR_T60-2-20260914-20:21:34-1551,attr,ApplicationStrategyNetwork.monitoringServer.app[10],packetReceived:count,recordingmode,count,,,,,,,
RR_T60-2-20260914-20:21:34-1551,attr,ApplicationStrategyNetwork.monitoringServer.app[10],packetReceived:count,source,packetReceived,,,,,,,
RR_T60-2-20260914-20:21:34-1551,attr,ApplicationStrategyNetwork.monitoringServer.app[10],packetReceived:count,title,"packets received, count",,,,,,,
RR_T60-2-20260914-20:21:34-1551,scalar,ApplicationStrategyNetwork.monitoringServer.app[10],packetSent:count,,,10,,,,,,
RR_T60-2-20260914-20:21:34-1551,attr,ApplicationStrategyNetwork.monitoringServer.app[10],packetSent:count,interpolationmode,none,,,,,,,
RR_T60-2-20260914-20:21:34-1551,attr,ApplicationStrategyNetwork.monitoringServer.app[10],packetSent:count,recordingmode,count,,,,,,,
RR_T60-2-20260914-20:21:34-1551,attr,ApplicationStrategyNetwork.monitoringServer.app[10],packetSent:count,source,packetSent,,,,,,,
RR_T60-2-20260914-20:21:34-1551,attr,ApplicationStrategyNetwork.monitoringServer.app[10],packetSent:count,title,"packets sent, count",,,,,,,
RR_T60-2-20260914-20:21:34-1551,scalar,ApplicationStrategyNetwork.monitoringServer.app[11],packetReceived:count,,,10,,,,,,
RR_T60-2-20260914-20:21:34-1551,attr,ApplicationStrategyNetwork.monitoringServer.app[11],packetReceived:count,interpolationmode,none,,,,,,,
RR_T60-2-20260914-20:21:34-1551,attr,ApplicationStrategyNetwork.monitoringServer.app[11],packetReceived:count,recordingmode,count,,,,,,,
RR_T60-2-20260914-20:21:34-1551,attr,ApplicationStrategyNetwork.monitoringServer.app[11],packetReceived:count,source,packetReceived,,,,,,,
RR_T60-2-20260914-20:21:34-1551,attr,ApplicationStrategyNetwork.monitoringServer.app[11],packetReceived:count,title,"packets received, count",,,,,,,
RR_T60-2-20260914-20:21:34-1551,scalar,ApplicationStrategyNetwork.monitoringServer.app[11],packetSent:count,,,10,,,,,,
RR_T60-2-20260914-20:21:34-1551,attr,ApplicationStrategyNetwork.monitoringServer.app[11],packetSent:count,interpolationmode,none,,,,,,,
RR_T60-2-20260914-20:21:34-1551,attr,ApplicationStrategyNetwork.monitoringServer.app[11],packetSent:count,recordingmode,count,,,,,,,
RR_T60-2-20260914-20:21:34-1551,attr,ApplicationStrategyNetwork.monitoringServer.app[11],packetSent:count,source,packetSent,,,,,,,
RR_T60-2-20260914-20:21:34-1551,attr,ApplicationStrategyNetwork.monitoringServer.app[11],packetSent:count,title,"packets sent, count",,,,,,,
RR_T60-3-20260914-20:21:36-1556,scalar,ApplicationStrategyNetwork.sensor[0].app[0],echoedPk:count,,,10,,,,,,
RR_T60-3-20260914-20:21:36-1556,attr,ApplicationStrategyNetwork.sensor[0].app[0],echoedPk:count,interpolationmode,none,,,,,,,
RR_T60-3-20260914-20:21:36-1556,attr,ApplicationStrategyNetwork.sensor[0].app[0],echoedPk:count,recordingmode,count,,,,,,,
RR_T60-3-20260914-20:21:36-1556,attr,ApplicationStrategyNetwork.sensor[0].app[0],echoedPk:count,source,packetSent,,,,,,,
RR_T60-3-20260914-20:21:36-1556,attr,ApplicationStrategyNetwork.sensor[0].app[0],echoedPk:count,title,"packets echoed, count",,,,,,,
RR_T60-3-20260914-20:21:36-1556,scalar,ApplicationStrategyNetwork.sensor[1].app[0],echoedPk:count,,,10,,,,,,
RR_T60-3-20260914-20:21:36-1556,attr,ApplicationStrategyNetwork.sensor[1].app[0],echoedPk:count,interpolationmode,none,,,,,,,
RR_T60-3-20260914-20:21:36-1556,attr,ApplicationStrategyNetwork.sensor[1].app[0],echoedPk:count,recordingmode,count,,,,,,,
RR_T60-3-20260914-20:21:36-1556,attr,ApplicationStrategyNetwork.sensor[1].app[0],echoedPk:count,source,packetSent,,,,,,,
RR_T60-3-20260914-20:21:36-1556,attr,ApplicationStrategyNetwork.sensor[1].app[0],echoedPk:count,title,"packets echoed, count",,,,,,,
RR_T60-3-20260914-20:21:36-1556,scalar,ApplicationStrategyNetwork.sensor[2].app[0],echoedPk:count,,,10,,,,,,
RR_T60-3-20260914-20:21:36-1556,attr,ApplicationStrategyNetwork.sensor[2].app[0],echoedPk:count,interpolationmode,none,,,,,,,
RR_T60-3-20260914-20:21:36-1556,attr,ApplicationStrategyNetwork.sensor[2].app[0],echoedPk:count,recordingmode,count,,,,,,,
RR_T60-3-20260914-20:21:36-1556,attr,ApplicationStrategyNetwork.sensor[2].app[0],echoedPk:count,source,packetSent,,,,,,,
RR_T60-3-20260914-20:21:36-1556,attr,ApplicationStrategyNetwork.sensor[2].app[0],echoedPk:count,title,"packets echoed, count",,,,,,,
RR_T60-3-20260914-20:21:36-1556,scalar,ApplicationStrategyNetwork.sensor[3].app[0],echoedPk:count,,,10,,,,,,
RR_T60-3-20260914-20:21:36-1556,attr,ApplicationStrategyNetwork.sensor[3].app[0],echoedPk:count,interpolationmode,none,,,,,,,
RR_T60-3-20260914-20:21:36-1556,attr,ApplicationStrategyNetwork.sensor[3].app[0],echoedPk:count,recordingmode,count,,,,,,,
RR_T60-3-20260914-20:21:36-1556,attr,ApplicationStrategyNetwork.sensor[3].app[0],echoedPk:count,source,packetSent,,,,,,,
RR_T60-3-20260914-20:21:36-1556,attr,ApplicationStrategyNetwork.sensor[3].app[0],echoedPk:count,title,"packets echoed, count",,,,,,,
RR_T60-3-20260914-20:21:36-1556,scalar,ApplicationStrategyNetwork.sensor[4].app[0],echoedPk:count,,,10,,,,,,
RR_T60-3-20260914-20:21:36-1556,attr,ApplicationStrategyNetwork.sensor[4].app[0],echoedPk:count,interpolationmode,none,,,,,,,
RR_T60-3-20260914-20:21:36-1556,attr,ApplicationStrategyNetwork.sensor[4].app[0],echoedPk:count,recordingmode,count,,,,,,,
RR_T60-3-20260914-20:21:36-1556,attr,ApplicationStrategyNetwork.sensor[4].app[0],echoedPk:count,source,packetSent,,,,,,,
RR_T60-3-20260914-20:21:36-1556,attr,ApplicationStrategyNetwork.sensor[4].app[0],echoedPk:count,title,"packets echoed, count",,,,,,,
RR_T60-3-20260914-20:21:36-1556,scalar,ApplicationStrategyNetwork.sensor[5].app[0],echoedPk:count,,,10,,,,,,
RR_T60-3-20260914-20:21:36-1556,attr,ApplicationStrategyNetwork.sensor[5].app[0],echoedPk:count,interpolationmode,none,,,,,,,
RR_T60-3-20260914-20:21:36-1556,attr,ApplicationStrategyNetwork.sensor[5].app[0],echoedPk:count,recordingmode,count,,,,,,,
RR_T60-3-20260914-20:21:36-1556,attr,ApplicationStrategyNetwork.sensor[5].app[0],echoedPk:count,source,packetSent,,,,,,,
RR_T60-3-20260914-20:21:36-1556,attr,ApplicationStrategyNetwork.sensor[5].app[0],echoedPk:count,title,"packets echoed, count",,,,,,,
RR_T60-3-20260914-20:21:36-1556,scalar,ApplicationStrategyNetwork.sensor[6].app[0],echoedPk:count,,,10,,,,,,
RR_T60-3-20260914-20:21:36-1556,attr,ApplicationStrategyNetwork.sensor[6].app[0],echoedPk:count,interpolationmode,none,,,,,,,
RR_T60-3-20260914-20:21:36-1556,attr,ApplicationStrategyNetwork.sensor[6].app[0],echoedPk:count,recordingmode,count,,,,,,,
RR_T60-3-20260914-20:21:36-1556,attr,ApplicationStrategyNetwork.sensor[6].app[0],echoedPk:count,source,packetSent,,,,,,,
RR_T60-3-20260914-20:21:36-1556,attr,ApplicationStrategyNetwork.sensor[6].app[0],echoedPk:count,title,"packets echoed, count",,,,,,,
RR_T60-3-20260914-20:21:36-1556,scalar,ApplicationStrategyNetwork.sensor[7].app[0],echoedPk:count,,,10,,,,,,
RR_T60-3-20260914-20:21:36-1556,attr,ApplicationStrategyNetwork.sensor[7].app[0],echoedPk:count,interpolationmode,none,,,,,,,
RR_T60-3-20260914-20:21:36-1556,attr,ApplicationStrategyNetwork.sensor[7].app[0],echoedPk:count,recordingmode,count,,,,,,,
RR_T60-3-20260914-20:21:36-1556,attr,ApplicationStrategyNetwork.sensor[7].app[0],echoedPk:count,source,packetSent,,,,,,,
RR_T60-3-20260914-20:21:36-1556,attr,ApplicationStrategyNetwork.sensor[7].app[0],echoedPk:count,title,"packets echoed, count",,,,,,,
RR_T60-3-20260914-20:21:36-1556,scalar,ApplicationStrategyNetwork.sensor[8].app[0],echoedPk:count,,,10,,,,,,
RR_T60-3-20260914-20:21:36-1556,attr,ApplicationStrategyNetwork.sensor[8].app[0],echoedPk:count,interpolationmode,none,,,,,,,
RR_T60-3-20260914-20:21:36-1556,attr,ApplicationStrategyNetwork.sensor[8].app[0],echoedPk:count,recordingmode,count,,,,,,,
RR_T60-3-20260914-20:21:36-1556,attr,ApplicationStrategyNetwork.sensor[8].app[0],echoedPk:count,source,packetSent,,,,,,,
RR_T60-3-20260914-20:21:36-1556,attr,ApplicationStrategyNetwork.sensor[8].app[0],echoedPk:count,title,"packets echoed, count",,,,,,,
RR_T60-3-20260914-20:21:36-1556,scalar,ApplicationStrategyNetwork.sensor[9].app[0],echoedPk:count,,,10,,,,,,
RR_T60-3-20260914-20:21:36-1556,attr,ApplicationStrategyNetwork.sensor[9].app[0],echoedPk:count,interpolationmode,none,,,,,,,
RR_T60-3-20260914-20:21:36-1556,attr,ApplicationStrategyNetwork.sensor[9].app[0],echoedPk:count,recordingmode,count,,,,,,,
RR_T60-3-20260914-20:21:36-1556,attr,ApplicationStrategyNetwork.sensor[9].app[0],echoedPk:count,source,packetSent,,,,,,,
RR_T60-3-20260914-20:21:36-1556,attr,ApplicationStrategyNetwork.sensor[9].app[0],echoedPk:count,title,"packets echoed, count",,,,,,,
RR_T60-3-20260914-20:21:36-1556,scalar,ApplicationStrategyNetwork.sensor[10].app[0],echoedPk:count,,,10,,,,,,
RR_T60-3-20260914-20:21:36-1556,attr,ApplicationStrategyNetwork.sensor[10].app[0],echoedPk:count,interpolationmode,none,,,,,,,
RR_T60-3-20260914-20:21:36-1556,attr,ApplicationStrategyNetwork.sensor[10].app[0],echoedPk:count,recordingmode,count,,,,,,,
RR_T60-3-20260914-20:21:36-1556,attr,ApplicationStrategyNetwork.sensor[10].app[0],echoedPk:count,source,packetSent,,,,,,,
RR_T60-3-20260914-20:21:36-1556,attr,ApplicationStrategyNetwork.sensor[10].app[0],echoedPk:count,title,"packets echoed, count",,,,,,,
RR_T60-3-20260914-20:21:36-1556,scalar,ApplicationStrategyNetwork.sensor[11].app[0],echoedPk:count,,,10,,,,,,
RR_T60-3-20260914-20:21:36-1556,attr,ApplicationStrategyNetwork.sensor[11].app[0],echoedPk:count,interpolationmode,none,,,,,,,
RR_T60-3-20260914-20:21:36-1556,attr,ApplicationStrategyNetwork.sensor[11].app[0],echoedPk:count,recordingmode,count,,,,,,,
RR_T60-3-20260914-20:21:36-1556,attr,ApplicationStrategyNetwork.sensor[11].app[0],echoedPk:count,source,packetSent,,,,,,,
RR_T60-3-20260914-20:21:36-1556,attr,ApplicationStrategyNetwork.sensor[11].app[0],echoedPk:count,title,"packets echoed, count",,,,,,,
RR_T60-3-20260914-20:21:36-1556,scalar,ApplicationStrategyNetwork.monitoringServer.app[0],packetReceived:count,,,10,,,,,,
RR_T60-3-20260914-20:21:36-1556,attr,ApplicationStrategyNetwork.monitoringServer.app[0],packetReceived:count,interpolationmode,none,,,,,,,
RR_T60-3-20260914-20:21:36-1556,attr,ApplicationStrategyNetwork.monitoringServer.app[0],packetReceived:count,recordingmode,count,,,,,,,
RR_T60-3-20260914-20:21:36-1556,attr,ApplicationStrategyNetwork.monitoringServer.app[0],packetReceived:count,source,packetReceived,,,,,,,
RR_T60-3-20260914-20:21:36-1556,attr,ApplicationStrategyNetwork.monitoringServer.app[0],packetReceived:count,title,"packets received, count",,,,,,,
RR_T60-3-20260914-20:21:36-1556,scalar,ApplicationStrategyNetwork.monitoringServer.app[0],packetSent:count,,,10,,,,,,
RR_T60-3-20260914-20:21:36-1556,attr,ApplicationStrategyNetwork.monitoringServer.app[0],packetSent:count,interpolationmode,none,,,,,,,
RR_T60-3-20260914-20:21:36-1556,attr,ApplicationStrategyNetwork.monitoringServer.app[0],packetSent:count,recordingmode,count,,,,,,,
RR_T60-3-20260914-20:21:36-1556,attr,ApplicationStrategyNetwork.monitoringServer.app[0],packetSent:count,source,packetSent,,,,,,,
RR_T60-3-20260914-20:21:36-1556,attr,ApplicationStrategyNetwork.monitoringServer.app[0],packetSent:count,title,"packets sent, count",,,,,,,
RR_T60-3-20260914-20:21:36-1556,scalar,ApplicationStrategyNetwork.monitoringServer.app[1],packetReceived:count,,,10,,,,,,
RR_T60-3-20260914-20:21:36-1556,attr,ApplicationStrategyNetwork.monitoringServer.app[1],packetReceived:count,interpolationmode,none,,,,,,,
RR_T60-3-20260914-20:21:36-1556,attr,ApplicationStrategyNetwork.monitoringServer.app[1],packetReceived:count,recordingmode,count,,,,,,,
RR_T60-3-20260914-20:21:36-1556,attr,ApplicationStrategyNetwork.monitoringServer.app[1],packetReceived:count,source,packetReceived,,,,,,,
RR_T60-3-20260914-20:21:36-1556,attr,ApplicationStrategyNetwork.monitoringServer.app[1],packetReceived:count,title,"packets received, count",,,,,,,
RR_T60-3-20260914-20:21:36-1556,scalar,ApplicationStrategyNetwork.monitoringServer.app[1],packetSent:count,,,10,,,,,,
RR_T60-3-20260914-20:21:36-1556,attr,ApplicationStrategyNetwork.monitoringServer.app[1],packetSent:count,interpolationmode,none,,,,,,,
RR_T60-3-20260914-20:21:36-1556,attr,ApplicationStrategyNetwork.monitoringServer.app[1],packetSent:count,recordingmode,count,,,,,,,
RR_T60-3-20260914-20:21:36-1556,attr,ApplicationStrategyNetwork.monitoringServer.app[1],packetSent:count,source,packetSent,,,,,,,
RR_T60-3-20260914-20:21:36-1556,attr,ApplicationStrategyNetwork.monitoringServer.app[1],packetSent:count,title,"packets sent, count",,,,,,,
RR_T60-3-20260914-20:21:36-1556,scalar,ApplicationStrategyNetwork.monitoringServer.app[2],packetReceived:count,,,10,,,,,,
RR_T60-3-20260914-20:21:36-1556,attr,ApplicationStrategyNetwork.monitoringServer.app[2],packetReceived:count,interpolationmode,none,,,,,,,
RR_T60-3-20260914-20:21:36-1556,attr,ApplicationStrategyNetwork.monitoringServer.app[2],packetReceived:count,recordingmode,count,,,,,,,
RR_T60-3-20260914-20:21:36-1556,attr,ApplicationStrategyNetwork.monitoringServer.app[2],packetReceived:count,source,packetReceived,,,,,,,
RR_T60-3-20260914-20:21:36-1556,attr,ApplicationStrategyNetwork.monitoringServer.app[2],packetReceived:count,title,"packets received, count",,,,,,,
RR_T60-3-20260914-20:21:36-1556,scalar,ApplicationStrategyNetwork.monitoringServer.app[2],packetSent:count,,,10,,,,,,
RR_T60-3-20260914-20:21:36-1556,attr,ApplicationStrategyNetwork.monitoringServer.app[2],packetSent:count,interpolationmode,none,,,,,,,
RR_T60-3-20260914-20:21:36-1556,attr,ApplicationStrategyNetwork.monitoringServer.app[2],packetSent:count,recordingmode,count,,,,,,,
RR_T60-3-20260914-20:21:36-1556,attr,ApplicationStrategyNetwork.monitoringServer.app[2],packetSent:count,source,packetSent,,,,,,,
RR_T60-3-20260914-20:21:36-1556,attr,ApplicationStrategyNetwork.monitoringServer.app[2],packetSent:count,title,"packets sent, count",,,,,,,
RR_T60-3-20260914-20:21:36-1556,scalar,ApplicationStrategyNetwork.monitoringServer.app[3],packetReceived:count,,,10,,,,,,
RR_T60-3-20260914-20:21:36-1556,attr,ApplicationStrategyNetwork.monitoringServer.app[3],packetReceived:count,interpolationmode,none,,,,,,,
RR_T60-3-20260914-20:21:36-1556,attr,ApplicationStrategyNetwork.monitoringServer.app[3],packetReceived:count,recordingmode,count,,,,,,,
RR_T60-3-20260914-20:21:36-1556,attr,ApplicationStrategyNetwork.monitoringServer.app[3],packetReceived:count,source,packetReceived,,,,,,,
RR_T60-3-20260914-20:21:36-1556,attr,ApplicationStrategyNetwork.monitoringServer.app[3],packetReceived:count,title,"packets received, count",,,,,,,
RR_T60-3-20260914-20:21:36-1556,scalar,ApplicationStrategyNetwork.monitoringServer.app[3],packetSent:count,,,10,,,,,,
RR_T60-3-20260914-20:21:36-1556,attr,ApplicationStrategyNetwork.monitoringServer.app[3],packetSent:count,interpolationmode,none,,,,,,,
RR_T60-3-20260914-20:21:36-1556,attr,ApplicationStrategyNetwork.monitoringServer.app[3],packetSent:count,recordingmode,count,,,,,,,
RR_T60-3-20260914-20:21:36-1556,attr,ApplicationStrategyNetwork.monitoringServer.app[3],packetSent:count,source,packetSent,,,,,,,
RR_T60-3-20260914-20:21:36-1556,attr,ApplicationStrategyNetwork.monitoringServer.app[3],packetSent:count,title,"packets sent, count",,,,,,,
RR_T60-3-20260914-20:21:36-1556,scalar,ApplicationStrategyNetwork.monitoringServer.app[4],packetReceived:count,,,10,,,,,,
RR_T60-3-20260914-20:21:36-1556,attr,ApplicationStrategyNetwork.monitoringServer.app[4],packetReceived:count,interpolationmode,none,,,,,,,
RR_T60-3-20260914-20:21:36-1556,attr,ApplicationStrategyNetwork.monitoringServer.app[4],packetReceived:count,recordingmode,count,,,,,,,
RR_T60-3-20260914-20:21:36-1556,attr,ApplicationStrategyNetwork.monitoringServer.app[4],packetReceived:count,source,packetReceived,,,,,,,
RR_T60-3-20260914-20:21:36-1556,attr,ApplicationStrategyNetwork.monitoringServer.app[4],packetReceived:count,title,"packets received, count",,,,,,,
RR_T60-3-20260914-20:21:36-1556,scalar,ApplicationStrategyNetwork.monitoringServer.app[4],packetSent:count,,,10,,,,,,
RR_T60-3-20260914-20:21:36-1556,attr,ApplicationStrategyNetwork.monitoringServer.app[4],packetSent:count,interpolationmode,none,,,,,,,
RR_T60-3-20260914-20:21:36-1556,attr,ApplicationStrategyNetwork.monitoringServer.app[4],packetSent:count,recordingmode,count,,,,,,,
RR_T60-3-20260914-20:21:36-1556,attr,ApplicationStrategyNetwork.monitoringServer.app[4],packetSent:count,source,packetSent,,,,,,,
RR_T60-3-20260914-20:21:36-1556,attr,ApplicationStrategyNetwork.monitoringServer.app[4],packetSent:count,title,"packets sent, count",,,,,,,
RR_T60-3-20260914-20:21:36-1556,scalar,ApplicationStrategyNetwork.monitoringServer.app[5],packetReceived:count,,,10,,,,,,
RR_T60-3-20260914-20:21:36-1556,attr,ApplicationStrategyNetwork.monitoringServer.app[5],packetReceived:count,interpolationmode,none,,,,,,,
RR_T60-3-20260914-20:21:36-1556,attr,ApplicationStrategyNetwork.monitoringServer.app[5],packetReceived:count,recordingmode,count,,,,,,,
RR_T60-3-20260914-20:21:36-1556,attr,ApplicationStrategyNetwork.monitoringServer.app[5],packetReceived:count,source,packetReceived,,,,,,,
RR_T60-3-20260914-20:21:36-1556,attr,ApplicationStrategyNetwork.monitoringServer.app[5],packetReceived:count,title,"packets received, count",,,,,,,
RR_T60-3-20260914-20:21:36-1556,scalar,ApplicationStrategyNetwork.monitoringServer.app[5],packetSent:count,,,10,,,,,,
RR_T60-3-20260914-20:21:36-1556,attr,ApplicationStrategyNetwork.monitoringServer.app[5],packetSent:count,interpolationmode,none,,,,,,,
RR_T60-3-20260914-20:21:36-1556,attr,ApplicationStrategyNetwork.monitoringServer.app[5],packetSent:count,recordingmode,count,,,,,,,
RR_T60-3-20260914-20:21:36-1556,attr,ApplicationStrategyNetwork.monitoringServer.app[5],packetSent:count,source,packetSent,,,,,,,
RR_T60-3-20260914-20:21:36-1556,attr,ApplicationStrategyNetwork.monitoringServer.app[5],packetSent:count,title,"packets sent, count",,,,,,,
RR_T60-3-20260914-20:21:36-1556,scalar,ApplicationStrategyNetwork.monitoringServer.app[6],packetReceived:count,,,10,,,,,,
RR_T60-3-20260914-20:21:36-1556,attr,ApplicationStrategyNetwork.monitoringServer.app[6],packetReceived:count,interpolationmode,none,,,,,,,
RR_T60-3-20260914-20:21:36-1556,attr,ApplicationStrategyNetwork.monitoringServer.app[6],packetReceived:count,recordingmode,count,,,,,,,
RR_T60-3-20260914-20:21:36-1556,attr,ApplicationStrategyNetwork.monitoringServer.app[6],packetReceived:count,source,packetReceived,,,,,,,
RR_T60-3-20260914-20:21:36-1556,attr,ApplicationStrategyNetwork.monitoringServer.app[6],packetReceived:count,title,"packets received, count",,,,,,,
RR_T60-3-20260914-20:21:36-1556,scalar,ApplicationStrategyNetwork.monitoringServer.app[6],packetSent:count,,,10,,,,,,
RR_T60-3-20260914-20:21:36-1556,attr,ApplicationStrategyNetwork.monitoringServer.app[6],packetSent:count,interpolationmode,none,,,,,,,
RR_T60-3-20260914-20:21:36-1556,attr,ApplicationStrategyNetwork.monitoringServer.app[6],packetSent:count,recordingmode,count,,,,,,,
RR_T60-3-20260914-20:21:36-1556,attr,ApplicationStrategyNetwork.monitoringServer.app[6],packetSent:count,source,packetSent,,,,,,,
RR_T60-3-20260914-20:21:36-1556,attr,ApplicationStrategyNetwork.monitoringServer.app[6],packetSent:count,title,"packets sent, count",,,,,,,
RR_T60-3-20260914-20:21:36-1556,scalar,ApplicationStrategyNetwork.monitoringServer.app[7],packetReceived:count,,,10,,,,,,
RR_T60-3-20260914-20:21:36-1556,attr,ApplicationStrategyNetwork.monitoringServer.app[7],packetReceived:count,interpolationmode,none,,,,,,,
RR_T60-3-20260914-20:21:36-1556,attr,ApplicationStrategyNetwork.monitoringServer.app[7],packetReceived:count,recordingmode,count,,,,,,,
RR_T60-3-20260914-20:21:36-1556,attr,ApplicationStrategyNetwork.monitoringServer.app[7],packetReceived:count,source,packetReceived,,,,,,,
RR_T60-3-20260914-20:21:36-1556,attr,ApplicationStrategyNetwork.monitoringServer.app[7],packetReceived:count,title,"packets received, count",,,,,,,
RR_T60-3-20260914-20:21:36-1556,scalar,ApplicationStrategyNetwork.monitoringServer.app[7],packetSent:count,,,10,,,,,,
RR_T60-3-20260914-20:21:36-1556,attr,ApplicationStrategyNetwork.monitoringServer.app[7],packetSent:count,interpolationmode,none,,,,,,,
RR_T60-3-20260914-20:21:36-1556,attr,ApplicationStrategyNetwork.monitoringServer.app[7],packetSent:count,recordingmode,count,,,,,,,
RR_T60-3-20260914-20:21:36-1556,attr,ApplicationStrategyNetwork.monitoringServer.app[7],packetSent:count,source,packetSent,,,,,,,
RR_T60-3-20260914-20:21:36-1556,attr,ApplicationStrategyNetwork.monitoringServer.app[7],packetSent:count,title,"packets sent, count",,,,,,,
RR_T60-3-20260914-20:21:36-1556,scalar,ApplicationStrategyNetwork.monitoringServer.app[8],packetReceived:count,,,10,,,,,,
RR_T60-3-20260914-20:21:36-1556,attr,ApplicationStrategyNetwork.monitoringServer.app[8],packetReceived:count,interpolationmode,none,,,,,,,
RR_T60-3-20260914-20:21:36-1556,attr,ApplicationStrategyNetwork.monitoringServer.app[8],packetReceived:count,recordingmode,count,,,,,,,
RR_T60-3-20260914-20:21:36-1556,attr,ApplicationStrategyNetwork.monitoringServer.app[8],packetReceived:count,source,packetReceived,,,,,,,
RR_T60-3-20260914-20:21:36-1556,attr,ApplicationStrategyNetwork.monitoringServer.app[8],packetReceived:count,title,"packets received, count",,,,,,,
RR_T60-3-20260914-20:21:36-1556,scalar,ApplicationStrategyNetwork.monitoringServer.app[8],packetSent:count,,,10,,,,,,
RR_T60-3-20260914-20:21:36-1556,attr,ApplicationStrategyNetwork.monitoringServer.app[8],packetSent:count,interpolationmode,none,,,,,,,
RR_T60-3-20260914-20:21:36-1556,attr,ApplicationStrategyNetwork.monitoringServer.app[8],packetSent:count,recordingmode,count,,,,,,,
RR_T60-3-20260914-20:21:36-1556,attr,ApplicationStrategyNetwork.monitoringServer.app[8],packetSent:count,source,packetSent,,,,,,,
RR_T60-3-20260914-20:21:36-1556,attr,ApplicationStrategyNetwork.monitoringServer.app[8],packetSent:count,title,"packets sent, count",,,,,,,
RR_T60-3-20260914-20:21:36-1556,scalar,ApplicationStrategyNetwork.monitoringServer.app[9],packetReceived:count,,,10,,,,,,
RR_T60-3-20260914-20:21:36-1556,attr,ApplicationStrategyNetwork.monitoringServer.app[9],packetReceived:count,interpolationmode,none,,,,,,,
RR_T60-3-20260914-20:21:36-1556,attr,ApplicationStrategyNetwork.monitoringServer.app[9],packetReceived:count,recordingmode,count,,,,,,,
RR_T60-3-20260914-20:21:36-1556,attr,ApplicationStrategyNetwork.monitoringServer.app[9],packetReceived:count,source,packetReceived,,,,,,,
RR_T60-3-20260914-20:21:36-1556,attr,ApplicationStrategyNetwork.monitoringServer.app[9],packetReceived:count,title,"packets received, count",,,,,,,
RR_T60-3-20260914-20:21:36-1556,scalar,ApplicationStrategyNetwork.monitoringServer.app[9],packetSent:count,,,10,,,,,,
RR_T60-3-20260914-20:21:36-1556,attr,ApplicationStrategyNetwork.monitoringServer.app[9],packetSent:count,interpolationmode,none,,,,,,,
RR_T60-3-20260914-20:21:36-1556,attr,ApplicationStrategyNetwork.monitoringServer.app[9],packetSent:count,recordingmode,count,,,,,,,
RR_T60-3-20260914-20:21:36-1556,attr,ApplicationStrategyNetwork.monitoringServer.app[9],packetSent:count,source,packetSent,,,,,,,
RR_T60-3-20260914-20:21:36-1556,attr,ApplicationStrategyNetwork.monitoringServer.app[9],packetSent:count,title,"packets sent, count",,,,,,,
RR_T60-3-20260914-20:21:36-1556,scalar,ApplicationStrategyNetwork.monitoringServer.app[10],packetReceived:count,,,10,,,,,,
RR_T60-3-20260914-20:21:36-1556,attr,ApplicationStrategyNetwork.monitoringServer.app[10],packetReceived:count,interpolationmode,none,,,,,,,
RR_T60-3-20260914-20:21:36-1556,attr,ApplicationStrategyNetwork.monitoringServer.app[10],packetReceived:count,recordingmode,count,,,,,,,
RR_T60-3-20260914-20:21:36-1556,attr,ApplicationStrategyNetwork.monitoringServer.app[10],packetReceived:count,source,packetReceived,,,,,,,
RR_T60-3-20260914-20:21:36-1556,attr,ApplicationStrategyNetwork.monitoringServer.app[10],packetReceived:count,title,"packets received, count",,,,,,,
RR_T60-3-20260914-20:21:36-1556,scalar,ApplicationStrategyNetwork.monitoringServer.app[10],packetSent:count,,,10,,,,,,
RR_T60-3-20260914-20:21:36-1556,attr,ApplicationStrategyNetwork.monitoringServer.app[10],packetSent:count,interpolationmode,none,,,,,,,
RR_T60-3-20260914-20:21:36-1556,attr,ApplicationStrategyNetwork.monitoringServer.app[10],packetSent:count,recordingmode,count,,,,,,,
RR_T60-3-20260914-20:21:36-1556,attr,ApplicationStrategyNetwork.monitoringServer.app[10],packetSent:count,source,packetSent,,,,,,,
RR_T60-3-20260914-20:21:36-1556,attr,ApplicationStrategyNetwork.monitoringServer.app[10],packetSent:count,title,"packets sent, count",,,,,,,
RR_T60-3-20260914-20:21:36-1556,scalar,ApplicationStrategyNetwork.monitoringServer.app[11],packetReceived:count,,,10,,,,,,
RR_T60-3-20260914-20:21:36-1556,attr,ApplicationStrategyNetwork.monitoringServer.app[11],packetReceived:count,interpolationmode,none,,,,,,,
RR_T60-3-20260914-20:21:36-1556,attr,ApplicationStrategyNetwork.monitoringServer.app[11],packetReceived:count,recordingmode,count,,,,,,,
RR_T60-3-20260914-20:21:36-1556,attr,ApplicationStrategyNetwork.monitoringServer.app[11],packetReceived:count,source,packetReceived,,,,,,,
RR_T60-3-20260914-20:21:36-1556,attr,ApplicationStrategyNetwork.monitoringServer.app[11],packetReceived:count,title,"packets received, count",,,,,,,
RR_T60-3-20260914-20:21:36-1556,scalar,ApplicationStrategyNetwork.monitoringServer.app[11],packetSent:count,,,10,,,,,,
RR_T60-3-20260914-20:21:36-1556,attr,ApplicationStrategyNetwork.monitoringServer.app[11],packetSent:count,interpolationmode,none,,,,,,,
RR_T60-3-20260914-20:21:36-1556,attr,ApplicationStrategyNetwork.monitoringServer.app[11],packetSent:count,recordingmode,count,,,,,,,
RR_T60-3-20260914-20:21:36-1556,attr,ApplicationStrategyNetwork.monitoringServer.app[11],packetSent:count,source,packetSent,,,,,,,
RR_T60-3-20260914-20:21:36-1556,attr,ApplicationStrategyNetwork.monitoringServer.app[11],packetSent:count,title,"packets sent, count",,,,,,,
RR_T60-4-20260914-20:21:37-1561,scalar,ApplicationStrategyNetwork.sensor[0].app[0],echoedPk:count,,,10,,,,,,
RR_T60-4-20260914-20:21:37-1561,attr,ApplicationStrategyNetwork.sensor[0].app[0],echoedPk:count,interpolationmode,none,,,,,,,
RR_T60-4-20260914-20:21:37-1561,attr,ApplicationStrategyNetwork.sensor[0].app[0],echoedPk:count,recordingmode,count,,,,,,,
RR_T60-4-20260914-20:21:37-1561,attr,ApplicationStrategyNetwork.sensor[0].app[0],echoedPk:count,source,packetSent,,,,,,,
RR_T60-4-20260914-20:21:37-1561,attr,ApplicationStrategyNetwork.sensor[0].app[0],echoedPk:count,title,"packets echoed, count",,,,,,,
RR_T60-4-20260914-20:21:37-1561,scalar,ApplicationStrategyNetwork.sensor[1].app[0],echoedPk:count,,,10,,,,,,
RR_T60-4-20260914-20:21:37-1561,attr,ApplicationStrategyNetwork.sensor[1].app[0],echoedPk:count,interpolationmode,none,,,,,,,
RR_T60-4-20260914-20:21:37-1561,attr,ApplicationStrategyNetwork.sensor[1].app[0],echoedPk:count,recordingmode,count,,,,,,,
RR_T60-4-20260914-20:21:37-1561,attr,ApplicationStrategyNetwork.sensor[1].app[0],echoedPk:count,source,packetSent,,,,,,,
RR_T60-4-20260914-20:21:37-1561,attr,ApplicationStrategyNetwork.sensor[1].app[0],echoedPk:count,title,"packets echoed, count",,,,,,,
RR_T60-4-20260914-20:21:37-1561,scalar,ApplicationStrategyNetwork.sensor[2].app[0],echoedPk:count,,,10,,,,,,
RR_T60-4-20260914-20:21:37-1561,attr,ApplicationStrategyNetwork.sensor[2].app[0],echoedPk:count,interpolationmode,none,,,,,,,
RR_T60-4-20260914-20:21:37-1561,attr,ApplicationStrategyNetwork.sensor[2].app[0],echoedPk:count,recordingmode,count,,,,,,,
RR_T60-4-20260914-20:21:37-1561,attr,ApplicationStrategyNetwork.sensor[2].app[0],echoedPk:count,source,packetSent,,,,,,,
RR_T60-4-20260914-20:21:37-1561,attr,ApplicationStrategyNetwork.sensor[2].app[0],echoedPk:count,title,"packets echoed, count",,,,,,,
RR_T60-4-20260914-20:21:37-1561,scalar,ApplicationStrategyNetwork.sensor[3].app[0],echoedPk:count,,,10,,,,,,
RR_T60-4-20260914-20:21:37-1561,attr,ApplicationStrategyNetwork.sensor[3].app[0],echoedPk:count,interpolationmode,none,,,,,,,
RR_T60-4-20260914-20:21:37-1561,attr,ApplicationStrategyNetwork.sensor[3].app[0],echoedPk:count,recordingmode,count,,,,,,,
RR_T60-4-20260914-20:21:37-1561,attr,ApplicationStrategyNetwork.sensor[3].app[0],echoedPk:count,source,packetSent,,,,,,,
RR_T60-4-20260914-20:21:37-1561,attr,ApplicationStrategyNetwork.sensor[3].app[0],echoedPk:count,title,"packets echoed, count",,,,,,,
RR_T60-4-20260914-20:21:37-1561,scalar,ApplicationStrategyNetwork.sensor[4].app[0],echoedPk:count,,,10,,,,,,
RR_T60-4-20260914-20:21:37-1561,attr,ApplicationStrategyNetwork.sensor[4].app[0],echoedPk:count,interpolationmode,none,,,,,,,
RR_T60-4-20260914-20:21:37-1561,attr,ApplicationStrategyNetwork.sensor[4].app[0],echoedPk:count,recordingmode,count,,,,,,,
RR_T60-4-20260914-20:21:37-1561,attr,ApplicationStrategyNetwork.sensor[4].app[0],echoedPk:count,source,packetSent,,,,,,,
RR_T60-4-20260914-20:21:37-1561,attr,ApplicationStrategyNetwork.sensor[4].app[0],echoedPk:count,title,"packets echoed, count",,,,,,,
RR_T60-4-20260914-20:21:37-1561,scalar,ApplicationStrategyNetwork.sensor[5].app[0],echoedPk:count,,,10,,,,,,
RR_T60-4-20260914-20:21:37-1561,attr,ApplicationStrategyNetwork.sensor[5].app[0],echoedPk:count,interpolationmode,none,,,,,,,
RR_T60-4-20260914-20:21:37-1561,attr,ApplicationStrategyNetwork.sensor[5].app[0],echoedPk:count,recordingmode,count,,,,,,,
RR_T60-4-20260914-20:21:37-1561,attr,ApplicationStrategyNetwork.sensor[5].app[0],echoedPk:count,source,packetSent,,,,,,,
RR_T60-4-20260914-20:21:37-1561,attr,ApplicationStrategyNetwork.sensor[5].app[0],echoedPk:count,title,"packets echoed, count",,,,,,,
RR_T60-4-20260914-20:21:37-1561,scalar,ApplicationStrategyNetwork.sensor[6].app[0],echoedPk:count,,,10,,,,,,
RR_T60-4-20260914-20:21:37-1561,attr,ApplicationStrategyNetwork.sensor[6].app[0],echoedPk:count,interpolationmode,none,,,,,,,
RR_T60-4-20260914-20:21:37-1561,attr,ApplicationStrategyNetwork.sensor[6].app[0],echoedPk:count,recordingmode,count,,,,,,,
RR_T60-4-20260914-20:21:37-1561,attr,ApplicationStrategyNetwork.sensor[6].app[0],echoedPk:count,source,packetSent,,,,,,,
RR_T60-4-20260914-20:21:37-1561,attr,ApplicationStrategyNetwork.sensor[6].app[0],echoedPk:count,title,"packets echoed, count",,,,,,,
RR_T60-4-20260914-20:21:37-1561,scalar,ApplicationStrategyNetwork.sensor[7].app[0],echoedPk:count,,,10,,,,,,
RR_T60-4-20260914-20:21:37-1561,attr,ApplicationStrategyNetwork.sensor[7].app[0],echoedPk:count,interpolationmode,none,,,,,,,
RR_T60-4-20260914-20:21:37-1561,attr,ApplicationStrategyNetwork.sensor[7].app[0],echoedPk:count,recordingmode,count,,,,,,,
RR_T60-4-20260914-20:21:37-1561,attr,ApplicationStrategyNetwork.sensor[7].app[0],echoedPk:count,source,packetSent,,,,,,,
RR_T60-4-20260914-20:21:37-1561,attr,ApplicationStrategyNetwork.sensor[7].app[0],echoedPk:count,title,"packets echoed, count",,,,,,,
RR_T60-4-20260914-20:21:37-1561,scalar,ApplicationStrategyNetwork.sensor[8].app[0],echoedPk:count,,,10,,,,,,
RR_T60-4-20260914-20:21:37-1561,attr,ApplicationStrategyNetwork.sensor[8].app[0],echoedPk:count,interpolationmode,none,,,,,,,
RR_T60-4-20260914-20:21:37-1561,attr,ApplicationStrategyNetwork.sensor[8].app[0],echoedPk:count,recordingmode,count,,,,,,,
RR_T60-4-20260914-20:21:37-1561,attr,ApplicationStrategyNetwork.sensor[8].app[0],echoedPk:count,source,packetSent,,,,,,,
RR_T60-4-20260914-20:21:37-1561,attr,ApplicationStrategyNetwork.sensor[8].app[0],echoedPk:count,title,"packets echoed, count",,,,,,,
RR_T60-4-20260914-20:21:37-1561,scalar,ApplicationStrategyNetwork.sensor[9].app[0],echoedPk:count,,,10,,,,,,
RR_T60-4-20260914-20:21:37-1561,attr,ApplicationStrategyNetwork.sensor[9].app[0],echoedPk:count,interpolationmode,none,,,,,,,
RR_T60-4-20260914-20:21:37-1561,attr,ApplicationStrategyNetwork.sensor[9].app[0],echoedPk:count,recordingmode,count,,,,,,,
RR_T60-4-20260914-20:21:37-1561,attr,ApplicationStrategyNetwork.sensor[9].app[0],echoedPk:count,source,packetSent,,,,,,,
RR_T60-4-20260914-20:21:37-1561,attr,ApplicationStrategyNetwork.sensor[9].app[0],echoedPk:count,title,"packets echoed, count",,,,,,,
RR_T60-4-20260914-20:21:37-1561,scalar,ApplicationStrategyNetwork.sensor[10].app[0],echoedPk:count,,,10,,,,,,
RR_T60-4-20260914-20:21:37-1561,attr,ApplicationStrategyNetwork.sensor[10].app[0],echoedPk:count,interpolationmode,none,,,,,,,
RR_T60-4-20260914-20:21:37-1561,attr,ApplicationStrategyNetwork.sensor[10].app[0],echoedPk:count,recordingmode,count,,,,,,,
RR_T60-4-20260914-20:21:37-1561,attr,ApplicationStrategyNetwork.sensor[10].app[0],echoedPk:count,source,packetSent,,,,,,,
RR_T60-4-20260914-20:21:37-1561,attr,ApplicationStrategyNetwork.sensor[10].app[0],echoedPk:count,title,"packets echoed, count",,,,,,,
RR_T60-4-20260914-20:21:37-1561,scalar,ApplicationStrategyNetwork.sensor[11].app[0],echoedPk:count,,,10,,,,,,
RR_T60-4-20260914-20:21:37-1561,attr,ApplicationStrategyNetwork.sensor[11].app[0],echoedPk:count,interpolationmode,none,,,,,,,
RR_T60-4-20260914-20:21:37-1561,attr,ApplicationStrategyNetwork.sensor[11].app[0],echoedPk:count,recordingmode,count,,,,,,,
RR_T60-4-20260914-20:21:37-1561,attr,ApplicationStrategyNetwork.sensor[11].app[0],echoedPk:count,source,packetSent,,,,,,,
RR_T60-4-20260914-20:21:37-1561,attr,ApplicationStrategyNetwork.sensor[11].app[0],echoedPk:count,title,"packets echoed, count",,,,,,,
RR_T60-4-20260914-20:21:37-1561,scalar,ApplicationStrategyNetwork.monitoringServer.app[0],packetReceived:count,,,10,,,,,,
RR_T60-4-20260914-20:21:37-1561,attr,ApplicationStrategyNetwork.monitoringServer.app[0],packetReceived:count,interpolationmode,none,,,,,,,
RR_T60-4-20260914-20:21:37-1561,attr,ApplicationStrategyNetwork.monitoringServer.app[0],packetReceived:count,recordingmode,count,,,,,,,
RR_T60-4-20260914-20:21:37-1561,attr,ApplicationStrategyNetwork.monitoringServer.app[0],packetReceived:count,source,packetReceived,,,,,,,
RR_T60-4-20260914-20:21:37-1561,attr,ApplicationStrategyNetwork.monitoringServer.app[0],packetReceived:count,title,"packets received, count",,,,,,,
RR_T60-4-20260914-20:21:37-1561,scalar,ApplicationStrategyNetwork.monitoringServer.app[0],packetSent:count,,,10,,,,,,
RR_T60-4-20260914-20:21:37-1561,attr,ApplicationStrategyNetwork.monitoringServer.app[0],packetSent:count,interpolationmode,none,,,,,,,
RR_T60-4-20260914-20:21:37-1561,attr,ApplicationStrategyNetwork.monitoringServer.app[0],packetSent:count,recordingmode,count,,,,,,,
RR_T60-4-20260914-20:21:37-1561,attr,ApplicationStrategyNetwork.monitoringServer.app[0],packetSent:count,source,packetSent,,,,,,,
RR_T60-4-20260914-20:21:37-1561,attr,ApplicationStrategyNetwork.monitoringServer.app[0],packetSent:count,title,"packets sent, count",,,,,,,
RR_T60-4-20260914-20:21:37-1561,scalar,ApplicationStrategyNetwork.monitoringServer.app[1],packetReceived:count,,,10,,,,,,
RR_T60-4-20260914-20:21:37-1561,attr,ApplicationStrategyNetwork.monitoringServer.app[1],packetReceived:count,interpolationmode,none,,,,,,,
RR_T60-4-20260914-20:21:37-1561,attr,ApplicationStrategyNetwork.monitoringServer.app[1],packetReceived:count,recordingmode,count,,,,,,,
RR_T60-4-20260914-20:21:37-1561,attr,ApplicationStrategyNetwork.monitoringServer.app[1],packetReceived:count,source,packetReceived,,,,,,,
RR_T60-4-20260914-20:21:37-1561,attr,ApplicationStrategyNetwork.monitoringServer.app[1],packetReceived:count,title,"packets received, count",,,,,,,
RR_T60-4-20260914-20:21:37-1561,scalar,ApplicationStrategyNetwork.monitoringServer.app[1],packetSent:count,,,10,,,,,,
RR_T60-4-20260914-20:21:37-1561,attr,ApplicationStrategyNetwork.monitoringServer.app[1],packetSent:count,interpolationmode,none,,,,,,,
RR_T60-4-20260914-20:21:37-1561,attr,ApplicationStrategyNetwork.monitoringServer.app[1],packetSent:count,recordingmode,count,,,,,,,
RR_T60-4-20260914-20:21:37-1561,attr,ApplicationStrategyNetwork.monitoringServer.app[1],packetSent:count,source,packetSent,,,,,,,
RR_T60-4-20260914-20:21:37-1561,attr,ApplicationStrategyNetwork.monitoringServer.app[1],packetSent:count,title,"packets sent, count",,,,,,,
RR_T60-4-20260914-20:21:37-1561,scalar,ApplicationStrategyNetwork.monitoringServer.app[2],packetReceived:count,,,10,,,,,,
RR_T60-4-20260914-20:21:37-1561,attr,ApplicationStrategyNetwork.monitoringServer.app[2],packetReceived:count,interpolationmode,none,,,,,,,
RR_T60-4-20260914-20:21:37-1561,attr,ApplicationStrategyNetwork.monitoringServer.app[2],packetReceived:count,recordingmode,count,,,,,,,
RR_T60-4-20260914-20:21:37-1561,attr,ApplicationStrategyNetwork.monitoringServer.app[2],packetReceived:count,source,packetReceived,,,,,,,
RR_T60-4-20260914-20:21:37-1561,attr,ApplicationStrategyNetwork.monitoringServer.app[2],packetReceived:count,title,"packets received, count",,,,,,,
RR_T60-4-20260914-20:21:37-1561,scalar,ApplicationStrategyNetwork.monitoringServer.app[2],packetSent:count,,,10,,,,,,
RR_T60-4-20260914-20:21:37-1561,attr,ApplicationStrategyNetwork.monitoringServer.app[2],packetSent:count,interpolationmode,none,,,,,,,
RR_T60-4-20260914-20:21:37-1561,attr,ApplicationStrategyNetwork.monitoringServer.app[2],packetSent:count,recordingmode,count,,,,,,,
RR_T60-4-20260914-20:21:37-1561,attr,ApplicationStrategyNetwork.monitoringServer.app[2],packetSent:count,source,packetSent,,,,,,,
RR_T60-4-20260914-20:21:37-1561,attr,ApplicationStrategyNetwork.monitoringServer.app[2],packetSent:count,title,"packets sent, count",,,,,,,
RR_T60-4-20260914-20:21:37-1561,scalar,ApplicationStrategyNetwork.monitoringServer.app[3],packetReceived:count,,,10,,,,,,
RR_T60-4-20260914-20:21:37-1561,attr,ApplicationStrategyNetwork.monitoringServer.app[3],packetReceived:count,interpolationmode,none,,,,,,,
RR_T60-4-20260914-20:21:37-1561,attr,ApplicationStrategyNetwork.monitoringServer.app[3],packetReceived:count,recordingmode,count,,,,,,,
RR_T60-4-20260914-20:21:37-1561,attr,ApplicationStrategyNetwork.monitoringServer.app[3],packetReceived:count,source,packetReceived,,,,,,,
RR_T60-4-20260914-20:21:37-1561,attr,ApplicationStrategyNetwork.monitoringServer.app[3],packetReceived:count,title,"packets received, count",,,,,,,
RR_T60-4-20260914-20:21:37-1561,scalar,ApplicationStrategyNetwork.monitoringServer.app[3],packetSent:count,,,10,,,,,,
RR_T60-4-20260914-20:21:37-1561,attr,ApplicationStrategyNetwork.monitoringServer.app[3],packetSent:count,interpolationmode,none,,,,,,,
RR_T60-4-20260914-20:21:37-1561,attr,ApplicationStrategyNetwork.monitoringServer.app[3],packetSent:count,recordingmode,count,,,,,,,
RR_T60-4-20260914-20:21:37-1561,attr,ApplicationStrategyNetwork.monitoringServer.app[3],packetSent:count,source,packetSent,,,,,,,
RR_T60-4-20260914-20:21:37-1561,attr,ApplicationStrategyNetwork.monitoringServer.app[3],packetSent:count,title,"packets sent, count",,,,,,,
RR_T60-4-20260914-20:21:37-1561,scalar,ApplicationStrategyNetwork.monitoringServer.app[4],packetReceived:count,,,10,,,,,,
RR_T60-4-20260914-20:21:37-1561,attr,ApplicationStrategyNetwork.monitoringServer.app[4],packetReceived:count,interpolationmode,none,,,,,,,
RR_T60-4-20260914-20:21:37-1561,attr,ApplicationStrategyNetwork.monitoringServer.app[4],packetReceived:count,recordingmode,count,,,,,,,
RR_T60-4-20260914-20:21:37-1561,attr,ApplicationStrategyNetwork.monitoringServer.app[4],packetReceived:count,source,packetReceived,,,,,,,
RR_T60-4-20260914-20:21:37-1561,attr,ApplicationStrategyNetwork.monitoringServer.app[4],packetReceived:count,title,"packets received, count",,,,,,,
RR_T60-4-20260914-20:21:37-1561,scalar,ApplicationStrategyNetwork.monitoringServer.app[4],packetSent:count,,,10,,,,,,
RR_T60-4-20260914-20:21:37-1561,attr,ApplicationStrategyNetwork.monitoringServer.app[4],packetSent:count,interpolationmode,none,,,,,,,
RR_T60-4-20260914-20:21:37-1561,attr,ApplicationStrategyNetwork.monitoringServer.app[4],packetSent:count,recordingmode,count,,,,,,,
RR_T60-4-20260914-20:21:37-1561,attr,ApplicationStrategyNetwork.monitoringServer.app[4],packetSent:count,source,packetSent,,,,,,,
RR_T60-4-20260914-20:21:37-1561,attr,ApplicationStrategyNetwork.monitoringServer.app[4],packetSent:count,title,"packets sent, count",,,,,,,
RR_T60-4-20260914-20:21:37-1561,scalar,ApplicationStrategyNetwork.monitoringServer.app[5],packetReceived:count,,,10,,,,,,
RR_T60-4-20260914-20:21:37-1561,attr,ApplicationStrategyNetwork.monitoringServer.app[5],packetReceived:count,interpolationmode,none,,,,,,,
RR_T60-4-20260914-20:21:37-1561,attr,ApplicationStrategyNetwork.monitoringServer.app[5],packetReceived:count,recordingmode,count,,,,,,,
RR_T60-4-20260914-20:21:37-1561,attr,ApplicationStrategyNetwork.monitoringServer.app[5],packetReceived:count,source,packetReceived,,,,,,,
RR_T60-4-20260914-20:21:37-1561,attr,ApplicationStrategyNetwork.monitoringServer.app[5],packetReceived:count,title,"packets received, count",,,,,,,
RR_T60-4-20260914-20:21:37-1561,scalar,ApplicationStrategyNetwork.monitoringServer.app[5],packetSent:count,,,10,,,,,,
RR_T60-4-20260914-20:21:37-1561,attr,ApplicationStrategyNetwork.monitoringServer.app[5],packetSent:count,interpolationmode,none,,,,,,,
RR_T60-4-20260914-20:21:37-1561,attr,ApplicationStrategyNetwork.monitoringServer.app[5],packetSent:count,recordingmode,count,,,,,,,
RR_T60-4-20260914-20:21:37-1561,attr,ApplicationStrategyNetwork.monitoringServer.app[5],packetSent:count,source,packetSent,,,,,,,
RR_T60-4-20260914-20:21:37-1561,attr,ApplicationStrategyNetwork.monitoringServer.app[5],packetSent:count,title,"packets sent, count",,,,,,,
RR_T60-4-20260914-20:21:37-1561,scalar,ApplicationStrategyNetwork.monitoringServer.app[6],packetReceived:count,,,10,,,,,,
RR_T60-4-20260914-20:21:37-1561,attr,ApplicationStrategyNetwork.monitoringServer.app[6],packetReceived:count,interpolationmode,none,,,,,,,
RR_T60-4-20260914-20:21:37-1561,attr,ApplicationStrategyNetwork.monitoringServer.app[6],packetReceived:count,recordingmode,count,,,,,,,
RR_T60-4-20260914-20:21:37-1561,attr,ApplicationStrategyNetwork.monitoringServer.app[6],packetReceived:count,source,packetReceived,,,,,,,
RR_T60-4-20260914-20:21:37-1561,attr,ApplicationStrategyNetwork.monitoringServer.app[6],packetReceived:count,title,"packets received, count",,,,,,,
RR_T60-4-20260914-20:21:37-1561,scalar,ApplicationStrategyNetwork.monitoringServer.app[6],packetSent:count,,,10,,,,,,
RR_T60-4-20260914-20:21:37-1561,attr,ApplicationStrategyNetwork.monitoringServer.app[6],packetSent:count,interpolationmode,none,,,,,,,
RR_T60-4-20260914-20:21:37-1561,attr,ApplicationStrategyNetwork.monitoringServer.app[6],packetSent:count,recordingmode,count,,,,,,,
RR_T60-4-20260914-20:21:37-1561,attr,ApplicationStrategyNetwork.monitoringServer.app[6],packetSent:count,source,packetSent,,,,,,,
RR_T60-4-20260914-20:21:37-1561,attr,ApplicationStrategyNetwork.monitoringServer.app[6],packetSent:count,title,"packets sent, count",,,,,,,
RR_T60-4-20260914-20:21:37-1561,scalar,ApplicationStrategyNetwork.monitoringServer.app[7],packetReceived:count,,,10,,,,,,
RR_T60-4-20260914-20:21:37-1561,attr,ApplicationStrategyNetwork.monitoringServer.app[7],packetReceived:count,interpolationmode,none,,,,,,,
RR_T60-4-20260914-20:21:37-1561,attr,ApplicationStrategyNetwork.monitoringServer.app[7],packetReceived:count,recordingmode,count,,,,,,,
RR_T60-4-20260914-20:21:37-1561,attr,ApplicationStrategyNetwork.monitoringServer.app[7],packetReceived:count,source,packetReceived,,,,,,,
RR_T60-4-20260914-20:21:37-1561,attr,ApplicationStrategyNetwork.monitoringServer.app[7],packetReceived:count,title,"packets received, count",,,,,,,
RR_T60-4-20260914-20:21:37-1561,scalar,ApplicationStrategyNetwork.monitoringServer.app[7],packetSent:count,,,10,,,,,,
RR_T60-4-20260914-20:21:37-1561,attr,ApplicationStrategyNetwork.monitoringServer.app[7],packetSent:count,interpolationmode,none,,,,,,,
RR_T60-4-20260914-20:21:37-1561,attr,ApplicationStrategyNetwork.monitoringServer.app[7],packetSent:count,recordingmode,count,,,,,,,
RR_T60-4-20260914-20:21:37-1561,attr,ApplicationStrategyNetwork.monitoringServer.app[7],packetSent:count,source,packetSent,,,,,,,
RR_T60-4-20260914-20:21:37-1561,attr,ApplicationStrategyNetwork.monitoringServer.app[7],packetSent:count,title,"packets sent, count",,,,,,,
RR_T60-4-20260914-20:21:37-1561,scalar,ApplicationStrategyNetwork.monitoringServer.app[8],packetReceived:count,,,10,,,,,,
RR_T60-4-20260914-20:21:37-1561,attr,ApplicationStrategyNetwork.monitoringServer.app[8],packetReceived:count,interpolationmode,none,,,,,,,
RR_T60-4-20260914-20:21:37-1561,attr,ApplicationStrategyNetwork.monitoringServer.app[8],packetReceived:count,recordingmode,count,,,,,,,
RR_T60-4-20260914-20:21:37-1561,attr,ApplicationStrategyNetwork.monitoringServer.app[8],packetReceived:count,source,packetReceived,,,,,,,
RR_T60-4-20260914-20:21:37-1561,attr,ApplicationStrategyNetwork.monitoringServer.app[8],packetReceived:count,title,"packets received, count",,,,,,,
RR_T60-4-20260914-20:21:37-1561,scalar,ApplicationStrategyNetwork.monitoringServer.app[8],packetSent:count,,,10,,,,,,
RR_T60-4-20260914-20:21:37-1561,attr,ApplicationStrategyNetwork.monitoringServer.app[8],packetSent:count,interpolationmode,none,,,,,,,
RR_T60-4-20260914-20:21:37-1561,attr,ApplicationStrategyNetwork.monitoringServer.app[8],packetSent:count,recordingmode,count,,,,,,,
RR_T60-4-20260914-20:21:37-1561,attr,ApplicationStrategyNetwork.monitoringServer.app[8],packetSent:count,source,packetSent,,,,,,,
RR_T60-4-20260914-20:21:37-1561,attr,ApplicationStrategyNetwork.monitoringServer.app[8],packetSent:count,title,"packets sent, count",,,,,,,
RR_T60-4-20260914-20:21:37-1561,scalar,ApplicationStrategyNetwork.monitoringServer.app[9],packetReceived:count,,,10,,,,,,
RR_T60-4-20260914-20:21:37-1561,attr,ApplicationStrategyNetwork.monitoringServer.app[9],packetReceived:count,interpolationmode,none,,,,,,,
RR_T60-4-20260914-20:21:37-1561,attr,ApplicationStrategyNetwork.monitoringServer.app[9],packetReceived:count,recordingmode,count,,,,,,,
RR_T60-4-20260914-20:21:37-1561,attr,ApplicationStrategyNetwork.monitoringServer.app[9],packetReceived:count,source,packetReceived,,,,,,,
RR_T60-4-20260914-20:21:37-1561,attr,ApplicationStrategyNetwork.monitoringServer.app[9],packetReceived:count,title,"packets received, count",,,,,,,
RR_T60-4-20260914-20:21:37-1561,scalar,ApplicationStrategyNetwork.monitoringServer.app[9],packetSent:count,,,10,,,,,,
RR_T60-4-20260914-20:21:37-1561,attr,ApplicationStrategyNetwork.monitoringServer.app[9],packetSent:count,interpolationmode,none,,,,,,,
RR_T60-4-20260914-20:21:37-1561,attr,ApplicationStrategyNetwork.monitoringServer.app[9],packetSent:count,recordingmode,count,,,,,,,
RR_T60-4-20260914-20:21:37-1561,attr,ApplicationStrategyNetwork.monitoringServer.app[9],packetSent:count,source,packetSent,,,,,,,
RR_T60-4-20260914-20:21:37-1561,attr,ApplicationStrategyNetwork.monitoringServer.app[9],packetSent:count,title,"packets sent, count",,,,,,,
RR_T60-4-20260914-20:21:37-1561,scalar,ApplicationStrategyNetwork.monitoringServer.app[10],packetReceived:count,,,10,,,,,,
RR_T60-4-20260914-20:21:37-1561,attr,ApplicationStrategyNetwork.monitoringServer.app[10],packetReceived:count,interpolationmode,none,,,,,,,
RR_T60-4-20260914-20:21:37-1561,attr,ApplicationStrategyNetwork.monitoringServer.app[10],packetReceived:count,recordingmode,count,,,,,,,
RR_T60-4-20260914-20:21:37-1561,attr,ApplicationStrategyNetwork.monitoringServer.app[10],packetReceived:count,source,packetReceived,,,,,,,
RR_T60-4-20260914-20:21:37-1561,attr,ApplicationStrategyNetwork.monitoringServer.app[10],packetReceived:count,title,"packets received, count",,,,,,,
RR_T60-4-20260914-20:21:37-1561,scalar,ApplicationStrategyNetwork.monitoringServer.app[10],packetSent:count,,,10,,,,,,
RR_T60-4-20260914-20:21:37-1561,attr,ApplicationStrategyNetwork.monitoringServer.app[10],packetSent:count,interpolationmode,none,,,,,,,
RR_T60-4-20260914-20:21:37-1561,attr,ApplicationStrategyNetwork.monitoringServer.app[10],packetSent:count,recordingmode,count,,,,,,,
RR_T60-4-20260914-20:21:37-1561,attr,ApplicationStrategyNetwork.monitoringServer.app[10],packetSent:count,source,packetSent,,,,,,,
RR_T60-4-20260914-20:21:37-1561,attr,ApplicationStrategyNetwork.monitoringServer.app[10],packetSent:count,title,"packets sent, count",,,,,,,
RR_T60-4-20260914-20:21:37-1561,scalar,ApplicationStrategyNetwork.monitoringServer.app[11],packetReceived:count,,,10,,,,,,
RR_T60-4-20260914-20:21:37-1561,attr,ApplicationStrategyNetwork.monitoringServer.app[11],packetReceived:count,interpolationmode,none,,,,,,,
RR_T60-4-20260914-20:21:37-1561,attr,ApplicationStrategyNetwork.monitoringServer.app[11],packetReceived:count,recordingmode,count,,,,,,,
RR_T60-4-20260914-20:21:37-1561,attr,ApplicationStrategyNetwork.monitoringServer.app[11],packetReceived:count,source,packetReceived,,,,,,,
RR_T60-4-20260914-20:21:37-1561,attr,ApplicationStrategyNetwork.monitoringServer.app[11],packetReceived:count,title,"packets received, count",,,,,,,
RR_T60-4-20260914-20:21:37-1561,scalar,ApplicationStrategyNetwork.monitoringServer.app[11],packetSent:count,,,10,,,,,,
RR_T60-4-20260914-20:21:37-1561,attr,ApplicationStrategyNetwork.monitoringServer.app[11],packetSent:count,interpolationmode,none,,,,,,,
RR_T60-4-20260914-20:21:37-1561,attr,ApplicationStrategyNetwork.monitoringServer.app[11],packetSent:count,recordingmode,count,,,,,,,
RR_T60-4-20260914-20:21:37-1561,attr,ApplicationStrategyNetwork.monitoringServer.app[11],packetSent:count,source,packetSent,,,,,,,
RR_T60-4-20260914-20:21:37-1561,attr,ApplicationStrategyNetwork.monitoringServer.app[11],packetSent:count,title,"packets sent, count",,,,,,,
RR_T1-0-20260914-20:14:46-833,statistic,ApplicationStrategyNetwork.monitoringServer.app[0],rcvdPkLifetime:stats,,,,599,599,0.011366124394928,0.0010418418839985,0.009149630238,0.013629630238
RR_T1-0-20260914-20:14:46-833,attr,ApplicationStrategyNetwork.monitoringServer.app[0],rcvdPkLifetime:stats,interpolationmode,none,,,,,,,
RR_T1-0-20260914-20:14:46-833,attr,ApplicationStrategyNetwork.monitoringServer.app[0],rcvdPkLifetime:stats,recordingmode,stats,,,,,,,
RR_T1-0-20260914-20:14:46-833,attr,ApplicationStrategyNetwork.monitoringServer.app[0],rcvdPkLifetime:stats,source,dataAge(packetReceived),,,,,,,
RR_T1-0-20260914-20:14:46-833,attr,ApplicationStrategyNetwork.monitoringServer.app[0],rcvdPkLifetime:stats,title,received packet lifetime,,,,,,,
RR_T1-0-20260914-20:14:46-833,attr,ApplicationStrategyNetwork.monitoringServer.app[0],rcvdPkLifetime:stats,unit,s,,,,,,,
RR_T1-0-20260914-20:14:46-833,statistic,ApplicationStrategyNetwork.monitoringServer.app[1],rcvdPkLifetime:stats,,,,599,599,0.011402483530948,0.0010638209136249,0.009149662162,0.013629662162
RR_T1-0-20260914-20:14:46-833,attr,ApplicationStrategyNetwork.monitoringServer.app[1],rcvdPkLifetime:stats,interpolationmode,none,,,,,,,
RR_T1-0-20260914-20:14:46-833,attr,ApplicationStrategyNetwork.monitoringServer.app[1],rcvdPkLifetime:stats,recordingmode,stats,,,,,,,
RR_T1-0-20260914-20:14:46-833,attr,ApplicationStrategyNetwork.monitoringServer.app[1],rcvdPkLifetime:stats,source,dataAge(packetReceived),,,,,,,
RR_T1-0-20260914-20:14:46-833,attr,ApplicationStrategyNetwork.monitoringServer.app[1],rcvdPkLifetime:stats,title,received packet lifetime,,,,,,,
RR_T1-0-20260914-20:14:46-833,attr,ApplicationStrategyNetwork.monitoringServer.app[1],rcvdPkLifetime:stats,unit,s,,,,,,,
RR_T1-0-20260914-20:14:46-833,statistic,ApplicationStrategyNetwork.monitoringServer.app[2],rcvdPkLifetime:stats,,,,599,599,0.011377366198758,0.0010409662081483,0.009149653344,0.013629653344
RR_T1-0-20260914-20:14:46-833,attr,ApplicationStrategyNetwork.monitoringServer.app[2],rcvdPkLifetime:stats,interpolationmode,none,,,,,,,
RR_T1-0-20260914-20:14:46-833,attr,ApplicationStrategyNetwork.monitoringServer.app[2],rcvdPkLifetime:stats,recordingmode,stats,,,,,,,
RR_T1-0-20260914-20:14:46-833,attr,ApplicationStrategyNetwork.monitoringServer.app[2],rcvdPkLifetime:stats,source,dataAge(packetReceived),,,,,,,
RR_T1-0-20260914-20:14:46-833,attr,ApplicationStrategyNetwork.monitoringServer.app[2],rcvdPkLifetime:stats,title,received packet lifetime,,,,,,,
RR_T1-0-20260914-20:14:46-833,attr,ApplicationStrategyNetwork.monitoringServer.app[2],rcvdPkLifetime:stats,unit,s,,,,,,,
RR_T1-0-20260914-20:14:46-833,statistic,ApplicationStrategyNetwork.monitoringServer.app[3],rcvdPkLifetime:stats,,,,599,599,0.011366142090928,0.00099268919389078,0.009149647934,0.013629647934
RR_T1-0-20260914-20:14:46-833,attr,ApplicationStrategyNetwork.monitoringServer.app[3],rcvdPkLifetime:stats,interpolationmode,none,,,,,,,
RR_T1-0-20260914-20:14:46-833,attr,ApplicationStrategyNetwork.monitoringServer.app[3],rcvdPkLifetime:stats,recordingmode,stats,,,,,,,
RR_T1-0-20260914-20:14:46-833,attr,ApplicationStrategyNetwork.monitoringServer.app[3],rcvdPkLifetime:stats,source,dataAge(packetReceived),,,,,,,
RR_T1-0-20260914-20:14:46-833,attr,ApplicationStrategyNetwork.monitoringServer.app[3],rcvdPkLifetime:stats,title,received packet lifetime,,,,,,,
RR_T1-0-20260914-20:14:46-833,attr,ApplicationStrategyNetwork.monitoringServer.app[3],rcvdPkLifetime:stats,unit,s,,,,,,,
RR_T1-0-20260914-20:14:46-833,statistic,ApplicationStrategyNetwork.monitoringServer.app[4],rcvdPkLifetime:stats,,,,599,599,0.011338867007913,0.0010383157525055,0.00914961826,0.01362961826
RR_T1-0-20260914-20:14:46-833,attr,ApplicationStrategyNetwork.monitoringServer.app[4],rcvdPkLifetime:stats,interpolationmode,none,,,,,,,
RR_T1-0-20260914-20:14:46-833,attr,ApplicationStrategyNetwork.monitoringServer.app[4],rcvdPkLifetime:stats,recordingmode,stats,,,,,,,
RR_T1-0-20260914-20:14:46-833,attr,ApplicationStrategyNetwork.monitoringServer.app[4],rcvdPkLifetime:stats,source,dataAge(packetReceived),,,,,,,
RR_T1-0-20260914-20:14:46-833,attr,ApplicationStrategyNetwork.monitoringServer.app[4],rcvdPkLifetime:stats,title,received packet lifetime,,,,,,,
RR_T1-0-20260914-20:14:46-833,attr,ApplicationStrategyNetwork.monitoringServer.app[4],rcvdPkLifetime:stats,unit,s,,,,,,,
RR_T1-0-20260914-20:14:46-833,statistic,ApplicationStrategyNetwork.monitoringServer.app[5],rcvdPkLifetime:stats,,,,599,599,0.011397657703593,0.0010565191284202,0.009149644348,0.013629644348
RR_T1-0-20260914-20:14:46-833,attr,ApplicationStrategyNetwork.monitoringServer.app[5],rcvdPkLifetime:stats,interpolationmode,none,,,,,,,
RR_T1-0-20260914-20:14:46-833,attr,ApplicationStrategyNetwork.monitoringServer.app[5],rcvdPkLifetime:stats,recordingmode,stats,,,,,,,
RR_T1-0-20260914-20:14:46-833,attr,ApplicationStrategyNetwork.monitoringServer.app[5],rcvdPkLifetime:stats,source,dataAge(packetReceived),,,,,,,
RR_T1-0-20260914-20:14:46-833,attr,ApplicationStrategyNetwork.monitoringServer.app[5],rcvdPkLifetime:stats,title,received packet lifetime,,,,,,,
RR_T1-0-20260914-20:14:46-833,attr,ApplicationStrategyNetwork.monitoringServer.app[5],rcvdPkLifetime:stats,unit,s,,,,,,,
RR_T1-0-20260914-20:14:46-833,statistic,ApplicationStrategyNetwork.monitoringServer.app[6],rcvdPkLifetime:stats,,,,599,599,0.011355441554805,0.0010251399955817,0.009149631872,0.013629631872
RR_T1-0-20260914-20:14:46-833,attr,ApplicationStrategyNetwork.monitoringServer.app[6],rcvdPkLifetime:stats,interpolationmode,none,,,,,,,
RR_T1-0-20260914-20:14:46-833,attr,ApplicationStrategyNetwork.monitoringServer.app[6],rcvdPkLifetime:stats,recordingmode,stats,,,,,,,
RR_T1-0-20260914-20:14:46-833,attr,ApplicationStrategyNetwork.monitoringServer.app[6],rcvdPkLifetime:stats,source,dataAge(packetReceived),,,,,,,
RR_T1-0-20260914-20:14:46-833,attr,ApplicationStrategyNetwork.monitoringServer.app[6],rcvdPkLifetime:stats,title,received packet lifetime,,,,,,,
RR_T1-0-20260914-20:14:46-833,attr,ApplicationStrategyNetwork.monitoringServer.app[6],rcvdPkLifetime:stats,unit,s,,,,,,,
RR_T1-0-20260914-20:14:46-833,statistic,ApplicationStrategyNetwork.monitoringServer.app[7],rcvdPkLifetime:stats,,,,599,599,0.01138274539782,0.0010781849522576,0.009149690306,0.013629690306
RR_T1-0-20260914-20:14:46-833,attr,ApplicationStrategyNetwork.monitoringServer.app[7],rcvdPkLifetime:stats,interpolationmode,none,,,,,,,
RR_T1-0-20260914-20:14:46-833,attr,ApplicationStrategyNetwork.monitoringServer.app[7],rcvdPkLifetime:stats,recordingmode,stats,,,,,,,
RR_T1-0-20260914-20:14:46-833,attr,ApplicationStrategyNetwork.monitoringServer.app[7],rcvdPkLifetime:stats,source,dataAge(packetReceived),,,,,,,
RR_T1-0-20260914-20:14:46-833,attr,ApplicationStrategyNetwork.monitoringServer.app[7],rcvdPkLifetime:stats,title,received packet lifetime,,,,,,,
RR_T1-0-20260914-20:14:46-833,attr,ApplicationStrategyNetwork.monitoringServer.app[7],rcvdPkLifetime:stats,unit,s,,,,,,,
RR_T1-0-20260914-20:14:46-833,statistic,ApplicationStrategyNetwork.monitoringServer.app[8],rcvdPkLifetime:stats,,,,599,599,0.011397698113593,0.0010500160341931,0.009149684758,0.013629684758
RR_T1-0-20260914-20:14:46-833,attr,ApplicationStrategyNetwork.monitoringServer.app[8],rcvdPkLifetime:stats,interpolationmode,none,,,,,,,
RR_T1-0-20260914-20:14:46-833,attr,ApplicationStrategyNetwork.monitoringServer.app[8],rcvdPkLifetime:stats,recordingmode,stats,,,,,,,
RR_T1-0-20260914-20:14:46-833,attr,ApplicationStrategyNetwork.monitoringServer.app[8],rcvdPkLifetime:stats,source,dataAge(packetReceived),,,,,,,
RR_T1-0-20260914-20:14:46-833,attr,ApplicationStrategyNetwork.monitoringServer.app[8],rcvdPkLifetime:stats,title,received packet lifetime,,,,,,,
RR_T1-0-20260914-20:14:46-833,attr,ApplicationStrategyNetwork.monitoringServer.app[8],rcvdPkLifetime:stats,unit,s,,,,,,,
RR_T1-0-20260914-20:14:46-833,statistic,ApplicationStrategyNetwork.monitoringServer.app[9],rcvdPkLifetime:stats,,,,599,599,0.011428609452551,0.001036018393677,0.009149611122,0.013629611122
RR_T1-0-20260914-20:14:46-833,attr,ApplicationStrategyNetwork.monitoringServer.app[9],rcvdPkLifetime:stats,interpolationmode,none,,,,,,,
RR_T1-0-20260914-20:14:46-833,attr,ApplicationStrategyNetwork.monitoringServer.app[9],rcvdPkLifetime:stats,recordingmode,stats,,,,,,,
RR_T1-0-20260914-20:14:46-833,attr,ApplicationStrategyNetwork.monitoringServer.app[9],rcvdPkLifetime:stats,source,dataAge(packetReceived),,,,,,,
RR_T1-0-20260914-20:14:46-833,attr,ApplicationStrategyNetwork.monitoringServer.app[9],rcvdPkLifetime:stats,title,received packet lifetime,,,,,,,
RR_T1-0-20260914-20:14:46-833,attr,ApplicationStrategyNetwork.monitoringServer.app[9],rcvdPkLifetime:stats,unit,s,,,,,,,
RR_T1-0-20260914-20:14:46-833,statistic,ApplicationStrategyNetwork.monitoringServer.app[10],rcvdPkLifetime:stats,,,,599,599,0.011367230240341,0.0010670366878953,0.009149667636,0.013629667636
RR_T1-0-20260914-20:14:46-833,attr,ApplicationStrategyNetwork.monitoringServer.app[10],rcvdPkLifetime:stats,interpolationmode,none,,,,,,,
RR_T1-0-20260914-20:14:46-833,attr,ApplicationStrategyNetwork.monitoringServer.app[10],rcvdPkLifetime:stats,recordingmode,stats,,,,,,,
RR_T1-0-20260914-20:14:46-833,attr,ApplicationStrategyNetwork.monitoringServer.app[10],rcvdPkLifetime:stats,source,dataAge(packetReceived),,,,,,,
RR_T1-0-20260914-20:14:46-833,attr,ApplicationStrategyNetwork.monitoringServer.app[10],rcvdPkLifetime:stats,title,received packet lifetime,,,,,,,
RR_T1-0-20260914-20:14:46-833,attr,ApplicationStrategyNetwork.monitoringServer.app[10],rcvdPkLifetime:stats,unit,s,,,,,,,
RR_T1-0-20260914-20:14:46-833,statistic,ApplicationStrategyNetwork.monitoringServer.app[11],rcvdPkLifetime:stats,,,,599,599,0.011460679178922,0.0010606315066834,0.009149627426,0.013629627426
RR_T1-0-20260914-20:14:46-833,attr,ApplicationStrategyNetwork.monitoringServer.app[11],rcvdPkLifetime:stats,interpolationmode,none,,,,,,,
RR_T1-0-20260914-20:14:46-833,attr,ApplicationStrategyNetwork.monitoringServer.app[11],rcvdPkLifetime:stats,recordingmode,stats,,,,,,,
RR_T1-0-20260914-20:14:46-833,attr,ApplicationStrategyNetwork.monitoringServer.app[11],rcvdPkLifetime:stats,source,dataAge(packetReceived),,,,,,,
RR_T1-0-20260914-20:14:46-833,attr,ApplicationStrategyNetwork.monitoringServer.app[11],rcvdPkLifetime:stats,title,received packet lifetime,,,,,,,
RR_T1-0-20260914-20:14:46-833,attr,ApplicationStrategyNetwork.monitoringServer.app[11],rcvdPkLifetime:stats,unit,s,,,,,,,
RR_T1-1-20260914-20:15:19-840,statistic,ApplicationStrategyNetwork.monitoringServer.app[0],rcvdPkLifetime:stats,,,,599,599,0.016306305682244,0.0059896813998774,0.009149657936,0.034445657936
RR_T1-1-20260914-20:15:19-840,attr,ApplicationStrategyNetwork.monitoringServer.app[0],rcvdPkLifetime:stats,interpolationmode,none,,,,,,,
RR_T1-1-20260914-20:15:19-840,attr,ApplicationStrategyNetwork.monitoringServer.app[0],rcvdPkLifetime:stats,recordingmode,stats,,,,,,,
RR_T1-1-20260914-20:15:19-840,attr,ApplicationStrategyNetwork.monitoringServer.app[0],rcvdPkLifetime:stats,source,dataAge(packetReceived),,,,,,,
RR_T1-1-20260914-20:15:19-840,attr,ApplicationStrategyNetwork.monitoringServer.app[0],rcvdPkLifetime:stats,title,received packet lifetime,,,,,,,
RR_T1-1-20260914-20:15:19-840,attr,ApplicationStrategyNetwork.monitoringServer.app[0],rcvdPkLifetime:stats,unit,s,,,,,,,
RR_T1-1-20260914-20:15:19-840,statistic,ApplicationStrategyNetwork.monitoringServer.app[1],rcvdPkLifetime:stats,,,,599,599,0.011354410829392,0.0010628296733412,0.009149669594,0.013629669594
RR_T1-1-20260914-20:15:19-840,attr,ApplicationStrategyNetwork.monitoringServer.app[1],rcvdPkLifetime:stats,interpolationmode,none,,,,,,,
RR_T1-1-20260914-20:15:19-840,attr,ApplicationStrategyNetwork.monitoringServer.app[1],rcvdPkLifetime:stats,recordingmode,stats,,,,,,,
RR_T1-1-20260914-20:15:19-840,attr,ApplicationStrategyNetwork.monitoringServer.app[1],rcvdPkLifetime:stats,source,dataAge(packetReceived),,,,,,,
RR_T1-1-20260914-20:15:19-840,attr,ApplicationStrategyNetwork.monitoringServer.app[1],rcvdPkLifetime:stats,title,received packet lifetime,,,,,,,
RR_T1-1-20260914-20:15:19-840,attr,ApplicationStrategyNetwork.monitoringServer.app[1],rcvdPkLifetime:stats,unit,s,,,,,,,
RR_T1-1-20260914-20:15:19-840,statistic,ApplicationStrategyNetwork.monitoringServer.app[2],rcvdPkLifetime:stats,,,,599,599,0.02099031943082,0.0044970228496566,0.013173264339,0.037845264339
RR_T1-1-20260914-20:15:19-840,attr,ApplicationStrategyNetwork.monitoringServer.app[2],rcvdPkLifetime:stats,interpolationmode,none,,,,,,,
RR_T1-1-20260914-20:15:19-840,attr,ApplicationStrategyNetwork.monitoringServer.app[2],rcvdPkLifetime:stats,recordingmode,stats,,,,,,,
RR_T1-1-20260914-20:15:19-840,attr,ApplicationStrategyNetwork.monitoringServer.app[2],rcvdPkLifetime:stats,source,dataAge(packetReceived),,,,,,,
RR_T1-1-20260914-20:15:19-840,attr,ApplicationStrategyNetwork.monitoringServer.app[2],rcvdPkLifetime:stats,title,received packet lifetime,,,,,,,
RR_T1-1-20260914-20:15:19-840,attr,ApplicationStrategyNetwork.monitoringServer.app[2],rcvdPkLifetime:stats,unit,s,,,,,,,
RR_T1-1-20260914-20:15:19-840,statistic,ApplicationStrategyNetwork.monitoringServer.app[3],rcvdPkLifetime:stats,,,,599,599,0.011381643236407,0.0010334136178258,0.009149656592,0.013629656592
RR_T1-1-20260914-20:15:19-840,attr,ApplicationStrategyNetwork.monitoringServer.app[3],rcvdPkLifetime:stats,interpolationmode,none,,,,,,,
RR_T1-1-20260914-20:15:19-840,attr,ApplicationStrategyNetwork.monitoringServer.app[3],rcvdPkLifetime:stats,recordingmode,stats,,,,,,,
RR_T1-1-20260914-20:15:19-840,attr,ApplicationStrategyNetwork.monitoringServer.app[3],rcvdPkLifetime:stats,source,dataAge(packetReceived),,,,,,,
RR_T1-1-20260914-20:15:19-840,attr,ApplicationStrategyNetwork.monitoringServer.app[3],rcvdPkLifetime:stats,title,received packet lifetime,,,,,,,
RR_T1-1-20260914-20:15:19-840,attr,ApplicationStrategyNetwork.monitoringServer.app[3],rcvdPkLifetime:stats,unit,s,,,,,,,
RR_T1-1-20260914-20:15:19-840,statistic,ApplicationStrategyNetwork.monitoringServer.app[4],rcvdPkLifetime:stats,,,,599,599,0.011343696643269,0.0010130833445445,0.009149639882,0.013629639882
RR_T1-1-20260914-20:15:19-840,attr,ApplicationStrategyNetwork.monitoringServer.app[4],rcvdPkLifetime:stats,interpolationmode,none,,,,,,,
RR_T1-1-20260914-20:15:19-840,attr,ApplicationStrategyNetwork.monitoringServer.app[4],rcvdPkLifetime:stats,recordingmode,stats,,,,,,,
RR_T1-1-20260914-20:15:19-840,attr,ApplicationStrategyNetwork.monitoringServer.app[4],rcvdPkLifetime:stats,source,dataAge(packetReceived),,,,,,,
RR_T1-1-20260914-20:15:19-840,attr,ApplicationStrategyNetwork.monitoringServer.app[4],rcvdPkLifetime:stats,title,received packet lifetime,,,,,,,
RR_T1-1-20260914-20:15:19-840,attr,ApplicationStrategyNetwork.monitoringServer.app[4],rcvdPkLifetime:stats,unit,s,,,,,,,
RR_T1-1-20260914-20:15:19-840,statistic,ApplicationStrategyNetwork.monitoringServer.app[5],rcvdPkLifetime:stats,,,,599,599,0.011439312866674,0.0010330769054282,0.009149630062,0.013629630062
RR_T1-1-20260914-20:15:19-840,attr,ApplicationStrategyNetwork.monitoringServer.app[5],rcvdPkLifetime:stats,interpolationmode,none,,,,,,,
RR_T1-1-20260914-20:15:19-840,attr,ApplicationStrategyNetwork.monitoringServer.app[5],rcvdPkLifetime:stats,recordingmode,stats,,,,,,,
RR_T1-1-20260914-20:15:19-840,attr,ApplicationStrategyNetwork.monitoringServer.app[5],rcvdPkLifetime:stats,source,dataAge(packetReceived),,,,,,,
RR_T1-1-20260914-20:15:19-840,attr,ApplicationStrategyNetwork.monitoringServer.app[5],rcvdPkLifetime:stats,title,received packet lifetime,,,,,,,
RR_T1-1-20260914-20:15:19-840,attr,ApplicationStrategyNetwork.monitoringServer.app[5],rcvdPkLifetime:stats,unit,s,,,,,,,
RR_T1-1-20260914-20:15:19-840,statistic,ApplicationStrategyNetwork.monitoringServer.app[6],rcvdPkLifetime:stats,,,,599,599,0.01138267716782,0.0010217565611256,0.009149622076,0.013629622076
RR_T1-1-20260914-20:15:19-840,attr,ApplicationStrategyNetwork.monitoringServer.app[6],rcvdPkLifetime:stats,interpolationmode,none,,,,,,,
RR_T1-1-20260914-20:15:19-840,attr,ApplicationStrategyNetwork.monitoringServer.app[6],rcvdPkLifetime:stats,recordingmode,stats,,,,,,,
RR_T1-1-20260914-20:15:19-840,attr,ApplicationStrategyNetwork.monitoringServer.app[6],rcvdPkLifetime:stats,source,dataAge(packetReceived),,,,,,,
RR_T1-1-20260914-20:15:19-840,attr,ApplicationStrategyNetwork.monitoringServer.app[6],rcvdPkLifetime:stats,title,received packet lifetime,,,,,,,
RR_T1-1-20260914-20:15:19-840,attr,ApplicationStrategyNetwork.monitoringServer.app[6],rcvdPkLifetime:stats,unit,s,,,,,,,
RR_T1-1-20260914-20:15:19-840,statistic,ApplicationStrategyNetwork.monitoringServer.app[7],rcvdPkLifetime:stats,,,,599,599,0.011317497511666,0.00097456722866424,0.009149617712,0.013629617712
RR_T1-1-20260914-20:15:19-840,attr,ApplicationStrategyNetwork.monitoringServer.app[7],rcvdPkLifetime:stats,interpolationmode,none,,,,,,,
RR_T1-1-20260914-20:15:19-840,attr,ApplicationStrategyNetwork.monitoringServer.app[7],rcvdPkLifetime:stats,recordingmode,stats,,,,,,,
RR_T1-1-20260914-20:15:19-840,attr,ApplicationStrategyNetwork.monitoringServer.app[7],rcvdPkLifetime:stats,source,dataAge(packetReceived),,,,,,,
RR_T1-1-20260914-20:15:19-840,attr,ApplicationStrategyNetwork.monitoringServer.app[7],rcvdPkLifetime:stats,title,received packet lifetime,,,,,,,
RR_T1-1-20260914-20:15:19-840,attr,ApplicationStrategyNetwork.monitoringServer.app[7],rcvdPkLifetime:stats,unit,s,,,,,,,
RR_T1-1-20260914-20:15:19-840,statistic,ApplicationStrategyNetwork.monitoringServer.app[8],rcvdPkLifetime:stats,,,,599,599,0.011346912279506,0.0009925639157448,0.009149650176,0.013629650176
RR_T1-1-20260914-20:15:19-840,attr,ApplicationStrategyNetwork.monitoringServer.app[8],rcvdPkLifetime:stats,interpolationmode,none,,,,,,,
RR_T1-1-20260914-20:15:19-840,attr,ApplicationStrategyNetwork.monitoringServer.app[8],rcvdPkLifetime:stats,recordingmode,stats,,,,,,,
RR_T1-1-20260914-20:15:19-840,attr,ApplicationStrategyNetwork.monitoringServer.app[8],rcvdPkLifetime:stats,source,dataAge(packetReceived),,,,,,,
RR_T1-1-20260914-20:15:19-840,attr,ApplicationStrategyNetwork.monitoringServer.app[8],rcvdPkLifetime:stats,title,received packet lifetime,,,,,,,
RR_T1-1-20260914-20:15:19-840,attr,ApplicationStrategyNetwork.monitoringServer.app[8],rcvdPkLifetime:stats,unit,s,,,,,,,
RR_T1-1-20260914-20:15:19-840,statistic,ApplicationStrategyNetwork.monitoringServer.app[9],rcvdPkLifetime:stats,,,,599,599,0.011416892819015,0.0010652380164295,0.00914964741,0.01362964741
RR_T1-1-20260914-20:15:19-840,attr,ApplicationStrategyNetwork.monitoringServer.app[9],rcvdPkLifetime:stats,interpolationmode,none,,,,,,,
RR_T1-1-20260914-20:15:19-840,attr,ApplicationStrategyNetwork.monitoringServer.app[9],rcvdPkLifetime:stats,recordingmode,stats,,,,,,,
RR_T1-1-20260914-20:15:19-840,attr,ApplicationStrategyNetwork.monitoringServer.app[9],rcvdPkLifetime:stats,source,dataAge(packetReceived),,,,,,,
RR_T1-1-20260914-20:15:19-840,attr,ApplicationStrategyNetwork.monitoringServer.app[9],rcvdPkLifetime:stats,title,received packet lifetime,,,,,,,
RR_T1-1-20260914-20:15:19-840,attr,ApplicationStrategyNetwork.monitoringServer.app[9],rcvdPkLifetime:stats,unit,s,,,,,,,
RR_T1-1-20260914-20:15:19-840,statistic,ApplicationStrategyNetwork.monitoringServer.app[10],rcvdPkLifetime:stats,,,,599,599,0.011397642505593,0.001020071425046,0.00914962915,0.01362962915
RR_T1-1-20260914-20:15:19-840,attr,ApplicationStrategyNetwork.monitoringServer.app[10],rcvdPkLifetime:stats,interpolationmode,none,,,,,,,
RR_T1-1-20260914-20:15:19-840,attr,ApplicationStrategyNetwork.monitoringServer.app[10],rcvdPkLifetime:stats,recordingmode,stats,,,,,,,
RR_T1-1-20260914-20:15:19-840,attr,ApplicationStrategyNetwork.monitoringServer.app[10],rcvdPkLifetime:stats,source,dataAge(packetReceived),,,,,,,
RR_T1-1-20260914-20:15:19-840,attr,ApplicationStrategyNetwork.monitoringServer.app[10],rcvdPkLifetime:stats,title,received packet lifetime,,,,,,,
RR_T1-1-20260914-20:15:19-840,attr,ApplicationStrategyNetwork.monitoringServer.app[10],rcvdPkLifetime:stats,unit,s,,,,,,,
RR_T1-1-20260914-20:15:19-840,statistic,ApplicationStrategyNetwork.monitoringServer.app[11],rcvdPkLifetime:stats,,,,599,599,0.011390714039412,0.0010365050261429,0.009149645592,0.013629645592
RR_T1-1-20260914-20:15:19-840,attr,ApplicationStrategyNetwork.monitoringServer.app[11],rcvdPkLifetime:stats,interpolationmode,none,,,,,,,
RR_T1-1-20260914-20:15:19-840,attr,ApplicationStrategyNetwork.monitoringServer.app[11],rcvdPkLifetime:stats,recordingmode,stats,,,,,,,
RR_T1-1-20260914-20:15:19-840,attr,ApplicationStrategyNetwork.monitoringServer.app[11],rcvdPkLifetime:stats,source,dataAge(packetReceived),,,,,,,
RR_T1-1-20260914-20:15:19-840,attr,ApplicationStrategyNetwork.monitoringServer.app[11],rcvdPkLifetime:stats,title,received packet lifetime,,,,,,,
RR_T1-1-20260914-20:15:19-840,attr,ApplicationStrategyNetwork.monitoringServer.app[11],rcvdPkLifetime:stats,unit,s,,,,,,,
RR_T1-2-20260914-20:15:41-846,statistic,ApplicationStrategyNetwork.monitoringServer.app[0],rcvdPkLifetime:stats,,,,599,599,0.011399794282417,0.001076888157831,0.009149644032,0.013629644032
RR_T1-2-20260914-20:15:41-846,attr,ApplicationStrategyNetwork.monitoringServer.app[0],rcvdPkLifetime:stats,interpolationmode,none,,,,,,,
RR_T1-2-20260914-20:15:41-846,attr,ApplicationStrategyNetwork.monitoringServer.app[0],rcvdPkLifetime:stats,recordingmode,stats,,,,,,,
RR_T1-2-20260914-20:15:41-846,attr,ApplicationStrategyNetwork.monitoringServer.app[0],rcvdPkLifetime:stats,source,dataAge(packetReceived),,,,,,,
RR_T1-2-20260914-20:15:41-846,attr,ApplicationStrategyNetwork.monitoringServer.app[0],rcvdPkLifetime:stats,title,received packet lifetime,,,,,,,
RR_T1-2-20260914-20:15:41-846,attr,ApplicationStrategyNetwork.monitoringServer.app[0],rcvdPkLifetime:stats,unit,s,,,,,,,
RR_T1-2-20260914-20:15:41-846,statistic,ApplicationStrategyNetwork.monitoringServer.app[1],rcvdPkLifetime:stats,,,,599,599,0.026937860741636,0.0069353346843691,0.01176396536,0.05117196536
RR_T1-2-20260914-20:15:41-846,attr,ApplicationStrategyNetwork.monitoringServer.app[1],rcvdPkLifetime:stats,interpolationmode,none,,,,,,,
RR_T1-2-20260914-20:15:41-846,attr,ApplicationStrategyNetwork.monitoringServer.app[1],rcvdPkLifetime:stats,recordingmode,stats,,,,,,,
RR_T1-2-20260914-20:15:41-846,attr,ApplicationStrategyNetwork.monitoringServer.app[1],rcvdPkLifetime:stats,source,dataAge(packetReceived),,,,,,,
RR_T1-2-20260914-20:15:41-846,attr,ApplicationStrategyNetwork.monitoringServer.app[1],rcvdPkLifetime:stats,title,received packet lifetime,,,,,,,
RR_T1-2-20260914-20:15:41-846,attr,ApplicationStrategyNetwork.monitoringServer.app[1],rcvdPkLifetime:stats,unit,s,,,,,,,
RR_T1-2-20260914-20:15:41-846,statistic,ApplicationStrategyNetwork.monitoringServer.app[2],rcvdPkLifetime:stats,,,,596,596,0.024412044390423,0.0077191475052489,0.011460742377,0.048804742377
RR_T1-2-20260914-20:15:41-846,attr,ApplicationStrategyNetwork.monitoringServer.app[2],rcvdPkLifetime:stats,interpolationmode,none,,,,,,,
RR_T1-2-20260914-20:15:41-846,attr,ApplicationStrategyNetwork.monitoringServer.app[2],rcvdPkLifetime:stats,recordingmode,stats,,,,,,,
RR_T1-2-20260914-20:15:41-846,attr,ApplicationStrategyNetwork.monitoringServer.app[2],rcvdPkLifetime:stats,source,dataAge(packetReceived),,,,,,,
RR_T1-2-20260914-20:15:41-846,attr,ApplicationStrategyNetwork.monitoringServer.app[2],rcvdPkLifetime:stats,title,received packet lifetime,,,,,,,
RR_T1-2-20260914-20:15:41-846,attr,ApplicationStrategyNetwork.monitoringServer.app[2],rcvdPkLifetime:stats,unit,s,,,,,,,
RR_T1-2-20260914-20:15:41-846,statistic,ApplicationStrategyNetwork.monitoringServer.app[3],rcvdPkLifetime:stats,,,,599,599,0.011323372678434,0.0010548732653939,0.009149616418,0.013629616418
RR_T1-2-20260914-20:15:41-846,attr,ApplicationStrategyNetwork.monitoringServer.app[3],rcvdPkLifetime:stats,interpolationmode,none,,,,,,,
RR_T1-2-20260914-20:15:41-846,attr,ApplicationStrategyNetwork.monitoringServer.app[3],rcvdPkLifetime:stats,recordingmode,stats,,,,,,,
RR_T1-2-20260914-20:15:41-846,attr,ApplicationStrategyNetwork.monitoringServer.app[3],rcvdPkLifetime:stats,source,dataAge(packetReceived),,,,,,,
RR_T1-2-20260914-20:15:41-846,attr,ApplicationStrategyNetwork.monitoringServer.app[3],rcvdPkLifetime:stats,title,received packet lifetime,,,,,,,
RR_T1-2-20260914-20:15:41-846,attr,ApplicationStrategyNetwork.monitoringServer.app[3],rcvdPkLifetime:stats,unit,s,,,,,,,
RR_T1-2-20260914-20:15:41-846,statistic,ApplicationStrategyNetwork.monitoringServer.app[4],rcvdPkLifetime:stats,,,,599,599,0.011383751989232,0.0010553980647198,0.00914962845,0.01362962845
RR_T1-2-20260914-20:15:41-846,attr,ApplicationStrategyNetwork.monitoringServer.app[4],rcvdPkLifetime:stats,interpolationmode,none,,,,,,,
RR_T1-2-20260914-20:15:41-846,attr,ApplicationStrategyNetwork.monitoringServer.app[4],rcvdPkLifetime:stats,recordingmode,stats,,,,,,,
RR_T1-2-20260914-20:15:41-846,attr,ApplicationStrategyNetwork.monitoringServer.app[4],rcvdPkLifetime:stats,source,dataAge(packetReceived),,,,,,,
RR_T1-2-20260914-20:15:41-846,attr,ApplicationStrategyNetwork.monitoringServer.app[4],rcvdPkLifetime:stats,title,received packet lifetime,,,,,,,
RR_T1-2-20260914-20:15:41-846,attr,ApplicationStrategyNetwork.monitoringServer.app[4],rcvdPkLifetime:stats,unit,s,,,,,,,
RR_T1-2-20260914-20:15:41-846,statistic,ApplicationStrategyNetwork.monitoringServer.app[5],rcvdPkLifetime:stats,,,,595,595,0.019040764259731,0.0088894558538754,0.009149644932,0.046237644932
RR_T1-2-20260914-20:15:41-846,attr,ApplicationStrategyNetwork.monitoringServer.app[5],rcvdPkLifetime:stats,interpolationmode,none,,,,,,,
RR_T1-2-20260914-20:15:41-846,attr,ApplicationStrategyNetwork.monitoringServer.app[5],rcvdPkLifetime:stats,recordingmode,stats,,,,,,,
RR_T1-2-20260914-20:15:41-846,attr,ApplicationStrategyNetwork.monitoringServer.app[5],rcvdPkLifetime:stats,source,dataAge(packetReceived),,,,,,,
RR_T1-2-20260914-20:15:41-846,attr,ApplicationStrategyNetwork.monitoringServer.app[5],rcvdPkLifetime:stats,title,received packet lifetime,,,,,,,
RR_T1-2-20260914-20:15:41-846,attr,ApplicationStrategyNetwork.monitoringServer.app[5],rcvdPkLifetime:stats,unit,s,,,,,,,
RR_T1-2-20260914-20:15:41-846,statistic,ApplicationStrategyNetwork.monitoringServer.app[6],rcvdPkLifetime:stats,,,,599,599,0.011419919903766,0.0010787681550514,0.009149623852,0.013926728071
RR_T1-2-20260914-20:15:41-846,attr,ApplicationStrategyNetwork.monitoringServer.app[6],rcvdPkLifetime:stats,interpolationmode,none,,,,,,,
RR_T1-2-20260914-20:15:41-846,attr,ApplicationStrategyNetwork.monitoringServer.app[6],rcvdPkLifetime:stats,recordingmode,stats,,,,,,,
RR_T1-2-20260914-20:15:41-846,attr,ApplicationStrategyNetwork.monitoringServer.app[6],rcvdPkLifetime:stats,source,dataAge(packetReceived),,,,,,,
RR_T1-2-20260914-20:15:41-846,attr,ApplicationStrategyNetwork.monitoringServer.app[6],rcvdPkLifetime:stats,title,received packet lifetime,,,,,,,
RR_T1-2-20260914-20:15:41-846,attr,ApplicationStrategyNetwork.monitoringServer.app[6],rcvdPkLifetime:stats,unit,s,,,,,,,
RR_T1-2-20260914-20:15:41-846,statistic,ApplicationStrategyNetwork.monitoringServer.app[7],rcvdPkLifetime:stats,,,,599,599,0.011404085826067,0.0010151206135349,0.009149661786,0.013629661786
RR_T1-2-20260914-20:15:41-846,attr,ApplicationStrategyNetwork.monitoringServer.app[7],rcvdPkLifetime:stats,interpolationmode,none,,,,,,,
RR_T1-2-20260914-20:15:41-846,attr,ApplicationStrategyNetwork.monitoringServer.app[7],rcvdPkLifetime:stats,recordingmode,stats,,,,,,,
RR_T1-2-20260914-20:15:41-846,attr,ApplicationStrategyNetwork.monitoringServer.app[7],rcvdPkLifetime:stats,source,dataAge(packetReceived),,,,,,,
RR_T1-2-20260914-20:15:41-846,attr,ApplicationStrategyNetwork.monitoringServer.app[7],rcvdPkLifetime:stats,title,received packet lifetime,,,,,,,
RR_T1-2-20260914-20:15:41-846,attr,ApplicationStrategyNetwork.monitoringServer.app[7],rcvdPkLifetime:stats,unit,s,,,,,,,
RR_T1-2-20260914-20:15:41-846,statistic,ApplicationStrategyNetwork.monitoringServer.app[8],rcvdPkLifetime:stats,,,,599,599,0.011402426532948,0.0010231232364684,0.009149605164,0.013629605164
RR_T1-2-20260914-20:15:41-846,attr,ApplicationStrategyNetwork.monitoringServer.app[8],rcvdPkLifetime:stats,interpolationmode,none,,,,,,,
RR_T1-2-20260914-20:15:41-846,attr,ApplicationStrategyNetwork.monitoringServer.app[8],rcvdPkLifetime:stats,recordingmode,stats,,,,,,,
RR_T1-2-20260914-20:15:41-846,attr,ApplicationStrategyNetwork.monitoringServer.app[8],rcvdPkLifetime:stats,source,dataAge(packetReceived),,,,,,,
RR_T1-2-20260914-20:15:41-846,attr,ApplicationStrategyNetwork.monitoringServer.app[8],rcvdPkLifetime:stats,title,received packet lifetime,,,,,,,
RR_T1-2-20260914-20:15:41-846,attr,ApplicationStrategyNetwork.monitoringServer.app[8],rcvdPkLifetime:stats,unit,s,,,,,,,
RR_T1-2-20260914-20:15:41-846,statistic,ApplicationStrategyNetwork.monitoringServer.app[9],rcvdPkLifetime:stats,,,,599,599,0.011354354669392,0.0010380514087672,0.009149613434,0.013629613434
RR_T1-2-20260914-20:15:41-846,attr,ApplicationStrategyNetwork.monitoringServer.app[9],rcvdPkLifetime:stats,interpolationmode,none,,,,,,,
RR_T1-2-20260914-20:15:41-846,attr,ApplicationStrategyNetwork.monitoringServer.app[9],rcvdPkLifetime:stats,recordingmode,stats,,,,,,,
RR_T1-2-20260914-20:15:41-846,attr,ApplicationStrategyNetwork.monitoringServer.app[9],rcvdPkLifetime:stats,source,dataAge(packetReceived),,,,,,,
RR_T1-2-20260914-20:15:41-846,attr,ApplicationStrategyNetwork.monitoringServer.app[9],rcvdPkLifetime:stats,title,received packet lifetime,,,,,,,
RR_T1-2-20260914-20:15:41-846,attr,ApplicationStrategyNetwork.monitoringServer.app[9],rcvdPkLifetime:stats,unit,s,,,,,,,
RR_T1-2-20260914-20:15:41-846,statistic,ApplicationStrategyNetwork.monitoringServer.app[10],rcvdPkLifetime:stats,,,,599,599,0.011485277545406,0.0010052658513197,0.009149651502,0.013629651502
RR_T1-2-20260914-20:15:41-846,attr,ApplicationStrategyNetwork.monitoringServer.app[10],rcvdPkLifetime:stats,interpolationmode,none,,,,,,,
RR_T1-2-20260914-20:15:41-846,attr,ApplicationStrategyNetwork.monitoringServer.app[10],rcvdPkLifetime:stats,recordingmode,stats,,,,,,,
RR_T1-2-20260914-20:15:41-846,attr,ApplicationStrategyNetwork.monitoringServer.app[10],rcvdPkLifetime:stats,source,dataAge(packetReceived),,,,,,,
RR_T1-2-20260914-20:15:41-846,attr,ApplicationStrategyNetwork.monitoringServer.app[10],rcvdPkLifetime:stats,title,received packet lifetime,,,,,,,
RR_T1-2-20260914-20:15:41-846,attr,ApplicationStrategyNetwork.monitoringServer.app[10],rcvdPkLifetime:stats,unit,s,,,,,,,
RR_T1-2-20260914-20:15:41-846,statistic,ApplicationStrategyNetwork.monitoringServer.app[11],rcvdPkLifetime:stats,,,,599,599,0.01138268777782,0.0010837294004259,0.009149632686,0.013629632686
RR_T1-2-20260914-20:15:41-846,attr,ApplicationStrategyNetwork.monitoringServer.app[11],rcvdPkLifetime:stats,interpolationmode,none,,,,,,,
RR_T1-2-20260914-20:15:41-846,attr,ApplicationStrategyNetwork.monitoringServer.app[11],rcvdPkLifetime:stats,recordingmode,stats,,,,,,,
RR_T1-2-20260914-20:15:41-846,attr,ApplicationStrategyNetwork.monitoringServer.app[11],rcvdPkLifetime:stats,source,dataAge(packetReceived),,,,,,,
RR_T1-2-20260914-20:15:41-846,attr,ApplicationStrategyNetwork.monitoringServer.app[11],rcvdPkLifetime:stats,title,received packet lifetime,,,,,,,
RR_T1-2-20260914-20:15:41-846,attr,ApplicationStrategyNetwork.monitoringServer.app[11],rcvdPkLifetime:stats,unit,s,,,,,,,
RR_T1-3-20260914-20:16:05-852,statistic,ApplicationStrategyNetwork.monitoringServer.app[0],rcvdPkLifetime:stats,,,,599,599,0.01138271737782,0.0010912874091341,0.009149662286,0.013629662286
RR_T1-3-20260914-20:16:05-852,attr,ApplicationStrategyNetwork.monitoringServer.app[0],rcvdPkLifetime:stats,interpolationmode,none,,,,,,,
RR_T1-3-20260914-20:16:05-852,attr,ApplicationStrategyNetwork.monitoringServer.app[0],rcvdPkLifetime:stats,recordingmode,stats,,,,,,,
RR_T1-3-20260914-20:16:05-852,attr,ApplicationStrategyNetwork.monitoringServer.app[0],rcvdPkLifetime:stats,source,dataAge(packetReceived),,,,,,,
RR_T1-3-20260914-20:16:05-852,attr,ApplicationStrategyNetwork.monitoringServer.app[0],rcvdPkLifetime:stats,title,received packet lifetime,,,,,,,
RR_T1-3-20260914-20:16:05-852,attr,ApplicationStrategyNetwork.monitoringServer.app[0],rcvdPkLifetime:stats,unit,s,,,,,,,
RR_T1-3-20260914-20:16:05-852,statistic,ApplicationStrategyNetwork.monitoringServer.app[1],rcvdPkLifetime:stats,,,,599,599,0.011367758004047,0.0009883175717937,0.009149661176,0.013629661176
RR_T1-3-20260914-20:16:05-852,attr,ApplicationStrategyNetwork.monitoringServer.app[1],rcvdPkLifetime:stats,interpolationmode,none,,,,,,,
RR_T1-3-20260914-20:16:05-852,attr,ApplicationStrategyNetwork.monitoringServer.app[1],rcvdPkLifetime:stats,recordingmode,stats,,,,,,,
RR_T1-3-20260914-20:16:05-852,attr,ApplicationStrategyNetwork.monitoringServer.app[1],rcvdPkLifetime:stats,source,dataAge(packetReceived),,,,,,,
RR_T1-3-20260914-20:16:05-852,attr,ApplicationStrategyNetwork.monitoringServer.app[1],rcvdPkLifetime:stats,title,received packet lifetime,,,,,,,
RR_T1-3-20260914-20:16:05-852,attr,ApplicationStrategyNetwork.monitoringServer.app[1],rcvdPkLifetime:stats,unit,s,,,,,,,
RR_T1-3-20260914-20:16:05-852,statistic,ApplicationStrategyNetwork.monitoringServer.app[2],rcvdPkLifetime:stats,,,,599,599,0.011369882562871,0.0010355729411873,0.00914964884,0.01362964884
RR_T1-3-20260914-20:16:05-852,attr,ApplicationStrategyNetwork.monitoringServer.app[2],rcvdPkLifetime:stats,interpolationmode,none,,,,,,,
RR_T1-3-20260914-20:16:05-852,attr,ApplicationStrategyNetwork.monitoringServer.app[2],rcvdPkLifetime:stats,recordingmode,stats,,,,,,,
RR_T1-3-20260914-20:16:05-852,attr,ApplicationStrategyNetwork.monitoringServer.app[2],rcvdPkLifetime:stats,source,dataAge(packetReceived),,,,,,,
RR_T1-3-20260914-20:16:05-852,attr,ApplicationStrategyNetwork.monitoringServer.app[2],rcvdPkLifetime:stats,title,received packet lifetime,,,,,,,
RR_T1-3-20260914-20:16:05-852,attr,ApplicationStrategyNetwork.monitoringServer.app[2],rcvdPkLifetime:stats,unit,s,,,,,,,
RR_T1-3-20260914-20:16:05-852,statistic,ApplicationStrategyNetwork.monitoringServer.app[3],rcvdPkLifetime:stats,,,,599,599,0.011371995767696,0.0010094876293368,0.00914962515,0.01362962515
RR_T1-3-20260914-20:16:05-852,attr,ApplicationStrategyNetwork.monitoringServer.app[3],rcvdPkLifetime:stats,interpolationmode,none,,,,,,,
RR_T1-3-20260914-20:16:05-852,attr,ApplicationStrategyNetwork.monitoringServer.app[3],rcvdPkLifetime:stats,recordingmode,stats,,,,,,,
RR_T1-3-20260914-20:16:05-852,attr,ApplicationStrategyNetwork.monitoringServer.app[3],rcvdPkLifetime:stats,source,dataAge(packetReceived),,,,,,,
RR_T1-3-20260914-20:16:05-852,attr,ApplicationStrategyNetwork.monitoringServer.app[3],rcvdPkLifetime:stats,title,received packet lifetime,,,,,,,
RR_T1-3-20260914-20:16:05-852,attr,ApplicationStrategyNetwork.monitoringServer.app[3],rcvdPkLifetime:stats,unit,s,,,,,,,
RR_T1-3-20260914-20:16:05-852,statistic,ApplicationStrategyNetwork.monitoringServer.app[4],rcvdPkLifetime:stats,,,,599,599,0.011366699752634,0.0010546770420714,0.009149671372,0.013629671372
RR_T1-3-20260914-20:16:05-852,attr,ApplicationStrategyNetwork.monitoringServer.app[4],rcvdPkLifetime:stats,interpolationmode,none,,,,,,,
RR_T1-3-20260914-20:16:05-852,attr,ApplicationStrategyNetwork.monitoringServer.app[4],rcvdPkLifetime:stats,recordingmode,stats,,,,,,,
RR_T1-3-20260914-20:16:05-852,attr,ApplicationStrategyNetwork.monitoringServer.app[4],rcvdPkLifetime:stats,source,dataAge(packetReceived),,,,,,,
RR_T1-3-20260914-20:16:05-852,attr,ApplicationStrategyNetwork.monitoringServer.app[4],rcvdPkLifetime:stats,title,received packet lifetime,,,,,,,
RR_T1-3-20260914-20:16:05-852,attr,ApplicationStrategyNetwork.monitoringServer.app[4],rcvdPkLifetime:stats,unit,s,,,,,,,
RR_T1-3-20260914-20:16:05-852,statistic,ApplicationStrategyNetwork.monitoringServer.app[5],rcvdPkLifetime:stats,,,,599,599,0.011365653573222,0.0010008366258134,0.00914969364,0.01362969364
RR_T1-3-20260914-20:16:05-852,attr,ApplicationStrategyNetwork.monitoringServer.app[5],rcvdPkLifetime:stats,interpolationmode,none,,,,,,,
RR_T1-3-20260914-20:16:05-852,attr,ApplicationStrategyNetwork.monitoringServer.app[5],rcvdPkLifetime:stats,recordingmode,stats,,,,,,,
RR_T1-3-20260914-20:16:05-852,attr,ApplicationStrategyNetwork.monitoringServer.app[5],rcvdPkLifetime:stats,source,dataAge(packetReceived),,,,,,,
RR_T1-3-20260914-20:16:05-852,attr,ApplicationStrategyNetwork.monitoringServer.app[5],rcvdPkLifetime:stats,title,received packet lifetime,,,,,,,
RR_T1-3-20260914-20:16:05-852,attr,ApplicationStrategyNetwork.monitoringServer.app[5],rcvdPkLifetime:stats,unit,s,,,,,,,
RR_T1-3-20260914-20:16:05-852,statistic,ApplicationStrategyNetwork.monitoringServer.app[6],rcvdPkLifetime:stats,,,,599,599,0.011404620625773,0.0010821460577156,0.009149662362,0.013629662362
RR_T1-3-20260914-20:16:05-852,attr,ApplicationStrategyNetwork.monitoringServer.app[6],rcvdPkLifetime:stats,interpolationmode,none,,,,,,,
RR_T1-3-20260914-20:16:05-852,attr,ApplicationStrategyNetwork.monitoringServer.app[6],rcvdPkLifetime:stats,recordingmode,stats,,,,,,,
RR_T1-3-20260914-20:16:05-852,attr,ApplicationStrategyNetwork.monitoringServer.app[6],rcvdPkLifetime:stats,source,dataAge(packetReceived),,,,,,,
RR_T1-3-20260914-20:16:05-852,attr,ApplicationStrategyNetwork.monitoringServer.app[6],rcvdPkLifetime:stats,title,received packet lifetime,,,,,,,
RR_T1-3-20260914-20:16:05-852,attr,ApplicationStrategyNetwork.monitoringServer.app[6],rcvdPkLifetime:stats,unit,s,,,,,,,
RR_T1-3-20260914-20:16:05-852,statistic,ApplicationStrategyNetwork.monitoringServer.app[7],rcvdPkLifetime:stats,,,,599,599,0.011352239964568,0.0010492978518931,0.009149635624,0.013629635624
RR_T1-3-20260914-20:16:05-852,attr,ApplicationStrategyNetwork.monitoringServer.app[7],rcvdPkLifetime:stats,interpolationmode,none,,,,,,,
RR_T1-3-20260914-20:16:05-852,attr,ApplicationStrategyNetwork.monitoringServer.app[7],rcvdPkLifetime:stats,recordingmode,stats,,,,,,,
RR_T1-3-20260914-20:16:05-852,attr,ApplicationStrategyNetwork.monitoringServer.app[7],rcvdPkLifetime:stats,source,dataAge(packetReceived),,,,,,,
RR_T1-3-20260914-20:16:05-852,attr,ApplicationStrategyNetwork.monitoringServer.app[7],rcvdPkLifetime:stats,title,received packet lifetime,,,,,,,
RR_T1-3-20260914-20:16:05-852,attr,ApplicationStrategyNetwork.monitoringServer.app[7],rcvdPkLifetime:stats,unit,s,,,,,,,
RR_T1-3-20260914-20:16:05-852,statistic,ApplicationStrategyNetwork.monitoringServer.app[8],rcvdPkLifetime:stats,,,,599,599,0.011448425021679,0.0010358279820405,0.009149660414,0.013629660414
RR_T1-3-20260914-20:16:05-852,attr,ApplicationStrategyNetwork.monitoringServer.app[8],rcvdPkLifetime:stats,interpolationmode,none,,,,,,,
RR_T1-3-20260914-20:16:05-852,attr,ApplicationStrategyNetwork.monitoringServer.app[8],rcvdPkLifetime:stats,recordingmode,stats,,,,,,,
RR_T1-3-20260914-20:16:05-852,attr,ApplicationStrategyNetwork.monitoringServer.app[8],rcvdPkLifetime:stats,source,dataAge(packetReceived),,,,,,,
RR_T1-3-20260914-20:16:05-852,attr,ApplicationStrategyNetwork.monitoringServer.app[8],rcvdPkLifetime:stats,title,received packet lifetime,,,,,,,
RR_T1-3-20260914-20:16:05-852,attr,ApplicationStrategyNetwork.monitoringServer.app[8],rcvdPkLifetime:stats,unit,s,,,,,,,
RR_T1-3-20260914-20:16:05-852,statistic,ApplicationStrategyNetwork.monitoringServer.app[9],rcvdPkLifetime:stats,,,,599,599,0.01139657071818,0.001016042480926,0.00914962581,0.01362962581
RR_T1-3-20260914-20:16:05-852,attr,ApplicationStrategyNetwork.monitoringServer.app[9],rcvdPkLifetime:stats,interpolationmode,none,,,,,,,
RR_T1-3-20260914-20:16:05-852,attr,ApplicationStrategyNetwork.monitoringServer.app[9],rcvdPkLifetime:stats,recordingmode,stats,,,,,,,
RR_T1-3-20260914-20:16:05-852,attr,ApplicationStrategyNetwork.monitoringServer.app[9],rcvdPkLifetime:stats,source,dataAge(packetReceived),,,,,,,
RR_T1-3-20260914-20:16:05-852,attr,ApplicationStrategyNetwork.monitoringServer.app[9],rcvdPkLifetime:stats,title,received packet lifetime,,,,,,,
RR_T1-3-20260914-20:16:05-852,attr,ApplicationStrategyNetwork.monitoringServer.app[9],rcvdPkLifetime:stats,unit,s,,,,,,,
RR_T1-3-20260914-20:16:05-852,statistic,ApplicationStrategyNetwork.monitoringServer.app[10],rcvdPkLifetime:stats,,,,599,599,0.011391793504825,0.0010651830002577,0.00914965661,0.01362965661
RR_T1-3-20260914-20:16:05-852,attr,ApplicationStrategyNetwork.monitoringServer.app[10],rcvdPkLifetime:stats,interpolationmode,none,,,,,,,
RR_T1-3-20260914-20:16:05-852,attr,ApplicationStrategyNetwork.monitoringServer.app[10],rcvdPkLifetime:stats,recordingmode,stats,,,,,,,
RR_T1-3-20260914-20:16:05-852,attr,ApplicationStrategyNetwork.monitoringServer.app[10],rcvdPkLifetime:stats,source,dataAge(packetReceived),,,,,,,
RR_T1-3-20260914-20:16:05-852,attr,ApplicationStrategyNetwork.monitoringServer.app[10],rcvdPkLifetime:stats,title,received packet lifetime,,,,,,,
RR_T1-3-20260914-20:16:05-852,attr,ApplicationStrategyNetwork.monitoringServer.app[10],rcvdPkLifetime:stats,unit,s,,,,,,,
RR_T1-3-20260914-20:16:05-852,statistic,ApplicationStrategyNetwork.monitoringServer.app[11],rcvdPkLifetime:stats,,,,599,599,0.011356498384217,0.0010045905188387,0.009149620254,0.013629620254
RR_T1-3-20260914-20:16:05-852,attr,ApplicationStrategyNetwork.monitoringServer.app[11],rcvdPkLifetime:stats,interpolationmode,none,,,,,,,
RR_T1-3-20260914-20:16:05-852,attr,ApplicationStrategyNetwork.monitoringServer.app[11],rcvdPkLifetime:stats,recordingmode,stats,,,,,,,
RR_T1-3-20260914-20:16:05-852,attr,ApplicationStrategyNetwork.monitoringServer.app[11],rcvdPkLifetime:stats,source,dataAge(packetReceived),,,,,,,
RR_T1-3-20260914-20:16:05-852,attr,ApplicationStrategyNetwork.monitoringServer.app[11],rcvdPkLifetime:stats,title,received packet lifetime,,,,,,,
RR_T1-3-20260914-20:16:05-852,attr,ApplicationStrategyNetwork.monitoringServer.app[11],rcvdPkLifetime:stats,unit,s,,,,,,,
RR_T1-4-20260914-20:16:31-861,statistic,ApplicationStrategyNetwork.monitoringServer.app[0],rcvdPkLifetime:stats,,,,599,599,0.011326652782671,0.0010483945921894,0.00914969118,0.01362969118
RR_T1-4-20260914-20:16:31-861,attr,ApplicationStrategyNetwork.monitoringServer.app[0],rcvdPkLifetime:stats,interpolationmode,none,,,,,,,
RR_T1-4-20260914-20:16:31-861,attr,ApplicationStrategyNetwork.monitoringServer.app[0],rcvdPkLifetime:stats,recordingmode,stats,,,,,,,
RR_T1-4-20260914-20:16:31-861,attr,ApplicationStrategyNetwork.monitoringServer.app[0],rcvdPkLifetime:stats,source,dataAge(packetReceived),,,,,,,
RR_T1-4-20260914-20:16:31-861,attr,ApplicationStrategyNetwork.monitoringServer.app[0],rcvdPkLifetime:stats,title,received packet lifetime,,,,,,,
RR_T1-4-20260914-20:16:31-861,attr,ApplicationStrategyNetwork.monitoringServer.app[0],rcvdPkLifetime:stats,unit,s,,,,,,,
RR_T1-4-20260914-20:16:31-861,statistic,ApplicationStrategyNetwork.monitoringServer.app[1],rcvdPkLifetime:stats,,,,599,599,0.011388583130588,0.0010260442239437,0.009149651578,0.013629651578
RR_T1-4-20260914-20:16:31-861,attr,ApplicationStrategyNetwork.monitoringServer.app[1],rcvdPkLifetime:stats,interpolationmode,none,,,,,,,
RR_T1-4-20260914-20:16:31-861,attr,ApplicationStrategyNetwork.monitoringServer.app[1],rcvdPkLifetime:stats,recordingmode,stats,,,,,,,
RR_T1-4-20260914-20:16:31-861,attr,ApplicationStrategyNetwork.monitoringServer.app[1],rcvdPkLifetime:stats,source,dataAge(packetReceived),,,,,,,
RR_T1-4-20260914-20:16:31-861,attr,ApplicationStrategyNetwork.monitoringServer.app[1],rcvdPkLifetime:stats,title,received packet lifetime,,,,,,,
RR_T1-4-20260914-20:16:31-861,attr,ApplicationStrategyNetwork.monitoringServer.app[1],rcvdPkLifetime:stats,unit,s,,,,,,,
RR_T1-4-20260914-20:16:31-861,statistic,ApplicationStrategyNetwork.monitoringServer.app[2],rcvdPkLifetime:stats,,,,599,599,0.014389539602167,0.0025322499735581,0.009469689262,0.024300688142
RR_T1-4-20260914-20:16:31-861,attr,ApplicationStrategyNetwork.monitoringServer.app[2],rcvdPkLifetime:stats,interpolationmode,none,,,,,,,
RR_T1-4-20260914-20:16:31-861,attr,ApplicationStrategyNetwork.monitoringServer.app[2],rcvdPkLifetime:stats,recordingmode,stats,,,,,,,
RR_T1-4-20260914-20:16:31-861,attr,ApplicationStrategyNetwork.monitoringServer.app[2],rcvdPkLifetime:stats,source,dataAge(packetReceived),,,,,,,
RR_T1-4-20260914-20:16:31-861,attr,ApplicationStrategyNetwork.monitoringServer.app[2],rcvdPkLifetime:stats,title,received packet lifetime,,,,,,,
RR_T1-4-20260914-20:16:31-861,attr,ApplicationStrategyNetwork.monitoringServer.app[2],rcvdPkLifetime:stats,unit,s,,,,,,,
RR_T1-4-20260914-20:16:31-861,statistic,ApplicationStrategyNetwork.monitoringServer.app[3],rcvdPkLifetime:stats,,,,599,599,0.011536241088975,0.0020527581945609,0.009149650104,0.032077650104
RR_T1-4-20260914-20:16:31-861,attr,ApplicationStrategyNetwork.monitoringServer.app[3],rcvdPkLifetime:stats,interpolationmode,none,,,,,,,
RR_T1-4-20260914-20:16:31-861,attr,ApplicationStrategyNetwork.monitoringServer.app[3],rcvdPkLifetime:stats,recordingmode,stats,,,,,,,
RR_T1-4-20260914-20:16:31-861,attr,ApplicationStrategyNetwork.monitoringServer.app[3],rcvdPkLifetime:stats,source,dataAge(packetReceived),,,,,,,
RR_T1-4-20260914-20:16:31-861,attr,ApplicationStrategyNetwork.monitoringServer.app[3],rcvdPkLifetime:stats,title,received packet lifetime,,,,,,,
RR_T1-4-20260914-20:16:31-861,attr,ApplicationStrategyNetwork.monitoringServer.app[3],rcvdPkLifetime:stats,unit,s,,,,,,,
RR_T1-4-20260914-20:16:31-861,statistic,ApplicationStrategyNetwork.monitoringServer.app[4],rcvdPkLifetime:stats,,,,598,598,0.015897982282161,0.0061776804238282,0.009149647834,0.040605647834
RR_T1-4-20260914-20:16:31-861,attr,ApplicationStrategyNetwork.monitoringServer.app[4],rcvdPkLifetime:stats,interpolationmode,none,,,,,,,
RR_T1-4-20260914-20:16:31-861,attr,ApplicationStrategyNetwork.monitoringServer.app[4],rcvdPkLifetime:stats,recordingmode,stats,,,,,,,
RR_T1-4-20260914-20:16:31-861,attr,ApplicationStrategyNetwork.monitoringServer.app[4],rcvdPkLifetime:stats,source,dataAge(packetReceived),,,,,,,
RR_T1-4-20260914-20:16:31-861,attr,ApplicationStrategyNetwork.monitoringServer.app[4],rcvdPkLifetime:stats,title,received packet lifetime,,,,,,,
RR_T1-4-20260914-20:16:31-861,attr,ApplicationStrategyNetwork.monitoringServer.app[4],rcvdPkLifetime:stats,unit,s,,,,,,,
RR_T1-4-20260914-20:16:31-861,statistic,ApplicationStrategyNetwork.monitoringServer.app[5],rcvdPkLifetime:stats,,,,599,599,0.011320198536197,0.0010169747567407,0.009149647618,0.013629647618
RR_T1-4-20260914-20:16:31-861,attr,ApplicationStrategyNetwork.monitoringServer.app[5],rcvdPkLifetime:stats,interpolationmode,none,,,,,,,
RR_T1-4-20260914-20:16:31-861,attr,ApplicationStrategyNetwork.monitoringServer.app[5],rcvdPkLifetime:stats,recordingmode,stats,,,,,,,
RR_T1-4-20260914-20:16:31-861,attr,ApplicationStrategyNetwork.monitoringServer.app[5],rcvdPkLifetime:stats,source,dataAge(packetReceived),,,,,,,
RR_T1-4-20260914-20:16:31-861,attr,ApplicationStrategyNetwork.monitoringServer.app[5],rcvdPkLifetime:stats,title,received packet lifetime,,,,,,,
RR_T1-4-20260914-20:16:31-861,attr,ApplicationStrategyNetwork.monitoringServer.app[5],rcvdPkLifetime:stats,unit,s,,,,,,,
RR_T1-4-20260914-20:16:31-861,statistic,ApplicationStrategyNetwork.monitoringServer.app[6],rcvdPkLifetime:stats,,,,599,599,0.011373661680815,0.00101247845146,0.009149688392,0.013629688392
RR_T1-4-20260914-20:16:31-861,attr,ApplicationStrategyNetwork.monitoringServer.app[6],rcvdPkLifetime:stats,interpolationmode,none,,,,,,,
RR_T1-4-20260914-20:16:31-861,attr,ApplicationStrategyNetwork.monitoringServer.app[6],rcvdPkLifetime:stats,recordingmode,stats,,,,,,,
RR_T1-4-20260914-20:16:31-861,attr,ApplicationStrategyNetwork.monitoringServer.app[6],rcvdPkLifetime:stats,source,dataAge(packetReceived),,,,,,,
RR_T1-4-20260914-20:16:31-861,attr,ApplicationStrategyNetwork.monitoringServer.app[6],rcvdPkLifetime:stats,title,received packet lifetime,,,,,,,
RR_T1-4-20260914-20:16:31-861,attr,ApplicationStrategyNetwork.monitoringServer.app[6],rcvdPkLifetime:stats,unit,s,,,,,,,
RR_T1-4-20260914-20:16:31-861,statistic,ApplicationStrategyNetwork.monitoringServer.app[7],rcvdPkLifetime:stats,,,,599,599,0.011417955230427,0.00096961168398326,0.009149641374,0.013629641374
RR_T1-4-20260914-20:16:31-861,attr,ApplicationStrategyNetwork.monitoringServer.app[7],rcvdPkLifetime:stats,interpolationmode,none,,,,,,,
RR_T1-4-20260914-20:16:31-861,attr,ApplicationStrategyNetwork.monitoringServer.app[7],rcvdPkLifetime:stats,recordingmode,stats,,,,,,,
RR_T1-4-20260914-20:16:31-861,attr,ApplicationStrategyNetwork.monitoringServer.app[7],rcvdPkLifetime:stats,source,dataAge(packetReceived),,,,,,,
RR_T1-4-20260914-20:16:31-861,attr,ApplicationStrategyNetwork.monitoringServer.app[7],rcvdPkLifetime:stats,title,received packet lifetime,,,,,,,
RR_T1-4-20260914-20:16:31-861,attr,ApplicationStrategyNetwork.monitoringServer.app[7],rcvdPkLifetime:stats,unit,s,,,,,,,
RR_T1-4-20260914-20:16:31-861,statistic,ApplicationStrategyNetwork.monitoringServer.app[8],rcvdPkLifetime:stats,,,,599,599,0.011424370060902,0.0010435808958599,0.00914964552,0.01362964552
RR_T1-4-20260914-20:16:31-861,attr,ApplicationStrategyNetwork.monitoringServer.app[8],rcvdPkLifetime:stats,interpolationmode,none,,,,,,,
RR_T1-4-20260914-20:16:31-861,attr,ApplicationStrategyNetwork.monitoringServer.app[8],rcvdPkLifetime:stats,recordingmode,stats,,,,,,,
RR_T1-4-20260914-20:16:31-861,attr,ApplicationStrategyNetwork.monitoringServer.app[8],rcvdPkLifetime:stats,source,dataAge(packetReceived),,,,,,,
RR_T1-4-20260914-20:16:31-861,attr,ApplicationStrategyNetwork.monitoringServer.app[8],rcvdPkLifetime:stats,title,received packet lifetime,,,,,,,
RR_T1-4-20260914-20:16:31-861,attr,ApplicationStrategyNetwork.monitoringServer.app[8],rcvdPkLifetime:stats,unit,s,,,,,,,
RR_T1-4-20260914-20:16:31-861,statistic,ApplicationStrategyNetwork.monitoringServer.app[9],rcvdPkLifetime:stats,,,,599,599,0.011427549893139,0.00098731133251632,0.00914962001,0.01362962001
RR_T1-4-20260914-20:16:31-861,attr,ApplicationStrategyNetwork.monitoringServer.app[9],rcvdPkLifetime:stats,interpolationmode,none,,,,,,,
RR_T1-4-20260914-20:16:31-861,attr,ApplicationStrategyNetwork.monitoringServer.app[9],rcvdPkLifetime:stats,recordingmode,stats,,,,,,,
RR_T1-4-20260914-20:16:31-861,attr,ApplicationStrategyNetwork.monitoringServer.app[9],rcvdPkLifetime:stats,source,dataAge(packetReceived),,,,,,,
RR_T1-4-20260914-20:16:31-861,attr,ApplicationStrategyNetwork.monitoringServer.app[9],rcvdPkLifetime:stats,title,received packet lifetime,,,,,,,
RR_T1-4-20260914-20:16:31-861,attr,ApplicationStrategyNetwork.monitoringServer.app[9],rcvdPkLifetime:stats,unit,s,,,,,,,
RR_T1-4-20260914-20:16:31-861,statistic,ApplicationStrategyNetwork.monitoringServer.app[10],rcvdPkLifetime:stats,,,,599,599,0.017602113974038,0.0046421318325895,0.009149684712,0.038166012249
RR_T1-4-20260914-20:16:31-861,attr,ApplicationStrategyNetwork.monitoringServer.app[10],rcvdPkLifetime:stats,interpolationmode,none,,,,,,,
RR_T1-4-20260914-20:16:31-861,attr,ApplicationStrategyNetwork.monitoringServer.app[10],rcvdPkLifetime:stats,recordingmode,stats,,,,,,,
RR_T1-4-20260914-20:16:31-861,attr,ApplicationStrategyNetwork.monitoringServer.app[10],rcvdPkLifetime:stats,source,dataAge(packetReceived),,,,,,,
RR_T1-4-20260914-20:16:31-861,attr,ApplicationStrategyNetwork.monitoringServer.app[10],rcvdPkLifetime:stats,title,received packet lifetime,,,,,,,
RR_T1-4-20260914-20:16:31-861,attr,ApplicationStrategyNetwork.monitoringServer.app[10],rcvdPkLifetime:stats,unit,s,,,,,,,
RR_T1-4-20260914-20:16:31-861,statistic,ApplicationStrategyNetwork.monitoringServer.app[11],rcvdPkLifetime:stats,,,,599,599,0.011416325201309,0.0010653319399134,0.009149614016,0.013629614016
RR_T1-4-20260914-20:16:31-861,attr,ApplicationStrategyNetwork.monitoringServer.app[11],rcvdPkLifetime:stats,interpolationmode,none,,,,,,,
RR_T1-4-20260914-20:16:31-861,attr,ApplicationStrategyNetwork.monitoringServer.app[11],rcvdPkLifetime:stats,recordingmode,stats,,,,,,,
RR_T1-4-20260914-20:16:31-861,attr,ApplicationStrategyNetwork.monitoringServer.app[11],rcvdPkLifetime:stats,source,dataAge(packetReceived),,,,,,,
RR_T1-4-20260914-20:16:31-861,attr,ApplicationStrategyNetwork.monitoringServer.app[11],rcvdPkLifetime:stats,title,received packet lifetime,,,,,,,
RR_T1-4-20260914-20:16:31-861,attr,ApplicationStrategyNetwork.monitoringServer.app[11],rcvdPkLifetime:stats,unit,s,,,,,,,
RR_T10-0-20260914-20:19:11-1074,statistic,ApplicationStrategyNetwork.monitoringServer.app[0],rcvdPkLifetime:stats,,,,60,60,0.011170963571333,0.0011834672797588,0.009149630238,0.013309630238
RR_T10-0-20260914-20:19:11-1074,attr,ApplicationStrategyNetwork.monitoringServer.app[0],rcvdPkLifetime:stats,interpolationmode,none,,,,,,,
RR_T10-0-20260914-20:19:11-1074,attr,ApplicationStrategyNetwork.monitoringServer.app[0],rcvdPkLifetime:stats,recordingmode,stats,,,,,,,
RR_T10-0-20260914-20:19:11-1074,attr,ApplicationStrategyNetwork.monitoringServer.app[0],rcvdPkLifetime:stats,source,dataAge(packetReceived),,,,,,,
RR_T10-0-20260914-20:19:11-1074,attr,ApplicationStrategyNetwork.monitoringServer.app[0],rcvdPkLifetime:stats,title,received packet lifetime,,,,,,,
RR_T10-0-20260914-20:19:11-1074,attr,ApplicationStrategyNetwork.monitoringServer.app[0],rcvdPkLifetime:stats,unit,s,,,,,,,
RR_T10-0-20260914-20:19:11-1074,statistic,ApplicationStrategyNetwork.monitoringServer.app[1],rcvdPkLifetime:stats,,,,60,60,0.011133662162,0.0010552519178703,0.009149662162,0.013629662162
RR_T10-0-20260914-20:19:11-1074,attr,ApplicationStrategyNetwork.monitoringServer.app[1],rcvdPkLifetime:stats,interpolationmode,none,,,,,,,
RR_T10-0-20260914-20:19:11-1074,attr,ApplicationStrategyNetwork.monitoringServer.app[1],rcvdPkLifetime:stats,recordingmode,stats,,,,,,,
RR_T10-0-20260914-20:19:11-1074,attr,ApplicationStrategyNetwork.monitoringServer.app[1],rcvdPkLifetime:stats,source,dataAge(packetReceived),,,,,,,
RR_T10-0-20260914-20:19:11-1074,attr,ApplicationStrategyNetwork.monitoringServer.app[1],rcvdPkLifetime:stats,title,received packet lifetime,,,,,,,
RR_T10-0-20260914-20:19:11-1074,attr,ApplicationStrategyNetwork.monitoringServer.app[1],rcvdPkLifetime:stats,unit,s,,,,,,,
RR_T10-0-20260914-20:19:11-1074,statistic,ApplicationStrategyNetwork.monitoringServer.app[2],rcvdPkLifetime:stats,,,,60,60,0.011405653344,0.0010397183451724,0.009149653344,0.013629653344
RR_T10-0-20260914-20:19:11-1074,attr,ApplicationStrategyNetwork.monitoringServer.app[2],rcvdPkLifetime:stats,interpolationmode,none,,,,,,,
RR_T10-0-20260914-20:19:11-1074,attr,ApplicationStrategyNetwork.monitoringServer.app[2],rcvdPkLifetime:stats,recordingmode,stats,,,,,,,
RR_T10-0-20260914-20:19:11-1074,attr,ApplicationStrategyNetwork.monitoringServer.app[2],rcvdPkLifetime:stats,source,dataAge(packetReceived),,,,,,,
RR_T10-0-20260914-20:19:11-1074,attr,ApplicationStrategyNetwork.monitoringServer.app[2],rcvdPkLifetime:stats,title,received packet lifetime,,,,,,,
RR_T10-0-20260914-20:19:11-1074,attr,ApplicationStrategyNetwork.monitoringServer.app[2],rcvdPkLifetime:stats,unit,s,,,,,,,
RR_T10-0-20260914-20:19:11-1074,statistic,ApplicationStrategyNetwork.monitoringServer.app[3],rcvdPkLifetime:stats,,,,60,60,0.011346981267333,0.00094168595050458,0.009469647934,0.013309647934
RR_T10-0-20260914-20:19:11-1074,attr,ApplicationStrategyNetwork.monitoringServer.app[3],rcvdPkLifetime:stats,interpolationmode,none,,,,,,,
RR_T10-0-20260914-20:19:11-1074,attr,ApplicationStrategyNetwork.monitoringServer.app[3],rcvdPkLifetime:stats,recordingmode,stats,,,,,,,
RR_T10-0-20260914-20:19:11-1074,attr,ApplicationStrategyNetwork.monitoringServer.app[3],rcvdPkLifetime:stats,source,dataAge(packetReceived),,,,,,,
RR_T10-0-20260914-20:19:11-1074,attr,ApplicationStrategyNetwork.monitoringServer.app[3],rcvdPkLifetime:stats,title,received packet lifetime,,,,,,,
RR_T10-0-20260914-20:19:11-1074,attr,ApplicationStrategyNetwork.monitoringServer.app[3],rcvdPkLifetime:stats,unit,s,,,,,,,
RR_T10-0-20260914-20:19:11-1074,statistic,ApplicationStrategyNetwork.monitoringServer.app[4],rcvdPkLifetime:stats,,,,60,60,0.011026951593333,0.00096174605807643,0.00914961826,0.01298961826
RR_T10-0-20260914-20:19:11-1074,attr,ApplicationStrategyNetwork.monitoringServer.app[4],rcvdPkLifetime:stats,interpolationmode,none,,,,,,,
RR_T10-0-20260914-20:19:11-1074,attr,ApplicationStrategyNetwork.monitoringServer.app[4],rcvdPkLifetime:stats,recordingmode,stats,,,,,,,
RR_T10-0-20260914-20:19:11-1074,attr,ApplicationStrategyNetwork.monitoringServer.app[4],rcvdPkLifetime:stats,source,dataAge(packetReceived),,,,,,,
RR_T10-0-20260914-20:19:11-1074,attr,ApplicationStrategyNetwork.monitoringServer.app[4],rcvdPkLifetime:stats,title,received packet lifetime,,,,,,,
RR_T10-0-20260914-20:19:11-1074,attr,ApplicationStrategyNetwork.monitoringServer.app[4],rcvdPkLifetime:stats,unit,s,,,,,,,
RR_T10-0-20260914-20:19:11-1074,statistic,ApplicationStrategyNetwork.monitoringServer.app[5],rcvdPkLifetime:stats,,,,60,60,0.011325644348,0.0010601745938722,0.009469644348,0.013309644348
RR_T10-0-20260914-20:19:11-1074,attr,ApplicationStrategyNetwork.monitoringServer.app[5],rcvdPkLifetime:stats,interpolationmode,none,,,,,,,
RR_T10-0-20260914-20:19:11-1074,attr,ApplicationStrategyNetwork.monitoringServer.app[5],rcvdPkLifetime:stats,recordingmode,stats,,,,,,,
RR_T10-0-20260914-20:19:11-1074,attr,ApplicationStrategyNetwork.monitoringServer.app[5],rcvdPkLifetime:stats,source,dataAge(packetReceived),,,,,,,
RR_T10-0-20260914-20:19:11-1074,attr,ApplicationStrategyNetwork.monitoringServer.app[5],rcvdPkLifetime:stats,title,received packet lifetime,,,,,,,
RR_T10-0-20260914-20:19:11-1074,attr,ApplicationStrategyNetwork.monitoringServer.app[5],rcvdPkLifetime:stats,unit,s,,,,,,,
RR_T10-0-20260914-20:19:11-1074,statistic,ApplicationStrategyNetwork.monitoringServer.app[6],rcvdPkLifetime:stats,,,,60,60,0.011464298538667,0.0010659975302331,0.009149631872,0.013629631872
RR_T10-0-20260914-20:19:11-1074,attr,ApplicationStrategyNetwork.monitoringServer.app[6],rcvdPkLifetime:stats,interpolationmode,none,,,,,,,
RR_T10-0-20260914-20:19:11-1074,attr,ApplicationStrategyNetwork.monitoringServer.app[6],rcvdPkLifetime:stats,recordingmode,stats,,,,,,,
RR_T10-0-20260914-20:19:11-1074,attr,ApplicationStrategyNetwork.monitoringServer.app[6],rcvdPkLifetime:stats,source,dataAge(packetReceived),,,,,,,
RR_T10-0-20260914-20:19:11-1074,attr,ApplicationStrategyNetwork.monitoringServer.app[6],rcvdPkLifetime:stats,title,received packet lifetime,,,,,,,
RR_T10-0-20260914-20:19:11-1074,attr,ApplicationStrategyNetwork.monitoringServer.app[6],rcvdPkLifetime:stats,unit,s,,,,,,,
RR_T10-0-20260914-20:19:11-1074,statistic,ApplicationStrategyNetwork.monitoringServer.app[7],rcvdPkLifetime:stats,,,,60,60,0.011384356972667,0.0010710733831492,0.009149690306,0.013629690306
RR_T10-0-20260914-20:19:11-1074,attr,ApplicationStrategyNetwork.monitoringServer.app[7],rcvdPkLifetime:stats,interpolationmode,none,,,,,,,
RR_T10-0-20260914-20:19:11-1074,attr,ApplicationStrategyNetwork.monitoringServer.app[7],rcvdPkLifetime:stats,recordingmode,stats,,,,,,,
RR_T10-0-20260914-20:19:11-1074,attr,ApplicationStrategyNetwork.monitoringServer.app[7],rcvdPkLifetime:stats,source,dataAge(packetReceived),,,,,,,
RR_T10-0-20260914-20:19:11-1074,attr,ApplicationStrategyNetwork.monitoringServer.app[7],rcvdPkLifetime:stats,title,received packet lifetime,,,,,,,
RR_T10-0-20260914-20:19:11-1074,attr,ApplicationStrategyNetwork.monitoringServer.app[7],rcvdPkLifetime:stats,unit,s,,,,,,,
RR_T10-0-20260914-20:19:11-1074,statistic,ApplicationStrategyNetwork.monitoringServer.app[8],rcvdPkLifetime:stats,,,,60,60,0.011304351424667,0.0010635525162406,0.009149684758,0.013309684758
RR_T10-0-20260914-20:19:11-1074,attr,ApplicationStrategyNetwork.monitoringServer.app[8],rcvdPkLifetime:stats,interpolationmode,none,,,,,,,
RR_T10-0-20260914-20:19:11-1074,attr,ApplicationStrategyNetwork.monitoringServer.app[8],rcvdPkLifetime:stats,recordingmode,stats,,,,,,,
RR_T10-0-20260914-20:19:11-1074,attr,ApplicationStrategyNetwork.monitoringServer.app[8],rcvdPkLifetime:stats,source,dataAge(packetReceived),,,,,,,
RR_T10-0-20260914-20:19:11-1074,attr,ApplicationStrategyNetwork.monitoringServer.app[8],rcvdPkLifetime:stats,title,received packet lifetime,,,,,,,
RR_T10-0-20260914-20:19:11-1074,attr,ApplicationStrategyNetwork.monitoringServer.app[8],rcvdPkLifetime:stats,unit,s,,,,,,,
RR_T10-0-20260914-20:19:11-1074,statistic,ApplicationStrategyNetwork.monitoringServer.app[9],rcvdPkLifetime:stats,,,,60,60,0.011474944455333,0.0010520673218557,0.009149611122,0.013309611122
RR_T10-0-20260914-20:19:11-1074,attr,ApplicationStrategyNetwork.monitoringServer.app[9],rcvdPkLifetime:stats,interpolationmode,none,,,,,,,
RR_T10-0-20260914-20:19:11-1074,attr,ApplicationStrategyNetwork.monitoringServer.app[9],rcvdPkLifetime:stats,recordingmode,stats,,,,,,,
RR_T10-0-20260914-20:19:11-1074,attr,ApplicationStrategyNetwork.monitoringServer.app[9],rcvdPkLifetime:stats,source,dataAge(packetReceived),,,,,,,
RR_T10-0-20260914-20:19:11-1074,attr,ApplicationStrategyNetwork.monitoringServer.app[9],rcvdPkLifetime:stats,title,received packet lifetime,,,,,,,
RR_T10-0-20260914-20:19:11-1074,attr,ApplicationStrategyNetwork.monitoringServer.app[9],rcvdPkLifetime:stats,unit,s,,,,,,,
RR_T10-0-20260914-20:19:11-1074,statistic,ApplicationStrategyNetwork.monitoringServer.app[10],rcvdPkLifetime:stats,,,,60,60,0.011437667636,0.0010812873683167,0.009149667636,0.013629667636
RR_T10-0-20260914-20:19:11-1074,attr,ApplicationStrategyNetwork.monitoringServer.app[10],rcvdPkLifetime:stats,interpolationmode,none,,,,,,,
RR_T10-0-20260914-20:19:11-1074,attr,ApplicationStrategyNetwork.monitoringServer.app[10],rcvdPkLifetime:stats,recordingmode,stats,,,,,,,
RR_T10-0-20260914-20:19:11-1074,attr,ApplicationStrategyNetwork.monitoringServer.app[10],rcvdPkLifetime:stats,source,dataAge(packetReceived),,,,,,,
RR_T10-0-20260914-20:19:11-1074,attr,ApplicationStrategyNetwork.monitoringServer.app[10],rcvdPkLifetime:stats,title,received packet lifetime,,,,,,,
RR_T10-0-20260914-20:19:11-1074,attr,ApplicationStrategyNetwork.monitoringServer.app[10],rcvdPkLifetime:stats,unit,s,,,,,,,
RR_T10-0-20260914-20:19:11-1074,statistic,ApplicationStrategyNetwork.monitoringServer.app[11],rcvdPkLifetime:stats,,,,60,60,0.011576294092667,0.0010626137692498,0.009149627426,0.013629627426
RR_T10-0-20260914-20:19:11-1074,attr,ApplicationStrategyNetwork.monitoringServer.app[11],rcvdPkLifetime:stats,interpolationmode,none,,,,,,,
RR_T10-0-20260914-20:19:11-1074,attr,ApplicationStrategyNetwork.monitoringServer.app[11],rcvdPkLifetime:stats,recordingmode,stats,,,,,,,
RR_T10-0-20260914-20:19:11-1074,attr,ApplicationStrategyNetwork.monitoringServer.app[11],rcvdPkLifetime:stats,source,dataAge(packetReceived),,,,,,,
RR_T10-0-20260914-20:19:11-1074,attr,ApplicationStrategyNetwork.monitoringServer.app[11],rcvdPkLifetime:stats,title,received packet lifetime,,,,,,,
RR_T10-0-20260914-20:19:11-1074,attr,ApplicationStrategyNetwork.monitoringServer.app[11],rcvdPkLifetime:stats,unit,s,,,,,,,
RR_T10-1-20260914-20:19:14-1079,statistic,ApplicationStrategyNetwork.monitoringServer.app[0],rcvdPkLifetime:stats,,,,60,60,0.015905657936,0.0061545478843706,0.009149657936,0.031821657936
RR_T10-1-20260914-20:19:14-1079,attr,ApplicationStrategyNetwork.monitoringServer.app[0],rcvdPkLifetime:stats,interpolationmode,none,,,,,,,
RR_T10-1-20260914-20:19:14-1079,attr,ApplicationStrategyNetwork.monitoringServer.app[0],rcvdPkLifetime:stats,recordingmode,stats,,,,,,,
RR_T10-1-20260914-20:19:14-1079,attr,ApplicationStrategyNetwork.monitoringServer.app[0],rcvdPkLifetime:stats,source,dataAge(packetReceived),,,,,,,
RR_T10-1-20260914-20:19:14-1079,attr,ApplicationStrategyNetwork.monitoringServer.app[0],rcvdPkLifetime:stats,title,received packet lifetime,,,,,,,
RR_T10-1-20260914-20:19:14-1079,attr,ApplicationStrategyNetwork.monitoringServer.app[0],rcvdPkLifetime:stats,unit,s,,,,,,,
RR_T10-1-20260914-20:19:14-1079,statistic,ApplicationStrategyNetwork.monitoringServer.app[1],rcvdPkLifetime:stats,,,,60,60,0.011405669594,0.0011745366197727,0.009149669594,0.013629669594
RR_T10-1-20260914-20:19:14-1079,attr,ApplicationStrategyNetwork.monitoringServer.app[1],rcvdPkLifetime:stats,interpolationmode,none,,,,,,,
RR_T10-1-20260914-20:19:14-1079,attr,ApplicationStrategyNetwork.monitoringServer.app[1],rcvdPkLifetime:stats,recordingmode,stats,,,,,,,
RR_T10-1-20260914-20:19:14-1079,attr,ApplicationStrategyNetwork.monitoringServer.app[1],rcvdPkLifetime:stats,source,dataAge(packetReceived),,,,,,,
RR_T10-1-20260914-20:19:14-1079,attr,ApplicationStrategyNetwork.monitoringServer.app[1],rcvdPkLifetime:stats,title,received packet lifetime,,,,,,,
RR_T10-1-20260914-20:19:14-1079,attr,ApplicationStrategyNetwork.monitoringServer.app[1],rcvdPkLifetime:stats,unit,s,,,,,,,
RR_T10-1-20260914-20:19:14-1079,statistic,ApplicationStrategyNetwork.monitoringServer.app[2],rcvdPkLifetime:stats,,,,60,60,0.020085531005667,0.0038322865939084,0.013173264339,0.028853264339
RR_T10-1-20260914-20:19:14-1079,attr,ApplicationStrategyNetwork.monitoringServer.app[2],rcvdPkLifetime:stats,interpolationmode,none,,,,,,,
RR_T10-1-20260914-20:19:14-1079,attr,ApplicationStrategyNetwork.monitoringServer.app[2],rcvdPkLifetime:stats,recordingmode,stats,,,,,,,
RR_T10-1-20260914-20:19:14-1079,attr,ApplicationStrategyNetwork.monitoringServer.app[2],rcvdPkLifetime:stats,source,dataAge(packetReceived),,,,,,,
RR_T10-1-20260914-20:19:14-1079,attr,ApplicationStrategyNetwork.monitoringServer.app[2],rcvdPkLifetime:stats,title,received packet lifetime,,,,,,,
RR_T10-1-20260914-20:19:14-1079,attr,ApplicationStrategyNetwork.monitoringServer.app[2],rcvdPkLifetime:stats,unit,s,,,,,,,
RR_T10-1-20260914-20:19:14-1079,statistic,ApplicationStrategyNetwork.monitoringServer.app[3],rcvdPkLifetime:stats,,,,60,60,0.011474989925333,0.0010437862412936,0.009149656592,0.013629656592
RR_T10-1-20260914-20:19:14-1079,attr,ApplicationStrategyNetwork.monitoringServer.app[3],rcvdPkLifetime:stats,interpolationmode,none,,,,,,,
RR_T10-1-20260914-20:19:14-1079,attr,ApplicationStrategyNetwork.monitoringServer.app[3],rcvdPkLifetime:stats,recordingmode,stats,,,,,,,
RR_T10-1-20260914-20:19:14-1079,attr,ApplicationStrategyNetwork.monitoringServer.app[3],rcvdPkLifetime:stats,source,dataAge(packetReceived),,,,,,,
RR_T10-1-20260914-20:19:14-1079,attr,ApplicationStrategyNetwork.monitoringServer.app[3],rcvdPkLifetime:stats,title,received packet lifetime,,,,,,,
RR_T10-1-20260914-20:19:14-1079,attr,ApplicationStrategyNetwork.monitoringServer.app[3],rcvdPkLifetime:stats,unit,s,,,,,,,
RR_T10-1-20260914-20:19:14-1079,statistic,ApplicationStrategyNetwork.monitoringServer.app[4],rcvdPkLifetime:stats,,,,60,60,0.011592306548667,0.00094811475145167,0.009469639882,0.013629639882
RR_T10-1-20260914-20:19:14-1079,attr,ApplicationStrategyNetwork.monitoringServer.app[4],rcvdPkLifetime:stats,interpolationmode,none,,,,,,,
RR_T10-1-20260914-20:19:14-1079,attr,ApplicationStrategyNetwork.monitoringServer.app[4],rcvdPkLifetime:stats,recordingmode,stats,,,,,,,
RR_T10-1-20260914-20:19:14-1079,attr,ApplicationStrategyNetwork.monitoringServer.app[4],rcvdPkLifetime:stats,source,dataAge(packetReceived),,,,,,,
RR_T10-1-20260914-20:19:14-1079,attr,ApplicationStrategyNetwork.monitoringServer.app[4],rcvdPkLifetime:stats,title,received packet lifetime,,,,,,,
RR_T10-1-20260914-20:19:14-1079,attr,ApplicationStrategyNetwork.monitoringServer.app[4],rcvdPkLifetime:stats,unit,s,,,,,,,
RR_T10-1-20260914-20:19:14-1079,statistic,ApplicationStrategyNetwork.monitoringServer.app[5],rcvdPkLifetime:stats,,,,60,60,0.011362963395333,0.00097754217329186,0.009149630062,0.013309630062
RR_T10-1-20260914-20:19:14-1079,attr,ApplicationStrategyNetwork.monitoringServer.app[5],rcvdPkLifetime:stats,interpolationmode,none,,,,,,,
RR_T10-1-20260914-20:19:14-1079,attr,ApplicationStrategyNetwork.monitoringServer.app[5],rcvdPkLifetime:stats,recordingmode,stats,,,,,,,
RR_T10-1-20260914-20:19:14-1079,attr,ApplicationStrategyNetwork.monitoringServer.app[5],rcvdPkLifetime:stats,source,dataAge(packetReceived),,,,,,,
RR_T10-1-20260914-20:19:14-1079,attr,ApplicationStrategyNetwork.monitoringServer.app[5],rcvdPkLifetime:stats,title,received packet lifetime,,,,,,,
RR_T10-1-20260914-20:19:14-1079,attr,ApplicationStrategyNetwork.monitoringServer.app[5],rcvdPkLifetime:stats,unit,s,,,,,,,
RR_T10-1-20260914-20:19:14-1079,statistic,ApplicationStrategyNetwork.monitoringServer.app[6],rcvdPkLifetime:stats,,,,60,60,0.011432288742667,0.00095813000545041,0.009149622076,0.013309622076
RR_T10-1-20260914-20:19:14-1079,attr,ApplicationStrategyNetwork.monitoringServer.app[6],rcvdPkLifetime:stats,interpolationmode,none,,,,,,,
RR_T10-1-20260914-20:19:14-1079,attr,ApplicationStrategyNetwork.monitoringServer.app[6],rcvdPkLifetime:stats,recordingmode,stats,,,,,,,
RR_T10-1-20260914-20:19:14-1079,attr,ApplicationStrategyNetwork.monitoringServer.app[6],rcvdPkLifetime:stats,source,dataAge(packetReceived),,,,,,,
RR_T10-1-20260914-20:19:14-1079,attr,ApplicationStrategyNetwork.monitoringServer.app[6],rcvdPkLifetime:stats,title,received packet lifetime,,,,,,,
RR_T10-1-20260914-20:19:14-1079,attr,ApplicationStrategyNetwork.monitoringServer.app[6],rcvdPkLifetime:stats,unit,s,,,,,,,
RR_T10-1-20260914-20:19:14-1079,statistic,ApplicationStrategyNetwork.monitoringServer.app[7],rcvdPkLifetime:stats,,,,60,60,0.011277617712,0.0010716133884185,0.009469617712,0.013309617712
RR_T10-1-20260914-20:19:14-1079,attr,ApplicationStrategyNetwork.monitoringServer.app[7],rcvdPkLifetime:stats,interpolationmode,none,,,,,,,
RR_T10-1-20260914-20:19:14-1079,attr,ApplicationStrategyNetwork.monitoringServer.app[7],rcvdPkLifetime:stats,recordingmode,stats,,,,,,,
RR_T10-1-20260914-20:19:14-1079,attr,ApplicationStrategyNetwork.monitoringServer.app[7],rcvdPkLifetime:stats,source,dataAge(packetReceived),,,,,,,
RR_T10-1-20260914-20:19:14-1079,attr,ApplicationStrategyNetwork.monitoringServer.app[7],rcvdPkLifetime:stats,title,received packet lifetime,,,,,,,
RR_T10-1-20260914-20:19:14-1079,attr,ApplicationStrategyNetwork.monitoringServer.app[7],rcvdPkLifetime:stats,unit,s,,,,,,,
RR_T10-1-20260914-20:19:14-1079,statistic,ApplicationStrategyNetwork.monitoringServer.app[8],rcvdPkLifetime:stats,,,,60,60,0.011288316842667,0.00097967041615772,0.009149650176,0.013629650176
RR_T10-1-20260914-20:19:14-1079,attr,ApplicationStrategyNetwork.monitoringServer.app[8],rcvdPkLifetime:stats,interpolationmode,none,,,,,,,
RR_T10-1-20260914-20:19:14-1079,attr,ApplicationStrategyNetwork.monitoringServer.app[8],rcvdPkLifetime:stats,recordingmode,stats,,,,,,,
RR_T10-1-20260914-20:19:14-1079,attr,ApplicationStrategyNetwork.monitoringServer.app[8],rcvdPkLifetime:stats,source,dataAge(packetReceived),,,,,,,
RR_T10-1-20260914-20:19:14-1079,attr,ApplicationStrategyNetwork.monitoringServer.app[8],rcvdPkLifetime:stats,title,received packet lifetime,,,,,,,
RR_T10-1-20260914-20:19:14-1079,attr,ApplicationStrategyNetwork.monitoringServer.app[8],rcvdPkLifetime:stats,unit,s,,,,,,,
RR_T10-1-20260914-20:19:14-1079,statistic,ApplicationStrategyNetwork.monitoringServer.app[9],rcvdPkLifetime:stats,,,,60,60,0.011218980743333,0.001049755204179,0.00914964741,0.01298964741
RR_T10-1-20260914-20:19:14-1079,attr,ApplicationStrategyNetwork.monitoringServer.app[9],rcvdPkLifetime:stats,interpolationmode,none,,,,,,,
RR_T10-1-20260914-20:19:14-1079,attr,ApplicationStrategyNetwork.monitoringServer.app[9],rcvdPkLifetime:stats,recordingmode,stats,,,,,,,
RR_T10-1-20260914-20:19:14-1079,attr,ApplicationStrategyNetwork.monitoringServer.app[9],rcvdPkLifetime:stats,source,dataAge(packetReceived),,,,,,,
RR_T10-1-20260914-20:19:14-1079,attr,ApplicationStrategyNetwork.monitoringServer.app[9],rcvdPkLifetime:stats,title,received packet lifetime,,,,,,,
RR_T10-1-20260914-20:19:14-1079,attr,ApplicationStrategyNetwork.monitoringServer.app[9],rcvdPkLifetime:stats,unit,s,,,,,,,
RR_T10-1-20260914-20:19:14-1079,statistic,ApplicationStrategyNetwork.monitoringServer.app[10],rcvdPkLifetime:stats,,,,60,60,0.011362962483333,0.0010020904703343,0.00914962915,0.01330962915
RR_T10-1-20260914-20:19:14-1079,attr,ApplicationStrategyNetwork.monitoringServer.app[10],rcvdPkLifetime:stats,interpolationmode,none,,,,,,,
RR_T10-1-20260914-20:19:14-1079,attr,ApplicationStrategyNetwork.monitoringServer.app[10],rcvdPkLifetime:stats,recordingmode,stats,,,,,,,
RR_T10-1-20260914-20:19:14-1079,attr,ApplicationStrategyNetwork.monitoringServer.app[10],rcvdPkLifetime:stats,source,dataAge(packetReceived),,,,,,,
RR_T10-1-20260914-20:19:14-1079,attr,ApplicationStrategyNetwork.monitoringServer.app[10],rcvdPkLifetime:stats,title,received packet lifetime,,,,,,,
RR_T10-1-20260914-20:19:14-1079,attr,ApplicationStrategyNetwork.monitoringServer.app[10],rcvdPkLifetime:stats,unit,s,,,,,,,
RR_T10-1-20260914-20:19:14-1079,statistic,ApplicationStrategyNetwork.monitoringServer.app[11],rcvdPkLifetime:stats,,,,60,60,0.011442978925333,0.00098263338106432,0.009469645592,0.013629645592
RR_T10-1-20260914-20:19:14-1079,attr,ApplicationStrategyNetwork.monitoringServer.app[11],rcvdPkLifetime:stats,interpolationmode,none,,,,,,,
RR_T10-1-20260914-20:19:14-1079,attr,ApplicationStrategyNetwork.monitoringServer.app[11],rcvdPkLifetime:stats,recordingmode,stats,,,,,,,
RR_T10-1-20260914-20:19:14-1079,attr,ApplicationStrategyNetwork.monitoringServer.app[11],rcvdPkLifetime:stats,source,dataAge(packetReceived),,,,,,,
RR_T10-1-20260914-20:19:14-1079,attr,ApplicationStrategyNetwork.monitoringServer.app[11],rcvdPkLifetime:stats,title,received packet lifetime,,,,,,,
RR_T10-1-20260914-20:19:14-1079,attr,ApplicationStrategyNetwork.monitoringServer.app[11],rcvdPkLifetime:stats,unit,s,,,,,,,
RR_T10-2-20260914-20:19:18-1084,statistic,ApplicationStrategyNetwork.monitoringServer.app[0],rcvdPkLifetime:stats,,,,60,60,0.011592310698667,0.0011006036350936,0.009469644032,0.013629644032
RR_T10-2-20260914-20:19:18-1084,attr,ApplicationStrategyNetwork.monitoringServer.app[0],rcvdPkLifetime:stats,interpolationmode,none,,,,,,,
RR_T10-2-20260914-20:19:18-1084,attr,ApplicationStrategyNetwork.monitoringServer.app[0],rcvdPkLifetime:stats,recordingmode,stats,,,,,,,
RR_T10-2-20260914-20:19:18-1084,attr,ApplicationStrategyNetwork.monitoringServer.app[0],rcvdPkLifetime:stats,source,dataAge(packetReceived),,,,,,,
RR_T10-2-20260914-20:19:18-1084,attr,ApplicationStrategyNetwork.monitoringServer.app[0],rcvdPkLifetime:stats,title,received packet lifetime,,,,,,,
RR_T10-2-20260914-20:19:18-1084,attr,ApplicationStrategyNetwork.monitoringServer.app[0],rcvdPkLifetime:stats,unit,s,,,,,,,
RR_T10-2-20260914-20:19:18-1084,statistic,ApplicationStrategyNetwork.monitoringServer.app[1],rcvdPkLifetime:stats,,,,60,60,0.025633026193667,0.0078805647057959,0.01176396536,0.04667596536
RR_T10-2-20260914-20:19:18-1084,attr,ApplicationStrategyNetwork.monitoringServer.app[1],rcvdPkLifetime:stats,interpolationmode,none,,,,,,,
RR_T10-2-20260914-20:19:18-1084,attr,ApplicationStrategyNetwork.monitoringServer.app[1],rcvdPkLifetime:stats,recordingmode,stats,,,,,,,
RR_T10-2-20260914-20:19:18-1084,attr,ApplicationStrategyNetwork.monitoringServer.app[1],rcvdPkLifetime:stats,source,dataAge(packetReceived),,,,,,,
RR_T10-2-20260914-20:19:18-1084,attr,ApplicationStrategyNetwork.monitoringServer.app[1],rcvdPkLifetime:stats,title,received packet lifetime,,,,,,,
RR_T10-2-20260914-20:19:18-1084,attr,ApplicationStrategyNetwork.monitoringServer.app[1],rcvdPkLifetime:stats,unit,s,,,,,,,
RR_T10-2-20260914-20:19:18-1084,statistic,ApplicationStrategyNetwork.monitoringServer.app[2],rcvdPkLifetime:stats,,,,59,59,0.025493827122763,0.0075281791847383,0.012420742377,0.048804742377
RR_T10-2-20260914-20:19:18-1084,attr,ApplicationStrategyNetwork.monitoringServer.app[2],rcvdPkLifetime:stats,interpolationmode,none,,,,,,,
RR_T10-2-20260914-20:19:18-1084,attr,ApplicationStrategyNetwork.monitoringServer.app[2],rcvdPkLifetime:stats,recordingmode,stats,,,,,,,
RR_T10-2-20260914-20:19:18-1084,attr,ApplicationStrategyNetwork.monitoringServer.app[2],rcvdPkLifetime:stats,source,dataAge(packetReceived),,,,,,,
RR_T10-2-20260914-20:19:18-1084,attr,ApplicationStrategyNetwork.monitoringServer.app[2],rcvdPkLifetime:stats,title,received packet lifetime,,,,,,,
RR_T10-2-20260914-20:19:18-1084,attr,ApplicationStrategyNetwork.monitoringServer.app[2],rcvdPkLifetime:stats,unit,s,,,,,,,
RR_T10-2-20260914-20:19:18-1084,statistic,ApplicationStrategyNetwork.monitoringServer.app[3],rcvdPkLifetime:stats,,,,60,60,0.011117616418,0.00092374477361436,0.009789616418,0.013629616418
RR_T10-2-20260914-20:19:18-1084,attr,ApplicationStrategyNetwork.monitoringServer.app[3],rcvdPkLifetime:stats,interpolationmode,none,,,,,,,
RR_T10-2-20260914-20:19:18-1084,attr,ApplicationStrategyNetwork.monitoringServer.app[3],rcvdPkLifetime:stats,recordingmode,stats,,,,,,,
RR_T10-2-20260914-20:19:18-1084,attr,ApplicationStrategyNetwork.monitoringServer.app[3],rcvdPkLifetime:stats,source,dataAge(packetReceived),,,,,,,
RR_T10-2-20260914-20:19:18-1084,attr,ApplicationStrategyNetwork.monitoringServer.app[3],rcvdPkLifetime:stats,title,received packet lifetime,,,,,,,
RR_T10-2-20260914-20:19:18-1084,attr,ApplicationStrategyNetwork.monitoringServer.app[3],rcvdPkLifetime:stats,unit,s,,,,,,,
RR_T10-2-20260914-20:19:18-1084,statistic,ApplicationStrategyNetwork.monitoringServer.app[4],rcvdPkLifetime:stats,,,,60,60,0.011416295116667,0.0011352632288904,0.00914962845,0.01362962845
RR_T10-2-20260914-20:19:18-1084,attr,ApplicationStrategyNetwork.monitoringServer.app[4],rcvdPkLifetime:stats,interpolationmode,none,,,,,,,
RR_T10-2-20260914-20:19:18-1084,attr,ApplicationStrategyNetwork.monitoringServer.app[4],rcvdPkLifetime:stats,recordingmode,stats,,,,,,,
RR_T10-2-20260914-20:19:18-1084,attr,ApplicationStrategyNetwork.monitoringServer.app[4],rcvdPkLifetime:stats,source,dataAge(packetReceived),,,,,,,
RR_T10-2-20260914-20:19:18-1084,attr,ApplicationStrategyNetwork.monitoringServer.app[4],rcvdPkLifetime:stats,title,received packet lifetime,,,,,,,
RR_T10-2-20260914-20:19:18-1084,attr,ApplicationStrategyNetwork.monitoringServer.app[4],rcvdPkLifetime:stats,unit,s,,,,,,,
RR_T10-2-20260914-20:19:18-1084,statistic,ApplicationStrategyNetwork.monitoringServer.app[5],rcvdPkLifetime:stats,,,,59,59,0.020253102559119,0.0095374592570599,0.009149644932,0.046237644932
RR_T10-2-20260914-20:19:18-1084,attr,ApplicationStrategyNetwork.monitoringServer.app[5],rcvdPkLifetime:stats,interpolationmode,none,,,,,,,
RR_T10-2-20260914-20:19:18-1084,attr,ApplicationStrategyNetwork.monitoringServer.app[5],rcvdPkLifetime:stats,recordingmode,stats,,,,,,,
RR_T10-2-20260914-20:19:18-1084,attr,ApplicationStrategyNetwork.monitoringServer.app[5],rcvdPkLifetime:stats,source,dataAge(packetReceived),,,,,,,
RR_T10-2-20260914-20:19:18-1084,attr,ApplicationStrategyNetwork.monitoringServer.app[5],rcvdPkLifetime:stats,title,received packet lifetime,,,,,,,
RR_T10-2-20260914-20:19:18-1084,attr,ApplicationStrategyNetwork.monitoringServer.app[5],rcvdPkLifetime:stats,unit,s,,,,,,,
RR_T10-2-20260914-20:19:18-1084,statistic,ApplicationStrategyNetwork.monitoringServer.app[6],rcvdPkLifetime:stats,,,,60,60,0.0115153342739,0.0012110590189431,0.009149623852,0.013926728071
RR_T10-2-20260914-20:19:18-1084,attr,ApplicationStrategyNetwork.monitoringServer.app[6],rcvdPkLifetime:stats,interpolationmode,none,,,,,,,
RR_T10-2-20260914-20:19:18-1084,attr,ApplicationStrategyNetwork.monitoringServer.app[6],rcvdPkLifetime:stats,recordingmode,stats,,,,,,,
RR_T10-2-20260914-20:19:18-1084,attr,ApplicationStrategyNetwork.monitoringServer.app[6],rcvdPkLifetime:stats,source,dataAge(packetReceived),,,,,,,
RR_T10-2-20260914-20:19:18-1084,attr,ApplicationStrategyNetwork.monitoringServer.app[6],rcvdPkLifetime:stats,title,received packet lifetime,,,,,,,
RR_T10-2-20260914-20:19:18-1084,attr,ApplicationStrategyNetwork.monitoringServer.app[6],rcvdPkLifetime:stats,unit,s,,,,,,,
RR_T10-2-20260914-20:19:18-1084,statistic,ApplicationStrategyNetwork.monitoringServer.app[7],rcvdPkLifetime:stats,,,,60,60,0.011410995119333,0.0010253324664064,0.009469661786,0.013629661786
RR_T10-2-20260914-20:19:18-1084,attr,ApplicationStrategyNetwork.monitoringServer.app[7],rcvdPkLifetime:stats,interpolationmode,none,,,,,,,
RR_T10-2-20260914-20:19:18-1084,attr,ApplicationStrategyNetwork.monitoringServer.app[7],rcvdPkLifetime:stats,recordingmode,stats,,,,,,,
RR_T10-2-20260914-20:19:18-1084,attr,ApplicationStrategyNetwork.monitoringServer.app[7],rcvdPkLifetime:stats,source,dataAge(packetReceived),,,,,,,
RR_T10-2-20260914-20:19:18-1084,attr,ApplicationStrategyNetwork.monitoringServer.app[7],rcvdPkLifetime:stats,title,received packet lifetime,,,,,,,
RR_T10-2-20260914-20:19:18-1084,attr,ApplicationStrategyNetwork.monitoringServer.app[7],rcvdPkLifetime:stats,unit,s,,,,,,,
RR_T10-2-20260914-20:19:18-1084,statistic,ApplicationStrategyNetwork.monitoringServer.app[8],rcvdPkLifetime:stats,,,,60,60,0.011341605164,0.00092749489468203,0.009469605164,0.013309605164
RR_T10-2-20260914-20:19:18-1084,attr,ApplicationStrategyNetwork.monitoringServer.app[8],rcvdPkLifetime:stats,interpolationmode,none,,,,,,,
RR_T10-2-20260914-20:19:18-1084,attr,ApplicationStrategyNetwork.monitoringServer.app[8],rcvdPkLifetime:stats,recordingmode,stats,,,,,,,
RR_T10-2-20260914-20:19:18-1084,attr,ApplicationStrategyNetwork.monitoringServer.app[8],rcvdPkLifetime:stats,source,dataAge(packetReceived),,,,,,,
RR_T10-2-20260914-20:19:18-1084,attr,ApplicationStrategyNetwork.monitoringServer.app[8],rcvdPkLifetime:stats,title,received packet lifetime,,,,,,,
RR_T10-2-20260914-20:19:18-1084,attr,ApplicationStrategyNetwork.monitoringServer.app[8],rcvdPkLifetime:stats,unit,s,,,,,,,
RR_T10-2-20260914-20:19:18-1084,statistic,ApplicationStrategyNetwork.monitoringServer.app[9],rcvdPkLifetime:stats,,,,60,60,0.011170946767333,0.0010331316005012,0.009469613434,0.013629613434
RR_T10-2-20260914-20:19:18-1084,attr,ApplicationStrategyNetwork.monitoringServer.app[9],rcvdPkLifetime:stats,interpolationmode,none,,,,,,,
RR_T10-2-20260914-20:19:18-1084,attr,ApplicationStrategyNetwork.monitoringServer.app[9],rcvdPkLifetime:stats,recordingmode,stats,,,,,,,
RR_T10-2-20260914-20:19:18-1084,attr,ApplicationStrategyNetwork.monitoringServer.app[9],rcvdPkLifetime:stats,source,dataAge(packetReceived),,,,,,,
RR_T10-2-20260914-20:19:18-1084,attr,ApplicationStrategyNetwork.monitoringServer.app[9],rcvdPkLifetime:stats,title,received packet lifetime,,,,,,,
RR_T10-2-20260914-20:19:18-1084,attr,ApplicationStrategyNetwork.monitoringServer.app[9],rcvdPkLifetime:stats,unit,s,,,,,,,
RR_T10-2-20260914-20:19:18-1084,statistic,ApplicationStrategyNetwork.monitoringServer.app[10],rcvdPkLifetime:stats,,,,60,60,0.011512318168667,0.00092424566890915,0.009789651502,0.013309651502
RR_T10-2-20260914-20:19:18-1084,attr,ApplicationStrategyNetwork.monitoringServer.app[10],rcvdPkLifetime:stats,interpolationmode,none,,,,,,,
RR_T10-2-20260914-20:19:18-1084,attr,ApplicationStrategyNetwork.monitoringServer.app[10],rcvdPkLifetime:stats,recordingmode,stats,,,,,,,
RR_T10-2-20260914-20:19:18-1084,attr,ApplicationStrategyNetwork.monitoringServer.app[10],rcvdPkLifetime:stats,source,dataAge(packetReceived),,,,,,,
RR_T10-2-20260914-20:19:18-1084,attr,ApplicationStrategyNetwork.monitoringServer.app[10],rcvdPkLifetime:stats,title,received packet lifetime,,,,,,,
RR_T10-2-20260914-20:19:18-1084,attr,ApplicationStrategyNetwork.monitoringServer.app[10],rcvdPkLifetime:stats,unit,s,,,,,,,
RR_T10-2-20260914-20:19:18-1084,statistic,ApplicationStrategyNetwork.monitoringServer.app[11],rcvdPkLifetime:stats,,,,60,60,0.011261632686,0.0010156951364308,0.009469632686,0.013629632686
RR_T10-2-20260914-20:19:18-1084,attr,ApplicationStrategyNetwork.monitoringServer.app[11],rcvdPkLifetime:stats,interpolationmode,none,,,,,,,
RR_T10-2-20260914-20:19:18-1084,attr,ApplicationStrategyNetwork.monitoringServer.app[11],rcvdPkLifetime:stats,recordingmode,stats,,,,,,,
RR_T10-2-20260914-20:19:18-1084,attr,ApplicationStrategyNetwork.monitoringServer.app[11],rcvdPkLifetime:stats,source,dataAge(packetReceived),,,,,,,
RR_T10-2-20260914-20:19:18-1084,attr,ApplicationStrategyNetwork.monitoringServer.app[11],rcvdPkLifetime:stats,title,received packet lifetime,,,,,,,
RR_T10-2-20260914-20:19:18-1084,attr,ApplicationStrategyNetwork.monitoringServer.app[11],rcvdPkLifetime:stats,unit,s,,,,,,,
RR_T10-3-20260914-20:19:21-1089,statistic,ApplicationStrategyNetwork.monitoringServer.app[0],rcvdPkLifetime:stats,,,,60,60,0.011197662286,0.0010191069536858,0.009149662286,0.013309662286
RR_T10-3-20260914-20:19:21-1089,attr,ApplicationStrategyNetwork.monitoringServer.app[0],rcvdPkLifetime:stats,interpolationmode,none,,,,,,,
RR_T10-3-20260914-20:19:21-1089,attr,ApplicationStrategyNetwork.monitoringServer.app[0],rcvdPkLifetime:stats,recordingmode,stats,,,,,,,
RR_T10-3-20260914-20:19:21-1089,attr,ApplicationStrategyNetwork.monitoringServer.app[0],rcvdPkLifetime:stats,source,dataAge(packetReceived),,,,,,,
RR_T10-3-20260914-20:19:21-1089,attr,ApplicationStrategyNetwork.monitoringServer.app[0],rcvdPkLifetime:stats,title,received packet lifetime,,,,,,,
RR_T10-3-20260914-20:19:21-1089,attr,ApplicationStrategyNetwork.monitoringServer.app[0],rcvdPkLifetime:stats,unit,s,,,,,,,
RR_T10-3-20260914-20:19:21-1089,statistic,ApplicationStrategyNetwork.monitoringServer.app[1],rcvdPkLifetime:stats,,,,60,60,0.011362994509333,0.0010344746749473,0.009149661176,0.013309661176
RR_T10-3-20260914-20:19:21-1089,attr,ApplicationStrategyNetwork.monitoringServer.app[1],rcvdPkLifetime:stats,interpolationmode,none,,,,,,,
RR_T10-3-20260914-20:19:21-1089,attr,ApplicationStrategyNetwork.monitoringServer.app[1],rcvdPkLifetime:stats,recordingmode,stats,,,,,,,
RR_T10-3-20260914-20:19:21-1089,attr,ApplicationStrategyNetwork.monitoringServer.app[1],rcvdPkLifetime:stats,source,dataAge(packetReceived),,,,,,,
RR_T10-3-20260914-20:19:21-1089,attr,ApplicationStrategyNetwork.monitoringServer.app[1],rcvdPkLifetime:stats,title,received packet lifetime,,,,,,,
RR_T10-3-20260914-20:19:21-1089,attr,ApplicationStrategyNetwork.monitoringServer.app[1],rcvdPkLifetime:stats,unit,s,,,,,,,
RR_T10-3-20260914-20:19:21-1089,statistic,ApplicationStrategyNetwork.monitoringServer.app[2],rcvdPkLifetime:stats,,,,60,60,0.011448315506667,0.00097789720208879,0.00946964884,0.01362964884
RR_T10-3-20260914-20:19:21-1089,attr,ApplicationStrategyNetwork.monitoringServer.app[2],rcvdPkLifetime:stats,interpolationmode,none,,,,,,,
RR_T10-3-20260914-20:19:21-1089,attr,ApplicationStrategyNetwork.monitoringServer.app[2],rcvdPkLifetime:stats,recordingmode,stats,,,,,,,
RR_T10-3-20260914-20:19:21-1089,attr,ApplicationStrategyNetwork.monitoringServer.app[2],rcvdPkLifetime:stats,source,dataAge(packetReceived),,,,,,,
RR_T10-3-20260914-20:19:21-1089,attr,ApplicationStrategyNetwork.monitoringServer.app[2],rcvdPkLifetime:stats,title,received packet lifetime,,,,,,,
RR_T10-3-20260914-20:19:21-1089,attr,ApplicationStrategyNetwork.monitoringServer.app[2],rcvdPkLifetime:stats,unit,s,,,,,,,
RR_T10-3-20260914-20:19:21-1089,statistic,ApplicationStrategyNetwork.monitoringServer.app[3],rcvdPkLifetime:stats,,,,60,60,0.011320291816667,0.0011681157747748,0.00914962515,0.01330962515
RR_T10-3-20260914-20:19:21-1089,attr,ApplicationStrategyNetwork.monitoringServer.app[3],rcvdPkLifetime:stats,interpolationmode,none,,,,,,,
RR_T10-3-20260914-20:19:21-1089,attr,ApplicationStrategyNetwork.monitoringServer.app[3],rcvdPkLifetime:stats,recordingmode,stats,,,,,,,
RR_T10-3-20260914-20:19:21-1089,attr,ApplicationStrategyNetwork.monitoringServer.app[3],rcvdPkLifetime:stats,source,dataAge(packetReceived),,,,,,,
RR_T10-3-20260914-20:19:21-1089,attr,ApplicationStrategyNetwork.monitoringServer.app[3],rcvdPkLifetime:stats,title,received packet lifetime,,,,,,,
RR_T10-3-20260914-20:19:21-1089,attr,ApplicationStrategyNetwork.monitoringServer.app[3],rcvdPkLifetime:stats,unit,s,,,,,,,
RR_T10-3-20260914-20:19:21-1089,statistic,ApplicationStrategyNetwork.monitoringServer.app[4],rcvdPkLifetime:stats,,,,60,60,0.011293671372,0.0011074159875543,0.009149671372,0.013629671372
RR_T10-3-20260914-20:19:21-1089,attr,ApplicationStrategyNetwork.monitoringServer.app[4],rcvdPkLifetime:stats,interpolationmode,none,,,,,,,
RR_T10-3-20260914-20:19:21-1089,attr,ApplicationStrategyNetwork.monitoringServer.app[4],rcvdPkLifetime:stats,recordingmode,stats,,,,,,,
RR_T10-3-20260914-20:19:21-1089,attr,ApplicationStrategyNetwork.monitoringServer.app[4],rcvdPkLifetime:stats,source,dataAge(packetReceived),,,,,,,
RR_T10-3-20260914-20:19:21-1089,attr,ApplicationStrategyNetwork.monitoringServer.app[4],rcvdPkLifetime:stats,title,received packet lifetime,,,,,,,
RR_T10-3-20260914-20:19:21-1089,attr,ApplicationStrategyNetwork.monitoringServer.app[4],rcvdPkLifetime:stats,unit,s,,,,,,,
RR_T10-3-20260914-20:19:21-1089,statistic,ApplicationStrategyNetwork.monitoringServer.app[5],rcvdPkLifetime:stats,,,,60,60,0.01142169364,0.00090067545275013,0.00914969364,0.01362969364
RR_T10-3-20260914-20:19:21-1089,attr,ApplicationStrategyNetwork.monitoringServer.app[5],rcvdPkLifetime:stats,interpolationmode,none,,,,,,,
RR_T10-3-20260914-20:19:21-1089,attr,ApplicationStrategyNetwork.monitoringServer.app[5],rcvdPkLifetime:stats,recordingmode,stats,,,,,,,
RR_T10-3-20260914-20:19:21-1089,attr,ApplicationStrategyNetwork.monitoringServer.app[5],rcvdPkLifetime:stats,source,dataAge(packetReceived),,,,,,,
RR_T10-3-20260914-20:19:21-1089,attr,ApplicationStrategyNetwork.monitoringServer.app[5],rcvdPkLifetime:stats,title,received packet lifetime,,,,,,,
RR_T10-3-20260914-20:19:21-1089,attr,ApplicationStrategyNetwork.monitoringServer.app[5],rcvdPkLifetime:stats,unit,s,,,,,,,
RR_T10-3-20260914-20:19:21-1089,statistic,ApplicationStrategyNetwork.monitoringServer.app[6],rcvdPkLifetime:stats,,,,60,60,0.011602995695333,0.0010384516940641,0.009149662362,0.013629662362
RR_T10-3-20260914-20:19:21-1089,attr,ApplicationStrategyNetwork.monitoringServer.app[6],rcvdPkLifetime:stats,interpolationmode,none,,,,,,,
RR_T10-3-20260914-20:19:21-1089,attr,ApplicationStrategyNetwork.monitoringServer.app[6],rcvdPkLifetime:stats,recordingmode,stats,,,,,,,
RR_T10-3-20260914-20:19:21-1089,attr,ApplicationStrategyNetwork.monitoringServer.app[6],rcvdPkLifetime:stats,source,dataAge(packetReceived),,,,,,,
RR_T10-3-20260914-20:19:21-1089,attr,ApplicationStrategyNetwork.monitoringServer.app[6],rcvdPkLifetime:stats,title,received packet lifetime,,,,,,,
RR_T10-3-20260914-20:19:21-1089,attr,ApplicationStrategyNetwork.monitoringServer.app[6],rcvdPkLifetime:stats,unit,s,,,,,,,
RR_T10-3-20260914-20:19:21-1089,statistic,ApplicationStrategyNetwork.monitoringServer.app[7],rcvdPkLifetime:stats,,,,60,60,0.011421635624,0.0010368348184155,0.009149635624,0.013629635624
RR_T10-3-20260914-20:19:21-1089,attr,ApplicationStrategyNetwork.monitoringServer.app[7],rcvdPkLifetime:stats,interpolationmode,none,,,,,,,
RR_T10-3-20260914-20:19:21-1089,attr,ApplicationStrategyNetwork.monitoringServer.app[7],rcvdPkLifetime:stats,recordingmode,stats,,,,,,,
RR_T10-3-20260914-20:19:21-1089,attr,ApplicationStrategyNetwork.monitoringServer.app[7],rcvdPkLifetime:stats,source,dataAge(packetReceived),,,,,,,
RR_T10-3-20260914-20:19:21-1089,attr,ApplicationStrategyNetwork.monitoringServer.app[7],rcvdPkLifetime:stats,title,received packet lifetime,,,,,,,
RR_T10-3-20260914-20:19:21-1089,attr,ApplicationStrategyNetwork.monitoringServer.app[7],rcvdPkLifetime:stats,unit,s,,,,,,,
RR_T10-3-20260914-20:19:21-1089,statistic,ApplicationStrategyNetwork.monitoringServer.app[8],rcvdPkLifetime:stats,,,,60,60,0.011448327080667,0.0010775355854233,0.009469660414,0.013629660414
RR_T10-3-20260914-20:19:21-1089,attr,ApplicationStrategyNetwork.monitoringServer.app[8],rcvdPkLifetime:stats,interpolationmode,none,,,,,,,
RR_T10-3-20260914-20:19:21-1089,attr,ApplicationStrategyNetwork.monitoringServer.app[8],rcvdPkLifetime:stats,recordingmode,stats,,,,,,,
RR_T10-3-20260914-20:19:21-1089,attr,ApplicationStrategyNetwork.monitoringServer.app[8],rcvdPkLifetime:stats,source,dataAge(packetReceived),,,,,,,
RR_T10-3-20260914-20:19:21-1089,attr,ApplicationStrategyNetwork.monitoringServer.app[8],rcvdPkLifetime:stats,title,received packet lifetime,,,,,,,
RR_T10-3-20260914-20:19:21-1089,attr,ApplicationStrategyNetwork.monitoringServer.app[8],rcvdPkLifetime:stats,unit,s,,,,,,,
RR_T10-3-20260914-20:19:21-1089,statistic,ApplicationStrategyNetwork.monitoringServer.app[9],rcvdPkLifetime:stats,,,,60,60,0.011522959143333,0.00095962327824952,0.00914962581,0.01362962581
RR_T10-3-20260914-20:19:21-1089,attr,ApplicationStrategyNetwork.monitoringServer.app[9],rcvdPkLifetime:stats,interpolationmode,none,,,,,,,
RR_T10-3-20260914-20:19:21-1089,attr,ApplicationStrategyNetwork.monitoringServer.app[9],rcvdPkLifetime:stats,recordingmode,stats,,,,,,,
RR_T10-3-20260914-20:19:21-1089,attr,ApplicationStrategyNetwork.monitoringServer.app[9],rcvdPkLifetime:stats,source,dataAge(packetReceived),,,,,,,
RR_T10-3-20260914-20:19:21-1089,attr,ApplicationStrategyNetwork.monitoringServer.app[9],rcvdPkLifetime:stats,title,received packet lifetime,,,,,,,
RR_T10-3-20260914-20:19:21-1089,attr,ApplicationStrategyNetwork.monitoringServer.app[9],rcvdPkLifetime:stats,unit,s,,,,,,,
RR_T10-3-20260914-20:19:21-1089,statistic,ApplicationStrategyNetwork.monitoringServer.app[10],rcvdPkLifetime:stats,,,,60,60,0.011426989943333,0.001027403946876,0.00978965661,0.01330965661
RR_T10-3-20260914-20:19:21-1089,attr,ApplicationStrategyNetwork.monitoringServer.app[10],rcvdPkLifetime:stats,interpolationmode,none,,,,,,,
RR_T10-3-20260914-20:19:21-1089,attr,ApplicationStrategyNetwork.monitoringServer.app[10],rcvdPkLifetime:stats,recordingmode,stats,,,,,,,
RR_T10-3-20260914-20:19:21-1089,attr,ApplicationStrategyNetwork.monitoringServer.app[10],rcvdPkLifetime:stats,source,dataAge(packetReceived),,,,,,,
RR_T10-3-20260914-20:19:21-1089,attr,ApplicationStrategyNetwork.monitoringServer.app[10],rcvdPkLifetime:stats,title,received packet lifetime,,,,,,,
RR_T10-3-20260914-20:19:21-1089,attr,ApplicationStrategyNetwork.monitoringServer.app[10],rcvdPkLifetime:stats,unit,s,,,,,,,
RR_T10-3-20260914-20:19:21-1089,statistic,ApplicationStrategyNetwork.monitoringServer.app[11],rcvdPkLifetime:stats,,,,60,60,0.011362953587333,0.001169897383109,0.009149620254,0.013629620254
RR_T10-3-20260914-20:19:21-1089,attr,ApplicationStrategyNetwork.monitoringServer.app[11],rcvdPkLifetime:stats,interpolationmode,none,,,,,,,
RR_T10-3-20260914-20:19:21-1089,attr,ApplicationStrategyNetwork.monitoringServer.app[11],rcvdPkLifetime:stats,recordingmode,stats,,,,,,,
RR_T10-3-20260914-20:19:21-1089,attr,ApplicationStrategyNetwork.monitoringServer.app[11],rcvdPkLifetime:stats,source,dataAge(packetReceived),,,,,,,
RR_T10-3-20260914-20:19:21-1089,attr,ApplicationStrategyNetwork.monitoringServer.app[11],rcvdPkLifetime:stats,title,received packet lifetime,,,,,,,
RR_T10-3-20260914-20:19:21-1089,attr,ApplicationStrategyNetwork.monitoringServer.app[11],rcvdPkLifetime:stats,unit,s,,,,,,,
RR_T10-4-20260914-20:19:24-1095,statistic,ApplicationStrategyNetwork.monitoringServer.app[0],rcvdPkLifetime:stats,,,,60,60,0.011011024513333,0.0011030058571486,0.00914969118,0.01362969118
RR_T10-4-20260914-20:19:24-1095,attr,ApplicationStrategyNetwork.monitoringServer.app[0],rcvdPkLifetime:stats,interpolationmode,none,,,,,,,
RR_T10-4-20260914-20:19:24-1095,attr,ApplicationStrategyNetwork.monitoringServer.app[0],rcvdPkLifetime:stats,recordingmode,stats,,,,,,,
RR_T10-4-20260914-20:19:24-1095,attr,ApplicationStrategyNetwork.monitoringServer.app[0],rcvdPkLifetime:stats,source,dataAge(packetReceived),,,,,,,
RR_T10-4-20260914-20:19:24-1095,attr,ApplicationStrategyNetwork.monitoringServer.app[0],rcvdPkLifetime:stats,title,received packet lifetime,,,,,,,
RR_T10-4-20260914-20:19:24-1095,attr,ApplicationStrategyNetwork.monitoringServer.app[0],rcvdPkLifetime:stats,unit,s,,,,,,,
RR_T10-4-20260914-20:19:24-1095,statistic,ApplicationStrategyNetwork.monitoringServer.app[1],rcvdPkLifetime:stats,,,,60,60,0.011485651578,0.0011787773039055,0.009149651578,0.013629651578
RR_T10-4-20260914-20:19:24-1095,attr,ApplicationStrategyNetwork.monitoringServer.app[1],rcvdPkLifetime:stats,interpolationmode,none,,,,,,,
RR_T10-4-20260914-20:19:24-1095,attr,ApplicationStrategyNetwork.monitoringServer.app[1],rcvdPkLifetime:stats,recordingmode,stats,,,,,,,
RR_T10-4-20260914-20:19:24-1095,attr,ApplicationStrategyNetwork.monitoringServer.app[1],rcvdPkLifetime:stats,source,dataAge(packetReceived),,,,,,,
RR_T10-4-20260914-20:19:24-1095,attr,ApplicationStrategyNetwork.monitoringServer.app[1],rcvdPkLifetime:stats,title,received packet lifetime,,,,,,,
RR_T10-4-20260914-20:19:24-1095,attr,ApplicationStrategyNetwork.monitoringServer.app[1],rcvdPkLifetime:stats,unit,s,,,,,,,
RR_T10-4-20260914-20:19:24-1095,statistic,ApplicationStrategyNetwork.monitoringServer.app[2],rcvdPkLifetime:stats,,,,60,60,0.014492688142,0.0024226367481648,0.010860688142,0.022060688142
RR_T10-4-20260914-20:19:24-1095,attr,ApplicationStrategyNetwork.monitoringServer.app[2],rcvdPkLifetime:stats,interpolationmode,none,,,,,,,
RR_T10-4-20260914-20:19:24-1095,attr,ApplicationStrategyNetwork.monitoringServer.app[2],rcvdPkLifetime:stats,recordingmode,stats,,,,,,,
RR_T10-4-20260914-20:19:24-1095,attr,ApplicationStrategyNetwork.monitoringServer.app[2],rcvdPkLifetime:stats,source,dataAge(packetReceived),,,,,,,
RR_T10-4-20260914-20:19:24-1095,attr,ApplicationStrategyNetwork.monitoringServer.app[2],rcvdPkLifetime:stats,title,received packet lifetime,,,,,,,
RR_T10-4-20260914-20:19:24-1095,attr,ApplicationStrategyNetwork.monitoringServer.app[2],rcvdPkLifetime:stats,unit,s,,,,,,,
RR_T10-4-20260914-20:19:24-1095,statistic,ApplicationStrategyNetwork.monitoringServer.app[3],rcvdPkLifetime:stats,,,,60,60,0.011426983437333,0.0010391617656275,0.009469650104,0.013629650104
RR_T10-4-20260914-20:19:24-1095,attr,ApplicationStrategyNetwork.monitoringServer.app[3],rcvdPkLifetime:stats,interpolationmode,none,,,,,,,
RR_T10-4-20260914-20:19:24-1095,attr,ApplicationStrategyNetwork.monitoringServer.app[3],rcvdPkLifetime:stats,recordingmode,stats,,,,,,,
RR_T10-4-20260914-20:19:24-1095,attr,ApplicationStrategyNetwork.monitoringServer.app[3],rcvdPkLifetime:stats,source,dataAge(packetReceived),,,,,,,
RR_T10-4-20260914-20:19:24-1095,attr,ApplicationStrategyNetwork.monitoringServer.app[3],rcvdPkLifetime:stats,title,received packet lifetime,,,,,,,
RR_T10-4-20260914-20:19:24-1095,attr,ApplicationStrategyNetwork.monitoringServer.app[3],rcvdPkLifetime:stats,unit,s,,,,,,,
RR_T10-4-20260914-20:19:24-1095,statistic,ApplicationStrategyNetwork.monitoringServer.app[4],rcvdPkLifetime:stats,,,,60,60,0.015430714500667,0.0055873300675375,0.009149647834,0.028109647834
RR_T10-4-20260914-20:19:24-1095,attr,ApplicationStrategyNetwork.monitoringServer.app[4],rcvdPkLifetime:stats,interpolationmode,none,,,,,,,
RR_T10-4-20260914-20:19:24-1095,attr,ApplicationStrategyNetwork.monitoringServer.app[4],rcvdPkLifetime:stats,recordingmode,stats,,,,,,,
RR_T10-4-20260914-20:19:24-1095,attr,ApplicationStrategyNetwork.monitoringServer.app[4],rcvdPkLifetime:stats,source,dataAge(packetReceived),,,,,,,
RR_T10-4-20260914-20:19:24-1095,attr,ApplicationStrategyNetwork.monitoringServer.app[4],rcvdPkLifetime:stats,title,received packet lifetime,,,,,,,
RR_T10-4-20260914-20:19:24-1095,attr,ApplicationStrategyNetwork.monitoringServer.app[4],rcvdPkLifetime:stats,unit,s,,,,,,,
RR_T10-4-20260914-20:19:24-1095,statistic,ApplicationStrategyNetwork.monitoringServer.app[5],rcvdPkLifetime:stats,,,,60,60,0.011288314284667,0.00095998493396836,0.009149647618,0.013309647618
RR_T10-4-20260914-20:19:24-1095,attr,ApplicationStrategyNetwork.monitoringServer.app[5],rcvdPkLifetime:stats,interpolationmode,none,,,,,,,
RR_T10-4-20260914-20:19:24-1095,attr,ApplicationStrategyNetwork.monitoringServer.app[5],rcvdPkLifetime:stats,recordingmode,stats,,,,,,,
RR_T10-4-20260914-20:19:24-1095,attr,ApplicationStrategyNetwork.monitoringServer.app[5],rcvdPkLifetime:stats,source,dataAge(packetReceived),,,,,,,
RR_T10-4-20260914-20:19:24-1095,attr,ApplicationStrategyNetwork.monitoringServer.app[5],rcvdPkLifetime:stats,title,received packet lifetime,,,,,,,
RR_T10-4-20260914-20:19:24-1095,attr,ApplicationStrategyNetwork.monitoringServer.app[5],rcvdPkLifetime:stats,unit,s,,,,,,,
RR_T10-4-20260914-20:19:24-1095,statistic,ApplicationStrategyNetwork.monitoringServer.app[6],rcvdPkLifetime:stats,,,,60,60,0.011469688392,0.00089084229805309,0.010109688392,0.013309688392
RR_T10-4-20260914-20:19:24-1095,attr,ApplicationStrategyNetwork.monitoringServer.app[6],rcvdPkLifetime:stats,interpolationmode,none,,,,,,,
RR_T10-4-20260914-20:19:24-1095,attr,ApplicationStrategyNetwork.monitoringServer.app[6],rcvdPkLifetime:stats,recordingmode,stats,,,,,,,
RR_T10-4-20260914-20:19:24-1095,attr,ApplicationStrategyNetwork.monitoringServer.app[6],rcvdPkLifetime:stats,source,dataAge(packetReceived),,,,,,,
RR_T10-4-20260914-20:19:24-1095,attr,ApplicationStrategyNetwork.monitoringServer.app[6],rcvdPkLifetime:stats,title,received packet lifetime,,,,,,,
RR_T10-4-20260914-20:19:24-1095,attr,ApplicationStrategyNetwork.monitoringServer.app[6],rcvdPkLifetime:stats,unit,s,,,,,,,
RR_T10-4-20260914-20:19:24-1095,statistic,ApplicationStrategyNetwork.monitoringServer.app[7],rcvdPkLifetime:stats,,,,60,60,0.011410974707333,0.00088152307845748,0.009789641374,0.012989641374
RR_T10-4-20260914-20:19:24-1095,attr,ApplicationStrategyNetwork.monitoringServer.app[7],rcvdPkLifetime:stats,interpolationmode,none,,,,,,,
RR_T10-4-20260914-20:19:24-1095,attr,ApplicationStrategyNetwork.monitoringServer.app[7],rcvdPkLifetime:stats,recordingmode,stats,,,,,,,
RR_T10-4-20260914-20:19:24-1095,attr,ApplicationStrategyNetwork.monitoringServer.app[7],rcvdPkLifetime:stats,source,dataAge(packetReceived),,,,,,,
RR_T10-4-20260914-20:19:24-1095,attr,ApplicationStrategyNetwork.monitoringServer.app[7],rcvdPkLifetime:stats,title,received packet lifetime,,,,,,,
RR_T10-4-20260914-20:19:24-1095,attr,ApplicationStrategyNetwork.monitoringServer.app[7],rcvdPkLifetime:stats,unit,s,,,,,,,
RR_T10-4-20260914-20:19:24-1095,statistic,ApplicationStrategyNetwork.monitoringServer.app[8],rcvdPkLifetime:stats,,,,60,60,0.011202978853333,0.0010311137086794,0.00914964552,0.01330964552
RR_T10-4-20260914-20:19:24-1095,attr,ApplicationStrategyNetwork.monitoringServer.app[8],rcvdPkLifetime:stats,interpolationmode,none,,,,,,,
RR_T10-4-20260914-20:19:24-1095,attr,ApplicationStrategyNetwork.monitoringServer.app[8],rcvdPkLifetime:stats,recordingmode,stats,,,,,,,
RR_T10-4-20260914-20:19:24-1095,attr,ApplicationStrategyNetwork.monitoringServer.app[8],rcvdPkLifetime:stats,source,dataAge(packetReceived),,,,,,,
RR_T10-4-20260914-20:19:24-1095,attr,ApplicationStrategyNetwork.monitoringServer.app[8],rcvdPkLifetime:stats,title,received packet lifetime,,,,,,,
RR_T10-4-20260914-20:19:24-1095,attr,ApplicationStrategyNetwork.monitoringServer.app[8],rcvdPkLifetime:stats,unit,s,,,,,,,
RR_T10-4-20260914-20:19:24-1095,statistic,ApplicationStrategyNetwork.monitoringServer.app[9],rcvdPkLifetime:stats,,,,60,60,0.01134162001,0.00096058739091895,0.00914962001,0.01362962001
RR_T10-4-20260914-20:19:24-1095,attr,ApplicationStrategyNetwork.monitoringServer.app[9],rcvdPkLifetime:stats,interpolationmode,none,,,,,,,
RR_T10-4-20260914-20:19:24-1095,attr,ApplicationStrategyNetwork.monitoringServer.app[9],rcvdPkLifetime:stats,recordingmode,stats,,,,,,,
RR_T10-4-20260914-20:19:24-1095,attr,ApplicationStrategyNetwork.monitoringServer.app[9],rcvdPkLifetime:stats,source,dataAge(packetReceived),,,,,,,
RR_T10-4-20260914-20:19:24-1095,attr,ApplicationStrategyNetwork.monitoringServer.app[9],rcvdPkLifetime:stats,title,received packet lifetime,,,,,,,
RR_T10-4-20260914-20:19:24-1095,attr,ApplicationStrategyNetwork.monitoringServer.app[9],rcvdPkLifetime:stats,unit,s,,,,,,,
RR_T10-4-20260914-20:19:24-1095,statistic,ApplicationStrategyNetwork.monitoringServer.app[10],rcvdPkLifetime:stats,,,,60,60,0.01765278495425,0.0047129756524063,0.009206012249,0.029398012249
RR_T10-4-20260914-20:19:24-1095,attr,ApplicationStrategyNetwork.monitoringServer.app[10],rcvdPkLifetime:stats,interpolationmode,none,,,,,,,
RR_T10-4-20260914-20:19:24-1095,attr,ApplicationStrategyNetwork.monitoringServer.app[10],rcvdPkLifetime:stats,recordingmode,stats,,,,,,,
RR_T10-4-20260914-20:19:24-1095,attr,ApplicationStrategyNetwork.monitoringServer.app[10],rcvdPkLifetime:stats,source,dataAge(packetReceived),,,,,,,
RR_T10-4-20260914-20:19:24-1095,attr,ApplicationStrategyNetwork.monitoringServer.app[10],rcvdPkLifetime:stats,title,received packet lifetime,,,,,,,
RR_T10-4-20260914-20:19:24-1095,attr,ApplicationStrategyNetwork.monitoringServer.app[10],rcvdPkLifetime:stats,unit,s,,,,,,,
RR_T10-4-20260914-20:19:24-1095,statistic,ApplicationStrategyNetwork.monitoringServer.app[11],rcvdPkLifetime:stats,,,,60,60,0.011336280682667,0.0011118996825049,0.009149614016,0.013629614016
RR_T10-4-20260914-20:19:24-1095,attr,ApplicationStrategyNetwork.monitoringServer.app[11],rcvdPkLifetime:stats,interpolationmode,none,,,,,,,
RR_T10-4-20260914-20:19:24-1095,attr,ApplicationStrategyNetwork.monitoringServer.app[11],rcvdPkLifetime:stats,recordingmode,stats,,,,,,,
RR_T10-4-20260914-20:19:24-1095,attr,ApplicationStrategyNetwork.monitoringServer.app[11],rcvdPkLifetime:stats,source,dataAge(packetReceived),,,,,,,
RR_T10-4-20260914-20:19:24-1095,attr,ApplicationStrategyNetwork.monitoringServer.app[11],rcvdPkLifetime:stats,title,received packet lifetime,,,,,,,
RR_T10-4-20260914-20:19:24-1095,attr,ApplicationStrategyNetwork.monitoringServer.app[11],rcvdPkLifetime:stats,unit,s,,,,,,,
RR_T30-0-20260914-20:19:43-1189,statistic,ApplicationStrategyNetwork.monitoringServer.app[0],rcvdPkLifetime:stats,,,,20,20,0.011021630238,0.0011000937759066,0.009149630238,0.012989630238
RR_T30-0-20260914-20:19:43-1189,attr,ApplicationStrategyNetwork.monitoringServer.app[0],rcvdPkLifetime:stats,interpolationmode,none,,,,,,,
RR_T30-0-20260914-20:19:43-1189,attr,ApplicationStrategyNetwork.monitoringServer.app[0],rcvdPkLifetime:stats,recordingmode,stats,,,,,,,
RR_T30-0-20260914-20:19:43-1189,attr,ApplicationStrategyNetwork.monitoringServer.app[0],rcvdPkLifetime:stats,source,dataAge(packetReceived),,,,,,,
RR_T30-0-20260914-20:19:43-1189,attr,ApplicationStrategyNetwork.monitoringServer.app[0],rcvdPkLifetime:stats,title,received packet lifetime,,,,,,,
RR_T30-0-20260914-20:19:43-1189,attr,ApplicationStrategyNetwork.monitoringServer.app[0],rcvdPkLifetime:stats,unit,s,,,,,,,
RR_T30-0-20260914-20:19:43-1189,statistic,ApplicationStrategyNetwork.monitoringServer.app[1],rcvdPkLifetime:stats,,,,20,20,0.010941662162,0.00099798533899287,0.009149662162,0.012349662162
RR_T30-0-20260914-20:19:43-1189,attr,ApplicationStrategyNetwork.monitoringServer.app[1],rcvdPkLifetime:stats,interpolationmode,none,,,,,,,
RR_T30-0-20260914-20:19:43-1189,attr,ApplicationStrategyNetwork.monitoringServer.app[1],rcvdPkLifetime:stats,recordingmode,stats,,,,,,,
RR_T30-0-20260914-20:19:43-1189,attr,ApplicationStrategyNetwork.monitoringServer.app[1],rcvdPkLifetime:stats,source,dataAge(packetReceived),,,,,,,
RR_T30-0-20260914-20:19:43-1189,attr,ApplicationStrategyNetwork.monitoringServer.app[1],rcvdPkLifetime:stats,title,received packet lifetime,,,,,,,
RR_T30-0-20260914-20:19:43-1189,attr,ApplicationStrategyNetwork.monitoringServer.app[1],rcvdPkLifetime:stats,unit,s,,,,,,,
RR_T30-0-20260914-20:19:43-1189,statistic,ApplicationStrategyNetwork.monitoringServer.app[2],rcvdPkLifetime:stats,,,,20,20,0.011501653344,0.001034446712015,0.009789653344,0.012989653344
RR_T30-0-20260914-20:19:43-1189,attr,ApplicationStrategyNetwork.monitoringServer.app[2],rcvdPkLifetime:stats,interpolationmode,none,,,,,,,
RR_T30-0-20260914-20:19:43-1189,attr,ApplicationStrategyNetwork.monitoringServer.app[2],rcvdPkLifetime:stats,recordingmode,stats,,,,,,,
RR_T30-0-20260914-20:19:43-1189,attr,ApplicationStrategyNetwork.monitoringServer.app[2],rcvdPkLifetime:stats,source,dataAge(packetReceived),,,,,,,
RR_T30-0-20260914-20:19:43-1189,attr,ApplicationStrategyNetwork.monitoringServer.app[2],rcvdPkLifetime:stats,title,received packet lifetime,,,,,,,
RR_T30-0-20260914-20:19:43-1189,attr,ApplicationStrategyNetwork.monitoringServer.app[2],rcvdPkLifetime:stats,unit,s,,,,,,,
RR_T30-0-20260914-20:19:43-1189,statistic,ApplicationStrategyNetwork.monitoringServer.app[3],rcvdPkLifetime:stats,,,,20,20,0.011277647934,0.00090076926188588,0.009469647934,0.012349647934
RR_T30-0-20260914-20:19:43-1189,attr,ApplicationStrategyNetwork.monitoringServer.app[3],rcvdPkLifetime:stats,interpolationmode,none,,,,,,,
RR_T30-0-20260914-20:19:43-1189,attr,ApplicationStrategyNetwork.monitoringServer.app[3],rcvdPkLifetime:stats,recordingmode,stats,,,,,,,
RR_T30-0-20260914-20:19:43-1189,attr,ApplicationStrategyNetwork.monitoringServer.app[3],rcvdPkLifetime:stats,source,dataAge(packetReceived),,,,,,,
RR_T30-0-20260914-20:19:43-1189,attr,ApplicationStrategyNetwork.monitoringServer.app[3],rcvdPkLifetime:stats,title,received packet lifetime,,,,,,,
RR_T30-0-20260914-20:19:43-1189,attr,ApplicationStrategyNetwork.monitoringServer.app[3],rcvdPkLifetime:stats,unit,s,,,,,,,
RR_T30-0-20260914-20:19:43-1189,statistic,ApplicationStrategyNetwork.monitoringServer.app[4],rcvdPkLifetime:stats,,,,20,20,0.01122961826,0.00080754338322409,0.00914961826,0.01234961826
RR_T30-0-20260914-20:19:43-1189,attr,ApplicationStrategyNetwork.monitoringServer.app[4],rcvdPkLifetime:stats,interpolationmode,none,,,,,,,
RR_T30-0-20260914-20:19:43-1189,attr,ApplicationStrategyNetwork.monitoringServer.app[4],rcvdPkLifetime:stats,recordingmode,stats,,,,,,,
RR_T30-0-20260914-20:19:43-1189,attr,ApplicationStrategyNetwork.monitoringServer.app[4],rcvdPkLifetime:stats,source,dataAge(packetReceived),,,,,,,
RR_T30-0-20260914-20:19:43-1189,attr,ApplicationStrategyNetwork.monitoringServer.app[4],rcvdPkLifetime:stats,title,received packet lifetime,,,,,,,
RR_T30-0-20260914-20:19:43-1189,attr,ApplicationStrategyNetwork.monitoringServer.app[4],rcvdPkLifetime:stats,unit,s,,,,,,,
RR_T30-0-20260914-20:19:43-1189,statistic,ApplicationStrategyNetwork.monitoringServer.app[5],rcvdPkLifetime:stats,,,,20,20,0.011341644348,0.0011804441626152,0.009469644348,0.012989644348
RR_T30-0-20260914-20:19:43-1189,attr,ApplicationStrategyNetwork.monitoringServer.app[5],rcvdPkLifetime:stats,interpolationmode,none,,,,,,,
RR_T30-0-20260914-20:19:43-1189,attr,ApplicationStrategyNetwork.monitoringServer.app[5],rcvdPkLifetime:stats,recordingmode,stats,,,,,,,
RR_T30-0-20260914-20:19:43-1189,attr,ApplicationStrategyNetwork.monitoringServer.app[5],rcvdPkLifetime:stats,source,dataAge(packetReceived),,,,,,,
RR_T30-0-20260914-20:19:43-1189,attr,ApplicationStrategyNetwork.monitoringServer.app[5],rcvdPkLifetime:stats,title,received packet lifetime,,,,,,,
RR_T30-0-20260914-20:19:43-1189,attr,ApplicationStrategyNetwork.monitoringServer.app[5],rcvdPkLifetime:stats,unit,s,,,,,,,
RR_T30-0-20260914-20:19:43-1189,statistic,ApplicationStrategyNetwork.monitoringServer.app[6],rcvdPkLifetime:stats,,,,20,20,0.011485631872,0.0012846232296292,0.009149631872,0.013629631872
RR_T30-0-20260914-20:19:43-1189,attr,ApplicationStrategyNetwork.monitoringServer.app[6],rcvdPkLifetime:stats,interpolationmode,none,,,,,,,
RR_T30-0-20260914-20:19:43-1189,attr,ApplicationStrategyNetwork.monitoringServer.app[6],rcvdPkLifetime:stats,recordingmode,stats,,,,,,,
RR_T30-0-20260914-20:19:43-1189,attr,ApplicationStrategyNetwork.monitoringServer.app[6],rcvdPkLifetime:stats,source,dataAge(packetReceived),,,,,,,
RR_T30-0-20260914-20:19:43-1189,attr,ApplicationStrategyNetwork.monitoringServer.app[6],rcvdPkLifetime:stats,title,received packet lifetime,,,,,,,
RR_T30-0-20260914-20:19:43-1189,attr,ApplicationStrategyNetwork.monitoringServer.app[6],rcvdPkLifetime:stats,unit,s,,,,,,,
RR_T30-0-20260914-20:19:43-1189,statistic,ApplicationStrategyNetwork.monitoringServer.app[7],rcvdPkLifetime:stats,,,,20,20,0.011437690306,0.0010652481796319,0.010109690306,0.013309690306
RR_T30-0-20260914-20:19:43-1189,attr,ApplicationStrategyNetwork.monitoringServer.app[7],rcvdPkLifetime:stats,interpolationmode,none,,,,,,,
RR_T30-0-20260914-20:19:43-1189,attr,ApplicationStrategyNetwork.monitoringServer.app[7],rcvdPkLifetime:stats,recordingmode,stats,,,,,,,
RR_T30-0-20260914-20:19:43-1189,attr,ApplicationStrategyNetwork.monitoringServer.app[7],rcvdPkLifetime:stats,source,dataAge(packetReceived),,,,,,,
RR_T30-0-20260914-20:19:43-1189,attr,ApplicationStrategyNetwork.monitoringServer.app[7],rcvdPkLifetime:stats,title,received packet lifetime,,,,,,,
RR_T30-0-20260914-20:19:43-1189,attr,ApplicationStrategyNetwork.monitoringServer.app[7],rcvdPkLifetime:stats,unit,s,,,,,,,
RR_T30-0-20260914-20:19:43-1189,statistic,ApplicationStrategyNetwork.monitoringServer.app[8],rcvdPkLifetime:stats,,,,20,20,0.011309684758,0.0011079046130338,0.009149684758,0.013309684758
RR_T30-0-20260914-20:19:43-1189,attr,ApplicationStrategyNetwork.monitoringServer.app[8],rcvdPkLifetime:stats,interpolationmode,none,,,,,,,
RR_T30-0-20260914-20:19:43-1189,attr,ApplicationStrategyNetwork.monitoringServer.app[8],rcvdPkLifetime:stats,recordingmode,stats,,,,,,,
RR_T30-0-20260914-20:19:43-1189,attr,ApplicationStrategyNetwork.monitoringServer.app[8],rcvdPkLifetime:stats,source,dataAge(packetReceived),,,,,,,
RR_T30-0-20260914-20:19:43-1189,attr,ApplicationStrategyNetwork.monitoringServer.app[8],rcvdPkLifetime:stats,title,received packet lifetime,,,,,,,
RR_T30-0-20260914-20:19:43-1189,attr,ApplicationStrategyNetwork.monitoringServer.app[8],rcvdPkLifetime:stats,unit,s,,,,,,,
RR_T30-0-20260914-20:19:43-1189,statistic,ApplicationStrategyNetwork.monitoringServer.app[9],rcvdPkLifetime:stats,,,,20,20,0.011549611122,0.0010408094016318,0.009789611122,0.012989611122
RR_T30-0-20260914-20:19:43-1189,attr,ApplicationStrategyNetwork.monitoringServer.app[9],rcvdPkLifetime:stats,interpolationmode,none,,,,,,,
RR_T30-0-20260914-20:19:43-1189,attr,ApplicationStrategyNetwork.monitoringServer.app[9],rcvdPkLifetime:stats,recordingmode,stats,,,,,,,
RR_T30-0-20260914-20:19:43-1189,attr,ApplicationStrategyNetwork.monitoringServer.app[9],rcvdPkLifetime:stats,source,dataAge(packetReceived),,,,,,,
RR_T30-0-20260914-20:19:43-1189,attr,ApplicationStrategyNetwork.monitoringServer.app[9],rcvdPkLifetime:stats,title,received packet lifetime,,,,,,,
RR_T30-0-20260914-20:19:43-1189,attr,ApplicationStrategyNetwork.monitoringServer.app[9],rcvdPkLifetime:stats,unit,s,,,,,,,
RR_T30-0-20260914-20:19:43-1189,statistic,ApplicationStrategyNetwork.monitoringServer.app[10],rcvdPkLifetime:stats,,,,20,20,0.011805667636,0.0011977804033875,0.009789667636,0.013629667636
RR_T30-0-20260914-20:19:43-1189,attr,ApplicationStrategyNetwork.monitoringServer.app[10],rcvdPkLifetime:stats,interpolationmode,none,,,,,,,
RR_T30-0-20260914-20:19:43-1189,attr,ApplicationStrategyNetwork.monitoringServer.app[10],rcvdPkLifetime:stats,recordingmode,stats,,,,,,,
RR_T30-0-20260914-20:19:43-1189,attr,ApplicationStrategyNetwork.monitoringServer.app[10],rcvdPkLifetime:stats,source,dataAge(packetReceived),,,,,,,
RR_T30-0-20260914-20:19:43-1189,attr,ApplicationStrategyNetwork.monitoringServer.app[10],rcvdPkLifetime:stats,title,received packet lifetime,,,,,,,
RR_T30-0-20260914-20:19:43-1189,attr,ApplicationStrategyNetwork.monitoringServer.app[10],rcvdPkLifetime:stats,unit,s,,,,,,,
RR_T30-0-20260914-20:19:43-1189,statistic,ApplicationStrategyNetwork.monitoringServer.app[11],rcvdPkLifetime:stats,,,,20,20,0.011421627426,0.0010006818727877,0.009469627426,0.013309627426
RR_T30-0-20260914-20:19:43-1189,attr,ApplicationStrategyNetwork.monitoringServer.app[11],rcvdPkLifetime:stats,interpolationmode,none,,,,,,,
RR_T30-0-20260914-20:19:43-1189,attr,ApplicationStrategyNetwork.monitoringServer.app[11],rcvdPkLifetime:stats,recordingmode,stats,,,,,,,
RR_T30-0-20260914-20:19:43-1189,attr,ApplicationStrategyNetwork.monitoringServer.app[11],rcvdPkLifetime:stats,source,dataAge(packetReceived),,,,,,,
RR_T30-0-20260914-20:19:43-1189,attr,ApplicationStrategyNetwork.monitoringServer.app[11],rcvdPkLifetime:stats,title,received packet lifetime,,,,,,,
RR_T30-0-20260914-20:19:43-1189,attr,ApplicationStrategyNetwork.monitoringServer.app[11],rcvdPkLifetime:stats,unit,s,,,,,,,
RR_T30-1-20260914-20:19:45-1194,statistic,ApplicationStrategyNetwork.monitoringServer.app[0],rcvdPkLifetime:stats,,,,20,20,0.014644857936,0.005313261676419,0.009469657936,0.029069657936
RR_T30-1-20260914-20:19:45-1194,attr,ApplicationStrategyNetwork.monitoringServer.app[0],rcvdPkLifetime:stats,interpolationmode,none,,,,,,,
RR_T30-1-20260914-20:19:45-1194,attr,ApplicationStrategyNetwork.monitoringServer.app[0],rcvdPkLifetime:stats,recordingmode,stats,,,,,,,
RR_T30-1-20260914-20:19:45-1194,attr,ApplicationStrategyNetwork.monitoringServer.app[0],rcvdPkLifetime:stats,source,dataAge(packetReceived),,,,,,,
RR_T30-1-20260914-20:19:45-1194,attr,ApplicationStrategyNetwork.monitoringServer.app[0],rcvdPkLifetime:stats,title,received packet lifetime,,,,,,,
RR_T30-1-20260914-20:19:45-1194,attr,ApplicationStrategyNetwork.monitoringServer.app[0],rcvdPkLifetime:stats,unit,s,,,,,,,
RR_T30-1-20260914-20:19:45-1194,statistic,ApplicationStrategyNetwork.monitoringServer.app[1],rcvdPkLifetime:stats,,,,20,20,0.011501669594,0.00134277638535,0.009149669594,0.013629669594
RR_T30-1-20260914-20:19:45-1194,attr,ApplicationStrategyNetwork.monitoringServer.app[1],rcvdPkLifetime:stats,interpolationmode,none,,,,,,,
RR_T30-1-20260914-20:19:45-1194,attr,ApplicationStrategyNetwork.monitoringServer.app[1],rcvdPkLifetime:stats,recordingmode,stats,,,,,,,
RR_T30-1-20260914-20:19:45-1194,attr,ApplicationStrategyNetwork.monitoringServer.app[1],rcvdPkLifetime:stats,source,dataAge(packetReceived),,,,,,,
RR_T30-1-20260914-20:19:45-1194,attr,ApplicationStrategyNetwork.monitoringServer.app[1],rcvdPkLifetime:stats,title,received packet lifetime,,,,,,,
RR_T30-1-20260914-20:19:45-1194,attr,ApplicationStrategyNetwork.monitoringServer.app[1],rcvdPkLifetime:stats,unit,s,,,,,,,
RR_T30-1-20260914-20:19:45-1194,statistic,ApplicationStrategyNetwork.monitoringServer.app[2],rcvdPkLifetime:stats,,,,20,20,0.021498064339,0.0043968221251265,0.014773264339,0.028853264339
RR_T30-1-20260914-20:19:45-1194,attr,ApplicationStrategyNetwork.monitoringServer.app[2],rcvdPkLifetime:stats,interpolationmode,none,,,,,,,
RR_T30-1-20260914-20:19:45-1194,attr,ApplicationStrategyNetwork.monitoringServer.app[2],rcvdPkLifetime:stats,recordingmode,stats,,,,,,,
RR_T30-1-20260914-20:19:45-1194,attr,ApplicationStrategyNetwork.monitoringServer.app[2],rcvdPkLifetime:stats,source,dataAge(packetReceived),,,,,,,
RR_T30-1-20260914-20:19:45-1194,attr,ApplicationStrategyNetwork.monitoringServer.app[2],rcvdPkLifetime:stats,title,received packet lifetime,,,,,,,
RR_T30-1-20260914-20:19:45-1194,attr,ApplicationStrategyNetwork.monitoringServer.app[2],rcvdPkLifetime:stats,unit,s,,,,,,,
RR_T30-1-20260914-20:19:45-1194,statistic,ApplicationStrategyNetwork.monitoringServer.app[3],rcvdPkLifetime:stats,,,,20,20,0.011501656592,0.00079255482958127,0.010109656592,0.012989656592
RR_T30-1-20260914-20:19:45-1194,attr,ApplicationStrategyNetwork.monitoringServer.app[3],rcvdPkLifetime:stats,interpolationmode,none,,,,,,,
RR_T30-1-20260914-20:19:45-1194,attr,ApplicationStrategyNetwork.monitoringServer.app[3],rcvdPkLifetime:stats,recordingmode,stats,,,,,,,
RR_T30-1-20260914-20:19:45-1194,attr,ApplicationStrategyNetwork.monitoringServer.app[3],rcvdPkLifetime:stats,source,dataAge(packetReceived),,,,,,,
RR_T30-1-20260914-20:19:45-1194,attr,ApplicationStrategyNetwork.monitoringServer.app[3],rcvdPkLifetime:stats,title,received packet lifetime,,,,,,,
RR_T30-1-20260914-20:19:45-1194,attr,ApplicationStrategyNetwork.monitoringServer.app[3],rcvdPkLifetime:stats,unit,s,,,,,,,
RR_T30-1-20260914-20:19:45-1194,statistic,ApplicationStrategyNetwork.monitoringServer.app[4],rcvdPkLifetime:stats,,,,20,20,0.012029639882,0.00096838443866713,0.010109639882,0.013309639882
RR_T30-1-20260914-20:19:45-1194,attr,ApplicationStrategyNetwork.monitoringServer.app[4],rcvdPkLifetime:stats,interpolationmode,none,,,,,,,
RR_T30-1-20260914-20:19:45-1194,attr,ApplicationStrategyNetwork.monitoringServer.app[4],rcvdPkLifetime:stats,recordingmode,stats,,,,,,,
RR_T30-1-20260914-20:19:45-1194,attr,ApplicationStrategyNetwork.monitoringServer.app[4],rcvdPkLifetime:stats,source,dataAge(packetReceived),,,,,,,
RR_T30-1-20260914-20:19:45-1194,attr,ApplicationStrategyNetwork.monitoringServer.app[4],rcvdPkLifetime:stats,title,received packet lifetime,,,,,,,
RR_T30-1-20260914-20:19:45-1194,attr,ApplicationStrategyNetwork.monitoringServer.app[4],rcvdPkLifetime:stats,unit,s,,,,,,,
RR_T30-1-20260914-20:19:45-1194,statistic,ApplicationStrategyNetwork.monitoringServer.app[5],rcvdPkLifetime:stats,,,,20,20,0.011533630062,0.00086537123156534,0.009149630062,0.012669630062
RR_T30-1-20260914-20:19:45-1194,attr,ApplicationStrategyNetwork.monitoringServer.app[5],rcvdPkLifetime:stats,interpolationmode,none,,,,,,,
RR_T30-1-20260914-20:19:45-1194,attr,ApplicationStrategyNetwork.monitoringServer.app[5],rcvdPkLifetime:stats,recordingmode,stats,,,,,,,
RR_T30-1-20260914-20:19:45-1194,attr,ApplicationStrategyNetwork.monitoringServer.app[5],rcvdPkLifetime:stats,source,dataAge(packetReceived),,,,,,,
RR_T30-1-20260914-20:19:45-1194,attr,ApplicationStrategyNetwork.monitoringServer.app[5],rcvdPkLifetime:stats,title,received packet lifetime,,,,,,,
RR_T30-1-20260914-20:19:45-1194,attr,ApplicationStrategyNetwork.monitoringServer.app[5],rcvdPkLifetime:stats,unit,s,,,,,,,
RR_T30-1-20260914-20:19:45-1194,statistic,ApplicationStrategyNetwork.monitoringServer.app[6],rcvdPkLifetime:stats,,,,20,20,0.011501622076,0.00072135544928277,0.009789622076,0.012989622076
RR_T30-1-20260914-20:19:45-1194,attr,ApplicationStrategyNetwork.monitoringServer.app[6],rcvdPkLifetime:stats,interpolationmode,none,,,,,,,
RR_T30-1-20260914-20:19:45-1194,attr,ApplicationStrategyNetwork.monitoringServer.app[6],rcvdPkLifetime:stats,recordingmode,stats,,,,,,,
RR_T30-1-20260914-20:19:45-1194,attr,ApplicationStrategyNetwork.monitoringServer.app[6],rcvdPkLifetime:stats,source,dataAge(packetReceived),,,,,,,
RR_T30-1-20260914-20:19:45-1194,attr,ApplicationStrategyNetwork.monitoringServer.app[6],rcvdPkLifetime:stats,title,received packet lifetime,,,,,,,
RR_T30-1-20260914-20:19:45-1194,attr,ApplicationStrategyNetwork.monitoringServer.app[6],rcvdPkLifetime:stats,unit,s,,,,,,,
RR_T30-1-20260914-20:19:45-1194,statistic,ApplicationStrategyNetwork.monitoringServer.app[7],rcvdPkLifetime:stats,,,,20,20,0.011149617712,0.0012322679134536,0.009469617712,0.013309617712
RR_T30-1-20260914-20:19:45-1194,attr,ApplicationStrategyNetwork.monitoringServer.app[7],rcvdPkLifetime:stats,interpolationmode,none,,,,,,,
RR_T30-1-20260914-20:19:45-1194,attr,ApplicationStrategyNetwork.monitoringServer.app[7],rcvdPkLifetime:stats,recordingmode,stats,,,,,,,
RR_T30-1-20260914-20:19:45-1194,attr,ApplicationStrategyNetwork.monitoringServer.app[7],rcvdPkLifetime:stats,source,dataAge(packetReceived),,,,,,,
RR_T30-1-20260914-20:19:45-1194,attr,ApplicationStrategyNetwork.monitoringServer.app[7],rcvdPkLifetime:stats,title,received packet lifetime,,,,,,,
RR_T30-1-20260914-20:19:45-1194,attr,ApplicationStrategyNetwork.monitoringServer.app[7],rcvdPkLifetime:stats,unit,s,,,,,,,
RR_T30-1-20260914-20:19:45-1194,statistic,ApplicationStrategyNetwork.monitoringServer.app[8],rcvdPkLifetime:stats,,,,20,20,0.011069650176,0.00096280292567186,0.009149650176,0.012669650176
RR_T30-1-20260914-20:19:45-1194,attr,ApplicationStrategyNetwork.monitoringServer.app[8],rcvdPkLifetime:stats,interpolationmode,none,,,,,,,
RR_T30-1-20260914-20:19:45-1194,attr,ApplicationStrategyNetwork.monitoringServer.app[8],rcvdPkLifetime:stats,recordingmode,stats,,,,,,,
RR_T30-1-20260914-20:19:45-1194,attr,ApplicationStrategyNetwork.monitoringServer.app[8],rcvdPkLifetime:stats,source,dataAge(packetReceived),,,,,,,
RR_T30-1-20260914-20:19:45-1194,attr,ApplicationStrategyNetwork.monitoringServer.app[8],rcvdPkLifetime:stats,title,received packet lifetime,,,,,,,
RR_T30-1-20260914-20:19:45-1194,attr,ApplicationStrategyNetwork.monitoringServer.app[8],rcvdPkLifetime:stats,unit,s,,,,,,,
RR_T30-1-20260914-20:19:45-1194,statistic,ApplicationStrategyNetwork.monitoringServer.app[9],rcvdPkLifetime:stats,,,,20,20,0.01159764741,0.00087650982520707,0.00978964741,0.01298964741
RR_T30-1-20260914-20:19:45-1194,attr,ApplicationStrategyNetwork.monitoringServer.app[9],rcvdPkLifetime:stats,interpolationmode,none,,,,,,,
RR_T30-1-20260914-20:19:45-1194,attr,ApplicationStrategyNetwork.monitoringServer.app[9],rcvdPkLifetime:stats,recordingmode,stats,,,,,,,
RR_T30-1-20260914-20:19:45-1194,attr,ApplicationStrategyNetwork.monitoringServer.app[9],rcvdPkLifetime:stats,source,dataAge(packetReceived),,,,,,,
RR_T30-1-20260914-20:19:45-1194,attr,ApplicationStrategyNetwork.monitoringServer.app[9],rcvdPkLifetime:stats,title,received packet lifetime,,,,,,,
RR_T30-1-20260914-20:19:45-1194,attr,ApplicationStrategyNetwork.monitoringServer.app[9],rcvdPkLifetime:stats,unit,s,,,,,,,
RR_T30-1-20260914-20:19:45-1194,statistic,ApplicationStrategyNetwork.monitoringServer.app[10],rcvdPkLifetime:stats,,,,20,20,0.01137362915,0.00088385757366591,0.00978962915,0.01330962915
RR_T30-1-20260914-20:19:45-1194,attr,ApplicationStrategyNetwork.monitoringServer.app[10],rcvdPkLifetime:stats,interpolationmode,none,,,,,,,
RR_T30-1-20260914-20:19:45-1194,attr,ApplicationStrategyNetwork.monitoringServer.app[10],rcvdPkLifetime:stats,recordingmode,stats,,,,,,,
RR_T30-1-20260914-20:19:45-1194,attr,ApplicationStrategyNetwork.monitoringServer.app[10],rcvdPkLifetime:stats,source,dataAge(packetReceived),,,,,,,
RR_T30-1-20260914-20:19:45-1194,attr,ApplicationStrategyNetwork.monitoringServer.app[10],rcvdPkLifetime:stats,title,received packet lifetime,,,,,,,
RR_T30-1-20260914-20:19:45-1194,attr,ApplicationStrategyNetwork.monitoringServer.app[10],rcvdPkLifetime:stats,unit,s,,,,,,,
RR_T30-1-20260914-20:19:45-1194,statistic,ApplicationStrategyNetwork.monitoringServer.app[11],rcvdPkLifetime:stats,,,,20,20,0.011005645592,0.00080151435617767,0.009789645592,0.012669645592
RR_T30-1-20260914-20:19:45-1194,attr,ApplicationStrategyNetwork.monitoringServer.app[11],rcvdPkLifetime:stats,interpolationmode,none,,,,,,,
RR_T30-1-20260914-20:19:45-1194,attr,ApplicationStrategyNetwork.monitoringServer.app[11],rcvdPkLifetime:stats,recordingmode,stats,,,,,,,
RR_T30-1-20260914-20:19:45-1194,attr,ApplicationStrategyNetwork.monitoringServer.app[11],rcvdPkLifetime:stats,source,dataAge(packetReceived),,,,,,,
RR_T30-1-20260914-20:19:45-1194,attr,ApplicationStrategyNetwork.monitoringServer.app[11],rcvdPkLifetime:stats,title,received packet lifetime,,,,,,,
RR_T30-1-20260914-20:19:45-1194,attr,ApplicationStrategyNetwork.monitoringServer.app[11],rcvdPkLifetime:stats,unit,s,,,,,,,
RR_T30-2-20260914-20:19:47-1199,statistic,ApplicationStrategyNetwork.monitoringServer.app[0],rcvdPkLifetime:stats,,,,20,20,0.011853644032,0.001130060082241,0.009789644032,0.013629644032
RR_T30-2-20260914-20:19:47-1199,attr,ApplicationStrategyNetwork.monitoringServer.app[0],rcvdPkLifetime:stats,interpolationmode,none,,,,,,,
RR_T30-2-20260914-20:19:47-1199,attr,ApplicationStrategyNetwork.monitoringServer.app[0],rcvdPkLifetime:stats,recordingmode,stats,,,,,,,
RR_T30-2-20260914-20:19:47-1199,attr,ApplicationStrategyNetwork.monitoringServer.app[0],rcvdPkLifetime:stats,source,dataAge(packetReceived),,,,,,,
RR_T30-2-20260914-20:19:47-1199,attr,ApplicationStrategyNetwork.monitoringServer.app[0],rcvdPkLifetime:stats,title,received packet lifetime,,,,,,,
RR_T30-2-20260914-20:19:47-1199,attr,ApplicationStrategyNetwork.monitoringServer.app[0],rcvdPkLifetime:stats,unit,s,,,,,,,
RR_T30-2-20260914-20:19:47-1199,statistic,ApplicationStrategyNetwork.monitoringServer.app[1],rcvdPkLifetime:stats,,,,20,20,0.0264511624435,0.0091505709944891,0.01400396536,0.04667596536
RR_T30-2-20260914-20:19:47-1199,attr,ApplicationStrategyNetwork.monitoringServer.app[1],rcvdPkLifetime:stats,interpolationmode,none,,,,,,,
RR_T30-2-20260914-20:19:47-1199,attr,ApplicationStrategyNetwork.monitoringServer.app[1],rcvdPkLifetime:stats,recordingmode,stats,,,,,,,
RR_T30-2-20260914-20:19:47-1199,attr,ApplicationStrategyNetwork.monitoringServer.app[1],rcvdPkLifetime:stats,source,dataAge(packetReceived),,,,,,,
RR_T30-2-20260914-20:19:47-1199,attr,ApplicationStrategyNetwork.monitoringServer.app[1],rcvdPkLifetime:stats,title,received packet lifetime,,,,,,,
RR_T30-2-20260914-20:19:47-1199,attr,ApplicationStrategyNetwork.monitoringServer.app[1],rcvdPkLifetime:stats,unit,s,,,,,,,
RR_T30-2-20260914-20:19:47-1199,statistic,ApplicationStrategyNetwork.monitoringServer.app[2],rcvdPkLifetime:stats,,,,20,20,0.028619142377,0.0077864385643112,0.013700742377,0.048804742377
RR_T30-2-20260914-20:19:47-1199,attr,ApplicationStrategyNetwork.monitoringServer.app[2],rcvdPkLifetime:stats,interpolationmode,none,,,,,,,
RR_T30-2-20260914-20:19:47-1199,attr,ApplicationStrategyNetwork.monitoringServer.app[2],rcvdPkLifetime:stats,recordingmode,stats,,,,,,,
RR_T30-2-20260914-20:19:47-1199,attr,ApplicationStrategyNetwork.monitoringServer.app[2],rcvdPkLifetime:stats,source,dataAge(packetReceived),,,,,,,
RR_T30-2-20260914-20:19:47-1199,attr,ApplicationStrategyNetwork.monitoringServer.app[2],rcvdPkLifetime:stats,title,received packet lifetime,,,,,,,
RR_T30-2-20260914-20:19:47-1199,attr,ApplicationStrategyNetwork.monitoringServer.app[2],rcvdPkLifetime:stats,unit,s,,,,,,,
RR_T30-2-20260914-20:19:47-1199,statistic,ApplicationStrategyNetwork.monitoringServer.app[3],rcvdPkLifetime:stats,,,,20,20,0.011069616418,0.00083057367618941,0.010109616418,0.012669616418
RR_T30-2-20260914-20:19:47-1199,attr,ApplicationStrategyNetwork.monitoringServer.app[3],rcvdPkLifetime:stats,interpolationmode,none,,,,,,,
RR_T30-2-20260914-20:19:47-1199,attr,ApplicationStrategyNetwork.monitoringServer.app[3],rcvdPkLifetime:stats,recordingmode,stats,,,,,,,
RR_T30-2-20260914-20:19:47-1199,attr,ApplicationStrategyNetwork.monitoringServer.app[3],rcvdPkLifetime:stats,source,dataAge(packetReceived),,,,,,,
RR_T30-2-20260914-20:19:47-1199,attr,ApplicationStrategyNetwork.monitoringServer.app[3],rcvdPkLifetime:stats,title,received packet lifetime,,,,,,,
RR_T30-2-20260914-20:19:47-1199,attr,ApplicationStrategyNetwork.monitoringServer.app[3],rcvdPkLifetime:stats,unit,s,,,,,,,
RR_T30-2-20260914-20:19:47-1199,statistic,ApplicationStrategyNetwork.monitoringServer.app[4],rcvdPkLifetime:stats,,,,20,20,0.01159762845,0.0010753192916283,0.00946962845,0.01330962845
RR_T30-2-20260914-20:19:47-1199,attr,ApplicationStrategyNetwork.monitoringServer.app[4],rcvdPkLifetime:stats,interpolationmode,none,,,,,,,
RR_T30-2-20260914-20:19:47-1199,attr,ApplicationStrategyNetwork.monitoringServer.app[4],rcvdPkLifetime:stats,recordingmode,stats,,,,,,,
RR_T30-2-20260914-20:19:47-1199,attr,ApplicationStrategyNetwork.monitoringServer.app[4],rcvdPkLifetime:stats,source,dataAge(packetReceived),,,,,,,
RR_T30-2-20260914-20:19:47-1199,attr,ApplicationStrategyNetwork.monitoringServer.app[4],rcvdPkLifetime:stats,title,received packet lifetime,,,,,,,
RR_T30-2-20260914-20:19:47-1199,attr,ApplicationStrategyNetwork.monitoringServer.app[4],rcvdPkLifetime:stats,unit,s,,,,,,,
RR_T30-2-20260914-20:19:47-1199,statistic,ApplicationStrategyNetwork.monitoringServer.app[5],rcvdPkLifetime:stats,,,,19,19,0.018660381774105,0.0087046932988416,0.009149644932,0.042317644932
RR_T30-2-20260914-20:19:47-1199,attr,ApplicationStrategyNetwork.monitoringServer.app[5],rcvdPkLifetime:stats,interpolationmode,none,,,,,,,
RR_T30-2-20260914-20:19:47-1199,attr,ApplicationStrategyNetwork.monitoringServer.app[5],rcvdPkLifetime:stats,recordingmode,stats,,,,,,,
RR_T30-2-20260914-20:19:47-1199,attr,ApplicationStrategyNetwork.monitoringServer.app[5],rcvdPkLifetime:stats,source,dataAge(packetReceived),,,,,,,
RR_T30-2-20260914-20:19:47-1199,attr,ApplicationStrategyNetwork.monitoringServer.app[5],rcvdPkLifetime:stats,title,received packet lifetime,,,,,,,
RR_T30-2-20260914-20:19:47-1199,attr,ApplicationStrategyNetwork.monitoringServer.app[5],rcvdPkLifetime:stats,unit,s,,,,,,,
RR_T30-2-20260914-20:19:47-1199,statistic,ApplicationStrategyNetwork.monitoringServer.app[6],rcvdPkLifetime:stats,,,,20,20,0.0120730446958,0.0010727034974383,0.010429623852,0.013926728071
RR_T30-2-20260914-20:19:47-1199,attr,ApplicationStrategyNetwork.monitoringServer.app[6],rcvdPkLifetime:stats,interpolationmode,none,,,,,,,
RR_T30-2-20260914-20:19:47-1199,attr,ApplicationStrategyNetwork.monitoringServer.app[6],rcvdPkLifetime:stats,recordingmode,stats,,,,,,,
RR_T30-2-20260914-20:19:47-1199,attr,ApplicationStrategyNetwork.monitoringServer.app[6],rcvdPkLifetime:stats,source,dataAge(packetReceived),,,,,,,
RR_T30-2-20260914-20:19:47-1199,attr,ApplicationStrategyNetwork.monitoringServer.app[6],rcvdPkLifetime:stats,title,received packet lifetime,,,,,,,
RR_T30-2-20260914-20:19:47-1199,attr,ApplicationStrategyNetwork.monitoringServer.app[6],rcvdPkLifetime:stats,unit,s,,,,,,,
RR_T30-2-20260914-20:19:47-1199,statistic,ApplicationStrategyNetwork.monitoringServer.app[7],rcvdPkLifetime:stats,,,,20,20,0.011197661786,0.0011201202942919,0.009469661786,0.013309661786
RR_T30-2-20260914-20:19:47-1199,attr,ApplicationStrategyNetwork.monitoringServer.app[7],rcvdPkLifetime:stats,interpolationmode,none,,,,,,,
RR_T30-2-20260914-20:19:47-1199,attr,ApplicationStrategyNetwork.monitoringServer.app[7],rcvdPkLifetime:stats,recordingmode,stats,,,,,,,
RR_T30-2-20260914-20:19:47-1199,attr,ApplicationStrategyNetwork.monitoringServer.app[7],rcvdPkLifetime:stats,source,dataAge(packetReceived),,,,,,,
RR_T30-2-20260914-20:19:47-1199,attr,ApplicationStrategyNetwork.monitoringServer.app[7],rcvdPkLifetime:stats,title,received packet lifetime,,,,,,,
RR_T30-2-20260914-20:19:47-1199,attr,ApplicationStrategyNetwork.monitoringServer.app[7],rcvdPkLifetime:stats,unit,s,,,,,,,
RR_T30-2-20260914-20:19:47-1199,statistic,ApplicationStrategyNetwork.monitoringServer.app[8],rcvdPkLifetime:stats,,,,20,20,0.011117605164,0.0010448147657539,0.009469605164,0.012989605164
RR_T30-2-20260914-20:19:47-1199,attr,ApplicationStrategyNetwork.monitoringServer.app[8],rcvdPkLifetime:stats,interpolationmode,none,,,,,,,
RR_T30-2-20260914-20:19:47-1199,attr,ApplicationStrategyNetwork.monitoringServer.app[8],rcvdPkLifetime:stats,recordingmode,stats,,,,,,,
RR_T30-2-20260914-20:19:47-1199,attr,ApplicationStrategyNetwork.monitoringServer.app[8],rcvdPkLifetime:stats,source,dataAge(packetReceived),,,,,,,
RR_T30-2-20260914-20:19:47-1199,attr,ApplicationStrategyNetwork.monitoringServer.app[8],rcvdPkLifetime:stats,title,received packet lifetime,,,,,,,
RR_T30-2-20260914-20:19:47-1199,attr,ApplicationStrategyNetwork.monitoringServer.app[8],rcvdPkLifetime:stats,unit,s,,,,,,,
RR_T30-2-20260914-20:19:47-1199,statistic,ApplicationStrategyNetwork.monitoringServer.app[9],rcvdPkLifetime:stats,,,,20,20,0.011021613434,0.001034446712016,0.009469613434,0.012989613434
RR_T30-2-20260914-20:19:47-1199,attr,ApplicationStrategyNetwork.monitoringServer.app[9],rcvdPkLifetime:stats,interpolationmode,none,,,,,,,
RR_T30-2-20260914-20:19:47-1199,attr,ApplicationStrategyNetwork.monitoringServer.app[9],rcvdPkLifetime:stats,recordingmode,stats,,,,,,,
RR_T30-2-20260914-20:19:47-1199,attr,ApplicationStrategyNetwork.monitoringServer.app[9],rcvdPkLifetime:stats,source,dataAge(packetReceived),,,,,,,
RR_T30-2-20260914-20:19:47-1199,attr,ApplicationStrategyNetwork.monitoringServer.app[9],rcvdPkLifetime:stats,title,received packet lifetime,,,,,,,
RR_T30-2-20260914-20:19:47-1199,attr,ApplicationStrategyNetwork.monitoringServer.app[9],rcvdPkLifetime:stats,unit,s,,,,,,,
RR_T30-2-20260914-20:19:47-1199,statistic,ApplicationStrategyNetwork.monitoringServer.app[10],rcvdPkLifetime:stats,,,,20,20,0.011597651502,0.00095873600998626,0.009789651502,0.013309651502
RR_T30-2-20260914-20:19:47-1199,attr,ApplicationStrategyNetwork.monitoringServer.app[10],rcvdPkLifetime:stats,interpolationmode,none,,,,,,,
RR_T30-2-20260914-20:19:47-1199,attr,ApplicationStrategyNetwork.monitoringServer.app[10],rcvdPkLifetime:stats,recordingmode,stats,,,,,,,
RR_T30-2-20260914-20:19:47-1199,attr,ApplicationStrategyNetwork.monitoringServer.app[10],rcvdPkLifetime:stats,source,dataAge(packetReceived),,,,,,,
RR_T30-2-20260914-20:19:47-1199,attr,ApplicationStrategyNetwork.monitoringServer.app[10],rcvdPkLifetime:stats,title,received packet lifetime,,,,,,,
RR_T30-2-20260914-20:19:47-1199,attr,ApplicationStrategyNetwork.monitoringServer.app[10],rcvdPkLifetime:stats,unit,s,,,,,,,
RR_T30-2-20260914-20:19:47-1199,statistic,ApplicationStrategyNetwork.monitoringServer.app[11],rcvdPkLifetime:stats,,,,20,20,0.011261632686,0.0011055915301686,0.009469632686,0.013629632686
RR_T30-2-20260914-20:19:47-1199,attr,ApplicationStrategyNetwork.monitoringServer.app[11],rcvdPkLifetime:stats,interpolationmode,none,,,,,,,
RR_T30-2-20260914-20:19:47-1199,attr,ApplicationStrategyNetwork.monitoringServer.app[11],rcvdPkLifetime:stats,recordingmode,stats,,,,,,,
RR_T30-2-20260914-20:19:47-1199,attr,ApplicationStrategyNetwork.monitoringServer.app[11],rcvdPkLifetime:stats,source,dataAge(packetReceived),,,,,,,
RR_T30-2-20260914-20:19:47-1199,attr,ApplicationStrategyNetwork.monitoringServer.app[11],rcvdPkLifetime:stats,title,received packet lifetime,,,,,,,
RR_T30-2-20260914-20:19:47-1199,attr,ApplicationStrategyNetwork.monitoringServer.app[11],rcvdPkLifetime:stats,unit,s,,,,,,,
RR_T30-3-20260914-20:19:49-1204,statistic,ApplicationStrategyNetwork.monitoringServer.app[0],rcvdPkLifetime:stats,,,,20,20,0.011421662286,0.0010428786072568,0.009469662286,0.013309662286
RR_T30-3-20260914-20:19:49-1204,attr,ApplicationStrategyNetwork.monitoringServer.app[0],rcvdPkLifetime:stats,interpolationmode,none,,,,,,,
RR_T30-3-20260914-20:19:49-1204,attr,ApplicationStrategyNetwork.monitoringServer.app[0],rcvdPkLifetime:stats,recordingmode,stats,,,,,,,
RR_T30-3-20260914-20:19:49-1204,attr,ApplicationStrategyNetwork.monitoringServer.app[0],rcvdPkLifetime:stats,source,dataAge(packetReceived),,,,,,,
RR_T30-3-20260914-20:19:49-1204,attr,ApplicationStrategyNetwork.monitoringServer.app[0],rcvdPkLifetime:stats,title,received packet lifetime,,,,,,,
RR_T30-3-20260914-20:19:49-1204,attr,ApplicationStrategyNetwork.monitoringServer.app[0],rcvdPkLifetime:stats,unit,s,,,,,,,
RR_T30-3-20260914-20:19:49-1204,statistic,ApplicationStrategyNetwork.monitoringServer.app[1],rcvdPkLifetime:stats,,,,20,20,0.011277661176,0.00098096408003463,0.009789661176,0.012989661176
RR_T30-3-20260914-20:19:49-1204,attr,ApplicationStrategyNetwork.monitoringServer.app[1],rcvdPkLifetime:stats,interpolationmode,none,,,,,,,
RR_T30-3-20260914-20:19:49-1204,attr,ApplicationStrategyNetwork.monitoringServer.app[1],rcvdPkLifetime:stats,recordingmode,stats,,,,,,,
RR_T30-3-20260914-20:19:49-1204,attr,ApplicationStrategyNetwork.monitoringServer.app[1],rcvdPkLifetime:stats,source,dataAge(packetReceived),,,,,,,
RR_T30-3-20260914-20:19:49-1204,attr,ApplicationStrategyNetwork.monitoringServer.app[1],rcvdPkLifetime:stats,title,received packet lifetime,,,,,,,
RR_T30-3-20260914-20:19:49-1204,attr,ApplicationStrategyNetwork.monitoringServer.app[1],rcvdPkLifetime:stats,unit,s,,,,,,,
RR_T30-3-20260914-20:19:49-1204,statistic,ApplicationStrategyNetwork.monitoringServer.app[2],rcvdPkLifetime:stats,,,,20,20,0.01118164884,0.00093020427864086,0.00946964884,0.01266964884
RR_T30-3-20260914-20:19:49-1204,attr,ApplicationStrategyNetwork.monitoringServer.app[2],rcvdPkLifetime:stats,interpolationmode,none,,,,,,,
RR_T30-3-20260914-20:19:49-1204,attr,ApplicationStrategyNetwork.monitoringServer.app[2],rcvdPkLifetime:stats,recordingmode,stats,,,,,,,
RR_T30-3-20260914-20:19:49-1204,attr,ApplicationStrategyNetwork.monitoringServer.app[2],rcvdPkLifetime:stats,source,dataAge(packetReceived),,,,,,,
RR_T30-3-20260914-20:19:49-1204,attr,ApplicationStrategyNetwork.monitoringServer.app[2],rcvdPkLifetime:stats,title,received packet lifetime,,,,,,,
RR_T30-3-20260914-20:19:49-1204,attr,ApplicationStrategyNetwork.monitoringServer.app[2],rcvdPkLifetime:stats,unit,s,,,,,,,
RR_T30-3-20260914-20:19:49-1204,statistic,ApplicationStrategyNetwork.monitoringServer.app[3],rcvdPkLifetime:stats,,,,20,20,0.01098962515,0.0011127585447637,0.00914962515,0.01330962515
RR_T30-3-20260914-20:19:49-1204,attr,ApplicationStrategyNetwork.monitoringServer.app[3],rcvdPkLifetime:stats,interpolationmode,none,,,,,,,
RR_T30-3-20260914-20:19:49-1204,attr,ApplicationStrategyNetwork.monitoringServer.app[3],rcvdPkLifetime:stats,recordingmode,stats,,,,,,,
RR_T30-3-20260914-20:19:49-1204,attr,ApplicationStrategyNetwork.monitoringServer.app[3],rcvdPkLifetime:stats,source,dataAge(packetReceived),,,,,,,
RR_T30-3-20260914-20:19:49-1204,attr,ApplicationStrategyNetwork.monitoringServer.app[3],rcvdPkLifetime:stats,title,received packet lifetime,,,,,,,
RR_T30-3-20260914-20:19:49-1204,attr,ApplicationStrategyNetwork.monitoringServer.app[3],rcvdPkLifetime:stats,unit,s,,,,,,,
RR_T30-3-20260914-20:19:49-1204,statistic,ApplicationStrategyNetwork.monitoringServer.app[4],rcvdPkLifetime:stats,,,,20,20,0.011309671372,0.0010733126291992,0.009149671372,0.012989671372
RR_T30-3-20260914-20:19:49-1204,attr,ApplicationStrategyNetwork.monitoringServer.app[4],rcvdPkLifetime:stats,interpolationmode,none,,,,,,,
RR_T30-3-20260914-20:19:49-1204,attr,ApplicationStrategyNetwork.monitoringServer.app[4],rcvdPkLifetime:stats,recordingmode,stats,,,,,,,
RR_T30-3-20260914-20:19:49-1204,attr,ApplicationStrategyNetwork.monitoringServer.app[4],rcvdPkLifetime:stats,source,dataAge(packetReceived),,,,,,,
RR_T30-3-20260914-20:19:49-1204,attr,ApplicationStrategyNetwork.monitoringServer.app[4],rcvdPkLifetime:stats,title,received packet lifetime,,,,,,,
RR_T30-3-20260914-20:19:49-1204,attr,ApplicationStrategyNetwork.monitoringServer.app[4],rcvdPkLifetime:stats,unit,s,,,,,,,
RR_T30-3-20260914-20:19:49-1204,statistic,ApplicationStrategyNetwork.monitoringServer.app[5],rcvdPkLifetime:stats,,,,20,20,0.01134169364,0.00095873600998427,0.00914969364,0.01266969364
RR_T30-3-20260914-20:19:49-1204,attr,ApplicationStrategyNetwork.monitoringServer.app[5],rcvdPkLifetime:stats,interpolationmode,none,,,,,,,
RR_T30-3-20260914-20:19:49-1204,attr,ApplicationStrategyNetwork.monitoringServer.app[5],rcvdPkLifetime:stats,recordingmode,stats,,,,,,,
RR_T30-3-20260914-20:19:49-1204,attr,ApplicationStrategyNetwork.monitoringServer.app[5],rcvdPkLifetime:stats,source,dataAge(packetReceived),,,,,,,
RR_T30-3-20260914-20:19:49-1204,attr,ApplicationStrategyNetwork.monitoringServer.app[5],rcvdPkLifetime:stats,title,received packet lifetime,,,,,,,
RR_T30-3-20260914-20:19:49-1204,attr,ApplicationStrategyNetwork.monitoringServer.app[5],rcvdPkLifetime:stats,unit,s,,,,,,,
RR_T30-3-20260914-20:19:49-1204,statistic,ApplicationStrategyNetwork.monitoringServer.app[6],rcvdPkLifetime:stats,,,,20,20,0.011485662362,0.00079136391256293,0.010429662362,0.012989662362
RR_T30-3-20260914-20:19:49-1204,attr,ApplicationStrategyNetwork.monitoringServer.app[6],rcvdPkLifetime:stats,interpolationmode,none,,,,,,,
RR_T30-3-20260914-20:19:49-1204,attr,ApplicationStrategyNetwork.monitoringServer.app[6],rcvdPkLifetime:stats,recordingmode,stats,,,,,,,
RR_T30-3-20260914-20:19:49-1204,attr,ApplicationStrategyNetwork.monitoringServer.app[6],rcvdPkLifetime:stats,source,dataAge(packetReceived),,,,,,,
RR_T30-3-20260914-20:19:49-1204,attr,ApplicationStrategyNetwork.monitoringServer.app[6],rcvdPkLifetime:stats,title,received packet lifetime,,,,,,,
RR_T30-3-20260914-20:19:49-1204,attr,ApplicationStrategyNetwork.monitoringServer.app[6],rcvdPkLifetime:stats,unit,s,,,,,,,
RR_T30-3-20260914-20:19:49-1204,statistic,ApplicationStrategyNetwork.monitoringServer.app[7],rcvdPkLifetime:stats,,,,20,20,0.011293635624,0.0011377836257151,0.009469635624,0.013309635624
RR_T30-3-20260914-20:19:49-1204,attr,ApplicationStrategyNetwork.monitoringServer.app[7],rcvdPkLifetime:stats,interpolationmode,none,,,,,,,
RR_T30-3-20260914-20:19:49-1204,attr,ApplicationStrategyNetwork.monitoringServer.app[7],rcvdPkLifetime:stats,recordingmode,stats,,,,,,,
RR_T30-3-20260914-20:19:49-1204,attr,ApplicationStrategyNetwork.monitoringServer.app[7],rcvdPkLifetime:stats,source,dataAge(packetReceived),,,,,,,
RR_T30-3-20260914-20:19:49-1204,attr,ApplicationStrategyNetwork.monitoringServer.app[7],rcvdPkLifetime:stats,title,received packet lifetime,,,,,,,
RR_T30-3-20260914-20:19:49-1204,attr,ApplicationStrategyNetwork.monitoringServer.app[7],rcvdPkLifetime:stats,unit,s,,,,,,,
RR_T30-3-20260914-20:19:49-1204,statistic,ApplicationStrategyNetwork.monitoringServer.app[8],rcvdPkLifetime:stats,,,,20,20,0.011437660414,0.0011940625038751,0.009469660414,0.013309660414
RR_T30-3-20260914-20:19:49-1204,attr,ApplicationStrategyNetwork.monitoringServer.app[8],rcvdPkLifetime:stats,interpolationmode,none,,,,,,,
RR_T30-3-20260914-20:19:49-1204,attr,ApplicationStrategyNetwork.monitoringServer.app[8],rcvdPkLifetime:stats,recordingmode,stats,,,,,,,
RR_T30-3-20260914-20:19:49-1204,attr,ApplicationStrategyNetwork.monitoringServer.app[8],rcvdPkLifetime:stats,source,dataAge(packetReceived),,,,,,,
RR_T30-3-20260914-20:19:49-1204,attr,ApplicationStrategyNetwork.monitoringServer.app[8],rcvdPkLifetime:stats,title,received packet lifetime,,,,,,,
RR_T30-3-20260914-20:19:49-1204,attr,ApplicationStrategyNetwork.monitoringServer.app[8],rcvdPkLifetime:stats,unit,s,,,,,,,
RR_T30-3-20260914-20:19:49-1204,statistic,ApplicationStrategyNetwork.monitoringServer.app[9],rcvdPkLifetime:stats,,,,20,20,0.01164562581,0.00089069103864232,0.01010962581,0.01362962581
RR_T30-3-20260914-20:19:49-1204,attr,ApplicationStrategyNetwork.monitoringServer.app[9],rcvdPkLifetime:stats,interpolationmode,none,,,,,,,
RR_T30-3-20260914-20:19:49-1204,attr,ApplicationStrategyNetwork.monitoringServer.app[9],rcvdPkLifetime:stats,recordingmode,stats,,,,,,,
RR_T30-3-20260914-20:19:49-1204,attr,ApplicationStrategyNetwork.monitoringServer.app[9],rcvdPkLifetime:stats,source,dataAge(packetReceived),,,,,,,
RR_T30-3-20260914-20:19:49-1204,attr,ApplicationStrategyNetwork.monitoringServer.app[9],rcvdPkLifetime:stats,title,received packet lifetime,,,,,,,
RR_T30-3-20260914-20:19:49-1204,attr,ApplicationStrategyNetwork.monitoringServer.app[9],rcvdPkLifetime:stats,unit,s,,,,,,,
RR_T30-3-20260914-20:19:49-1204,statistic,ApplicationStrategyNetwork.monitoringServer.app[10],rcvdPkLifetime:stats,,,,20,20,0.01140565661,0.00091971620336657,0.00978965661,0.01330965661
RR_T30-3-20260914-20:19:49-1204,attr,ApplicationStrategyNetwork.monitoringServer.app[10],rcvdPkLifetime:stats,interpolationmode,none,,,,,,,
RR_T30-3-20260914-20:19:49-1204,attr,ApplicationStrategyNetwork.monitoringServer.app[10],rcvdPkLifetime:stats,recordingmode,stats,,,,,,,
RR_T30-3-20260914-20:19:49-1204,attr,ApplicationStrategyNetwork.monitoringServer.app[10],rcvdPkLifetime:stats,source,dataAge(packetReceived),,,,,,,
RR_T30-3-20260914-20:19:49-1204,attr,ApplicationStrategyNetwork.monitoringServer.app[10],rcvdPkLifetime:stats,title,received packet lifetime,,,,,,,
RR_T30-3-20260914-20:19:49-1204,attr,ApplicationStrategyNetwork.monitoringServer.app[10],rcvdPkLifetime:stats,unit,s,,,,,,,
RR_T30-3-20260914-20:19:49-1204,statistic,ApplicationStrategyNetwork.monitoringServer.app[11],rcvdPkLifetime:stats,,,,20,20,0.011453620254,0.0010668912044376,0.010109620254,0.012989620254
RR_T30-3-20260914-20:19:49-1204,attr,ApplicationStrategyNetwork.monitoringServer.app[11],rcvdPkLifetime:stats,interpolationmode,none,,,,,,,
RR_T30-3-20260914-20:19:49-1204,attr,ApplicationStrategyNetwork.monitoringServer.app[11],rcvdPkLifetime:stats,recordingmode,stats,,,,,,,
RR_T30-3-20260914-20:19:49-1204,attr,ApplicationStrategyNetwork.monitoringServer.app[11],rcvdPkLifetime:stats,source,dataAge(packetReceived),,,,,,,
RR_T30-3-20260914-20:19:49-1204,attr,ApplicationStrategyNetwork.monitoringServer.app[11],rcvdPkLifetime:stats,title,received packet lifetime,,,,,,,
RR_T30-3-20260914-20:19:49-1204,attr,ApplicationStrategyNetwork.monitoringServer.app[11],rcvdPkLifetime:stats,unit,s,,,,,,,
RR_T30-4-20260914-20:19:51-1209,statistic,ApplicationStrategyNetwork.monitoringServer.app[0],rcvdPkLifetime:stats,,,,20,20,0.01108569118,0.0010144555189855,0.00946969118,0.01330969118
RR_T30-4-20260914-20:19:51-1209,attr,ApplicationStrategyNetwork.monitoringServer.app[0],rcvdPkLifetime:stats,interpolationmode,none,,,,,,,
RR_T30-4-20260914-20:19:51-1209,attr,ApplicationStrategyNetwork.monitoringServer.app[0],rcvdPkLifetime:stats,recordingmode,stats,,,,,,,
RR_T30-4-20260914-20:19:51-1209,attr,ApplicationStrategyNetwork.monitoringServer.app[0],rcvdPkLifetime:stats,source,dataAge(packetReceived),,,,,,,
RR_T30-4-20260914-20:19:51-1209,attr,ApplicationStrategyNetwork.monitoringServer.app[0],rcvdPkLifetime:stats,title,received packet lifetime,,,,,,,
RR_T30-4-20260914-20:19:51-1209,attr,ApplicationStrategyNetwork.monitoringServer.app[0],rcvdPkLifetime:stats,unit,s,,,,,,,
RR_T30-4-20260914-20:19:51-1209,statistic,ApplicationStrategyNetwork.monitoringServer.app[1],rcvdPkLifetime:stats,,,,20,20,0.011341651578,0.0012030557584314,0.009149651578,0.013629651578
RR_T30-4-20260914-20:19:51-1209,attr,ApplicationStrategyNetwork.monitoringServer.app[1],rcvdPkLifetime:stats,interpolationmode,none,,,,,,,
RR_T30-4-20260914-20:19:51-1209,attr,ApplicationStrategyNetwork.monitoringServer.app[1],rcvdPkLifetime:stats,recordingmode,stats,,,,,,,
RR_T30-4-20260914-20:19:51-1209,attr,ApplicationStrategyNetwork.monitoringServer.app[1],rcvdPkLifetime:stats,source,dataAge(packetReceived),,,,,,,
RR_T30-4-20260914-20:19:51-1209,attr,ApplicationStrategyNetwork.monitoringServer.app[1],rcvdPkLifetime:stats,title,received packet lifetime,,,,,,,
RR_T30-4-20260914-20:19:51-1209,attr,ApplicationStrategyNetwork.monitoringServer.app[1],rcvdPkLifetime:stats,unit,s,,,,,,,
RR_T30-4-20260914-20:19:51-1209,statistic,ApplicationStrategyNetwork.monitoringServer.app[2],rcvdPkLifetime:stats,,,,20,20,0.014316688142,0.0027125098107999,0.010860688142,0.022060688142
RR_T30-4-20260914-20:19:51-1209,attr,ApplicationStrategyNetwork.monitoringServer.app[2],rcvdPkLifetime:stats,interpolationmode,none,,,,,,,
RR_T30-4-20260914-20:19:51-1209,attr,ApplicationStrategyNetwork.monitoringServer.app[2],rcvdPkLifetime:stats,recordingmode,stats,,,,,,,
RR_T30-4-20260914-20:19:51-1209,attr,ApplicationStrategyNetwork.monitoringServer.app[2],rcvdPkLifetime:stats,source,dataAge(packetReceived),,,,,,,
RR_T30-4-20260914-20:19:51-1209,attr,ApplicationStrategyNetwork.monitoringServer.app[2],rcvdPkLifetime:stats,title,received packet lifetime,,,,,,,
RR_T30-4-20260914-20:19:51-1209,attr,ApplicationStrategyNetwork.monitoringServer.app[2],rcvdPkLifetime:stats,unit,s,,,,,,,
RR_T30-4-20260914-20:19:51-1209,statistic,ApplicationStrategyNetwork.monitoringServer.app[3],rcvdPkLifetime:stats,,,,20,20,0.011341650104,0.00091854346944772,0.009789650104,0.013309650104
RR_T30-4-20260914-20:19:51-1209,attr,ApplicationStrategyNetwork.monitoringServer.app[3],rcvdPkLifetime:stats,interpolationmode,none,,,,,,,
RR_T30-4-20260914-20:19:51-1209,attr,ApplicationStrategyNetwork.monitoringServer.app[3],rcvdPkLifetime:stats,recordingmode,stats,,,,,,,
RR_T30-4-20260914-20:19:51-1209,attr,ApplicationStrategyNetwork.monitoringServer.app[3],rcvdPkLifetime:stats,source,dataAge(packetReceived),,,,,,,
RR_T30-4-20260914-20:19:51-1209,attr,ApplicationStrategyNetwork.monitoringServer.app[3],rcvdPkLifetime:stats,title,received packet lifetime,,,,,,,
RR_T30-4-20260914-20:19:51-1209,attr,ApplicationStrategyNetwork.monitoringServer.app[3],rcvdPkLifetime:stats,unit,s,,,,,,,
RR_T30-4-20260914-20:19:51-1209,statistic,ApplicationStrategyNetwork.monitoringServer.app[4],rcvdPkLifetime:stats,,,,20,20,0.015265647834,0.0063130554784261,0.009149647834,0.027773647834
RR_T30-4-20260914-20:19:51-1209,attr,ApplicationStrategyNetwork.monitoringServer.app[4],rcvdPkLifetime:stats,interpolationmode,none,,,,,,,
RR_T30-4-20260914-20:19:51-1209,attr,ApplicationStrategyNetwork.monitoringServer.app[4],rcvdPkLifetime:stats,recordingmode,stats,,,,,,,
RR_T30-4-20260914-20:19:51-1209,attr,ApplicationStrategyNetwork.monitoringServer.app[4],rcvdPkLifetime:stats,source,dataAge(packetReceived),,,,,,,
RR_T30-4-20260914-20:19:51-1209,attr,ApplicationStrategyNetwork.monitoringServer.app[4],rcvdPkLifetime:stats,title,received packet lifetime,,,,,,,
RR_T30-4-20260914-20:19:51-1209,attr,ApplicationStrategyNetwork.monitoringServer.app[4],rcvdPkLifetime:stats,unit,s,,,,,,,
RR_T30-4-20260914-20:19:51-1209,statistic,ApplicationStrategyNetwork.monitoringServer.app[5],rcvdPkLifetime:stats,,,,20,20,0.011277647618,0.0009302042786393,0.009469647618,0.013309647618
RR_T30-4-20260914-20:19:51-1209,attr,ApplicationStrategyNetwork.monitoringServer.app[5],rcvdPkLifetime:stats,interpolationmode,none,,,,,,,
RR_T30-4-20260914-20:19:51-1209,attr,ApplicationStrategyNetwork.monitoringServer.app[5],rcvdPkLifetime:stats,recordingmode,stats,,,,,,,
RR_T30-4-20260914-20:19:51-1209,attr,ApplicationStrategyNetwork.monitoringServer.app[5],rcvdPkLifetime:stats,source,dataAge(packetReceived),,,,,,,
RR_T30-4-20260914-20:19:51-1209,attr,ApplicationStrategyNetwork.monitoringServer.app[5],rcvdPkLifetime:stats,title,received packet lifetime,,,,,,,
RR_T30-4-20260914-20:19:51-1209,attr,ApplicationStrategyNetwork.monitoringServer.app[5],rcvdPkLifetime:stats,unit,s,,,,,,,
RR_T30-4-20260914-20:19:51-1209,statistic,ApplicationStrategyNetwork.monitoringServer.app[6],rcvdPkLifetime:stats,,,,20,20,0.011469688392,0.00080336135934254,0.010109688392,0.012669688392
RR_T30-4-20260914-20:19:51-1209,attr,ApplicationStrategyNetwork.monitoringServer.app[6],rcvdPkLifetime:stats,interpolationmode,none,,,,,,,
RR_T30-4-20260914-20:19:51-1209,attr,ApplicationStrategyNetwork.monitoringServer.app[6],rcvdPkLifetime:stats,recordingmode,stats,,,,,,,
RR_T30-4-20260914-20:19:51-1209,attr,ApplicationStrategyNetwork.monitoringServer.app[6],rcvdPkLifetime:stats,source,dataAge(packetReceived),,,,,,,
RR_T30-4-20260914-20:19:51-1209,attr,ApplicationStrategyNetwork.monitoringServer.app[6],rcvdPkLifetime:stats,title,received packet lifetime,,,,,,,
RR_T30-4-20260914-20:19:51-1209,attr,ApplicationStrategyNetwork.monitoringServer.app[6],rcvdPkLifetime:stats,unit,s,,,,,,,
RR_T30-4-20260914-20:19:51-1209,statistic,ApplicationStrategyNetwork.monitoringServer.app[7],rcvdPkLifetime:stats,,,,20,20,0.011869641374,0.00075939033718702,0.009789641374,0.012989641374
RR_T30-4-20260914-20:19:51-1209,attr,ApplicationStrategyNetwork.monitoringServer.app[7],rcvdPkLifetime:stats,interpolationmode,none,,,,,,,
RR_T30-4-20260914-20:19:51-1209,attr,ApplicationStrategyNetwork.monitoringServer.app[7],rcvdPkLifetime:stats,recordingmode,stats,,,,,,,
RR_T30-4-20260914-20:19:51-1209,attr,ApplicationStrategyNetwork.monitoringServer.app[7],rcvdPkLifetime:stats,source,dataAge(packetReceived),,,,,,,
RR_T30-4-20260914-20:19:51-1209,attr,ApplicationStrategyNetwork.monitoringServer.app[7],rcvdPkLifetime:stats,title,received packet lifetime,,,,,,,
RR_T30-4-20260914-20:19:51-1209,attr,ApplicationStrategyNetwork.monitoringServer.app[7],rcvdPkLifetime:stats,unit,s,,,,,,,
RR_T30-4-20260914-20:19:51-1209,statistic,ApplicationStrategyNetwork.monitoringServer.app[8],rcvdPkLifetime:stats,,,,20,20,0.01122964552,0.00094870548921255,0.00946964552,0.01266964552
RR_T30-4-20260914-20:19:51-1209,attr,ApplicationStrategyNetwork.monitoringServer.app[8],rcvdPkLifetime:stats,interpolationmode,none,,,,,,,
RR_T30-4-20260914-20:19:51-1209,attr,ApplicationStrategyNetwork.monitoringServer.app[8],rcvdPkLifetime:stats,recordingmode,stats,,,,,,,
RR_T30-4-20260914-20:19:51-1209,attr,ApplicationStrategyNetwork.monitoringServer.app[8],rcvdPkLifetime:stats,source,dataAge(packetReceived),,,,,,,
RR_T30-4-20260914-20:19:51-1209,attr,ApplicationStrategyNetwork.monitoringServer.app[8],rcvdPkLifetime:stats,title,received packet lifetime,,,,,,,
RR_T30-4-20260914-20:19:51-1209,attr,ApplicationStrategyNetwork.monitoringServer.app[8],rcvdPkLifetime:stats,unit,s,,,,,,,
RR_T30-4-20260914-20:19:51-1209,statistic,ApplicationStrategyNetwork.monitoringServer.app[9],rcvdPkLifetime:stats,,,,20,20,0.01135762001,0.0010684056000945,0.00978962001,0.01362962001
RR_T30-4-20260914-20:19:51-1209,attr,ApplicationStrategyNetwork.monitoringServer.app[9],rcvdPkLifetime:stats,interpolationmode,none,,,,,,,
RR_T30-4-20260914-20:19:51-1209,attr,ApplicationStrategyNetwork.monitoringServer.app[9],rcvdPkLifetime:stats,recordingmode,stats,,,,,,,
RR_T30-4-20260914-20:19:51-1209,attr,ApplicationStrategyNetwork.monitoringServer.app[9],rcvdPkLifetime:stats,source,dataAge(packetReceived),,,,,,,
RR_T30-4-20260914-20:19:51-1209,attr,ApplicationStrategyNetwork.monitoringServer.app[9],rcvdPkLifetime:stats,title,received packet lifetime,,,,,,,
RR_T30-4-20260914-20:19:51-1209,attr,ApplicationStrategyNetwork.monitoringServer.app[9],rcvdPkLifetime:stats,unit,s,,,,,,,
RR_T30-4-20260914-20:19:51-1209,statistic,ApplicationStrategyNetwork.monitoringServer.app[10],rcvdPkLifetime:stats,,,,20,20,0.01611516311845,0.0037432824680773,0.010749684712,0.025686012249
RR_T30-4-20260914-20:19:51-1209,attr,ApplicationStrategyNetwork.monitoringServer.app[10],rcvdPkLifetime:stats,interpolationmode,none,,,,,,,
RR_T30-4-20260914-20:19:51-1209,attr,ApplicationStrategyNetwork.monitoringServer.app[10],rcvdPkLifetime:stats,recordingmode,stats,,,,,,,
RR_T30-4-20260914-20:19:51-1209,attr,ApplicationStrategyNetwork.monitoringServer.app[10],rcvdPkLifetime:stats,source,dataAge(packetReceived),,,,,,,
RR_T30-4-20260914-20:19:51-1209,attr,ApplicationStrategyNetwork.monitoringServer.app[10],rcvdPkLifetime:stats,title,received packet lifetime,,,,,,,
RR_T30-4-20260914-20:19:51-1209,attr,ApplicationStrategyNetwork.monitoringServer.app[10],rcvdPkLifetime:stats,unit,s,,,,,,,
RR_T30-4-20260914-20:19:51-1209,statistic,ApplicationStrategyNetwork.monitoringServer.app[11],rcvdPkLifetime:stats,,,,20,20,0.011357614016,0.0010272579750816,0.009469614016,0.013629614016
RR_T30-4-20260914-20:19:51-1209,attr,ApplicationStrategyNetwork.monitoringServer.app[11],rcvdPkLifetime:stats,interpolationmode,none,,,,,,,
RR_T30-4-20260914-20:19:51-1209,attr,ApplicationStrategyNetwork.monitoringServer.app[11],rcvdPkLifetime:stats,recordingmode,stats,,,,,,,
RR_T30-4-20260914-20:19:51-1209,attr,ApplicationStrategyNetwork.monitoringServer.app[11],rcvdPkLifetime:stats,source,dataAge(packetReceived),,,,,,,
RR_T30-4-20260914-20:19:51-1209,attr,ApplicationStrategyNetwork.monitoringServer.app[11],rcvdPkLifetime:stats,title,received packet lifetime,,,,,,,
RR_T30-4-20260914-20:19:51-1209,attr,ApplicationStrategyNetwork.monitoringServer.app[11],rcvdPkLifetime:stats,unit,s,,,,,,,
RR_T5-0-20260914-20:18:21-957,statistic,ApplicationStrategyNetwork.monitoringServer.app[0],rcvdPkLifetime:stats,,,,120,120,0.011210963571333,0.0010895615750238,0.009149630238,0.013309630238
RR_T5-0-20260914-20:18:21-957,attr,ApplicationStrategyNetwork.monitoringServer.app[0],rcvdPkLifetime:stats,interpolationmode,none,,,,,,,
RR_T5-0-20260914-20:18:21-957,attr,ApplicationStrategyNetwork.monitoringServer.app[0],rcvdPkLifetime:stats,recordingmode,stats,,,,,,,
RR_T5-0-20260914-20:18:21-957,attr,ApplicationStrategyNetwork.monitoringServer.app[0],rcvdPkLifetime:stats,source,dataAge(packetReceived),,,,,,,
RR_T5-0-20260914-20:18:21-957,attr,ApplicationStrategyNetwork.monitoringServer.app[0],rcvdPkLifetime:stats,title,received packet lifetime,,,,,,,
RR_T5-0-20260914-20:18:21-957,attr,ApplicationStrategyNetwork.monitoringServer.app[0],rcvdPkLifetime:stats,unit,s,,,,,,,
RR_T5-0-20260914-20:18:21-957,statistic,ApplicationStrategyNetwork.monitoringServer.app[1],rcvdPkLifetime:stats,,,,120,120,0.011282995495333,0.0010692629467528,0.009149662162,0.013629662162
RR_T5-0-20260914-20:18:21-957,attr,ApplicationStrategyNetwork.monitoringServer.app[1],rcvdPkLifetime:stats,interpolationmode,none,,,,,,,
RR_T5-0-20260914-20:18:21-957,attr,ApplicationStrategyNetwork.monitoringServer.app[1],rcvdPkLifetime:stats,recordingmode,stats,,,,,,,
RR_T5-0-20260914-20:18:21-957,attr,ApplicationStrategyNetwork.monitoringServer.app[1],rcvdPkLifetime:stats,source,dataAge(packetReceived),,,,,,,
RR_T5-0-20260914-20:18:21-957,attr,ApplicationStrategyNetwork.monitoringServer.app[1],rcvdPkLifetime:stats,title,received packet lifetime,,,,,,,
RR_T5-0-20260914-20:18:21-957,attr,ApplicationStrategyNetwork.monitoringServer.app[1],rcvdPkLifetime:stats,unit,s,,,,,,,
RR_T5-0-20260914-20:18:21-957,statistic,ApplicationStrategyNetwork.monitoringServer.app[2],rcvdPkLifetime:stats,,,,120,120,0.011418986677333,0.0009675853453642,0.009149653344,0.013629653344
RR_T5-0-20260914-20:18:21-957,attr,ApplicationStrategyNetwork.monitoringServer.app[2],rcvdPkLifetime:stats,interpolationmode,none,,,,,,,
RR_T5-0-20260914-20:18:21-957,attr,ApplicationStrategyNetwork.monitoringServer.app[2],rcvdPkLifetime:stats,recordingmode,stats,,,,,,,
RR_T5-0-20260914-20:18:21-957,attr,ApplicationStrategyNetwork.monitoringServer.app[2],rcvdPkLifetime:stats,source,dataAge(packetReceived),,,,,,,
RR_T5-0-20260914-20:18:21-957,attr,ApplicationStrategyNetwork.monitoringServer.app[2],rcvdPkLifetime:stats,title,received packet lifetime,,,,,,,
RR_T5-0-20260914-20:18:21-957,attr,ApplicationStrategyNetwork.monitoringServer.app[2],rcvdPkLifetime:stats,unit,s,,,,,,,
RR_T5-0-20260914-20:18:21-957,statistic,ApplicationStrategyNetwork.monitoringServer.app[3],rcvdPkLifetime:stats,,,,120,120,0.011517647934,0.00095541763493425,0.009149647934,0.013629647934
RR_T5-0-20260914-20:18:21-957,attr,ApplicationStrategyNetwork.monitoringServer.app[3],rcvdPkLifetime:stats,interpolationmode,none,,,,,,,
RR_T5-0-20260914-20:18:21-957,attr,ApplicationStrategyNetwork.monitoringServer.app[3],rcvdPkLifetime:stats,recordingmode,stats,,,,,,,
RR_T5-0-20260914-20:18:21-957,attr,ApplicationStrategyNetwork.monitoringServer.app[3],rcvdPkLifetime:stats,source,dataAge(packetReceived),,,,,,,
RR_T5-0-20260914-20:18:21-957,attr,ApplicationStrategyNetwork.monitoringServer.app[3],rcvdPkLifetime:stats,title,received packet lifetime,,,,,,,
RR_T5-0-20260914-20:18:21-957,attr,ApplicationStrategyNetwork.monitoringServer.app[3],rcvdPkLifetime:stats,unit,s,,,,,,,
RR_T5-0-20260914-20:18:21-957,statistic,ApplicationStrategyNetwork.monitoringServer.app[4],rcvdPkLifetime:stats,,,,120,120,0.01129361826,0.001003903641298,0.00914961826,0.01362961826
RR_T5-0-20260914-20:18:21-957,attr,ApplicationStrategyNetwork.monitoringServer.app[4],rcvdPkLifetime:stats,interpolationmode,none,,,,,,,
RR_T5-0-20260914-20:18:21-957,attr,ApplicationStrategyNetwork.monitoringServer.app[4],rcvdPkLifetime:stats,recordingmode,stats,,,,,,,
RR_T5-0-20260914-20:18:21-957,attr,ApplicationStrategyNetwork.monitoringServer.app[4],rcvdPkLifetime:stats,source,dataAge(packetReceived),,,,,,,
RR_T5-0-20260914-20:18:21-957,attr,ApplicationStrategyNetwork.monitoringServer.app[4],rcvdPkLifetime:stats,title,received packet lifetime,,,,,,,
RR_T5-0-20260914-20:18:21-957,attr,ApplicationStrategyNetwork.monitoringServer.app[4],rcvdPkLifetime:stats,unit,s,,,,,,,
RR_T5-0-20260914-20:18:21-957,statistic,ApplicationStrategyNetwork.monitoringServer.app[5],rcvdPkLifetime:stats,,,,120,120,0.011344311014667,0.00098721825750632,0.009469644348,0.013629644348
RR_T5-0-20260914-20:18:21-957,attr,ApplicationStrategyNetwork.monitoringServer.app[5],rcvdPkLifetime:stats,interpolationmode,none,,,,,,,
RR_T5-0-20260914-20:18:21-957,attr,ApplicationStrategyNetwork.monitoringServer.app[5],rcvdPkLifetime:stats,recordingmode,stats,,,,,,,
RR_T5-0-20260914-20:18:21-957,attr,ApplicationStrategyNetwork.monitoringServer.app[5],rcvdPkLifetime:stats,source,dataAge(packetReceived),,,,,,,
RR_T5-0-20260914-20:18:21-957,attr,ApplicationStrategyNetwork.monitoringServer.app[5],rcvdPkLifetime:stats,title,received packet lifetime,,,,,,,
RR_T5-0-20260914-20:18:21-957,attr,ApplicationStrategyNetwork.monitoringServer.app[5],rcvdPkLifetime:stats,unit,s,,,,,,,
RR_T5-0-20260914-20:18:21-957,statistic,ApplicationStrategyNetwork.monitoringServer.app[6],rcvdPkLifetime:stats,,,,120,120,0.011378965205333,0.0010412111026221,0.009149631872,0.013629631872
RR_T5-0-20260914-20:18:21-957,attr,ApplicationStrategyNetwork.monitoringServer.app[6],rcvdPkLifetime:stats,interpolationmode,none,,,,,,,
RR_T5-0-20260914-20:18:21-957,attr,ApplicationStrategyNetwork.monitoringServer.app[6],rcvdPkLifetime:stats,recordingmode,stats,,,,,,,
RR_T5-0-20260914-20:18:21-957,attr,ApplicationStrategyNetwork.monitoringServer.app[6],rcvdPkLifetime:stats,source,dataAge(packetReceived),,,,,,,
RR_T5-0-20260914-20:18:21-957,attr,ApplicationStrategyNetwork.monitoringServer.app[6],rcvdPkLifetime:stats,title,received packet lifetime,,,,,,,
RR_T5-0-20260914-20:18:21-957,attr,ApplicationStrategyNetwork.monitoringServer.app[6],rcvdPkLifetime:stats,unit,s,,,,,,,
RR_T5-0-20260914-20:18:21-957,statistic,ApplicationStrategyNetwork.monitoringServer.app[7],rcvdPkLifetime:stats,,,,120,120,0.011445690306,0.0010614516775913,0.009149690306,0.013629690306
RR_T5-0-20260914-20:18:21-957,attr,ApplicationStrategyNetwork.monitoringServer.app[7],rcvdPkLifetime:stats,interpolationmode,none,,,,,,,
RR_T5-0-20260914-20:18:21-957,attr,ApplicationStrategyNetwork.monitoringServer.app[7],rcvdPkLifetime:stats,recordingmode,stats,,,,,,,
RR_T5-0-20260914-20:18:21-957,attr,ApplicationStrategyNetwork.monitoringServer.app[7],rcvdPkLifetime:stats,source,dataAge(packetReceived),,,,,,,
RR_T5-0-20260914-20:18:21-957,attr,ApplicationStrategyNetwork.monitoringServer.app[7],rcvdPkLifetime:stats,title,received packet lifetime,,,,,,,
RR_T5-0-20260914-20:18:21-957,attr,ApplicationStrategyNetwork.monitoringServer.app[7],rcvdPkLifetime:stats,unit,s,,,,,,,
RR_T5-0-20260914-20:18:21-957,statistic,ApplicationStrategyNetwork.monitoringServer.app[8],rcvdPkLifetime:stats,,,,120,120,0.011368351424667,0.00095841512499518,0.009149684758,0.013629684758
RR_T5-0-20260914-20:18:21-957,attr,ApplicationStrategyNetwork.monitoringServer.app[8],rcvdPkLifetime:stats,interpolationmode,none,,,,,,,
RR_T5-0-20260914-20:18:21-957,attr,ApplicationStrategyNetwork.monitoringServer.app[8],rcvdPkLifetime:stats,recordingmode,stats,,,,,,,
RR_T5-0-20260914-20:18:21-957,attr,ApplicationStrategyNetwork.monitoringServer.app[8],rcvdPkLifetime:stats,source,dataAge(packetReceived),,,,,,,
RR_T5-0-20260914-20:18:21-957,attr,ApplicationStrategyNetwork.monitoringServer.app[8],rcvdPkLifetime:stats,title,received packet lifetime,,,,,,,
RR_T5-0-20260914-20:18:21-957,attr,ApplicationStrategyNetwork.monitoringServer.app[8],rcvdPkLifetime:stats,unit,s,,,,,,,
RR_T5-0-20260914-20:18:21-957,statistic,ApplicationStrategyNetwork.monitoringServer.app[9],rcvdPkLifetime:stats,,,,120,120,0.011509611122,0.0011124354385952,0.009149611122,0.013309611122
RR_T5-0-20260914-20:18:21-957,attr,ApplicationStrategyNetwork.monitoringServer.app[9],rcvdPkLifetime:stats,interpolationmode,none,,,,,,,
RR_T5-0-20260914-20:18:21-957,attr,ApplicationStrategyNetwork.monitoringServer.app[9],rcvdPkLifetime:stats,recordingmode,stats,,,,,,,
RR_T5-0-20260914-20:18:21-957,attr,ApplicationStrategyNetwork.monitoringServer.app[9],rcvdPkLifetime:stats,source,dataAge(packetReceived),,,,,,,
RR_T5-0-20260914-20:18:21-957,attr,ApplicationStrategyNetwork.monitoringServer.app[9],rcvdPkLifetime:stats,title,received packet lifetime,,,,,,,
RR_T5-0-20260914-20:18:21-957,attr,ApplicationStrategyNetwork.monitoringServer.app[9],rcvdPkLifetime:stats,unit,s,,,,,,,
RR_T5-0-20260914-20:18:21-957,statistic,ApplicationStrategyNetwork.monitoringServer.app[10],rcvdPkLifetime:stats,,,,120,120,0.011360334302667,0.0010975876782672,0.009149667636,0.013629667636
RR_T5-0-20260914-20:18:21-957,attr,ApplicationStrategyNetwork.monitoringServer.app[10],rcvdPkLifetime:stats,interpolationmode,none,,,,,,,
RR_T5-0-20260914-20:18:21-957,attr,ApplicationStrategyNetwork.monitoringServer.app[10],rcvdPkLifetime:stats,recordingmode,stats,,,,,,,
RR_T5-0-20260914-20:18:21-957,attr,ApplicationStrategyNetwork.monitoringServer.app[10],rcvdPkLifetime:stats,source,dataAge(packetReceived),,,,,,,
RR_T5-0-20260914-20:18:21-957,attr,ApplicationStrategyNetwork.monitoringServer.app[10],rcvdPkLifetime:stats,title,received packet lifetime,,,,,,,
RR_T5-0-20260914-20:18:21-957,attr,ApplicationStrategyNetwork.monitoringServer.app[10],rcvdPkLifetime:stats,unit,s,,,,,,,
RR_T5-0-20260914-20:18:21-957,statistic,ApplicationStrategyNetwork.monitoringServer.app[11],rcvdPkLifetime:stats,,,,120,120,0.011490960759333,0.0010770009194006,0.009149627426,0.013629627426
RR_T5-0-20260914-20:18:21-957,attr,ApplicationStrategyNetwork.monitoringServer.app[11],rcvdPkLifetime:stats,interpolationmode,none,,,,,,,
RR_T5-0-20260914-20:18:21-957,attr,ApplicationStrategyNetwork.monitoringServer.app[11],rcvdPkLifetime:stats,recordingmode,stats,,,,,,,
RR_T5-0-20260914-20:18:21-957,attr,ApplicationStrategyNetwork.monitoringServer.app[11],rcvdPkLifetime:stats,source,dataAge(packetReceived),,,,,,,
RR_T5-0-20260914-20:18:21-957,attr,ApplicationStrategyNetwork.monitoringServer.app[11],rcvdPkLifetime:stats,title,received packet lifetime,,,,,,,
RR_T5-0-20260914-20:18:21-957,attr,ApplicationStrategyNetwork.monitoringServer.app[11],rcvdPkLifetime:stats,unit,s,,,,,,,
RR_T5-1-20260914-20:18:30-964,statistic,ApplicationStrategyNetwork.monitoringServer.app[0],rcvdPkLifetime:stats,,,,120,120,0.016224324602667,0.0062092457671764,0.009149657936,0.032157657936
RR_T5-1-20260914-20:18:30-964,attr,ApplicationStrategyNetwork.monitoringServer.app[0],rcvdPkLifetime:stats,interpolationmode,none,,,,,,,
RR_T5-1-20260914-20:18:30-964,attr,ApplicationStrategyNetwork.monitoringServer.app[0],rcvdPkLifetime:stats,recordingmode,stats,,,,,,,
RR_T5-1-20260914-20:18:30-964,attr,ApplicationStrategyNetwork.monitoringServer.app[0],rcvdPkLifetime:stats,source,dataAge(packetReceived),,,,,,,
RR_T5-1-20260914-20:18:30-964,attr,ApplicationStrategyNetwork.monitoringServer.app[0],rcvdPkLifetime:stats,title,received packet lifetime,,,,,,,
RR_T5-1-20260914-20:18:30-964,attr,ApplicationStrategyNetwork.monitoringServer.app[0],rcvdPkLifetime:stats,unit,s,,,,,,,
RR_T5-1-20260914-20:18:30-964,statistic,ApplicationStrategyNetwork.monitoringServer.app[1],rcvdPkLifetime:stats,,,,120,120,0.011309669594,0.0010772139601622,0.009149669594,0.013629669594
RR_T5-1-20260914-20:18:30-964,attr,ApplicationStrategyNetwork.monitoringServer.app[1],rcvdPkLifetime:stats,interpolationmode,none,,,,,,,
RR_T5-1-20260914-20:18:30-964,attr,ApplicationStrategyNetwork.monitoringServer.app[1],rcvdPkLifetime:stats,recordingmode,stats,,,,,,,
RR_T5-1-20260914-20:18:30-964,attr,ApplicationStrategyNetwork.monitoringServer.app[1],rcvdPkLifetime:stats,source,dataAge(packetReceived),,,,,,,
RR_T5-1-20260914-20:18:30-964,attr,ApplicationStrategyNetwork.monitoringServer.app[1],rcvdPkLifetime:stats,title,received packet lifetime,,,,,,,
RR_T5-1-20260914-20:18:30-964,attr,ApplicationStrategyNetwork.monitoringServer.app[1],rcvdPkLifetime:stats,unit,s,,,,,,,
RR_T5-1-20260914-20:18:30-964,statistic,ApplicationStrategyNetwork.monitoringServer.app[2],rcvdPkLifetime:stats,,,,120,120,0.021076197672333,0.0043619356348889,0.013173264339,0.033685264339
RR_T5-1-20260914-20:18:30-964,attr,ApplicationStrategyNetwork.monitoringServer.app[2],rcvdPkLifetime:stats,interpolationmode,none,,,,,,,
RR_T5-1-20260914-20:18:30-964,attr,ApplicationStrategyNetwork.monitoringServer.app[2],rcvdPkLifetime:stats,recordingmode,stats,,,,,,,
RR_T5-1-20260914-20:18:30-964,attr,ApplicationStrategyNetwork.monitoringServer.app[2],rcvdPkLifetime:stats,source,dataAge(packetReceived),,,,,,,
RR_T5-1-20260914-20:18:30-964,attr,ApplicationStrategyNetwork.monitoringServer.app[2],rcvdPkLifetime:stats,title,received packet lifetime,,,,,,,
RR_T5-1-20260914-20:18:30-964,attr,ApplicationStrategyNetwork.monitoringServer.app[2],rcvdPkLifetime:stats,unit,s,,,,,,,
RR_T5-1-20260914-20:18:30-964,statistic,ApplicationStrategyNetwork.monitoringServer.app[3],rcvdPkLifetime:stats,,,,120,120,0.011453656592,0.0010901964975925,0.009149656592,0.013629656592
RR_T5-1-20260914-20:18:30-964,attr,ApplicationStrategyNetwork.monitoringServer.app[3],rcvdPkLifetime:stats,interpolationmode,none,,,,,,,
RR_T5-1-20260914-20:18:30-964,attr,ApplicationStrategyNetwork.monitoringServer.app[3],rcvdPkLifetime:stats,recordingmode,stats,,,,,,,
RR_T5-1-20260914-20:18:30-964,attr,ApplicationStrategyNetwork.monitoringServer.app[3],rcvdPkLifetime:stats,source,dataAge(packetReceived),,,,,,,
RR_T5-1-20260914-20:18:30-964,attr,ApplicationStrategyNetwork.monitoringServer.app[3],rcvdPkLifetime:stats,title,received packet lifetime,,,,,,,
RR_T5-1-20260914-20:18:30-964,attr,ApplicationStrategyNetwork.monitoringServer.app[3],rcvdPkLifetime:stats,unit,s,,,,,,,
RR_T5-1-20260914-20:18:30-964,statistic,ApplicationStrategyNetwork.monitoringServer.app[4],rcvdPkLifetime:stats,,,,120,120,0.011434973215333,0.0010796443028757,0.009149639882,0.013629639882
RR_T5-1-20260914-20:18:30-964,attr,ApplicationStrategyNetwork.monitoringServer.app[4],rcvdPkLifetime:stats,interpolationmode,none,,,,,,,
RR_T5-1-20260914-20:18:30-964,attr,ApplicationStrategyNetwork.monitoringServer.app[4],rcvdPkLifetime:stats,recordingmode,stats,,,,,,,
RR_T5-1-20260914-20:18:30-964,attr,ApplicationStrategyNetwork.monitoringServer.app[4],rcvdPkLifetime:stats,source,dataAge(packetReceived),,,,,,,
RR_T5-1-20260914-20:18:30-964,attr,ApplicationStrategyNetwork.monitoringServer.app[4],rcvdPkLifetime:stats,title,received packet lifetime,,,,,,,
RR_T5-1-20260914-20:18:30-964,attr,ApplicationStrategyNetwork.monitoringServer.app[4],rcvdPkLifetime:stats,unit,s,,,,,,,
RR_T5-1-20260914-20:18:30-964,statistic,ApplicationStrategyNetwork.monitoringServer.app[5],rcvdPkLifetime:stats,,,,120,120,0.011482963395333,0.00097326042472589,0.009149630062,0.013629630062
RR_T5-1-20260914-20:18:30-964,attr,ApplicationStrategyNetwork.monitoringServer.app[5],rcvdPkLifetime:stats,interpolationmode,none,,,,,,,
RR_T5-1-20260914-20:18:30-964,attr,ApplicationStrategyNetwork.monitoringServer.app[5],rcvdPkLifetime:stats,recordingmode,stats,,,,,,,
RR_T5-1-20260914-20:18:30-964,attr,ApplicationStrategyNetwork.monitoringServer.app[5],rcvdPkLifetime:stats,source,dataAge(packetReceived),,,,,,,
RR_T5-1-20260914-20:18:30-964,attr,ApplicationStrategyNetwork.monitoringServer.app[5],rcvdPkLifetime:stats,title,received packet lifetime,,,,,,,
RR_T5-1-20260914-20:18:30-964,attr,ApplicationStrategyNetwork.monitoringServer.app[5],rcvdPkLifetime:stats,unit,s,,,,,,,
RR_T5-1-20260914-20:18:30-964,statistic,ApplicationStrategyNetwork.monitoringServer.app[6],rcvdPkLifetime:stats,,,,120,120,0.011418955409333,0.00093040854253594,0.009149622076,0.013629622076
RR_T5-1-20260914-20:18:30-964,attr,ApplicationStrategyNetwork.monitoringServer.app[6],rcvdPkLifetime:stats,interpolationmode,none,,,,,,,
RR_T5-1-20260914-20:18:30-964,attr,ApplicationStrategyNetwork.monitoringServer.app[6],rcvdPkLifetime:stats,recordingmode,stats,,,,,,,
RR_T5-1-20260914-20:18:30-964,attr,ApplicationStrategyNetwork.monitoringServer.app[6],rcvdPkLifetime:stats,source,dataAge(packetReceived),,,,,,,
RR_T5-1-20260914-20:18:30-964,attr,ApplicationStrategyNetwork.monitoringServer.app[6],rcvdPkLifetime:stats,title,received packet lifetime,,,,,,,
RR_T5-1-20260914-20:18:30-964,attr,ApplicationStrategyNetwork.monitoringServer.app[6],rcvdPkLifetime:stats,unit,s,,,,,,,
RR_T5-1-20260914-20:18:30-964,statistic,ApplicationStrategyNetwork.monitoringServer.app[7],rcvdPkLifetime:stats,,,,120,120,0.011410951045333,0.0010459935033088,0.009149617712,0.013629617712
RR_T5-1-20260914-20:18:30-964,attr,ApplicationStrategyNetwork.monitoringServer.app[7],rcvdPkLifetime:stats,interpolationmode,none,,,,,,,
RR_T5-1-20260914-20:18:30-964,attr,ApplicationStrategyNetwork.monitoringServer.app[7],rcvdPkLifetime:stats,recordingmode,stats,,,,,,,
RR_T5-1-20260914-20:18:30-964,attr,ApplicationStrategyNetwork.monitoringServer.app[7],rcvdPkLifetime:stats,source,dataAge(packetReceived),,,,,,,
RR_T5-1-20260914-20:18:30-964,attr,ApplicationStrategyNetwork.monitoringServer.app[7],rcvdPkLifetime:stats,title,received packet lifetime,,,,,,,
RR_T5-1-20260914-20:18:30-964,attr,ApplicationStrategyNetwork.monitoringServer.app[7],rcvdPkLifetime:stats,unit,s,,,,,,,
RR_T5-1-20260914-20:18:30-964,statistic,ApplicationStrategyNetwork.monitoringServer.app[8],rcvdPkLifetime:stats,,,,120,120,0.011293650176,0.000934657084469,0.009149650176,0.013629650176
RR_T5-1-20260914-20:18:30-964,attr,ApplicationStrategyNetwork.monitoringServer.app[8],rcvdPkLifetime:stats,interpolationmode,none,,,,,,,
RR_T5-1-20260914-20:18:30-964,attr,ApplicationStrategyNetwork.monitoringServer.app[8],rcvdPkLifetime:stats,recordingmode,stats,,,,,,,
RR_T5-1-20260914-20:18:30-964,attr,ApplicationStrategyNetwork.monitoringServer.app[8],rcvdPkLifetime:stats,source,dataAge(packetReceived),,,,,,,
RR_T5-1-20260914-20:18:30-964,attr,ApplicationStrategyNetwork.monitoringServer.app[8],rcvdPkLifetime:stats,title,received packet lifetime,,,,,,,
RR_T5-1-20260914-20:18:30-964,attr,ApplicationStrategyNetwork.monitoringServer.app[8],rcvdPkLifetime:stats,unit,s,,,,,,,
RR_T5-1-20260914-20:18:30-964,statistic,ApplicationStrategyNetwork.monitoringServer.app[9],rcvdPkLifetime:stats,,,,120,120,0.011378980743333,0.0010076111472645,0.00914964741,0.01362964741
RR_T5-1-20260914-20:18:30-964,attr,ApplicationStrategyNetwork.monitoringServer.app[9],rcvdPkLifetime:stats,interpolationmode,none,,,,,,,
RR_T5-1-20260914-20:18:30-964,attr,ApplicationStrategyNetwork.monitoringServer.app[9],rcvdPkLifetime:stats,recordingmode,stats,,,,,,,
RR_T5-1-20260914-20:18:30-964,attr,ApplicationStrategyNetwork.monitoringServer.app[9],rcvdPkLifetime:stats,source,dataAge(packetReceived),,,,,,,
RR_T5-1-20260914-20:18:30-964,attr,ApplicationStrategyNetwork.monitoringServer.app[9],rcvdPkLifetime:stats,title,received packet lifetime,,,,,,,
RR_T5-1-20260914-20:18:30-964,attr,ApplicationStrategyNetwork.monitoringServer.app[9],rcvdPkLifetime:stats,unit,s,,,,,,,
RR_T5-1-20260914-20:18:30-964,statistic,ApplicationStrategyNetwork.monitoringServer.app[10],rcvdPkLifetime:stats,,,,120,120,0.011352295816667,0.0010112341518202,0.00914962915,0.01362962915
RR_T5-1-20260914-20:18:30-964,attr,ApplicationStrategyNetwork.monitoringServer.app[10],rcvdPkLifetime:stats,interpolationmode,none,,,,,,,
RR_T5-1-20260914-20:18:30-964,attr,ApplicationStrategyNetwork.monitoringServer.app[10],rcvdPkLifetime:stats,recordingmode,stats,,,,,,,
RR_T5-1-20260914-20:18:30-964,attr,ApplicationStrategyNetwork.monitoringServer.app[10],rcvdPkLifetime:stats,source,dataAge(packetReceived),,,,,,,
RR_T5-1-20260914-20:18:30-964,attr,ApplicationStrategyNetwork.monitoringServer.app[10],rcvdPkLifetime:stats,title,received packet lifetime,,,,,,,
RR_T5-1-20260914-20:18:30-964,attr,ApplicationStrategyNetwork.monitoringServer.app[10],rcvdPkLifetime:stats,unit,s,,,,,,,
RR_T5-1-20260914-20:18:30-964,statistic,ApplicationStrategyNetwork.monitoringServer.app[11],rcvdPkLifetime:stats,,,,120,120,0.011328312258667,0.00098197445869975,0.009149645592,0.013629645592
RR_T5-1-20260914-20:18:30-964,attr,ApplicationStrategyNetwork.monitoringServer.app[11],rcvdPkLifetime:stats,interpolationmode,none,,,,,,,
RR_T5-1-20260914-20:18:30-964,attr,ApplicationStrategyNetwork.monitoringServer.app[11],rcvdPkLifetime:stats,recordingmode,stats,,,,,,,
RR_T5-1-20260914-20:18:30-964,attr,ApplicationStrategyNetwork.monitoringServer.app[11],rcvdPkLifetime:stats,source,dataAge(packetReceived),,,,,,,
RR_T5-1-20260914-20:18:30-964,attr,ApplicationStrategyNetwork.monitoringServer.app[11],rcvdPkLifetime:stats,title,received packet lifetime,,,,,,,
RR_T5-1-20260914-20:18:30-964,attr,ApplicationStrategyNetwork.monitoringServer.app[11],rcvdPkLifetime:stats,unit,s,,,,,,,
RR_T5-2-20260914-20:18:37-970,statistic,ApplicationStrategyNetwork.monitoringServer.app[0],rcvdPkLifetime:stats,,,,120,120,0.011525644032,0.0011190680396243,0.009149644032,0.013629644032
RR_T5-2-20260914-20:18:37-970,attr,ApplicationStrategyNetwork.monitoringServer.app[0],rcvdPkLifetime:stats,interpolationmode,none,,,,,,,
RR_T5-2-20260914-20:18:37-970,attr,ApplicationStrategyNetwork.monitoringServer.app[0],rcvdPkLifetime:stats,recordingmode,stats,,,,,,,
RR_T5-2-20260914-20:18:37-970,attr,ApplicationStrategyNetwork.monitoringServer.app[0],rcvdPkLifetime:stats,source,dataAge(packetReceived),,,,,,,
RR_T5-2-20260914-20:18:37-970,attr,ApplicationStrategyNetwork.monitoringServer.app[0],rcvdPkLifetime:stats,title,received packet lifetime,,,,,,,
RR_T5-2-20260914-20:18:37-970,attr,ApplicationStrategyNetwork.monitoringServer.app[0],rcvdPkLifetime:stats,unit,s,,,,,,,
RR_T5-2-20260914-20:18:37-970,statistic,ApplicationStrategyNetwork.monitoringServer.app[1],rcvdPkLifetime:stats,,,,120,120,0.026325422305,0.0071288901184759,0.01176396536,0.04667596536
RR_T5-2-20260914-20:18:37-970,attr,ApplicationStrategyNetwork.monitoringServer.app[1],rcvdPkLifetime:stats,interpolationmode,none,,,,,,,
RR_T5-2-20260914-20:18:37-970,attr,ApplicationStrategyNetwork.monitoringServer.app[1],rcvdPkLifetime:stats,recordingmode,stats,,,,,,,
RR_T5-2-20260914-20:18:37-970,attr,ApplicationStrategyNetwork.monitoringServer.app[1],rcvdPkLifetime:stats,source,dataAge(packetReceived),,,,,,,
RR_T5-2-20260914-20:18:37-970,attr,ApplicationStrategyNetwork.monitoringServer.app[1],rcvdPkLifetime:stats,title,received packet lifetime,,,,,,,
RR_T5-2-20260914-20:18:37-970,attr,ApplicationStrategyNetwork.monitoringServer.app[1],rcvdPkLifetime:stats,unit,s,,,,,,,
RR_T5-2-20260914-20:18:37-970,statistic,ApplicationStrategyNetwork.monitoringServer.app[2],rcvdPkLifetime:stats,,,,119,119,0.024937044898008,0.0073584563443775,0.012420742377,0.048804742377
RR_T5-2-20260914-20:18:37-970,attr,ApplicationStrategyNetwork.monitoringServer.app[2],rcvdPkLifetime:stats,interpolationmode,none,,,,,,,
RR_T5-2-20260914-20:18:37-970,attr,ApplicationStrategyNetwork.monitoringServer.app[2],rcvdPkLifetime:stats,recordingmode,stats,,,,,,,
RR_T5-2-20260914-20:18:37-970,attr,ApplicationStrategyNetwork.monitoringServer.app[2],rcvdPkLifetime:stats,source,dataAge(packetReceived),,,,,,,
RR_T5-2-20260914-20:18:37-970,attr,ApplicationStrategyNetwork.monitoringServer.app[2],rcvdPkLifetime:stats,title,received packet lifetime,,,,,,,
RR_T5-2-20260914-20:18:37-970,attr,ApplicationStrategyNetwork.monitoringServer.app[2],rcvdPkLifetime:stats,unit,s,,,,,,,
RR_T5-2-20260914-20:18:37-970,statistic,ApplicationStrategyNetwork.monitoringServer.app[3],rcvdPkLifetime:stats,,,,120,120,0.011293616418,0.00095017946115502,0.009469616418,0.013629616418
RR_T5-2-20260914-20:18:37-970,attr,ApplicationStrategyNetwork.monitoringServer.app[3],rcvdPkLifetime:stats,interpolationmode,none,,,,,,,
RR_T5-2-20260914-20:18:37-970,attr,ApplicationStrategyNetwork.monitoringServer.app[3],rcvdPkLifetime:stats,recordingmode,stats,,,,,,,
RR_T5-2-20260914-20:18:37-970,attr,ApplicationStrategyNetwork.monitoringServer.app[3],rcvdPkLifetime:stats,source,dataAge(packetReceived),,,,,,,
RR_T5-2-20260914-20:18:37-970,attr,ApplicationStrategyNetwork.monitoringServer.app[3],rcvdPkLifetime:stats,title,received packet lifetime,,,,,,,
RR_T5-2-20260914-20:18:37-970,attr,ApplicationStrategyNetwork.monitoringServer.app[3],rcvdPkLifetime:stats,unit,s,,,,,,,
RR_T5-2-20260914-20:18:37-970,statistic,ApplicationStrategyNetwork.monitoringServer.app[4],rcvdPkLifetime:stats,,,,120,120,0.01138962845,0.0011216314648126,0.00914962845,0.01362962845
RR_T5-2-20260914-20:18:37-970,attr,ApplicationStrategyNetwork.monitoringServer.app[4],rcvdPkLifetime:stats,interpolationmode,none,,,,,,,
RR_T5-2-20260914-20:18:37-970,attr,ApplicationStrategyNetwork.monitoringServer.app[4],rcvdPkLifetime:stats,recordingmode,stats,,,,,,,
RR_T5-2-20260914-20:18:37-970,attr,ApplicationStrategyNetwork.monitoringServer.app[4],rcvdPkLifetime:stats,source,dataAge(packetReceived),,,,,,,
RR_T5-2-20260914-20:18:37-970,attr,ApplicationStrategyNetwork.monitoringServer.app[4],rcvdPkLifetime:stats,title,received packet lifetime,,,,,,,
RR_T5-2-20260914-20:18:37-970,attr,ApplicationStrategyNetwork.monitoringServer.app[4],rcvdPkLifetime:stats,unit,s,,,,,,,
RR_T5-2-20260914-20:18:37-970,statistic,ApplicationStrategyNetwork.monitoringServer.app[5],rcvdPkLifetime:stats,,,,119,119,0.020266149133681,0.0091258372421794,0.009149644932,0.046237644932
RR_T5-2-20260914-20:18:37-970,attr,ApplicationStrategyNetwork.monitoringServer.app[5],rcvdPkLifetime:stats,interpolationmode,none,,,,,,,
RR_T5-2-20260914-20:18:37-970,attr,ApplicationStrategyNetwork.monitoringServer.app[5],rcvdPkLifetime:stats,recordingmode,stats,,,,,,,
RR_T5-2-20260914-20:18:37-970,attr,ApplicationStrategyNetwork.monitoringServer.app[5],rcvdPkLifetime:stats,source,dataAge(packetReceived),,,,,,,
RR_T5-2-20260914-20:18:37-970,attr,ApplicationStrategyNetwork.monitoringServer.app[5],rcvdPkLifetime:stats,title,received packet lifetime,,,,,,,
RR_T5-2-20260914-20:18:37-970,attr,ApplicationStrategyNetwork.monitoringServer.app[5],rcvdPkLifetime:stats,unit,s,,,,,,,
RR_T5-2-20260914-20:18:37-970,statistic,ApplicationStrategyNetwork.monitoringServer.app[6],rcvdPkLifetime:stats,,,,120,120,0.011504667607233,0.0011292122778013,0.009149623852,0.013926728071
RR_T5-2-20260914-20:18:37-970,attr,ApplicationStrategyNetwork.monitoringServer.app[6],rcvdPkLifetime:stats,interpolationmode,none,,,,,,,
RR_T5-2-20260914-20:18:37-970,attr,ApplicationStrategyNetwork.monitoringServer.app[6],rcvdPkLifetime:stats,recordingmode,stats,,,,,,,
RR_T5-2-20260914-20:18:37-970,attr,ApplicationStrategyNetwork.monitoringServer.app[6],rcvdPkLifetime:stats,source,dataAge(packetReceived),,,,,,,
RR_T5-2-20260914-20:18:37-970,attr,ApplicationStrategyNetwork.monitoringServer.app[6],rcvdPkLifetime:stats,title,received packet lifetime,,,,,,,
RR_T5-2-20260914-20:18:37-970,attr,ApplicationStrategyNetwork.monitoringServer.app[6],rcvdPkLifetime:stats,unit,s,,,,,,,
RR_T5-2-20260914-20:18:37-970,statistic,ApplicationStrategyNetwork.monitoringServer.app[7],rcvdPkLifetime:stats,,,,120,120,0.011485661786,0.001022587260768,0.009469661786,0.013629661786
RR_T5-2-20260914-20:18:37-970,attr,ApplicationStrategyNetwork.monitoringServer.app[7],rcvdPkLifetime:stats,interpolationmode,none,,,,,,,
RR_T5-2-20260914-20:18:37-970,attr,ApplicationStrategyNetwork.monitoringServer.app[7],rcvdPkLifetime:stats,recordingmode,stats,,,,,,,
RR_T5-2-20260914-20:18:37-970,attr,ApplicationStrategyNetwork.monitoringServer.app[7],rcvdPkLifetime:stats,source,dataAge(packetReceived),,,,,,,
RR_T5-2-20260914-20:18:37-970,attr,ApplicationStrategyNetwork.monitoringServer.app[7],rcvdPkLifetime:stats,title,received packet lifetime,,,,,,,
RR_T5-2-20260914-20:18:37-970,attr,ApplicationStrategyNetwork.monitoringServer.app[7],rcvdPkLifetime:stats,unit,s,,,,,,,
RR_T5-2-20260914-20:18:37-970,statistic,ApplicationStrategyNetwork.monitoringServer.app[8],rcvdPkLifetime:stats,,,,120,120,0.011344271830667,0.00090632783255283,0.009149605164,0.013629605164
RR_T5-2-20260914-20:18:37-970,attr,ApplicationStrategyNetwork.monitoringServer.app[8],rcvdPkLifetime:stats,interpolationmode,none,,,,,,,
RR_T5-2-20260914-20:18:37-970,attr,ApplicationStrategyNetwork.monitoringServer.app[8],rcvdPkLifetime:stats,recordingmode,stats,,,,,,,
RR_T5-2-20260914-20:18:37-970,attr,ApplicationStrategyNetwork.monitoringServer.app[8],rcvdPkLifetime:stats,source,dataAge(packetReceived),,,,,,,
RR_T5-2-20260914-20:18:37-970,attr,ApplicationStrategyNetwork.monitoringServer.app[8],rcvdPkLifetime:stats,title,received packet lifetime,,,,,,,
RR_T5-2-20260914-20:18:37-970,attr,ApplicationStrategyNetwork.monitoringServer.app[8],rcvdPkLifetime:stats,unit,s,,,,,,,
RR_T5-2-20260914-20:18:37-970,statistic,ApplicationStrategyNetwork.monitoringServer.app[9],rcvdPkLifetime:stats,,,,120,120,0.011250946767333,0.001054188072878,0.009469613434,0.013629613434
RR_T5-2-20260914-20:18:37-970,attr,ApplicationStrategyNetwork.monitoringServer.app[9],rcvdPkLifetime:stats,interpolationmode,none,,,,,,,
RR_T5-2-20260914-20:18:37-970,attr,ApplicationStrategyNetwork.monitoringServer.app[9],rcvdPkLifetime:stats,recordingmode,stats,,,,,,,
RR_T5-2-20260914-20:18:37-970,attr,ApplicationStrategyNetwork.monitoringServer.app[9],rcvdPkLifetime:stats,source,dataAge(packetReceived),,,,,,,
RR_T5-2-20260914-20:18:37-970,attr,ApplicationStrategyNetwork.monitoringServer.app[9],rcvdPkLifetime:stats,title,received packet lifetime,,,,,,,
RR_T5-2-20260914-20:18:37-970,attr,ApplicationStrategyNetwork.monitoringServer.app[9],rcvdPkLifetime:stats,unit,s,,,,,,,
RR_T5-2-20260914-20:18:37-970,statistic,ApplicationStrategyNetwork.monitoringServer.app[10],rcvdPkLifetime:stats,,,,120,120,0.011586984835333,0.00093703244550087,0.009149651502,0.013629651502
RR_T5-2-20260914-20:18:37-970,attr,ApplicationStrategyNetwork.monitoringServer.app[10],rcvdPkLifetime:stats,interpolationmode,none,,,,,,,
RR_T5-2-20260914-20:18:37-970,attr,ApplicationStrategyNetwork.monitoringServer.app[10],rcvdPkLifetime:stats,recordingmode,stats,,,,,,,
RR_T5-2-20260914-20:18:37-970,attr,ApplicationStrategyNetwork.monitoringServer.app[10],rcvdPkLifetime:stats,source,dataAge(packetReceived),,,,,,,
RR_T5-2-20260914-20:18:37-970,attr,ApplicationStrategyNetwork.monitoringServer.app[10],rcvdPkLifetime:stats,title,received packet lifetime,,,,,,,
RR_T5-2-20260914-20:18:37-970,attr,ApplicationStrategyNetwork.monitoringServer.app[10],rcvdPkLifetime:stats,unit,s,,,,,,,
RR_T5-2-20260914-20:18:37-970,statistic,ApplicationStrategyNetwork.monitoringServer.app[11],rcvdPkLifetime:stats,,,,120,120,0.011160299352667,0.0010699467773897,0.009149632686,0.013629632686
RR_T5-2-20260914-20:18:37-970,attr,ApplicationStrategyNetwork.monitoringServer.app[11],rcvdPkLifetime:stats,interpolationmode,none,,,,,,,
RR_T5-2-20260914-20:18:37-970,attr,ApplicationStrategyNetwork.monitoringServer.app[11],rcvdPkLifetime:stats,recordingmode,stats,,,,,,,
RR_T5-2-20260914-20:18:37-970,attr,ApplicationStrategyNetwork.monitoringServer.app[11],rcvdPkLifetime:stats,source,dataAge(packetReceived),,,,,,,
RR_T5-2-20260914-20:18:37-970,attr,ApplicationStrategyNetwork.monitoringServer.app[11],rcvdPkLifetime:stats,title,received packet lifetime,,,,,,,
RR_T5-2-20260914-20:18:37-970,attr,ApplicationStrategyNetwork.monitoringServer.app[11],rcvdPkLifetime:stats,unit,s,,,,,,,
RR_T5-3-20260914-20:18:42-975,statistic,ApplicationStrategyNetwork.monitoringServer.app[0],rcvdPkLifetime:stats,,,,120,120,0.011306995619333,0.0010613165546282,0.009149662286,0.013629662286
RR_T5-3-20260914-20:18:42-975,attr,ApplicationStrategyNetwork.monitoringServer.app[0],rcvdPkLifetime:stats,interpolationmode,none,,,,,,,
RR_T5-3-20260914-20:18:42-975,attr,ApplicationStrategyNetwork.monitoringServer.app[0],rcvdPkLifetime:stats,recordingmode,stats,,,,,,,
RR_T5-3-20260914-20:18:42-975,attr,ApplicationStrategyNetwork.monitoringServer.app[0],rcvdPkLifetime:stats,source,dataAge(packetReceived),,,,,,,
RR_T5-3-20260914-20:18:42-975,attr,ApplicationStrategyNetwork.monitoringServer.app[0],rcvdPkLifetime:stats,title,received packet lifetime,,,,,,,
RR_T5-3-20260914-20:18:42-975,attr,ApplicationStrategyNetwork.monitoringServer.app[0],rcvdPkLifetime:stats,unit,s,,,,,,,
RR_T5-3-20260914-20:18:42-975,statistic,ApplicationStrategyNetwork.monitoringServer.app[1],rcvdPkLifetime:stats,,,,120,120,0.011301661176,0.00096399170121047,0.009149661176,0.013309661176
RR_T5-3-20260914-20:18:42-975,attr,ApplicationStrategyNetwork.monitoringServer.app[1],rcvdPkLifetime:stats,interpolationmode,none,,,,,,,
RR_T5-3-20260914-20:18:42-975,attr,ApplicationStrategyNetwork.monitoringServer.app[1],rcvdPkLifetime:stats,recordingmode,stats,,,,,,,
RR_T5-3-20260914-20:18:42-975,attr,ApplicationStrategyNetwork.monitoringServer.app[1],rcvdPkLifetime:stats,source,dataAge(packetReceived),,,,,,,
RR_T5-3-20260914-20:18:42-975,attr,ApplicationStrategyNetwork.monitoringServer.app[1],rcvdPkLifetime:stats,title,received packet lifetime,,,,,,,
RR_T5-3-20260914-20:18:42-975,attr,ApplicationStrategyNetwork.monitoringServer.app[1],rcvdPkLifetime:stats,unit,s,,,,,,,
RR_T5-3-20260914-20:18:42-975,statistic,ApplicationStrategyNetwork.monitoringServer.app[2],rcvdPkLifetime:stats,,,,120,120,0.011376315506667,0.0010506415273779,0.00914964884,0.01362964884
RR_T5-3-20260914-20:18:42-975,attr,ApplicationStrategyNetwork.monitoringServer.app[2],rcvdPkLifetime:stats,interpolationmode,none,,,,,,,
RR_T5-3-20260914-20:18:42-975,attr,ApplicationStrategyNetwork.monitoringServer.app[2],rcvdPkLifetime:stats,recordingmode,stats,,,,,,,
RR_T5-3-20260914-20:18:42-975,attr,ApplicationStrategyNetwork.monitoringServer.app[2],rcvdPkLifetime:stats,source,dataAge(packetReceived),,,,,,,
RR_T5-3-20260914-20:18:42-975,attr,ApplicationStrategyNetwork.monitoringServer.app[2],rcvdPkLifetime:stats,title,received packet lifetime,,,,,,,
RR_T5-3-20260914-20:18:42-975,attr,ApplicationStrategyNetwork.monitoringServer.app[2],rcvdPkLifetime:stats,unit,s,,,,,,,
RR_T5-3-20260914-20:18:42-975,statistic,ApplicationStrategyNetwork.monitoringServer.app[3],rcvdPkLifetime:stats,,,,120,120,0.011314958483333,0.0010193282788485,0.00914962515,0.01330962515
RR_T5-3-20260914-20:18:42-975,attr,ApplicationStrategyNetwork.monitoringServer.app[3],rcvdPkLifetime:stats,interpolationmode,none,,,,,,,
RR_T5-3-20260914-20:18:42-975,attr,ApplicationStrategyNetwork.monitoringServer.app[3],rcvdPkLifetime:stats,recordingmode,stats,,,,,,,
RR_T5-3-20260914-20:18:42-975,attr,ApplicationStrategyNetwork.monitoringServer.app[3],rcvdPkLifetime:stats,source,dataAge(packetReceived),,,,,,,
RR_T5-3-20260914-20:18:42-975,attr,ApplicationStrategyNetwork.monitoringServer.app[3],rcvdPkLifetime:stats,title,received packet lifetime,,,,,,,
RR_T5-3-20260914-20:18:42-975,attr,ApplicationStrategyNetwork.monitoringServer.app[3],rcvdPkLifetime:stats,unit,s,,,,,,,
RR_T5-3-20260914-20:18:42-975,statistic,ApplicationStrategyNetwork.monitoringServer.app[4],rcvdPkLifetime:stats,,,,120,120,0.011379004705333,0.0010785578087312,0.009149671372,0.013629671372
RR_T5-3-20260914-20:18:42-975,attr,ApplicationStrategyNetwork.monitoringServer.app[4],rcvdPkLifetime:stats,interpolationmode,none,,,,,,,
RR_T5-3-20260914-20:18:42-975,attr,ApplicationStrategyNetwork.monitoringServer.app[4],rcvdPkLifetime:stats,recordingmode,stats,,,,,,,
RR_T5-3-20260914-20:18:42-975,attr,ApplicationStrategyNetwork.monitoringServer.app[4],rcvdPkLifetime:stats,source,dataAge(packetReceived),,,,,,,
RR_T5-3-20260914-20:18:42-975,attr,ApplicationStrategyNetwork.monitoringServer.app[4],rcvdPkLifetime:stats,title,received packet lifetime,,,,,,,
RR_T5-3-20260914-20:18:42-975,attr,ApplicationStrategyNetwork.monitoringServer.app[4],rcvdPkLifetime:stats,unit,s,,,,,,,
RR_T5-3-20260914-20:18:42-975,statistic,ApplicationStrategyNetwork.monitoringServer.app[5],rcvdPkLifetime:stats,,,,120,120,0.011323026973333,0.00095945829721334,0.00914969364,0.01362969364
RR_T5-3-20260914-20:18:42-975,attr,ApplicationStrategyNetwork.monitoringServer.app[5],rcvdPkLifetime:stats,interpolationmode,none,,,,,,,
RR_T5-3-20260914-20:18:42-975,attr,ApplicationStrategyNetwork.monitoringServer.app[5],rcvdPkLifetime:stats,recordingmode,stats,,,,,,,
RR_T5-3-20260914-20:18:42-975,attr,ApplicationStrategyNetwork.monitoringServer.app[5],rcvdPkLifetime:stats,source,dataAge(packetReceived),,,,,,,
RR_T5-3-20260914-20:18:42-975,attr,ApplicationStrategyNetwork.monitoringServer.app[5],rcvdPkLifetime:stats,title,received packet lifetime,,,,,,,
RR_T5-3-20260914-20:18:42-975,attr,ApplicationStrategyNetwork.monitoringServer.app[5],rcvdPkLifetime:stats,unit,s,,,,,,,
RR_T5-3-20260914-20:18:42-975,statistic,ApplicationStrategyNetwork.monitoringServer.app[6],rcvdPkLifetime:stats,,,,120,120,0.011554995695333,0.0010609009436901,0.009149662362,0.013629662362
RR_T5-3-20260914-20:18:42-975,attr,ApplicationStrategyNetwork.monitoringServer.app[6],rcvdPkLifetime:stats,interpolationmode,none,,,,,,,
RR_T5-3-20260914-20:18:42-975,attr,ApplicationStrategyNetwork.monitoringServer.app[6],rcvdPkLifetime:stats,recordingmode,stats,,,,,,,
RR_T5-3-20260914-20:18:42-975,attr,ApplicationStrategyNetwork.monitoringServer.app[6],rcvdPkLifetime:stats,source,dataAge(packetReceived),,,,,,,
RR_T5-3-20260914-20:18:42-975,attr,ApplicationStrategyNetwork.monitoringServer.app[6],rcvdPkLifetime:stats,title,received packet lifetime,,,,,,,
RR_T5-3-20260914-20:18:42-975,attr,ApplicationStrategyNetwork.monitoringServer.app[6],rcvdPkLifetime:stats,unit,s,,,,,,,
RR_T5-3-20260914-20:18:42-975,statistic,ApplicationStrategyNetwork.monitoringServer.app[7],rcvdPkLifetime:stats,,,,120,120,0.011261635624,0.0010547321138265,0.009149635624,0.013629635624
RR_T5-3-20260914-20:18:42-975,attr,ApplicationStrategyNetwork.monitoringServer.app[7],rcvdPkLifetime:stats,interpolationmode,none,,,,,,,
RR_T5-3-20260914-20:18:42-975,attr,ApplicationStrategyNetwork.monitoringServer.app[7],rcvdPkLifetime:stats,recordingmode,stats,,,,,,,
RR_T5-3-20260914-20:18:42-975,attr,ApplicationStrategyNetwork.monitoringServer.app[7],rcvdPkLifetime:stats,source,dataAge(packetReceived),,,,,,,
RR_T5-3-20260914-20:18:42-975,attr,ApplicationStrategyNetwork.monitoringServer.app[7],rcvdPkLifetime:stats,title,received packet lifetime,,,,,,,
RR_T5-3-20260914-20:18:42-975,attr,ApplicationStrategyNetwork.monitoringServer.app[7],rcvdPkLifetime:stats,unit,s,,,,,,,
RR_T5-3-20260914-20:18:42-975,statistic,ApplicationStrategyNetwork.monitoringServer.app[8],rcvdPkLifetime:stats,,,,120,120,0.011432327080667,0.0010220261087403,0.009149660414,0.013629660414
RR_T5-3-20260914-20:18:42-975,attr,ApplicationStrategyNetwork.monitoringServer.app[8],rcvdPkLifetime:stats,interpolationmode,none,,,,,,,
RR_T5-3-20260914-20:18:42-975,attr,ApplicationStrategyNetwork.monitoringServer.app[8],rcvdPkLifetime:stats,recordingmode,stats,,,,,,,
RR_T5-3-20260914-20:18:42-975,attr,ApplicationStrategyNetwork.monitoringServer.app[8],rcvdPkLifetime:stats,source,dataAge(packetReceived),,,,,,,
RR_T5-3-20260914-20:18:42-975,attr,ApplicationStrategyNetwork.monitoringServer.app[8],rcvdPkLifetime:stats,title,received packet lifetime,,,,,,,
RR_T5-3-20260914-20:18:42-975,attr,ApplicationStrategyNetwork.monitoringServer.app[8],rcvdPkLifetime:stats,unit,s,,,,,,,
RR_T5-3-20260914-20:18:42-975,statistic,ApplicationStrategyNetwork.monitoringServer.app[9],rcvdPkLifetime:stats,,,,120,120,0.011442959143333,0.00098725094366569,0.00914962581,0.01362962581
RR_T5-3-20260914-20:18:42-975,attr,ApplicationStrategyNetwork.monitoringServer.app[9],rcvdPkLifetime:stats,interpolationmode,none,,,,,,,
RR_T5-3-20260914-20:18:42-975,attr,ApplicationStrategyNetwork.monitoringServer.app[9],rcvdPkLifetime:stats,recordingmode,stats,,,,,,,
RR_T5-3-20260914-20:18:42-975,attr,ApplicationStrategyNetwork.monitoringServer.app[9],rcvdPkLifetime:stats,source,dataAge(packetReceived),,,,,,,
RR_T5-3-20260914-20:18:42-975,attr,ApplicationStrategyNetwork.monitoringServer.app[9],rcvdPkLifetime:stats,title,received packet lifetime,,,,,,,
RR_T5-3-20260914-20:18:42-975,attr,ApplicationStrategyNetwork.monitoringServer.app[9],rcvdPkLifetime:stats,unit,s,,,,,,,
RR_T5-3-20260914-20:18:42-975,statistic,ApplicationStrategyNetwork.monitoringServer.app[10],rcvdPkLifetime:stats,,,,120,120,0.011296323276667,0.0010765314152198,0.00914965661,0.01362965661
RR_T5-3-20260914-20:18:42-975,attr,ApplicationStrategyNetwork.monitoringServer.app[10],rcvdPkLifetime:stats,interpolationmode,none,,,,,,,
RR_T5-3-20260914-20:18:42-975,attr,ApplicationStrategyNetwork.monitoringServer.app[10],rcvdPkLifetime:stats,recordingmode,stats,,,,,,,
RR_T5-3-20260914-20:18:42-975,attr,ApplicationStrategyNetwork.monitoringServer.app[10],rcvdPkLifetime:stats,source,dataAge(packetReceived),,,,,,,
RR_T5-3-20260914-20:18:42-975,attr,ApplicationStrategyNetwork.monitoringServer.app[10],rcvdPkLifetime:stats,title,received packet lifetime,,,,,,,
RR_T5-3-20260914-20:18:42-975,attr,ApplicationStrategyNetwork.monitoringServer.app[10],rcvdPkLifetime:stats,unit,s,,,,,,,
RR_T5-3-20260914-20:18:42-975,statistic,ApplicationStrategyNetwork.monitoringServer.app[11],rcvdPkLifetime:stats,,,,120,120,0.011242953587333,0.0010624510534103,0.009149620254,0.013629620254
RR_T5-3-20260914-20:18:42-975,attr,ApplicationStrategyNetwork.monitoringServer.app[11],rcvdPkLifetime:stats,interpolationmode,none,,,,,,,
RR_T5-3-20260914-20:18:42-975,attr,ApplicationStrategyNetwork.monitoringServer.app[11],rcvdPkLifetime:stats,recordingmode,stats,,,,,,,
RR_T5-3-20260914-20:18:42-975,attr,ApplicationStrategyNetwork.monitoringServer.app[11],rcvdPkLifetime:stats,source,dataAge(packetReceived),,,,,,,
RR_T5-3-20260914-20:18:42-975,attr,ApplicationStrategyNetwork.monitoringServer.app[11],rcvdPkLifetime:stats,title,received packet lifetime,,,,,,,
RR_T5-3-20260914-20:18:42-975,attr,ApplicationStrategyNetwork.monitoringServer.app[11],rcvdPkLifetime:stats,unit,s,,,,,,,
RR_T5-4-20260914-20:18:47-980,statistic,ApplicationStrategyNetwork.monitoringServer.app[0],rcvdPkLifetime:stats,,,,120,120,0.011064357846667,0.0011069459335126,0.00914969118,0.01362969118
RR_T5-4-20260914-20:18:47-980,attr,ApplicationStrategyNetwork.monitoringServer.app[0],rcvdPkLifetime:stats,interpolationmode,none,,,,,,,
RR_T5-4-20260914-20:18:47-980,attr,ApplicationStrategyNetwork.monitoringServer.app[0],rcvdPkLifetime:stats,recordingmode,stats,,,,,,,
RR_T5-4-20260914-20:18:47-980,attr,ApplicationStrategyNetwork.monitoringServer.app[0],rcvdPkLifetime:stats,source,dataAge(packetReceived),,,,,,,
RR_T5-4-20260914-20:18:47-980,attr,ApplicationStrategyNetwork.monitoringServer.app[0],rcvdPkLifetime:stats,title,received packet lifetime,,,,,,,
RR_T5-4-20260914-20:18:47-980,attr,ApplicationStrategyNetwork.monitoringServer.app[0],rcvdPkLifetime:stats,unit,s,,,,,,,
RR_T5-4-20260914-20:18:47-980,statistic,ApplicationStrategyNetwork.monitoringServer.app[1],rcvdPkLifetime:stats,,,,120,120,0.011384318244667,0.0010738002359756,0.009149651578,0.013629651578
RR_T5-4-20260914-20:18:47-980,attr,ApplicationStrategyNetwork.monitoringServer.app[1],rcvdPkLifetime:stats,interpolationmode,none,,,,,,,
RR_T5-4-20260914-20:18:47-980,attr,ApplicationStrategyNetwork.monitoringServer.app[1],rcvdPkLifetime:stats,recordingmode,stats,,,,,,,
RR_T5-4-20260914-20:18:47-980,attr,ApplicationStrategyNetwork.monitoringServer.app[1],rcvdPkLifetime:stats,source,dataAge(packetReceived),,,,,,,
RR_T5-4-20260914-20:18:47-980,attr,ApplicationStrategyNetwork.monitoringServer.app[1],rcvdPkLifetime:stats,title,received packet lifetime,,,,,,,
RR_T5-4-20260914-20:18:47-980,attr,ApplicationStrategyNetwork.monitoringServer.app[1],rcvdPkLifetime:stats,unit,s,,,,,,,
RR_T5-4-20260914-20:18:47-980,statistic,ApplicationStrategyNetwork.monitoringServer.app[2],rcvdPkLifetime:stats,,,,120,120,0.014330046503333,0.0023088235300134,0.010540688142,0.022060688142
RR_T5-4-20260914-20:18:47-980,attr,ApplicationStrategyNetwork.monitoringServer.app[2],rcvdPkLifetime:stats,interpolationmode,none,,,,,,,
RR_T5-4-20260914-20:18:47-980,attr,ApplicationStrategyNetwork.monitoringServer.app[2],rcvdPkLifetime:stats,recordingmode,stats,,,,,,,
RR_T5-4-20260914-20:18:47-980,attr,ApplicationStrategyNetwork.monitoringServer.app[2],rcvdPkLifetime:stats,source,dataAge(packetReceived),,,,,,,
RR_T5-4-20260914-20:18:47-980,attr,ApplicationStrategyNetwork.monitoringServer.app[2],rcvdPkLifetime:stats,title,received packet lifetime,,,,,,,
RR_T5-4-20260914-20:18:47-980,attr,ApplicationStrategyNetwork.monitoringServer.app[2],rcvdPkLifetime:stats,unit,s,,,,,,,
RR_T5-4-20260914-20:18:47-980,statistic,ApplicationStrategyNetwork.monitoringServer.app[3],rcvdPkLifetime:stats,,,,120,120,0.011678850104,0.0023969577693189,0.009149650104,0.030013650104
RR_T5-4-20260914-20:18:47-980,attr,ApplicationStrategyNetwork.monitoringServer.app[3],rcvdPkLifetime:stats,interpolationmode,none,,,,,,,
RR_T5-4-20260914-20:18:47-980,attr,ApplicationStrategyNetwork.monitoringServer.app[3],rcvdPkLifetime:stats,recordingmode,stats,,,,,,,
RR_T5-4-20260914-20:18:47-980,attr,ApplicationStrategyNetwork.monitoringServer.app[3],rcvdPkLifetime:stats,source,dataAge(packetReceived),,,,,,,
RR_T5-4-20260914-20:18:47-980,attr,ApplicationStrategyNetwork.monitoringServer.app[3],rcvdPkLifetime:stats,title,received packet lifetime,,,,,,,
RR_T5-4-20260914-20:18:47-980,attr,ApplicationStrategyNetwork.monitoringServer.app[3],rcvdPkLifetime:stats,unit,s,,,,,,,
RR_T5-4-20260914-20:18:47-980,statistic,ApplicationStrategyNetwork.monitoringServer.app[4],rcvdPkLifetime:stats,,,,119,119,0.015417479766773,0.0056423073870077,0.009149647834,0.031645647834
RR_T5-4-20260914-20:18:47-980,attr,ApplicationStrategyNetwork.monitoringServer.app[4],rcvdPkLifetime:stats,interpolationmode,none,,,,,,,
RR_T5-4-20260914-20:18:47-980,attr,ApplicationStrategyNetwork.monitoringServer.app[4],rcvdPkLifetime:stats,recordingmode,stats,,,,,,,
RR_T5-4-20260914-20:18:47-980,attr,ApplicationStrategyNetwork.monitoringServer.app[4],rcvdPkLifetime:stats,source,dataAge(packetReceived),,,,,,,
RR_T5-4-20260914-20:18:47-980,attr,ApplicationStrategyNetwork.monitoringServer.app[4],rcvdPkLifetime:stats,title,received packet lifetime,,,,,,,
RR_T5-4-20260914-20:18:47-980,attr,ApplicationStrategyNetwork.monitoringServer.app[4],rcvdPkLifetime:stats,unit,s,,,,,,,
RR_T5-4-20260914-20:18:47-980,statistic,ApplicationStrategyNetwork.monitoringServer.app[5],rcvdPkLifetime:stats,,,,120,120,0.011306980951333,0.00099865769855129,0.009149647618,0.013629647618
RR_T5-4-20260914-20:18:47-980,attr,ApplicationStrategyNetwork.monitoringServer.app[5],rcvdPkLifetime:stats,interpolationmode,none,,,,,,,
RR_T5-4-20260914-20:18:47-980,attr,ApplicationStrategyNetwork.monitoringServer.app[5],rcvdPkLifetime:stats,recordingmode,stats,,,,,,,
RR_T5-4-20260914-20:18:47-980,attr,ApplicationStrategyNetwork.monitoringServer.app[5],rcvdPkLifetime:stats,source,dataAge(packetReceived),,,,,,,
RR_T5-4-20260914-20:18:47-980,attr,ApplicationStrategyNetwork.monitoringServer.app[5],rcvdPkLifetime:stats,title,received packet lifetime,,,,,,,
RR_T5-4-20260914-20:18:47-980,attr,ApplicationStrategyNetwork.monitoringServer.app[5],rcvdPkLifetime:stats,unit,s,,,,,,,
RR_T5-4-20260914-20:18:47-980,statistic,ApplicationStrategyNetwork.monitoringServer.app[6],rcvdPkLifetime:stats,,,,120,120,0.011381688392,0.00090363374747492,0.009469688392,0.013629688392
RR_T5-4-20260914-20:18:47-980,attr,ApplicationStrategyNetwork.monitoringServer.app[6],rcvdPkLifetime:stats,interpolationmode,none,,,,,,,
RR_T5-4-20260914-20:18:47-980,attr,ApplicationStrategyNetwork.monitoringServer.app[6],rcvdPkLifetime:stats,recordingmode,stats,,,,,,,
RR_T5-4-20260914-20:18:47-980,attr,ApplicationStrategyNetwork.monitoringServer.app[6],rcvdPkLifetime:stats,source,dataAge(packetReceived),,,,,,,
RR_T5-4-20260914-20:18:47-980,attr,ApplicationStrategyNetwork.monitoringServer.app[6],rcvdPkLifetime:stats,title,received packet lifetime,,,,,,,
RR_T5-4-20260914-20:18:47-980,attr,ApplicationStrategyNetwork.monitoringServer.app[6],rcvdPkLifetime:stats,unit,s,,,,,,,
RR_T5-4-20260914-20:18:47-980,statistic,ApplicationStrategyNetwork.monitoringServer.app[7],rcvdPkLifetime:stats,,,,120,120,0.011453641374,0.0009018583987702,0.009469641374,0.013629641374
RR_T5-4-20260914-20:18:47-980,attr,ApplicationStrategyNetwork.monitoringServer.app[7],rcvdPkLifetime:stats,interpolationmode,none,,,,,,,
RR_T5-4-20260914-20:18:47-980,attr,ApplicationStrategyNetwork.monitoringServer.app[7],rcvdPkLifetime:stats,recordingmode,stats,,,,,,,
RR_T5-4-20260914-20:18:47-980,attr,ApplicationStrategyNetwork.monitoringServer.app[7],rcvdPkLifetime:stats,source,dataAge(packetReceived),,,,,,,
RR_T5-4-20260914-20:18:47-980,attr,ApplicationStrategyNetwork.monitoringServer.app[7],rcvdPkLifetime:stats,title,received packet lifetime,,,,,,,
RR_T5-4-20260914-20:18:47-980,attr,ApplicationStrategyNetwork.monitoringServer.app[7],rcvdPkLifetime:stats,unit,s,,,,,,,
RR_T5-4-20260914-20:18:47-980,statistic,ApplicationStrategyNetwork.monitoringServer.app[8],rcvdPkLifetime:stats,,,,120,120,0.011184312186667,0.0010720458203338,0.00914964552,0.01362964552
RR_T5-4-20260914-20:18:47-980,attr,ApplicationStrategyNetwork.monitoringServer.app[8],rcvdPkLifetime:stats,interpolationmode,none,,,,,,,
RR_T5-4-20260914-20:18:47-980,attr,ApplicationStrategyNetwork.monitoringServer.app[8],rcvdPkLifetime:stats,recordingmode,stats,,,,,,,
RR_T5-4-20260914-20:18:47-980,attr,ApplicationStrategyNetwork.monitoringServer.app[8],rcvdPkLifetime:stats,source,dataAge(packetReceived),,,,,,,
RR_T5-4-20260914-20:18:47-980,attr,ApplicationStrategyNetwork.monitoringServer.app[8],rcvdPkLifetime:stats,title,received packet lifetime,,,,,,,
RR_T5-4-20260914-20:18:47-980,attr,ApplicationStrategyNetwork.monitoringServer.app[8],rcvdPkLifetime:stats,unit,s,,,,,,,
RR_T5-4-20260914-20:18:47-980,statistic,ApplicationStrategyNetwork.monitoringServer.app[9],rcvdPkLifetime:stats,,,,120,120,0.011376286676667,0.0010114149613729,0.00914962001,0.01362962001
RR_T5-4-20260914-20:18:47-980,attr,ApplicationStrategyNetwork.monitoringServer.app[9],rcvdPkLifetime:stats,interpolationmode,none,,,,,,,
RR_T5-4-20260914-20:18:47-980,attr,ApplicationStrategyNetwork.monitoringServer.app[9],rcvdPkLifetime:stats,recordingmode,stats,,,,,,,
RR_T5-4-20260914-20:18:47-980,attr,ApplicationStrategyNetwork.monitoringServer.app[9],rcvdPkLifetime:stats,source,dataAge(packetReceived),,,,,,,
RR_T5-4-20260914-20:18:47-980,attr,ApplicationStrategyNetwork.monitoringServer.app[9],rcvdPkLifetime:stats,title,received packet lifetime,,,,,,,
RR_T5-4-20260914-20:18:47-980,attr,ApplicationStrategyNetwork.monitoringServer.app[9],rcvdPkLifetime:stats,unit,s,,,,,,,
RR_T5-4-20260914-20:18:47-980,statistic,ApplicationStrategyNetwork.monitoringServer.app[10],rcvdPkLifetime:stats,,,,120,120,0.017436054350392,0.0044493120681076,0.009206012249,0.029398012249
RR_T5-4-20260914-20:18:47-980,attr,ApplicationStrategyNetwork.monitoringServer.app[10],rcvdPkLifetime:stats,interpolationmode,none,,,,,,,
RR_T5-4-20260914-20:18:47-980,attr,ApplicationStrategyNetwork.monitoringServer.app[10],rcvdPkLifetime:stats,recordingmode,stats,,,,,,,
RR_T5-4-20260914-20:18:47-980,attr,ApplicationStrategyNetwork.monitoringServer.app[10],rcvdPkLifetime:stats,source,dataAge(packetReceived),,,,,,,
RR_T5-4-20260914-20:18:47-980,attr,ApplicationStrategyNetwork.monitoringServer.app[10],rcvdPkLifetime:stats,title,received packet lifetime,,,,,,,
RR_T5-4-20260914-20:18:47-980,attr,ApplicationStrategyNetwork.monitoringServer.app[10],rcvdPkLifetime:stats,unit,s,,,,,,,
RR_T5-4-20260914-20:18:47-980,statistic,ApplicationStrategyNetwork.monitoringServer.app[11],rcvdPkLifetime:stats,,,,120,120,0.011509614016,0.0011007713109397,0.009149614016,0.013629614016
RR_T5-4-20260914-20:18:47-980,attr,ApplicationStrategyNetwork.monitoringServer.app[11],rcvdPkLifetime:stats,interpolationmode,none,,,,,,,
RR_T5-4-20260914-20:18:47-980,attr,ApplicationStrategyNetwork.monitoringServer.app[11],rcvdPkLifetime:stats,recordingmode,stats,,,,,,,
RR_T5-4-20260914-20:18:47-980,attr,ApplicationStrategyNetwork.monitoringServer.app[11],rcvdPkLifetime:stats,source,dataAge(packetReceived),,,,,,,
RR_T5-4-20260914-20:18:47-980,attr,ApplicationStrategyNetwork.monitoringServer.app[11],rcvdPkLifetime:stats,title,received packet lifetime,,,,,,,
RR_T5-4-20260914-20:18:47-980,attr,ApplicationStrategyNetwork.monitoringServer.app[11],rcvdPkLifetime:stats,unit,s,,,,,,,
RR_T60-0-20260914-20:21:30-1541,statistic,ApplicationStrategyNetwork.monitoringServer.app[0],rcvdPkLifetime:stats,,,,10,10,0.010781630238,0.0011728483846337,0.009149630238,0.012989630238
RR_T60-0-20260914-20:21:30-1541,attr,ApplicationStrategyNetwork.monitoringServer.app[0],rcvdPkLifetime:stats,interpolationmode,none,,,,,,,
RR_T60-0-20260914-20:21:30-1541,attr,ApplicationStrategyNetwork.monitoringServer.app[0],rcvdPkLifetime:stats,recordingmode,stats,,,,,,,
RR_T60-0-20260914-20:21:30-1541,attr,ApplicationStrategyNetwork.monitoringServer.app[0],rcvdPkLifetime:stats,source,dataAge(packetReceived),,,,,,,
RR_T60-0-20260914-20:21:30-1541,attr,ApplicationStrategyNetwork.monitoringServer.app[0],rcvdPkLifetime:stats,title,received packet lifetime,,,,,,,
RR_T60-0-20260914-20:21:30-1541,attr,ApplicationStrategyNetwork.monitoringServer.app[0],rcvdPkLifetime:stats,unit,s,,,,,,,
RR_T60-0-20260914-20:21:30-1541,statistic,ApplicationStrategyNetwork.monitoringServer.app[1],rcvdPkLifetime:stats,,,,10,10,0.010749662162,0.0011781718418312,0.009149662162,0.012349662162
RR_T60-0-20260914-20:21:30-1541,attr,ApplicationStrategyNetwork.monitoringServer.app[1],rcvdPkLifetime:stats,interpolationmode,none,,,,,,,
RR_T60-0-20260914-20:21:30-1541,attr,ApplicationStrategyNetwork.monitoringServer.app[1],rcvdPkLifetime:stats,recordingmode,stats,,,,,,,
RR_T60-0-20260914-20:21:30-1541,attr,ApplicationStrategyNetwork.monitoringServer.app[1],rcvdPkLifetime:stats,source,dataAge(packetReceived),,,,,,,
RR_T60-0-20260914-20:21:30-1541,attr,ApplicationStrategyNetwork.monitoringServer.app[1],rcvdPkLifetime:stats,title,received packet lifetime,,,,,,,
RR_T60-0-20260914-20:21:30-1541,attr,ApplicationStrategyNetwork.monitoringServer.app[1],rcvdPkLifetime:stats,unit,s,,,,,,,
RR_T60-0-20260914-20:21:30-1541,statistic,ApplicationStrategyNetwork.monitoringServer.app[2],rcvdPkLifetime:stats,,,,10,10,0.011677653344,0.00098283942397957,0.010109653344,0.012989653344
RR_T60-0-20260914-20:21:30-1541,attr,ApplicationStrategyNetwork.monitoringServer.app[2],rcvdPkLifetime:stats,interpolationmode,none,,,,,,,
RR_T60-0-20260914-20:21:30-1541,attr,ApplicationStrategyNetwork.monitoringServer.app[2],rcvdPkLifetime:stats,recordingmode,stats,,,,,,,
RR_T60-0-20260914-20:21:30-1541,attr,ApplicationStrategyNetwork.monitoringServer.app[2],rcvdPkLifetime:stats,source,dataAge(packetReceived),,,,,,,
RR_T60-0-20260914-20:21:30-1541,attr,ApplicationStrategyNetwork.monitoringServer.app[2],rcvdPkLifetime:stats,title,received packet lifetime,,,,,,,
RR_T60-0-20260914-20:21:30-1541,attr,ApplicationStrategyNetwork.monitoringServer.app[2],rcvdPkLifetime:stats,unit,s,,,,,,,
RR_T60-0-20260914-20:21:30-1541,statistic,ApplicationStrategyNetwork.monitoringServer.app[3],rcvdPkLifetime:stats,,,,10,10,0.011229647934,0.00081584312217453,0.009789647934,0.012349647934
RR_T60-0-20260914-20:21:30-1541,attr,ApplicationStrategyNetwork.monitoringServer.app[3],rcvdPkLifetime:stats,interpolationmode,none,,,,,,,
RR_T60-0-20260914-20:21:30-1541,attr,ApplicationStrategyNetwork.monitoringServer.app[3],rcvdPkLifetime:stats,recordingmode,stats,,,,,,,
RR_T60-0-20260914-20:21:30-1541,attr,ApplicationStrategyNetwork.monitoringServer.app[3],rcvdPkLifetime:stats,source,dataAge(packetReceived),,,,,,,
RR_T60-0-20260914-20:21:30-1541,attr,ApplicationStrategyNetwork.monitoringServer.app[3],rcvdPkLifetime:stats,title,received packet lifetime,,,,,,,
RR_T60-0-20260914-20:21:30-1541,attr,ApplicationStrategyNetwork.monitoringServer.app[3],rcvdPkLifetime:stats,unit,s,,,,,,,
RR_T60-0-20260914-20:21:30-1541,statistic,ApplicationStrategyNetwork.monitoringServer.app[4],rcvdPkLifetime:stats,,,,10,10,0.01138961826,0.00065753749365388,0.01042961826,0.01234961826
RR_T60-0-20260914-20:21:30-1541,attr,ApplicationStrategyNetwork.monitoringServer.app[4],rcvdPkLifetime:stats,interpolationmode,none,,,,,,,
RR_T60-0-20260914-20:21:30-1541,attr,ApplicationStrategyNetwork.monitoringServer.app[4],rcvdPkLifetime:stats,recordingmode,stats,,,,,,,
RR_T60-0-20260914-20:21:30-1541,attr,ApplicationStrategyNetwork.monitoringServer.app[4],rcvdPkLifetime:stats,source,dataAge(packetReceived),,,,,,,
RR_T60-0-20260914-20:21:30-1541,attr,ApplicationStrategyNetwork.monitoringServer.app[4],rcvdPkLifetime:stats,title,received packet lifetime,,,,,,,
RR_T60-0-20260914-20:21:30-1541,attr,ApplicationStrategyNetwork.monitoringServer.app[4],rcvdPkLifetime:stats,unit,s,,,,,,,
RR_T60-0-20260914-20:21:30-1541,statistic,ApplicationStrategyNetwork.monitoringServer.app[5],rcvdPkLifetime:stats,,,,10,10,0.011357644348,0.0013015956019883,0.009469644348,0.012989644348
RR_T60-0-20260914-20:21:30-1541,attr,ApplicationStrategyNetwork.monitoringServer.app[5],rcvdPkLifetime:stats,interpolationmode,none,,,,,,,
RR_T60-0-20260914-20:21:30-1541,attr,ApplicationStrategyNetwork.monitoringServer.app[5],rcvdPkLifetime:stats,recordingmode,stats,,,,,,,
RR_T60-0-20260914-20:21:30-1541,attr,ApplicationStrategyNetwork.monitoringServer.app[5],rcvdPkLifetime:stats,source,dataAge(packetReceived),,,,,,,
RR_T60-0-20260914-20:21:30-1541,attr,ApplicationStrategyNetwork.monitoringServer.app[5],rcvdPkLifetime:stats,title,received packet lifetime,,,,,,,
RR_T60-0-20260914-20:21:30-1541,attr,ApplicationStrategyNetwork.monitoringServer.app[5],rcvdPkLifetime:stats,unit,s,,,,,,,
RR_T60-0-20260914-20:21:30-1541,statistic,ApplicationStrategyNetwork.monitoringServer.app[6],rcvdPkLifetime:stats,,,,10,10,0.011645631872,0.001185872393359,0.009149631872,0.012669631872
RR_T60-0-20260914-20:21:30-1541,attr,ApplicationStrategyNetwork.monitoringServer.app[6],rcvdPkLifetime:stats,interpolationmode,none,,,,,,,
RR_T60-0-20260914-20:21:30-1541,attr,ApplicationStrategyNetwork.monitoringServer.app[6],rcvdPkLifetime:stats,recordingmode,stats,,,,,,,
RR_T60-0-20260914-20:21:30-1541,attr,ApplicationStrategyNetwork.monitoringServer.app[6],rcvdPkLifetime:stats,source,dataAge(packetReceived),,,,,,,
RR_T60-0-20260914-20:21:30-1541,attr,ApplicationStrategyNetwork.monitoringServer.app[6],rcvdPkLifetime:stats,title,received packet lifetime,,,,,,,
RR_T60-0-20260914-20:21:30-1541,attr,ApplicationStrategyNetwork.monitoringServer.app[6],rcvdPkLifetime:stats,unit,s,,,,,,,
RR_T60-0-20260914-20:21:30-1541,statistic,ApplicationStrategyNetwork.monitoringServer.app[7],rcvdPkLifetime:stats,,,,10,10,0.011581690306,0.0011606588167433,0.010109690306,0.013309690306
RR_T60-0-20260914-20:21:30-1541,attr,ApplicationStrategyNetwork.monitoringServer.app[7],rcvdPkLifetime:stats,interpolationmode,none,,,,,,,
RR_T60-0-20260914-20:21:30-1541,attr,ApplicationStrategyNetwork.monitoringServer.app[7],rcvdPkLifetime:stats,recordingmode,stats,,,,,,,
RR_T60-0-20260914-20:21:30-1541,attr,ApplicationStrategyNetwork.monitoringServer.app[7],rcvdPkLifetime:stats,source,dataAge(packetReceived),,,,,,,
RR_T60-0-20260914-20:21:30-1541,attr,ApplicationStrategyNetwork.monitoringServer.app[7],rcvdPkLifetime:stats,title,received packet lifetime,,,,,,,
RR_T60-0-20260914-20:21:30-1541,attr,ApplicationStrategyNetwork.monitoringServer.app[7],rcvdPkLifetime:stats,unit,s,,,,,,,
RR_T60-0-20260914-20:21:30-1541,statistic,ApplicationStrategyNetwork.monitoringServer.app[8],rcvdPkLifetime:stats,,,,10,10,0.011197684758,0.0010141750889842,0.009469684758,0.013309684758
RR_T60-0-20260914-20:21:30-1541,attr,ApplicationStrategyNetwork.monitoringServer.app[8],rcvdPkLifetime:stats,interpolationmode,none,,,,,,,
RR_T60-0-20260914-20:21:30-1541,attr,ApplicationStrategyNetwork.monitoringServer.app[8],rcvdPkLifetime:stats,recordingmode,stats,,,,,,,
RR_T60-0-20260914-20:21:30-1541,attr,ApplicationStrategyNetwork.monitoringServer.app[8],rcvdPkLifetime:stats,source,dataAge(packetReceived),,,,,,,
RR_T60-0-20260914-20:21:30-1541,attr,ApplicationStrategyNetwork.monitoringServer.app[8],rcvdPkLifetime:stats,title,received packet lifetime,,,,,,,
RR_T60-0-20260914-20:21:30-1541,attr,ApplicationStrategyNetwork.monitoringServer.app[8],rcvdPkLifetime:stats,unit,s,,,,,,,
RR_T60-0-20260914-20:21:30-1541,statistic,ApplicationStrategyNetwork.monitoringServer.app[9],rcvdPkLifetime:stats,,,,10,10,0.011453611122,0.0011064578116162,0.010109611122,0.012989611122
RR_T60-0-20260914-20:21:30-1541,attr,ApplicationStrategyNetwork.monitoringServer.app[9],rcvdPkLifetime:stats,interpolationmode,none,,,,,,,
RR_T60-0-20260914-20:21:30-1541,attr,ApplicationStrategyNetwork.monitoringServer.app[9],rcvdPkLifetime:stats,recordingmode,stats,,,,,,,
RR_T60-0-20260914-20:21:30-1541,attr,ApplicationStrategyNetwork.monitoringServer.app[9],rcvdPkLifetime:stats,source,dataAge(packetReceived),,,,,,,
RR_T60-0-20260914-20:21:30-1541,attr,ApplicationStrategyNetwork.monitoringServer.app[9],rcvdPkLifetime:stats,title,received packet lifetime,,,,,,,
RR_T60-0-20260914-20:21:30-1541,attr,ApplicationStrategyNetwork.monitoringServer.app[9],rcvdPkLifetime:stats,unit,s,,,,,,,
RR_T60-0-20260914-20:21:30-1541,statistic,ApplicationStrategyNetwork.monitoringServer.app[10],rcvdPkLifetime:stats,,,,10,10,0.011645667636,0.0013390809451935,0.009789667636,0.013629667636
RR_T60-0-20260914-20:21:30-1541,attr,ApplicationStrategyNetwork.monitoringServer.app[10],rcvdPkLifetime:stats,interpolationmode,none,,,,,,,
RR_T60-0-20260914-20:21:30-1541,attr,ApplicationStrategyNetwork.monitoringServer.app[10],rcvdPkLifetime:stats,recordingmode,stats,,,,,,,
RR_T60-0-20260914-20:21:30-1541,attr,ApplicationStrategyNetwork.monitoringServer.app[10],rcvdPkLifetime:stats,source,dataAge(packetReceived),,,,,,,
RR_T60-0-20260914-20:21:30-1541,attr,ApplicationStrategyNetwork.monitoringServer.app[10],rcvdPkLifetime:stats,title,received packet lifetime,,,,,,,
RR_T60-0-20260914-20:21:30-1541,attr,ApplicationStrategyNetwork.monitoringServer.app[10],rcvdPkLifetime:stats,unit,s,,,,,,,
RR_T60-0-20260914-20:21:30-1541,statistic,ApplicationStrategyNetwork.monitoringServer.app[11],rcvdPkLifetime:stats,,,,10,10,0.010941627426,0.00088217912013668,0.009469627426,0.012029627426
RR_T60-0-20260914-20:21:30-1541,attr,ApplicationStrategyNetwork.monitoringServer.app[11],rcvdPkLifetime:stats,interpolationmode,none,,,,,,,
RR_T60-0-20260914-20:21:30-1541,attr,ApplicationStrategyNetwork.monitoringServer.app[11],rcvdPkLifetime:stats,recordingmode,stats,,,,,,,
RR_T60-0-20260914-20:21:30-1541,attr,ApplicationStrategyNetwork.monitoringServer.app[11],rcvdPkLifetime:stats,source,dataAge(packetReceived),,,,,,,
RR_T60-0-20260914-20:21:30-1541,attr,ApplicationStrategyNetwork.monitoringServer.app[11],rcvdPkLifetime:stats,title,received packet lifetime,,,,,,,
RR_T60-0-20260914-20:21:30-1541,attr,ApplicationStrategyNetwork.monitoringServer.app[11],rcvdPkLifetime:stats,unit,s,,,,,,,
RR_T60-1-20260914-20:21:32-1546,statistic,ApplicationStrategyNetwork.monitoringServer.app[0],rcvdPkLifetime:stats,,,,10,10,0.012509657936,0.00364884200809,0.009469657936,0.021053657936
RR_T60-1-20260914-20:21:32-1546,attr,ApplicationStrategyNetwork.monitoringServer.app[0],rcvdPkLifetime:stats,interpolationmode,none,,,,,,,
RR_T60-1-20260914-20:21:32-1546,attr,ApplicationStrategyNetwork.monitoringServer.app[0],rcvdPkLifetime:stats,recordingmode,stats,,,,,,,
RR_T60-1-20260914-20:21:32-1546,attr,ApplicationStrategyNetwork.monitoringServer.app[0],rcvdPkLifetime:stats,source,dataAge(packetReceived),,,,,,,
RR_T60-1-20260914-20:21:32-1546,attr,ApplicationStrategyNetwork.monitoringServer.app[0],rcvdPkLifetime:stats,title,received packet lifetime,,,,,,,
RR_T60-1-20260914-20:21:32-1546,attr,ApplicationStrategyNetwork.monitoringServer.app[0],rcvdPkLifetime:stats,unit,s,,,,,,,
RR_T60-1-20260914-20:21:32-1546,statistic,ApplicationStrategyNetwork.monitoringServer.app[1],rcvdPkLifetime:stats,,,,10,10,0.011581669594,0.0015472182924332,0.009469669594,0.013629669594
RR_T60-1-20260914-20:21:32-1546,attr,ApplicationStrategyNetwork.monitoringServer.app[1],rcvdPkLifetime:stats,interpolationmode,none,,,,,,,
RR_T60-1-20260914-20:21:32-1546,attr,ApplicationStrategyNetwork.monitoringServer.app[1],rcvdPkLifetime:stats,recordingmode,stats,,,,,,,
RR_T60-1-20260914-20:21:32-1546,attr,ApplicationStrategyNetwork.monitoringServer.app[1],rcvdPkLifetime:stats,source,dataAge(packetReceived),,,,,,,
RR_T60-1-20260914-20:21:32-1546,attr,ApplicationStrategyNetwork.monitoringServer.app[1],rcvdPkLifetime:stats,title,received packet lifetime,,,,,,,
RR_T60-1-20260914-20:21:32-1546,attr,ApplicationStrategyNetwork.monitoringServer.app[1],rcvdPkLifetime:stats,unit,s,,,,,,,
RR_T60-1-20260914-20:21:32-1546,statistic,ApplicationStrategyNetwork.monitoringServer.app[2],rcvdPkLifetime:stats,,,,10,10,0.022070864339,0.0045542073148534,0.014773264339,0.028213264339
RR_T60-1-20260914-20:21:32-1546,attr,ApplicationStrategyNetwork.monitoringServer.app[2],rcvdPkLifetime:stats,interpolationmode,none,,,,,,,
RR_T60-1-20260914-20:21:32-1546,attr,ApplicationStrategyNetwork.monitoringServer.app[2],rcvdPkLifetime:stats,recordingmode,stats,,,,,,,
RR_T60-1-20260914-20:21:32-1546,attr,ApplicationStrategyNetwork.monitoringServer.app[2],rcvdPkLifetime:stats,source,dataAge(packetReceived),,,,,,,
RR_T60-1-20260914-20:21:32-1546,attr,ApplicationStrategyNetwork.monitoringServer.app[2],rcvdPkLifetime:stats,title,received packet lifetime,,,,,,,
RR_T60-1-20260914-20:21:32-1546,attr,ApplicationStrategyNetwork.monitoringServer.app[2],rcvdPkLifetime:stats,unit,s,,,,,,,
RR_T60-1-20260914-20:21:32-1546,statistic,ApplicationStrategyNetwork.monitoringServer.app[3],rcvdPkLifetime:stats,,,,10,10,0.011357656592,0.00084596821584565,0.010109656592,0.012349656592
RR_T60-1-20260914-20:21:32-1546,attr,ApplicationStrategyNetwork.monitoringServer.app[3],rcvdPkLifetime:stats,interpolationmode,none,,,,,,,
RR_T60-1-20260914-20:21:32-1546,attr,ApplicationStrategyNetwork.monitoringServer.app[3],rcvdPkLifetime:stats,recordingmode,stats,,,,,,,
RR_T60-1-20260914-20:21:32-1546,attr,ApplicationStrategyNetwork.monitoringServer.app[3],rcvdPkLifetime:stats,source,dataAge(packetReceived),,,,,,,
RR_T60-1-20260914-20:21:32-1546,attr,ApplicationStrategyNetwork.monitoringServer.app[3],rcvdPkLifetime:stats,title,received packet lifetime,,,,,,,
RR_T60-1-20260914-20:21:32-1546,attr,ApplicationStrategyNetwork.monitoringServer.app[3],rcvdPkLifetime:stats,unit,s,,,,,,,
RR_T60-1-20260914-20:21:32-1546,statistic,ApplicationStrategyNetwork.monitoringServer.app[4],rcvdPkLifetime:stats,,,,10,10,0.012285639882,0.00067123766282974,0.011069639882,0.013309639882
RR_T60-1-20260914-20:21:32-1546,attr,ApplicationStrategyNetwork.monitoringServer.app[4],rcvdPkLifetime:stats,interpolationmode,none,,,,,,,
RR_T60-1-20260914-20:21:32-1546,attr,ApplicationStrategyNetwork.monitoringServer.app[4],rcvdPkLifetime:stats,recordingmode,stats,,,,,,,
RR_T60-1-20260914-20:21:32-1546,attr,ApplicationStrategyNetwork.monitoringServer.app[4],rcvdPkLifetime:stats,source,dataAge(packetReceived),,,,,,,
RR_T60-1-20260914-20:21:32-1546,attr,ApplicationStrategyNetwork.monitoringServer.app[4],rcvdPkLifetime:stats,title,received packet lifetime,,,,,,,
RR_T60-1-20260914-20:21:32-1546,attr,ApplicationStrategyNetwork.monitoringServer.app[4],rcvdPkLifetime:stats,unit,s,,,,,,,
RR_T60-1-20260914-20:21:32-1546,statistic,ApplicationStrategyNetwork.monitoringServer.app[5],rcvdPkLifetime:stats,,,,10,10,0.011517630062,0.00095643783558453,0.009149630062,0.012349630062
RR_T60-1-20260914-20:21:32-1546,attr,ApplicationStrategyNetwork.monitoringServer.app[5],rcvdPkLifetime:stats,interpolationmode,none,,,,,,,
RR_T60-1-20260914-20:21:32-1546,attr,ApplicationStrategyNetwork.monitoringServer.app[5],rcvdPkLifetime:stats,recordingmode,stats,,,,,,,
RR_T60-1-20260914-20:21:32-1546,attr,ApplicationStrategyNetwork.monitoringServer.app[5],rcvdPkLifetime:stats,source,dataAge(packetReceived),,,,,,,
RR_T60-1-20260914-20:21:32-1546,attr,ApplicationStrategyNetwork.monitoringServer.app[5],rcvdPkLifetime:stats,title,received packet lifetime,,,,,,,
RR_T60-1-20260914-20:21:32-1546,attr,ApplicationStrategyNetwork.monitoringServer.app[5],rcvdPkLifetime:stats,unit,s,,,,,,,
RR_T60-1-20260914-20:21:32-1546,statistic,ApplicationStrategyNetwork.monitoringServer.app[6],rcvdPkLifetime:stats,,,,10,10,0.011645622076,0.00085066248692902,0.009789622076,0.012989622076
RR_T60-1-20260914-20:21:32-1546,attr,ApplicationStrategyNetwork.monitoringServer.app[6],rcvdPkLifetime:stats,interpolationmode,none,,,,,,,
RR_T60-1-20260914-20:21:32-1546,attr,ApplicationStrategyNetwork.monitoringServer.app[6],rcvdPkLifetime:stats,recordingmode,stats,,,,,,,
RR_T60-1-20260914-20:21:32-1546,attr,ApplicationStrategyNetwork.monitoringServer.app[6],rcvdPkLifetime:stats,source,dataAge(packetReceived),,,,,,,
RR_T60-1-20260914-20:21:32-1546,attr,ApplicationStrategyNetwork.monitoringServer.app[6],rcvdPkLifetime:stats,title,received packet lifetime,,,,,,,
RR_T60-1-20260914-20:21:32-1546,attr,ApplicationStrategyNetwork.monitoringServer.app[6],rcvdPkLifetime:stats,unit,s,,,,,,,
RR_T60-1-20260914-20:21:32-1546,statistic,ApplicationStrategyNetwork.monitoringServer.app[7],rcvdPkLifetime:stats,,,,10,10,0.011133617712,0.0012329116396202,0.009469617712,0.013309617712
RR_T60-1-20260914-20:21:32-1546,attr,ApplicationStrategyNetwork.monitoringServer.app[7],rcvdPkLifetime:stats,interpolationmode,none,,,,,,,
RR_T60-1-20260914-20:21:32-1546,attr,ApplicationStrategyNetwork.monitoringServer.app[7],rcvdPkLifetime:stats,recordingmode,stats,,,,,,,
RR_T60-1-20260914-20:21:32-1546,attr,ApplicationStrategyNetwork.monitoringServer.app[7],rcvdPkLifetime:stats,source,dataAge(packetReceived),,,,,,,
RR_T60-1-20260914-20:21:32-1546,attr,ApplicationStrategyNetwork.monitoringServer.app[7],rcvdPkLifetime:stats,title,received packet lifetime,,,,,,,
RR_T60-1-20260914-20:21:32-1546,attr,ApplicationStrategyNetwork.monitoringServer.app[7],rcvdPkLifetime:stats,unit,s,,,,,,,
RR_T60-1-20260914-20:21:32-1546,statistic,ApplicationStrategyNetwork.monitoringServer.app[8],rcvdPkLifetime:stats,,,,10,10,0.010685650176,0.00097528571312386,0.009149650176,0.012029650176
RR_T60-1-20260914-20:21:32-1546,attr,ApplicationStrategyNetwork.monitoringServer.app[8],rcvdPkLifetime:stats,interpolationmode,none,,,,,,,
RR_T60-1-20260914-20:21:32-1546,attr,ApplicationStrategyNetwork.monitoringServer.app[8],rcvdPkLifetime:stats,recordingmode,stats,,,,,,,
RR_T60-1-20260914-20:21:32-1546,attr,ApplicationStrategyNetwork.monitoringServer.app[8],rcvdPkLifetime:stats,source,dataAge(packetReceived),,,,,,,
RR_T60-1-20260914-20:21:32-1546,attr,ApplicationStrategyNetwork.monitoringServer.app[8],rcvdPkLifetime:stats,title,received packet lifetime,,,,,,,
RR_T60-1-20260914-20:21:32-1546,attr,ApplicationStrategyNetwork.monitoringServer.app[8],rcvdPkLifetime:stats,unit,s,,,,,,,
RR_T60-1-20260914-20:21:32-1546,statistic,ApplicationStrategyNetwork.monitoringServer.app[9],rcvdPkLifetime:stats,,,,10,10,0.01135764741,0.0010169759092527,0.00978964741,0.01298964741
RR_T60-1-20260914-20:21:32-1546,attr,ApplicationStrategyNetwork.monitoringServer.app[9],rcvdPkLifetime:stats,interpolationmode,none,,,,,,,
RR_T60-1-20260914-20:21:32-1546,attr,ApplicationStrategyNetwork.monitoringServer.app[9],rcvdPkLifetime:stats,recordingmode,stats,,,,,,,
RR_T60-1-20260914-20:21:32-1546,attr,ApplicationStrategyNetwork.monitoringServer.app[9],rcvdPkLifetime:stats,source,dataAge(packetReceived),,,,,,,
RR_T60-1-20260914-20:21:32-1546,attr,ApplicationStrategyNetwork.monitoringServer.app[9],rcvdPkLifetime:stats,title,received packet lifetime,,,,,,,
RR_T60-1-20260914-20:21:32-1546,attr,ApplicationStrategyNetwork.monitoringServer.app[9],rcvdPkLifetime:stats,unit,s,,,,,,,
RR_T60-1-20260914-20:21:32-1546,statistic,ApplicationStrategyNetwork.monitoringServer.app[10],rcvdPkLifetime:stats,,,,10,10,0.01122962915,0.00093295230317541,0.00978962915,0.01298962915
RR_T60-1-20260914-20:21:32-1546,attr,ApplicationStrategyNetwork.monitoringServer.app[10],rcvdPkLifetime:stats,interpolationmode,none,,,,,,,
RR_T60-1-20260914-20:21:32-1546,attr,ApplicationStrategyNetwork.monitoringServer.app[10],rcvdPkLifetime:stats,recordingmode,stats,,,,,,,
RR_T60-1-20260914-20:21:32-1546,attr,ApplicationStrategyNetwork.monitoringServer.app[10],rcvdPkLifetime:stats,source,dataAge(packetReceived),,,,,,,
RR_T60-1-20260914-20:21:32-1546,attr,ApplicationStrategyNetwork.monitoringServer.app[10],rcvdPkLifetime:stats,title,received packet lifetime,,,,,,,
RR_T60-1-20260914-20:21:32-1546,attr,ApplicationStrategyNetwork.monitoringServer.app[10],rcvdPkLifetime:stats,unit,s,,,,,,,
RR_T60-1-20260914-20:21:32-1546,statistic,ApplicationStrategyNetwork.monitoringServer.app[11],rcvdPkLifetime:stats,,,,10,10,0.010973645592,0.00086722033596426,0.009789645592,0.012669645592
RR_T60-1-20260914-20:21:32-1546,attr,ApplicationStrategyNetwork.monitoringServer.app[11],rcvdPkLifetime:stats,interpolationmode,none,,,,,,,
RR_T60-1-20260914-20:21:32-1546,attr,ApplicationStrategyNetwork.monitoringServer.app[11],rcvdPkLifetime:stats,recordingmode,stats,,,,,,,
RR_T60-1-20260914-20:21:32-1546,attr,ApplicationStrategyNetwork.monitoringServer.app[11],rcvdPkLifetime:stats,source,dataAge(packetReceived),,,,,,,
RR_T60-1-20260914-20:21:32-1546,attr,ApplicationStrategyNetwork.monitoringServer.app[11],rcvdPkLifetime:stats,title,received packet lifetime,,,,,,,
RR_T60-1-20260914-20:21:32-1546,attr,ApplicationStrategyNetwork.monitoringServer.app[11],rcvdPkLifetime:stats,unit,s,,,,,,,
RR_T60-2-20260914-20:21:34-1551,statistic,ApplicationStrategyNetwork.monitoringServer.app[0],rcvdPkLifetime:stats,,,,10,10,0.011933644032,0.0011493302397487,0.010429644032,0.013629644032
RR_T60-2-20260914-20:21:34-1551,attr,ApplicationStrategyNetwork.monitoringServer.app[0],rcvdPkLifetime:stats,interpolationmode,none,,,,,,,
RR_T60-2-20260914-20:21:34-1551,attr,ApplicationStrategyNetwork.monitoringServer.app[0],rcvdPkLifetime:stats,recordingmode,stats,,,,,,,
RR_T60-2-20260914-20:21:34-1551,attr,ApplicationStrategyNetwork.monitoringServer.app[0],rcvdPkLifetime:stats,source,dataAge(packetReceived),,,,,,,
RR_T60-2-20260914-20:21:34-1551,attr,ApplicationStrategyNetwork.monitoringServer.app[0],rcvdPkLifetime:stats,title,received packet lifetime,,,,,,,
RR_T60-2-20260914-20:21:34-1551,attr,ApplicationStrategyNetwork.monitoringServer.app[0],rcvdPkLifetime:stats,unit,s,,,,,,,
RR_T60-2-20260914-20:21:34-1551,statistic,ApplicationStrategyNetwork.monitoringServer.app[1],rcvdPkLifetime:stats,,,,10,10,0.029394359527,0.0083355344528487,0.01861196536,0.04667596536
RR_T60-2-20260914-20:21:34-1551,attr,ApplicationStrategyNetwork.monitoringServer.app[1],rcvdPkLifetime:stats,interpolationmode,none,,,,,,,
RR_T60-2-20260914-20:21:34-1551,attr,ApplicationStrategyNetwork.monitoringServer.app[1],rcvdPkLifetime:stats,recordingmode,stats,,,,,,,
RR_T60-2-20260914-20:21:34-1551,attr,ApplicationStrategyNetwork.monitoringServer.app[1],rcvdPkLifetime:stats,source,dataAge(packetReceived),,,,,,,
RR_T60-2-20260914-20:21:34-1551,attr,ApplicationStrategyNetwork.monitoringServer.app[1],rcvdPkLifetime:stats,title,received packet lifetime,,,,,,,
RR_T60-2-20260914-20:21:34-1551,attr,ApplicationStrategyNetwork.monitoringServer.app[1],rcvdPkLifetime:stats,unit,s,,,,,,,
RR_T60-2-20260914-20:21:34-1551,statistic,ApplicationStrategyNetwork.monitoringServer.app[2],rcvdPkLifetime:stats,,,,10,10,0.028783942377,0.00991352060796,0.013700742377,0.048804742377
RR_T60-2-20260914-20:21:34-1551,attr,ApplicationStrategyNetwork.monitoringServer.app[2],rcvdPkLifetime:stats,interpolationmode,none,,,,,,,
RR_T60-2-20260914-20:21:34-1551,attr,ApplicationStrategyNetwork.monitoringServer.app[2],rcvdPkLifetime:stats,recordingmode,stats,,,,,,,
RR_T60-2-20260914-20:21:34-1551,attr,ApplicationStrategyNetwork.monitoringServer.app[2],rcvdPkLifetime:stats,source,dataAge(packetReceived),,,,,,,
RR_T60-2-20260914-20:21:34-1551,attr,ApplicationStrategyNetwork.monitoringServer.app[2],rcvdPkLifetime:stats,title,received packet lifetime,,,,,,,
RR_T60-2-20260914-20:21:34-1551,attr,ApplicationStrategyNetwork.monitoringServer.app[2],rcvdPkLifetime:stats,unit,s,,,,,,,
RR_T60-2-20260914-20:21:34-1551,statistic,ApplicationStrategyNetwork.monitoringServer.app[3],rcvdPkLifetime:stats,,,,10,10,0.011165616418,0.00086722033596418,0.010109616418,0.012669616418
RR_T60-2-20260914-20:21:34-1551,attr,ApplicationStrategyNetwork.monitoringServer.app[3],rcvdPkLifetime:stats,interpolationmode,none,,,,,,,
RR_T60-2-20260914-20:21:34-1551,attr,ApplicationStrategyNetwork.monitoringServer.app[3],rcvdPkLifetime:stats,recordingmode,stats,,,,,,,
RR_T60-2-20260914-20:21:34-1551,attr,ApplicationStrategyNetwork.monitoringServer.app[3],rcvdPkLifetime:stats,source,dataAge(packetReceived),,,,,,,
RR_T60-2-20260914-20:21:34-1551,attr,ApplicationStrategyNetwork.monitoringServer.app[3],rcvdPkLifetime:stats,title,received packet lifetime,,,,,,,
RR_T60-2-20260914-20:21:34-1551,attr,ApplicationStrategyNetwork.monitoringServer.app[3],rcvdPkLifetime:stats,unit,s,,,,,,,
RR_T60-2-20260914-20:21:34-1551,statistic,ApplicationStrategyNetwork.monitoringServer.app[4],rcvdPkLifetime:stats,,,,10,10,0.01164562845,0.0011064578116176,0.01010962845,0.01330962845
RR_T60-2-20260914-20:21:34-1551,attr,ApplicationStrategyNetwork.monitoringServer.app[4],rcvdPkLifetime:stats,interpolationmode,none,,,,,,,
RR_T60-2-20260914-20:21:34-1551,attr,ApplicationStrategyNetwork.monitoringServer.app[4],rcvdPkLifetime:stats,recordingmode,stats,,,,,,,
RR_T60-2-20260914-20:21:34-1551,attr,ApplicationStrategyNetwork.monitoringServer.app[4],rcvdPkLifetime:stats,source,dataAge(packetReceived),,,,,,,
RR_T60-2-20260914-20:21:34-1551,attr,ApplicationStrategyNetwork.monitoringServer.app[4],rcvdPkLifetime:stats,title,received packet lifetime,,,,,,,
RR_T60-2-20260914-20:21:34-1551,attr,ApplicationStrategyNetwork.monitoringServer.app[4],rcvdPkLifetime:stats,unit,s,,,,,,,
RR_T60-2-20260914-20:21:34-1551,statistic,ApplicationStrategyNetwork.monitoringServer.app[5],rcvdPkLifetime:stats,,,,9,9,0.014765644932,0.0052951660974896,0.009149644932,0.023389644932
RR_T60-2-20260914-20:21:34-1551,attr,ApplicationStrategyNetwork.monitoringServer.app[5],rcvdPkLifetime:stats,interpolationmode,none,,,,,,,
RR_T60-2-20260914-20:21:34-1551,attr,ApplicationStrategyNetwork.monitoringServer.app[5],rcvdPkLifetime:stats,recordingmode,stats,,,,,,,
RR_T60-2-20260914-20:21:34-1551,attr,ApplicationStrategyNetwork.monitoringServer.app[5],rcvdPkLifetime:stats,source,dataAge(packetReceived),,,,,,,
RR_T60-2-20260914-20:21:34-1551,attr,ApplicationStrategyNetwork.monitoringServer.app[5],rcvdPkLifetime:stats,title,received packet lifetime,,,,,,,
RR_T60-2-20260914-20:21:34-1551,attr,ApplicationStrategyNetwork.monitoringServer.app[5],rcvdPkLifetime:stats,unit,s,,,,,,,
RR_T60-2-20260914-20:21:34-1551,statistic,ApplicationStrategyNetwork.monitoringServer.app[6],rcvdPkLifetime:stats,,,,10,10,0.0120250446958,0.00099577546263218,0.011069623852,0.013926728071
RR_T60-2-20260914-20:21:34-1551,attr,ApplicationStrategyNetwork.monitoringServer.app[6],rcvdPkLifetime:stats,interpolationmode,none,,,,,,,
RR_T60-2-20260914-20:21:34-1551,attr,ApplicationStrategyNetwork.monitoringServer.app[6],rcvdPkLifetime:stats,recordingmode,stats,,,,,,,
RR_T60-2-20260914-20:21:34-1551,attr,ApplicationStrategyNetwork.monitoringServer.app[6],rcvdPkLifetime:stats,source,dataAge(packetReceived),,,,,,,
RR_T60-2-20260914-20:21:34-1551,attr,ApplicationStrategyNetwork.monitoringServer.app[6],rcvdPkLifetime:stats,title,received packet lifetime,,,,,,,
RR_T60-2-20260914-20:21:34-1551,attr,ApplicationStrategyNetwork.monitoringServer.app[6],rcvdPkLifetime:stats,unit,s,,,,,,,
RR_T60-2-20260914-20:21:34-1551,statistic,ApplicationStrategyNetwork.monitoringServer.app[7],rcvdPkLifetime:stats,,,,10,10,0.011485661786,0.00095465176897088,0.010109661786,0.012989661786
RR_T60-2-20260914-20:21:34-1551,attr,ApplicationStrategyNetwork.monitoringServer.app[7],rcvdPkLifetime:stats,interpolationmode,none,,,,,,,
RR_T60-2-20260914-20:21:34-1551,attr,ApplicationStrategyNetwork.monitoringServer.app[7],rcvdPkLifetime:stats,recordingmode,stats,,,,,,,
RR_T60-2-20260914-20:21:34-1551,attr,ApplicationStrategyNetwork.monitoringServer.app[7],rcvdPkLifetime:stats,source,dataAge(packetReceived),,,,,,,
RR_T60-2-20260914-20:21:34-1551,attr,ApplicationStrategyNetwork.monitoringServer.app[7],rcvdPkLifetime:stats,title,received packet lifetime,,,,,,,
RR_T60-2-20260914-20:21:34-1551,attr,ApplicationStrategyNetwork.monitoringServer.app[7],rcvdPkLifetime:stats,unit,s,,,,,,,
RR_T60-2-20260914-20:21:34-1551,statistic,ApplicationStrategyNetwork.monitoringServer.app[8],rcvdPkLifetime:stats,,,,10,10,0.011133605164,0.0011762388268462,0.009469605164,0.012989605164
RR_T60-2-20260914-20:21:34-1551,attr,ApplicationStrategyNetwork.monitoringServer.app[8],rcvdPkLifetime:stats,interpolationmode,none,,,,,,,
RR_T60-2-20260914-20:21:34-1551,attr,ApplicationStrategyNetwork.monitoringServer.app[8],rcvdPkLifetime:stats,recordingmode,stats,,,,,,,
RR_T60-2-20260914-20:21:34-1551,attr,ApplicationStrategyNetwork.monitoringServer.app[8],rcvdPkLifetime:stats,source,dataAge(packetReceived),,,,,,,
RR_T60-2-20260914-20:21:34-1551,attr,ApplicationStrategyNetwork.monitoringServer.app[8],rcvdPkLifetime:stats,title,received packet lifetime,,,,,,,
RR_T60-2-20260914-20:21:34-1551,attr,ApplicationStrategyNetwork.monitoringServer.app[8],rcvdPkLifetime:stats,unit,s,,,,,,,
RR_T60-2-20260914-20:21:34-1551,statistic,ApplicationStrategyNetwork.monitoringServer.app[9],rcvdPkLifetime:stats,,,,10,10,0.011549613434,0.0008566601815557,0.010109613434,0.012989613434
RR_T60-2-20260914-20:21:34-1551,attr,ApplicationStrategyNetwork.monitoringServer.app[9],rcvdPkLifetime:stats,interpolationmode,none,,,,,,,
RR_T60-2-20260914-20:21:34-1551,attr,ApplicationStrategyNetwork.monitoringServer.app[9],rcvdPkLifetime:stats,recordingmode,stats,,,,,,,
RR_T60-2-20260914-20:21:34-1551,attr,ApplicationStrategyNetwork.monitoringServer.app[9],rcvdPkLifetime:stats,source,dataAge(packetReceived),,,,,,,
RR_T60-2-20260914-20:21:34-1551,attr,ApplicationStrategyNetwork.monitoringServer.app[9],rcvdPkLifetime:stats,title,received packet lifetime,,,,,,,
RR_T60-2-20260914-20:21:34-1551,attr,ApplicationStrategyNetwork.monitoringServer.app[9],rcvdPkLifetime:stats,unit,s,,,,,,,
RR_T60-2-20260914-20:21:34-1551,statistic,ApplicationStrategyNetwork.monitoringServer.app[10],rcvdPkLifetime:stats,,,,10,10,0.011805651502,0.0010236666123929,0.009789651502,0.012989651502
RR_T60-2-20260914-20:21:34-1551,attr,ApplicationStrategyNetwork.monitoringServer.app[10],rcvdPkLifetime:stats,interpolationmode,none,,,,,,,
RR_T60-2-20260914-20:21:34-1551,attr,ApplicationStrategyNetwork.monitoringServer.app[10],rcvdPkLifetime:stats,recordingmode,stats,,,,,,,
RR_T60-2-20260914-20:21:34-1551,attr,ApplicationStrategyNetwork.monitoringServer.app[10],rcvdPkLifetime:stats,source,dataAge(packetReceived),,,,,,,
RR_T60-2-20260914-20:21:34-1551,attr,ApplicationStrategyNetwork.monitoringServer.app[10],rcvdPkLifetime:stats,title,received packet lifetime,,,,,,,
RR_T60-2-20260914-20:21:34-1551,attr,ApplicationStrategyNetwork.monitoringServer.app[10],rcvdPkLifetime:stats,unit,s,,,,,,,
RR_T60-2-20260914-20:21:34-1551,statistic,ApplicationStrategyNetwork.monitoringServer.app[11],rcvdPkLifetime:stats,,,,10,10,0.010973632686,0.0005654339533122,0.009789632686,0.011389632686
RR_T60-2-20260914-20:21:34-1551,attr,ApplicationStrategyNetwork.monitoringServer.app[11],rcvdPkLifetime:stats,interpolationmode,none,,,,,,,
RR_T60-2-20260914-20:21:34-1551,attr,ApplicationStrategyNetwork.monitoringServer.app[11],rcvdPkLifetime:stats,recordingmode,stats,,,,,,,
RR_T60-2-20260914-20:21:34-1551,attr,ApplicationStrategyNetwork.monitoringServer.app[11],rcvdPkLifetime:stats,source,dataAge(packetReceived),,,,,,,
RR_T60-2-20260914-20:21:34-1551,attr,ApplicationStrategyNetwork.monitoringServer.app[11],rcvdPkLifetime:stats,title,received packet lifetime,,,,,,,
RR_T60-2-20260914-20:21:34-1551,attr,ApplicationStrategyNetwork.monitoringServer.app[11],rcvdPkLifetime:stats,unit,s,,,,,,,
RR_T60-3-20260914-20:21:36-1556,statistic,ApplicationStrategyNetwork.monitoringServer.app[0],rcvdPkLifetime:stats,,,,10,10,0.011453662286,0.0012870914670084,0.009469662286,0.013309662286
RR_T60-3-20260914-20:21:36-1556,attr,ApplicationStrategyNetwork.monitoringServer.app[0],rcvdPkLifetime:stats,interpolationmode,none,,,,,,,
RR_T60-3-20260914-20:21:36-1556,attr,ApplicationStrategyNetwork.monitoringServer.app[0],rcvdPkLifetime:stats,recordingmode,stats,,,,,,,
RR_T60-3-20260914-20:21:36-1556,attr,ApplicationStrategyNetwork.monitoringServer.app[0],rcvdPkLifetime:stats,source,dataAge(packetReceived),,,,,,,
RR_T60-3-20260914-20:21:36-1556,attr,ApplicationStrategyNetwork.monitoringServer.app[0],rcvdPkLifetime:stats,title,received packet lifetime,,,,,,,
RR_T60-3-20260914-20:21:36-1556,attr,ApplicationStrategyNetwork.monitoringServer.app[0],rcvdPkLifetime:stats,unit,s,,,,,,,
RR_T60-3-20260914-20:21:36-1556,statistic,ApplicationStrategyNetwork.monitoringServer.app[1],rcvdPkLifetime:stats,,,,10,10,0.010813661176,0.00099834529764688,0.009789661176,0.012669661176
RR_T60-3-20260914-20:21:36-1556,attr,ApplicationStrategyNetwork.monitoringServer.app[1],rcvdPkLifetime:stats,interpolationmode,none,,,,,,,
RR_T60-3-20260914-20:21:36-1556,attr,ApplicationStrategyNetwork.monitoringServer.app[1],rcvdPkLifetime:stats,recordingmode,stats,,,,,,,
RR_T60-3-20260914-20:21:36-1556,attr,ApplicationStrategyNetwork.monitoringServer.app[1],rcvdPkLifetime:stats,source,dataAge(packetReceived),,,,,,,
RR_T60-3-20260914-20:21:36-1556,attr,ApplicationStrategyNetwork.monitoringServer.app[1],rcvdPkLifetime:stats,title,received packet lifetime,,,,,,,
RR_T60-3-20260914-20:21:36-1556,attr,ApplicationStrategyNetwork.monitoringServer.app[1],rcvdPkLifetime:stats,unit,s,,,,,,,
RR_T60-3-20260914-20:21:36-1556,statistic,ApplicationStrategyNetwork.monitoringServer.app[2],rcvdPkLifetime:stats,,,,10,10,0.01161364884,0.00069210146975767,0.01074964884,0.01266964884
RR_T60-3-20260914-20:21:36-1556,attr,ApplicationStrategyNetwork.monitoringServer.app[2],rcvdPkLifetime:stats,interpolationmode,none,,,,,,,
RR_T60-3-20260914-20:21:36-1556,attr,ApplicationStrategyNetwork.monitoringServer.app[2],rcvdPkLifetime:stats,recordingmode,stats,,,,,,,
RR_T60-3-20260914-20:21:36-1556,attr,ApplicationStrategyNetwork.monitoringServer.app[2],rcvdPkLifetime:stats,source,dataAge(packetReceived),,,,,,,
RR_T60-3-20260914-20:21:36-1556,attr,ApplicationStrategyNetwork.monitoringServer.app[2],rcvdPkLifetime:stats,title,received packet lifetime,,,,,,,
RR_T60-3-20260914-20:21:36-1556,attr,ApplicationStrategyNetwork.monitoringServer.app[2],rcvdPkLifetime:stats,unit,s,,,,,,,
RR_T60-3-20260914-20:21:36-1556,statistic,ApplicationStrategyNetwork.monitoringServer.app[3],rcvdPkLifetime:stats,,,,10,10,0.01078162515,0.00099434847457321,0.00914962515,0.01234962515
RR_T60-3-20260914-20:21:36-1556,attr,ApplicationStrategyNetwork.monitoringServer.app[3],rcvdPkLifetime:stats,interpolationmode,none,,,,,,,
RR_T60-3-20260914-20:21:36-1556,attr,ApplicationStrategyNetwork.monitoringServer.app[3],rcvdPkLifetime:stats,recordingmode,stats,,,,,,,
RR_T60-3-20260914-20:21:36-1556,attr,ApplicationStrategyNetwork.monitoringServer.app[3],rcvdPkLifetime:stats,source,dataAge(packetReceived),,,,,,,
RR_T60-3-20260914-20:21:36-1556,attr,ApplicationStrategyNetwork.monitoringServer.app[3],rcvdPkLifetime:stats,title,received packet lifetime,,,,,,,
RR_T60-3-20260914-20:21:36-1556,attr,ApplicationStrategyNetwork.monitoringServer.app[3],rcvdPkLifetime:stats,unit,s,,,,,,,
RR_T60-3-20260914-20:21:36-1556,statistic,ApplicationStrategyNetwork.monitoringServer.app[4],rcvdPkLifetime:stats,,,,10,10,0.011325671372,0.0012692885146148,0.009149671372,0.012989671372
RR_T60-3-20260914-20:21:36-1556,attr,ApplicationStrategyNetwork.monitoringServer.app[4],rcvdPkLifetime:stats,interpolationmode,none,,,,,,,
RR_T60-3-20260914-20:21:36-1556,attr,ApplicationStrategyNetwork.monitoringServer.app[4],rcvdPkLifetime:stats,recordingmode,stats,,,,,,,
RR_T60-3-20260914-20:21:36-1556,attr,ApplicationStrategyNetwork.monitoringServer.app[4],rcvdPkLifetime:stats,source,dataAge(packetReceived),,,,,,,
RR_T60-3-20260914-20:21:36-1556,attr,ApplicationStrategyNetwork.monitoringServer.app[4],rcvdPkLifetime:stats,title,received packet lifetime,,,,,,,
RR_T60-3-20260914-20:21:36-1556,attr,ApplicationStrategyNetwork.monitoringServer.app[4],rcvdPkLifetime:stats,unit,s,,,,,,,
RR_T60-3-20260914-20:21:36-1556,statistic,ApplicationStrategyNetwork.monitoringServer.app[5],rcvdPkLifetime:stats,,,,10,10,0.01174169364,0.00091073596613065,0.01010969364,0.01266969364
RR_T60-3-20260914-20:21:36-1556,attr,ApplicationStrategyNetwork.monitoringServer.app[5],rcvdPkLifetime:stats,interpolationmode,none,,,,,,,
RR_T60-3-20260914-20:21:36-1556,attr,ApplicationStrategyNetwork.monitoringServer.app[5],rcvdPkLifetime:stats,recordingmode,stats,,,,,,,
RR_T60-3-20260914-20:21:36-1556,attr,ApplicationStrategyNetwork.monitoringServer.app[5],rcvdPkLifetime:stats,source,dataAge(packetReceived),,,,,,,
RR_T60-3-20260914-20:21:36-1556,attr,ApplicationStrategyNetwork.monitoringServer.app[5],rcvdPkLifetime:stats,title,received packet lifetime,,,,,,,
RR_T60-3-20260914-20:21:36-1556,attr,ApplicationStrategyNetwork.monitoringServer.app[5],rcvdPkLifetime:stats,unit,s,,,,,,,
RR_T60-3-20260914-20:21:36-1556,statistic,ApplicationStrategyNetwork.monitoringServer.app[6],rcvdPkLifetime:stats,,,,10,10,0.011389662362,0.00079822024251218,0.010429662362,0.012989662362
RR_T60-3-20260914-20:21:36-1556,attr,ApplicationStrategyNetwork.monitoringServer.app[6],rcvdPkLifetime:stats,interpolationmode,none,,,,,,,
RR_T60-3-20260914-20:21:36-1556,attr,ApplicationStrategyNetwork.monitoringServer.app[6],rcvdPkLifetime:stats,recordingmode,stats,,,,,,,
RR_T60-3-20260914-20:21:36-1556,attr,ApplicationStrategyNetwork.monitoringServer.app[6],rcvdPkLifetime:stats,source,dataAge(packetReceived),,,,,,,
RR_T60-3-20260914-20:21:36-1556,attr,ApplicationStrategyNetwork.monitoringServer.app[6],rcvdPkLifetime:stats,title,received packet lifetime,,,,,,,
RR_T60-3-20260914-20:21:36-1556,attr,ApplicationStrategyNetwork.monitoringServer.app[6],rcvdPkLifetime:stats,unit,s,,,,,,,
RR_T60-3-20260914-20:21:36-1556,statistic,ApplicationStrategyNetwork.monitoringServer.app[7],rcvdPkLifetime:stats,,,,10,10,0.011037635624,0.0010057258296574,0.009469635624,0.012669635624
RR_T60-3-20260914-20:21:36-1556,attr,ApplicationStrategyNetwork.monitoringServer.app[7],rcvdPkLifetime:stats,interpolationmode,none,,,,,,,
RR_T60-3-20260914-20:21:36-1556,attr,ApplicationStrategyNetwork.monitoringServer.app[7],rcvdPkLifetime:stats,recordingmode,stats,,,,,,,
RR_T60-3-20260914-20:21:36-1556,attr,ApplicationStrategyNetwork.monitoringServer.app[7],rcvdPkLifetime:stats,source,dataAge(packetReceived),,,,,,,
RR_T60-3-20260914-20:21:36-1556,attr,ApplicationStrategyNetwork.monitoringServer.app[7],rcvdPkLifetime:stats,title,received packet lifetime,,,,,,,
RR_T60-3-20260914-20:21:36-1556,attr,ApplicationStrategyNetwork.monitoringServer.app[7],rcvdPkLifetime:stats,unit,s,,,,,,,
RR_T60-3-20260914-20:21:36-1556,statistic,ApplicationStrategyNetwork.monitoringServer.app[8],rcvdPkLifetime:stats,,,,10,10,0.011421660414,0.0013697428793574,0.009469660414,0.012989660414
RR_T60-3-20260914-20:21:36-1556,attr,ApplicationStrategyNetwork.monitoringServer.app[8],rcvdPkLifetime:stats,interpolationmode,none,,,,,,,
RR_T60-3-20260914-20:21:36-1556,attr,ApplicationStrategyNetwork.monitoringServer.app[8],rcvdPkLifetime:stats,recordingmode,stats,,,,,,,
RR_T60-3-20260914-20:21:36-1556,attr,ApplicationStrategyNetwork.monitoringServer.app[8],rcvdPkLifetime:stats,source,dataAge(packetReceived),,,,,,,
RR_T60-3-20260914-20:21:36-1556,attr,ApplicationStrategyNetwork.monitoringServer.app[8],rcvdPkLifetime:stats,title,received packet lifetime,,,,,,,
RR_T60-3-20260914-20:21:36-1556,attr,ApplicationStrategyNetwork.monitoringServer.app[8],rcvdPkLifetime:stats,unit,s,,,,,,,
RR_T60-3-20260914-20:21:36-1556,statistic,ApplicationStrategyNetwork.monitoringServer.app[9],rcvdPkLifetime:stats,,,,10,10,0.01167762581,0.00103911073092,0.01010962581,0.01362962581
RR_T60-3-20260914-20:21:36-1556,attr,ApplicationStrategyNetwork.monitoringServer.app[9],rcvdPkLifetime:stats,interpolationmode,none,,,,,,,
RR_T60-3-20260914-20:21:36-1556,attr,ApplicationStrategyNetwork.monitoringServer.app[9],rcvdPkLifetime:stats,recordingmode,stats,,,,,,,
RR_T60-3-20260914-20:21:36-1556,attr,ApplicationStrategyNetwork.monitoringServer.app[9],rcvdPkLifetime:stats,source,dataAge(packetReceived),,,,,,,
RR_T60-3-20260914-20:21:36-1556,attr,ApplicationStrategyNetwork.monitoringServer.app[9],rcvdPkLifetime:stats,title,received packet lifetime,,,,,,,
RR_T60-3-20260914-20:21:36-1556,attr,ApplicationStrategyNetwork.monitoringServer.app[9],rcvdPkLifetime:stats,unit,s,,,,,,,
RR_T60-3-20260914-20:21:36-1556,statistic,ApplicationStrategyNetwork.monitoringServer.app[10],rcvdPkLifetime:stats,,,,10,10,0.01145365661,0.0010961265133811,0.00978965661,0.01330965661
RR_T60-3-20260914-20:21:36-1556,attr,ApplicationStrategyNetwork.monitoringServer.app[10],rcvdPkLifetime:stats,interpolationmode,none,,,,,,,
RR_T60-3-20260914-20:21:36-1556,attr,ApplicationStrategyNetwork.monitoringServer.app[10],rcvdPkLifetime:stats,recordingmode,stats,,,,,,,
RR_T60-3-20260914-20:21:36-1556,attr,ApplicationStrategyNetwork.monitoringServer.app[10],rcvdPkLifetime:stats,source,dataAge(packetReceived),,,,,,,
RR_T60-3-20260914-20:21:36-1556,attr,ApplicationStrategyNetwork.monitoringServer.app[10],rcvdPkLifetime:stats,title,received packet lifetime,,,,,,,
RR_T60-3-20260914-20:21:36-1556,attr,ApplicationStrategyNetwork.monitoringServer.app[10],rcvdPkLifetime:stats,unit,s,,,,,,,
RR_T60-3-20260914-20:21:36-1556,statistic,ApplicationStrategyNetwork.monitoringServer.app[11],rcvdPkLifetime:stats,,,,10,10,0.011325620254,0.0010645311957252,0.010109620254,0.012989620254
RR_T60-3-20260914-20:21:36-1556,attr,ApplicationStrategyNetwork.monitoringServer.app[11],rcvdPkLifetime:stats,interpolationmode,none,,,,,,,
RR_T60-3-20260914-20:21:36-1556,attr,ApplicationStrategyNetwork.monitoringServer.app[11],rcvdPkLifetime:stats,recordingmode,stats,,,,,,,
RR_T60-3-20260914-20:21:36-1556,attr,ApplicationStrategyNetwork.monitoringServer.app[11],rcvdPkLifetime:stats,source,dataAge(packetReceived),,,,,,,
RR_T60-3-20260914-20:21:36-1556,attr,ApplicationStrategyNetwork.monitoringServer.app[11],rcvdPkLifetime:stats,title,received packet lifetime,,,,,,,
RR_T60-3-20260914-20:21:36-1556,attr,ApplicationStrategyNetwork.monitoringServer.app[11],rcvdPkLifetime:stats,unit,s,,,,,,,
RR_T60-4-20260914-20:21:37-1561,statistic,ApplicationStrategyNetwork.monitoringServer.app[0],rcvdPkLifetime:stats,,,,10,10,0.01094169118,0.0011704206271442,0.00946969118,0.01330969118
RR_T60-4-20260914-20:21:37-1561,attr,ApplicationStrategyNetwork.monitoringServer.app[0],rcvdPkLifetime:stats,interpolationmode,none,,,,,,,
RR_T60-4-20260914-20:21:37-1561,attr,ApplicationStrategyNetwork.monitoringServer.app[0],rcvdPkLifetime:stats,recordingmode,stats,,,,,,,
RR_T60-4-20260914-20:21:37-1561,attr,ApplicationStrategyNetwork.monitoringServer.app[0],rcvdPkLifetime:stats,source,dataAge(packetReceived),,,,,,,
RR_T60-4-20260914-20:21:37-1561,attr,ApplicationStrategyNetwork.monitoringServer.app[0],rcvdPkLifetime:stats,title,received packet lifetime,,,,,,,
RR_T60-4-20260914-20:21:37-1561,attr,ApplicationStrategyNetwork.monitoringServer.app[0],rcvdPkLifetime:stats,unit,s,,,,,,,
RR_T60-4-20260914-20:21:37-1561,statistic,ApplicationStrategyNetwork.monitoringServer.app[1],rcvdPkLifetime:stats,,,,10,10,0.011837651578,0.0013923984104192,0.009469651578,0.013629651578
RR_T60-4-20260914-20:21:37-1561,attr,ApplicationStrategyNetwork.monitoringServer.app[1],rcvdPkLifetime:stats,interpolationmode,none,,,,,,,
RR_T60-4-20260914-20:21:37-1561,attr,ApplicationStrategyNetwork.monitoringServer.app[1],rcvdPkLifetime:stats,recordingmode,stats,,,,,,,
RR_T60-4-20260914-20:21:37-1561,attr,ApplicationStrategyNetwork.monitoringServer.app[1],rcvdPkLifetime:stats,source,dataAge(packetReceived),,,,,,,
RR_T60-4-20260914-20:21:37-1561,attr,ApplicationStrategyNetwork.monitoringServer.app[1],rcvdPkLifetime:stats,title,received packet lifetime,,,,,,,
RR_T60-4-20260914-20:21:37-1561,attr,ApplicationStrategyNetwork.monitoringServer.app[1],rcvdPkLifetime:stats,unit,s,,,,,,,
RR_T60-4-20260914-20:21:37-1561,statistic,ApplicationStrategyNetwork.monitoringServer.app[2],rcvdPkLifetime:stats,,,,10,10,0.014700688142,0.0036203867196752,0.010860688142,0.022060688142
RR_T60-4-20260914-20:21:37-1561,attr,ApplicationStrategyNetwork.monitoringServer.app[2],rcvdPkLifetime:stats,interpolationmode,none,,,,,,,
RR_T60-4-20260914-20:21:37-1561,attr,ApplicationStrategyNetwork.monitoringServer.app[2],rcvdPkLifetime:stats,recordingmode,stats,,,,,,,
RR_T60-4-20260914-20:21:37-1561,attr,ApplicationStrategyNetwork.monitoringServer.app[2],rcvdPkLifetime:stats,source,dataAge(packetReceived),,,,,,,
RR_T60-4-20260914-20:21:37-1561,attr,ApplicationStrategyNetwork.monitoringServer.app[2],rcvdPkLifetime:stats,title,received packet lifetime,,,,,,,
RR_T60-4-20260914-20:21:37-1561,attr,ApplicationStrategyNetwork.monitoringServer.app[2],rcvdPkLifetime:stats,unit,s,,,,,,,
RR_T60-4-20260914-20:21:37-1561,statistic,ApplicationStrategyNetwork.monitoringServer.app[3],rcvdPkLifetime:stats,,,,10,10,0.011517650104,0.0011207616457862,0.009789650104,0.013309650104
RR_T60-4-20260914-20:21:37-1561,attr,ApplicationStrategyNetwork.monitoringServer.app[3],rcvdPkLifetime:stats,interpolationmode,none,,,,,,,
RR_T60-4-20260914-20:21:37-1561,attr,ApplicationStrategyNetwork.monitoringServer.app[3],rcvdPkLifetime:stats,recordingmode,stats,,,,,,,
RR_T60-4-20260914-20:21:37-1561,attr,ApplicationStrategyNetwork.monitoringServer.app[3],rcvdPkLifetime:stats,source,dataAge(packetReceived),,,,,,,
RR_T60-4-20260914-20:21:37-1561,attr,ApplicationStrategyNetwork.monitoringServer.app[3],rcvdPkLifetime:stats,title,received packet lifetime,,,,,,,
RR_T60-4-20260914-20:21:37-1561,attr,ApplicationStrategyNetwork.monitoringServer.app[3],rcvdPkLifetime:stats,unit,s,,,,,,,
RR_T60-4-20260914-20:21:37-1561,statistic,ApplicationStrategyNetwork.monitoringServer.app[4],rcvdPkLifetime:stats,,,,10,10,0.016317647834,0.007883352248039,0.009149647834,0.027773647834
RR_T60-4-20260914-20:21:37-1561,attr,ApplicationStrategyNetwork.monitoringServer.app[4],rcvdPkLifetime:stats,interpolationmode,none,,,,,,,
RR_T60-4-20260914-20:21:37-1561,attr,ApplicationStrategyNetwork.monitoringServer.app[4],rcvdPkLifetime:stats,recordingmode,stats,,,,,,,
RR_T60-4-20260914-20:21:37-1561,attr,ApplicationStrategyNetwork.monitoringServer.app[4],rcvdPkLifetime:stats,source,dataAge(packetReceived),,,,,,,
RR_T60-4-20260914-20:21:37-1561,attr,ApplicationStrategyNetwork.monitoringServer.app[4],rcvdPkLifetime:stats,title,received packet lifetime,,,,,,,
RR_T60-4-20260914-20:21:37-1561,attr,ApplicationStrategyNetwork.monitoringServer.app[4],rcvdPkLifetime:stats,unit,s,,,,,,,
RR_T60-4-20260914-20:21:37-1561,statistic,ApplicationStrategyNetwork.monitoringServer.app[5],rcvdPkLifetime:stats,,,,10,10,0.011517647618,0.00097994104130975,0.010429647618,0.013309647618
RR_T60-4-20260914-20:21:37-1561,attr,ApplicationStrategyNetwork.monitoringServer.app[5],rcvdPkLifetime:stats,interpolationmode,none,,,,,,,
RR_T60-4-20260914-20:21:37-1561,attr,ApplicationStrategyNetwork.monitoringServer.app[5],rcvdPkLifetime:stats,recordingmode,stats,,,,,,,
RR_T60-4-20260914-20:21:37-1561,attr,ApplicationStrategyNetwork.monitoringServer.app[5],rcvdPkLifetime:stats,source,dataAge(packetReceived),,,,,,,
RR_T60-4-20260914-20:21:37-1561,attr,ApplicationStrategyNetwork.monitoringServer.app[5],rcvdPkLifetime:stats,title,received packet lifetime,,,,,,,
RR_T60-4-20260914-20:21:37-1561,attr,ApplicationStrategyNetwork.monitoringServer.app[5],rcvdPkLifetime:stats,unit,s,,,,,,,
RR_T60-4-20260914-20:21:37-1561,statistic,ApplicationStrategyNetwork.monitoringServer.app[6],rcvdPkLifetime:stats,,,,10,10,0.011485688392,0.00089307458939234,0.010109688392,0.012669688392
RR_T60-4-20260914-20:21:37-1561,attr,ApplicationStrategyNetwork.monitoringServer.app[6],rcvdPkLifetime:stats,interpolationmode,none,,,,,,,
RR_T60-4-20260914-20:21:37-1561,attr,ApplicationStrategyNetwork.monitoringServer.app[6],rcvdPkLifetime:stats,recordingmode,stats,,,,,,,
RR_T60-4-20260914-20:21:37-1561,attr,ApplicationStrategyNetwork.monitoringServer.app[6],rcvdPkLifetime:stats,source,dataAge(packetReceived),,,,,,,
RR_T60-4-20260914-20:21:37-1561,attr,ApplicationStrategyNetwork.monitoringServer.app[6],rcvdPkLifetime:stats,title,received packet lifetime,,,,,,,
RR_T60-4-20260914-20:21:37-1561,attr,ApplicationStrategyNetwork.monitoringServer.app[6],rcvdPkLifetime:stats,unit,s,,,,,,,
RR_T60-4-20260914-20:21:37-1561,statistic,ApplicationStrategyNetwork.monitoringServer.app[7],rcvdPkLifetime:stats,,,,10,10,0.011901641374,0.00088217912013466,0.009789641374,0.012989641374
RR_T60-4-20260914-20:21:37-1561,attr,ApplicationStrategyNetwork.monitoringServer.app[7],rcvdPkLifetime:stats,interpolationmode,none,,,,,,,
RR_T60-4-20260914-20:21:37-1561,attr,ApplicationStrategyNetwork.monitoringServer.app[7],rcvdPkLifetime:stats,recordingmode,stats,,,,,,,
RR_T60-4-20260914-20:21:37-1561,attr,ApplicationStrategyNetwork.monitoringServer.app[7],rcvdPkLifetime:stats,source,dataAge(packetReceived),,,,,,,
RR_T60-4-20260914-20:21:37-1561,attr,ApplicationStrategyNetwork.monitoringServer.app[7],rcvdPkLifetime:stats,title,received packet lifetime,,,,,,,
RR_T60-4-20260914-20:21:37-1561,attr,ApplicationStrategyNetwork.monitoringServer.app[7],rcvdPkLifetime:stats,unit,s,,,,,,,
RR_T60-4-20260914-20:21:37-1561,statistic,ApplicationStrategyNetwork.monitoringServer.app[8],rcvdPkLifetime:stats,,,,10,10,0.01119764552,0.00086918608160094,0.00978964552,0.01266964552
RR_T60-4-20260914-20:21:37-1561,attr,ApplicationStrategyNetwork.monitoringServer.app[8],rcvdPkLifetime:stats,interpolationmode,none,,,,,,,
RR_T60-4-20260914-20:21:37-1561,attr,ApplicationStrategyNetwork.monitoringServer.app[8],rcvdPkLifetime:stats,recordingmode,stats,,,,,,,
RR_T60-4-20260914-20:21:37-1561,attr,ApplicationStrategyNetwork.monitoringServer.app[8],rcvdPkLifetime:stats,source,dataAge(packetReceived),,,,,,,
RR_T60-4-20260914-20:21:37-1561,attr,ApplicationStrategyNetwork.monitoringServer.app[8],rcvdPkLifetime:stats,title,received packet lifetime,,,,,,,
RR_T60-4-20260914-20:21:37-1561,attr,ApplicationStrategyNetwork.monitoringServer.app[8],rcvdPkLifetime:stats,unit,s,,,,,,,
RR_T60-4-20260914-20:21:37-1561,statistic,ApplicationStrategyNetwork.monitoringServer.app[9],rcvdPkLifetime:stats,,,,10,10,0.01119762001,0.00089498355043703,0.01042962001,0.01298962001
RR_T60-4-20260914-20:21:37-1561,attr,ApplicationStrategyNetwork.monitoringServer.app[9],rcvdPkLifetime:stats,interpolationmode,none,,,,,,,
RR_T60-4-20260914-20:21:37-1561,attr,ApplicationStrategyNetwork.monitoringServer.app[9],rcvdPkLifetime:stats,recordingmode,stats,,,,,,,
RR_T60-4-20260914-20:21:37-1561,attr,ApplicationStrategyNetwork.monitoringServer.app[9],rcvdPkLifetime:stats,source,dataAge(packetReceived),,,,,,,
RR_T60-4-20260914-20:21:37-1561,attr,ApplicationStrategyNetwork.monitoringServer.app[9],rcvdPkLifetime:stats,title,received packet lifetime,,,,,,,
RR_T60-4-20260914-20:21:37-1561,attr,ApplicationStrategyNetwork.monitoringServer.app[9],rcvdPkLifetime:stats,unit,s,,,,,,,
RR_T60-4-20260914-20:21:37-1561,statistic,ApplicationStrategyNetwork.monitoringServer.app[10],rcvdPkLifetime:stats,,,,10,10,0.0145707467416,0.0029794152943662,0.010749684712,0.018806012249
RR_T60-4-20260914-20:21:37-1561,attr,ApplicationStrategyNetwork.monitoringServer.app[10],rcvdPkLifetime:stats,interpolationmode,none,,,,,,,
RR_T60-4-20260914-20:21:37-1561,attr,ApplicationStrategyNetwork.monitoringServer.app[10],rcvdPkLifetime:stats,recordingmode,stats,,,,,,,
RR_T60-4-20260914-20:21:37-1561,attr,ApplicationStrategyNetwork.monitoringServer.app[10],rcvdPkLifetime:stats,source,dataAge(packetReceived),,,,,,,
RR_T60-4-20260914-20:21:37-1561,attr,ApplicationStrategyNetwork.monitoringServer.app[10],rcvdPkLifetime:stats,title,received packet lifetime,,,,,,,
RR_T60-4-20260914-20:21:37-1561,attr,ApplicationStrategyNetwork.monitoringServer.app[10],rcvdPkLifetime:stats,unit,s,,,,,,,
RR_T60-4-20260914-20:21:37-1561,statistic,ApplicationStrategyNetwork.monitoringServer.app[11],rcvdPkLifetime:stats,,,,10,10,0.011101614016,0.00083241015531365,0.009789614016,0.012349614016
RR_T60-4-20260914-20:21:37-1561,attr,ApplicationStrategyNetwork.monitoringServer.app[11],rcvdPkLifetime:stats,interpolationmode,none,,,,,,,
RR_T60-4-20260914-20:21:37-1561,attr,ApplicationStrategyNetwork.monitoringServer.app[11],rcvdPkLifetime:stats,recordingmode,stats,,,,,,,
RR_T60-4-20260914-20:21:37-1561,attr,ApplicationStrategyNetwork.monitoringServer.app[11],rcvdPkLifetime:stats,source,dataAge(packetReceived),,,,,,,
RR_T60-4-20260914-20:21:37-1561,attr,ApplicationStrategyNetwork.monitoringServer.app[11],rcvdPkLifetime:stats,title,received packet lifetime,,,,,,,
RR_T60-4-20260914-20:21:37-1561,attr,ApplicationStrategyNetwork.monitoringServer.app[11],rcvdPkLifetime:stats,unit,s,,,,,,,
